[{"id":1494834765767,"visibility":true,"collapse":false,"settings":{"admin_label":"Hero Section","title":"","heading_selector":"h3","title_fontsize":"","title_fontweight":"","title_text_color":"","title_margin_top":"","title_margin_bottom":"","subtitle":"","subtitle_fontsize":"","title_position":"sppb-text-center","columns_equal_height":"0","fullscreen":0,"no_gutter":0,"id":"","class":"","padding":{"md":"180px 0px 180px 0px","sm":"   ","xs":"   "},"margin":{"md":"0px 0px 0px 0px","sm":"   ","xs":"   "},"color":"rgba(255, 255, 255, 1)","background_color":"","background_image":"https://sppagebuilder.com/sample-data/images/2017/07/10/hero-section6.jpg","overlay":"","background_repeat":"no-repeat","background_size":"cover","background_attachment":"inherit","background_position":"50% 50%","background_video":0,"background_video_mp4":"","background_video_ogv":"","hidden_xs":"","hidden_sm":"","hidden_md":"","animation":"","animationduration":"300","animationdelay":"0","columns_align_center":0,"background_parallax":0,"show_top_shape":0,"show_bottom_shape":0},"layout":"12","columns":[{"id":1494834765768,"class_name":"col-md-12","visibility":true,"settings":{},"addons":[{"id":1494846467168,"name":"heading","visibility":true,"settings":{"admin_label":"","title":"Helping Your Business Build & Grow ","heading_selector":"h2","use_link":0,"title_link":"","link_new_tab":"0","title_fontsize":"48","title_fontstyle":["uppercase"],"title_fontweight":"900","title_lineheight":{"md":"64","sm":"","xs":""},"title_letterspace":"0","title_margin":{"md":"0px 0px 20px 0px","sm":"   ","xs":"   "},"title_padding":{"md":"0px 0px 0px 0px","sm":"   ","xs":"   "},"alignment":"sppb-text-left","class":"","global_text_color":"","global_link_color":"","global_link_hover_color":"","global_use_background":0,"global_background_color":"","global_background_image":"","global_background_repeat":"no-repeat","global_background_size":"cover","global_background_attachment":"inherit","global_user_border":0,"global_border_width":"","global_border_color":"","global_boder_style":"none","global_border_radius":"","global_margin":{"md":"   ","sm":"   ","xs":"   "},"global_padding":{"md":"   ","sm":"   ","xs":"   "},"global_use_animation":1,"global_animation":"fadeInDown","global_animationduration":"700","global_animationdelay":"","hidden_md":0,"hidden_sm":0,"hidden_xs":0,"acl":null,"use_global_width":1,"global_width":{"md":"50","sm":"80","xs":"100"},"title_font_style":{"uppercase":true,"weight":700}}},{"id":1499321738685,"name":"heading","visibility":true,"settings":{"admin_label":"","title":"When asked, “If you could wish for one thing\nonly, what would that wish be?” ","heading_selector":"h3","use_link":0,"title_link":"","link_new_tab":"0","title_fontsize":"18","title_fontstyle":null,"title_fontweight":"300","title_lineheight":{"md":"28","sm":"","xs":""},"title_letterspace":"0","title_margin":{"md":"0px 0px 30px 0px","sm":"   ","xs":"   "},"title_padding":{"md":"0px 0px 0px 0px","sm":"   ","xs":"   "},"alignment":"sppb-text-left","class":"","global_text_color":"rgba(255, 255, 255, 1)","global_link_color":"","global_link_hover_color":"","global_use_background":0,"global_background_color":"","global_background_image":"","global_background_repeat":"no-repeat","global_background_size":"cover","global_background_attachment":"inherit","global_user_border":0,"global_border_width":"","global_border_color":"","global_boder_style":"none","global_border_radius":"","global_margin":{"md":"   ","sm":"   ","xs":"   "},"global_padding":{"md":"   ","sm":"   ","xs":"   "},"global_use_animation":1,"global_animation":"fadeInDown","global_animationduration":"700","global_animationdelay":"300","hidden_md":0,"hidden_sm":0,"hidden_xs":0,"acl":null,"use_global_width":1,"global_width":{"md":"50","sm":"70","xs":"100"}}},{"id":1499661653288,"name":"button_group","visibility":true,"settings":{"admin_label":"","alignment":"sppb-text-left","margin":"10","class":"","sp_button_group_item":[{"title":"Contact Us","fontstyle":null,"letterspace":"0","url":"#","type":"custom","appearance":"","background_color":"rgba(126, 211, 33, 1)","color":"#ffffff","background_color_hover":"rgba(88, 163, 23, 1)","color_hover":"#ffffff","size":"","button_padding":"12px 45px 12px 45px","shape":"rounded","block":"","icon":"","icon_position":"left","target":""},{"title":"Consultation","fontstyle":null,"letterspace":"0","url":"#","type":"custom","appearance":"","background_color":"rgba(255, 255, 255, 1)","color":"rgba(68, 68, 68, 1)","background_color_hover":"rgba(255, 255, 255, 1)","color_hover":"rgba(68, 68, 68, 1)","size":"","button_padding":"12px 45px 12px 45px","shape":"rounded","block":"","icon":"","icon_position":"left","target":""}],"global_text_color":"","global_link_color":"","global_link_hover_color":"","global_use_background":"0","global_background_color":"","global_background_image":"","global_background_repeat":"no-repeat","global_background_size":"cover","global_background_attachment":"inherit","global_user_border":"0","global_border_width":"","global_border_color":"","global_boder_style":"none","global_border_radius":"","global_margin":"","global_padding":"","global_use_animation":"1","global_animation":"fadeInDown","global_animationduration":"700","global_animationdelay":"600","hidden_md":"0","hidden_sm":"0","hidden_xs":"0","acl":null}}]}]},{"id":1510035564108,"visibility":true,"collapse":false,"settings":{"admin_label":"Our Practice Area","title":"","heading_selector":"h3","title_fontsize":"","title_fontweight":"","title_text_color":"","title_margin_top":"","title_margin_bottom":"","subtitle":"","subtitle_fontsize":"","title_position":"sppb-text-center","columns_equal_height":"0","fullscreen":0,"no_gutter":0,"id":"","class":"","padding":{"md":"130px 0px 20px 0px","sm":"   ","xs":"   "},"margin":{"md":"0px 0px 0px 0px","sm":"   ","xs":"   "},"color":"","background_color":"","background_image":"","overlay":"","background_repeat":"no-repeat","background_size":"cover","background_attachment":"inherit","background_position":"50% 50%","background_video":0,"background_video_mp4":"","background_video_ogv":"","hidden_xs":"","hidden_sm":"","hidden_md":"","animation":"","animationduration":"300","animationdelay":"0","columns_align_center":0,"background_parallax":0,"show_top_shape":0,"show_bottom_shape":0},"layout":"12","columns":[{"id":1510035564082,"class_name":"col-md-12","visibility":true,"settings":{},"addons":[{"id":1510035564083,"name":"heading","visibility":true,"settings":{"admin_label":"","title":"Our Services","heading_selector":"h2","use_link":0,"title_link":"","link_new_tab":"","title_fontsize":{"md":"36","sm":"","xs":""},"title_lineheight":{"md":"42","sm":"","xs":""},"title_letterspace":"0","title_margin":{"md":"0px 0px 10px 0px","sm":"   ","xs":"   "},"title_padding":{"md":"0px 0px 0px 0px","sm":"   ","xs":"   "},"title_icon_position":"before","alignment":"sppb-text-center","class":"","title_font_style":{"weight":700}}},{"id":1510035564084,"name":"heading","visibility":true,"settings":{"admin_label":"","title":"Labore et dolore magna aliqua. Ut enim ad minim veniam quisnostrud","heading_selector":"div","use_link":0,"title_link":"","link_new_tab":"","title_fontsize":{"md":"18","sm":"","xs":""},"title_lineheight":{"md":"28","sm":"","xs":""},"title_letterspace":"0","title_margin":{"md":"0px 0px 30px 0px","sm":"   ","xs":"   "},"title_padding":{"md":"0px 0px 0px 0px","sm":"   ","xs":"   "},"title_icon_position":"before","alignment":"sppb-text-center","class":""}}]}]},{"id":1510035564158,"visibility":true,"collapse":false,"settings":{"default":{"admin_label":"","title":"","heading_selector":"h3","title_fontsize":"","title_fontweight":"","title_position":"sppb-text-center","columns_align_center":0,"fullscreen":0,"no_gutter":0,"padding":"50px 0px 50px 0px","margin":"0px 0px 0px 0px","background_image":"","background_parallax":"0","background_repeat":"no-repeat","background_size":"cover","background_attachment":"fixed","background_position":"0 0","background_video":"0","external_background_video":"0","show_top_shape":"","shape_name":"clouds-flat","shape_color":"#e5e5e5","shape_width":{"md":100,"sm":100,"xs":100},"shape_height":"","shape_flip":false,"shape_invert":false,"shape_to_front":false,"show_bottom_shape":"","bottom_shape_name":"clouds-opacity","bottom_shape_color":"#e5e5e5","bottom_shape_width":{"md":100,"sm":100,"xs":100},"bottom_shape_height":"","bottom_shape_flip":false,"bottom_shape_invert":false,"bottom_shape_to_front":false,"hidden_xs":"","hidden_sm":"","hidden_md":"","animationduration":"300","animationdelay":"0"},"columns_align_center":0,"fullscreen":0,"no_gutter":0,"padding":{"md":"20px 0px 70px 0px","sm":"   ","xs":"   "},"margin":{"md":"   ","sm":"   ","xs":"   "},"background_parallax":0,"background_video":0,"show_top_shape":0,"show_bottom_shape":0},"layout":"4,4,4","columns":[{"id":1510035564155,"class_name":"col-md-4","visibility":true,"settings":{"default":{"background_image":"","background_repeat":"no-repeat","background_size":"cover","background_attachment":"scroll","background_position":"0 0","items_align_center":0,"boxshadow":"0 0 0 0 #fff","sm_col":"","xs_col":"","hidden_xs":"","hidden_sm":"","hidden_md":"","animationduration":"300","animationdelay":"0"}},"addons":[{"id":1494496278621,"name":"feature","visibility":true,"settings":{"admin_label":"File archive","title":"File archive","heading_selector":"h3","title_position":"after","title_fontsize":"20","title_lineheight":"","title_fontstyle":null,"title_letterspace":"0","title_fontweight":"700","title_text_color":"rgba(68, 68, 68, 1)","title_margin_top":"30","title_margin_bottom":{"md":"10","sm":"","xs":""},"title_url":"","url_appear":"title","feature_type":"image","feature_image":"https://sppagebuilder.com/sample-data/images/2017/07/10/icon13.png","icon_name":"fa-tachometer","icon_size":"48","icon_color":"rgba(184, 233, 134, 1)","icon_background":"","icon_border_color":"","icon_border_width":"","icon_border_radius":"","icon_margin_top":"","icon_margin_bottom":"","icon_padding":"","text":"Lorem Ipsum has been the industry's standard dummy text ever since the 1500s","alignment":"sppb-text-center","class":"","global_text_color":"","global_link_color":"","global_link_hover_color":"","global_use_background":0,"global_background_color":"","global_background_image":"","global_background_repeat":"no-repeat","global_background_size":"cover","global_background_attachment":"inherit","global_user_border":0,"global_border_width":"","global_border_color":"","global_boder_style":"none","global_border_radius":"","global_margin":{"md":"0 0 30px 0","sm":"   ","xs":"   "},"global_padding":{"md":"   ","sm":"   ","xs":"   "},"global_use_animation":1,"global_animation":"fadeInLeft","global_animationduration":"700","global_animationdelay":"","hidden_md":"0","hidden_sm":"0","hidden_xs":"0","acl":null,"text_fontsize":{"md":"16","sm":"","xs":""},"text_lineheight":{"md":"26","sm":"","xs":""}}},{"id":1499661039402,"name":"feature","visibility":true,"settings":{"admin_label":"Tax consulting","title":"Tax consulting","heading_selector":"h3","title_position":"after","title_fontsize":"20","title_lineheight":"","title_fontstyle":null,"title_letterspace":"0","title_fontweight":"700","title_text_color":"rgba(68, 68, 68, 1)","title_margin_top":"30","title_margin_bottom":{"md":"10","sm":"","xs":""},"title_url":"","url_appear":"title","feature_type":"image","feature_image":"https://sppagebuilder.com/sample-data/images/2017/07/10/icon16.png","icon_name":"fa-tachometer","icon_size":"48","icon_color":"rgba(184, 233, 134, 1)","icon_background":"","icon_border_color":"","icon_border_width":"","icon_border_radius":"","icon_margin_top":"","icon_margin_bottom":"","icon_padding":"","text":"Lorem Ipsum has been the industry's standard dummy text ever since the 1500s","alignment":"sppb-text-center","class":"","global_text_color":"","global_link_color":"","global_link_hover_color":"","global_use_background":0,"global_background_color":"","global_background_image":"","global_background_repeat":"no-repeat","global_background_size":"cover","global_background_attachment":"inherit","global_user_border":0,"global_border_width":"","global_border_color":"","global_boder_style":"none","global_border_radius":"","global_margin":{"md":"0 0 30px 0","sm":"   ","xs":"   "},"global_padding":{"md":"   ","sm":"   ","xs":"   "},"global_use_animation":1,"global_animation":"fadeInLeft","global_animationduration":"700","global_animationdelay":"","hidden_md":"0","hidden_sm":"0","hidden_xs":"0","acl":null,"text_fontsize":{"md":"16","sm":"","xs":""},"text_lineheight":{"md":"26","sm":"","xs":""}}}]},{"id":1510035564156,"class_name":"col-md-4","visibility":true,"settings":{"default":{"background_image":"","background_repeat":"no-repeat","background_size":"cover","background_attachment":"scroll","background_position":"0 0","items_align_center":0,"boxshadow":"0 0 0 0 #fff","sm_col":"","xs_col":"","hidden_xs":"","hidden_sm":"","hidden_md":"","animationduration":"300","animationdelay":"0"}},"addons":[{"id":1499661039407,"name":"feature","visibility":true,"settings":{"admin_label":"Home services","title":"Home services","heading_selector":"h3","title_position":"after","title_fontsize":"20","title_lineheight":"","title_fontstyle":null,"title_letterspace":"0","title_fontweight":"700","title_text_color":"rgba(68, 68, 68, 1)","title_margin_top":"30","title_margin_bottom":{"md":"10","sm":"","xs":""},"title_url":"","url_appear":"title","feature_type":"image","feature_image":"https://sppagebuilder.com/sample-data/images/2017/07/10/icon17.png","icon_name":"fa-tachometer","icon_size":"48","icon_color":"rgba(184, 233, 134, 1)","icon_background":"","icon_border_color":"","icon_border_width":"","icon_border_radius":"","icon_margin_top":"","icon_margin_bottom":"","icon_padding":"","text":"Lorem Ipsum has been the industry's standard dummy text ever since the 1500s","alignment":"sppb-text-center","class":"","global_text_color":"","global_link_color":"","global_link_hover_color":"","global_use_background":0,"global_background_color":"","global_background_image":"","global_background_repeat":"no-repeat","global_background_size":"cover","global_background_attachment":"inherit","global_user_border":0,"global_border_width":"","global_border_color":"","global_boder_style":"none","global_border_radius":"","global_margin":{"md":"0 0 30px 0","sm":"   ","xs":"   "},"global_padding":{"md":"   ","sm":"   ","xs":"   "},"global_use_animation":1,"global_animation":"fadeInLeft","global_animationduration":"700","global_animationdelay":"300","hidden_md":"0","hidden_sm":"0","hidden_xs":"0","acl":null,"text_fontsize":{"md":"16","sm":"","xs":""},"text_lineheight":{"md":"26","sm":"","xs":""}}},{"id":1499321738735,"name":"feature","visibility":true,"settings":{"admin_label":"24/7 availability","title":"24/7 availability","heading_selector":"h3","title_position":"after","title_fontsize":"20","title_lineheight":"","title_fontstyle":null,"title_letterspace":"0","title_fontweight":"700","title_text_color":"rgba(68, 68, 68, 1)","title_margin_top":"30","title_margin_bottom":{"md":"10","sm":"","xs":""},"title_url":"","url_appear":"title","feature_type":"image","feature_image":"https://sppagebuilder.com/sample-data/images/2017/07/10/icon14.png","icon_name":"fa-tachometer","icon_size":"48","icon_color":"rgba(184, 233, 134, 1)","icon_background":"","icon_border_color":"","icon_border_width":"","icon_border_radius":"","icon_margin_top":"","icon_margin_bottom":"","icon_padding":"","text":"Lorem Ipsum has been the industry's standard dummy text ever since the 1500s","alignment":"sppb-text-center","class":"","global_text_color":"","global_link_color":"","global_link_hover_color":"","global_use_background":0,"global_background_color":"","global_background_image":"","global_background_repeat":"no-repeat","global_background_size":"cover","global_background_attachment":"inherit","global_user_border":0,"global_border_width":"","global_border_color":"","global_boder_style":"none","global_border_radius":"","global_margin":{"md":"0 0 30px 0","sm":"   ","xs":"   "},"global_padding":{"md":"   ","sm":"   ","xs":"   "},"global_use_animation":1,"global_animation":"fadeInLeft","global_animationduration":"700","global_animationdelay":"300","hidden_md":"0","hidden_sm":"0","hidden_xs":"0","acl":null,"text_fontsize":{"md":"16","sm":"","xs":""},"text_lineheight":{"md":"26","sm":"","xs":""}}}]},{"id":1510035564157,"class_name":"col-md-4","visibility":true,"settings":{"default":{"background_image":"","background_repeat":"no-repeat","background_size":"cover","background_attachment":"scroll","background_position":"0 0","items_align_center":0,"boxshadow":"0 0 0 0 #fff","sm_col":"","xs_col":"","hidden_xs":"","hidden_sm":"","hidden_md":"","animationduration":"300","animationdelay":"0"}},"addons":[{"id":1499321738730,"name":"feature","visibility":true,"settings":{"admin_label":"100% guaranteed","title":"100% guaranteed","heading_selector":"h3","title_position":"after","title_fontsize":"20","title_lineheight":"","title_fontstyle":null,"title_letterspace":"0","title_fontweight":"700","title_text_color":"rgba(68, 68, 68, 1)","title_margin_top":"30","title_margin_bottom":{"md":"10","sm":"","xs":""},"title_url":"","url_appear":"title","feature_type":"image","feature_image":"https://sppagebuilder.com/sample-data/images/2017/07/10/icon15.png","icon_name":"fa-tachometer","icon_size":"48","icon_color":"rgba(184, 233, 134, 1)","icon_background":"","icon_border_color":"","icon_border_width":"","icon_border_radius":"","icon_margin_top":"","icon_margin_bottom":"","icon_padding":"","text":"Lorem Ipsum has been the industry's standard dummy text ever since the 1500s","alignment":"sppb-text-center","class":"","global_text_color":"","global_link_color":"","global_link_hover_color":"","global_use_background":0,"global_background_color":"","global_background_image":"","global_background_repeat":"no-repeat","global_background_size":"cover","global_background_attachment":"inherit","global_user_border":0,"global_border_width":"","global_border_color":"","global_boder_style":"none","global_border_radius":"","global_margin":{"md":"0 0 30px 0","sm":"   ","xs":"   "},"global_padding":{"md":"   ","sm":"   ","xs":"   "},"global_use_animation":1,"global_animation":"fadeInLeft","global_animationduration":"700","global_animationdelay":"600","hidden_md":"0","hidden_sm":"0","hidden_xs":"0","acl":null,"text_fontsize":{"md":"16","sm":"","xs":""},"text_lineheight":{"md":"26","sm":"","xs":""}}},{"id":1499661039412,"name":"feature","visibility":true,"settings":{"admin_label":"International Law","title":"International Law","heading_selector":"h3","title_position":"after","title_fontsize":"20","title_lineheight":"","title_fontstyle":null,"title_letterspace":"0","title_fontweight":"700","title_text_color":"rgba(68, 68, 68, 1)","title_margin_top":"30","title_margin_bottom":{"md":"10","sm":"","xs":""},"title_url":"","url_appear":"title","feature_type":"image","feature_image":"https://sppagebuilder.com/sample-data/images/2017/07/10/icon18.png","icon_name":"fa-tachometer","icon_size":"48","icon_color":"rgba(184, 233, 134, 1)","icon_background":"","icon_border_color":"","icon_border_width":"","icon_border_radius":"","icon_margin_top":"","icon_margin_bottom":"","icon_padding":"","text":"Lorem Ipsum has been the industry's standard dummy text ever since the 1500s","alignment":"sppb-text-center","class":"","global_text_color":"","global_link_color":"","global_link_hover_color":"","global_use_background":0,"global_background_color":"","global_background_image":"","global_background_repeat":"no-repeat","global_background_size":"cover","global_background_attachment":"inherit","global_user_border":0,"global_border_width":"","global_border_color":"","global_boder_style":"none","global_border_radius":"","global_margin":{"md":"0 0 30px 0","sm":"   ","xs":"   "},"global_padding":{"md":"   ","sm":"   ","xs":"   "},"global_use_animation":1,"global_animation":"fadeInLeft","global_animationduration":"700","global_animationdelay":"600","hidden_md":"0","hidden_sm":"0","hidden_xs":"0","acl":null,"text_fontsize":{"md":"16","sm":"","xs":""},"text_lineheight":{"md":"26","sm":"","xs":""}}}]}]},{"id":1494850001767,"visibility":true,"collapse":false,"settings":{"admin_label":"Video Popup","title":"","heading_selector":"h3","title_fontsize":"","title_fontweight":"","title_text_color":"","title_margin_top":"","title_margin_bottom":"","subtitle":"","subtitle_fontsize":"","title_position":"sppb-text-center","columns_equal_height":"1","fullscreen":"0","no_gutter":"1","id":"","class":"","padding":"35px 0px 100px 0px","margin":"0px 0px 0px 0px","color":"","background_color":"","background_image":"","overlay":"","background_repeat":"no-repeat","background_size":"cover","background_attachment":"fixed","background_position":"0 0","background_video":"0","background_video_mp4":"","background_video_ogv":"","hidden_xs":"","hidden_sm":"","hidden_md":"","animation":"","animationduration":"300","animationdelay":"0"},"layout":"6,6","columns":[{"id":1494397321380,"class_name":"col-md-6","visibility":true,"settings":{"color":"","background":"","background_image":"https://sppagebuilder.com/sample-data/images/2017/07/10/about-us-img.jpg","overlay":"","background_repeat":"no-repeat","background_size":"cover","background_attachment":"inherit","background_position":"50% 50%","padding":{"md":"100px 30px 100px 30px","sm":"   ","xs":"   "},"class":"","sm_col":"","xs_col":"","hidden_xs":0,"hidden_sm":0,"hidden_md":0,"animation":"","animationduration":"300","animationdelay":"0","items_align_center":1},"addons":[{"id":1499323143427,"name":"modal","visibility":true,"settings":{"admin_label":"","modal_selector":"image","button_text":"Button Text","button_type":"default","button_fontstyle":null,"button_letterspace":"0","button_padding":"","button_background_color":"#444444","button_color":"#ffffff","button_background_color_hover":"#222222","button_color_hover":"#ffffff","button_size":"","button_appearance":"","button_shape":"rounded","button_block":"","button_icon":"","button_icon_position":"left","selector_image":"https://sppagebuilder.com/sample-data/images/2017/07/10/play-icon5.png","selector_icon_name":"","selector_icon_size":"36","selector_icon_color":"","selector_icon_background":"","selector_icon_border_color":"","selector_icon_border_width":"","selector_icon_border_radius":"","selector_icon_padding":"","modal_content_type":"video","modal_content_text":"\t\t\t\t\t\t\t\t\t\tKevin chicken fatback sirloin ball tip, flank meatloaf t-bone. Meatloaf shankle swine pancetta biltong capicola ham hock meatball. Shoulder bacon andouille ground round pancetta pastrami. Sirloin beef ribs tenderloin rump corned beef filet mignon capicola kielbasa drumstick chuck turducken beef t-bone ribeye. Pork loin ground round t-bone chuck beef ribs swine pastrami cow. Venison tenderloin drumstick, filet mignon salami jowl sausage shank hamburger meatball ribeye kevin tri-tip. Swine kielbasa tenderloin fatback pork shankle andouille, flank frankfurter jerky chicken tri-tip jowl leberkas.&lt;br&gt;&lt;br&gt;Pancetta chicken pork belly beef cow kielbasa fatback sirloin biltong andouille bacon. Sirloin beef tenderloin porchetta, jerky tri-tip andouille sausage landjaeger shank bresaola short ribs tongue meatloaf fatback. Kielbasa pancetta shoulder tri-tip pastrami filet mignon ham corned beef prosciutto doner beef ribs. Doner sausage ham hock, shoulder sirloin pancetta boudin filet mignon chuck. Meatball ham hock beef, filet mignon tri-tip andouille venison ground round chuck turducken drumstick.","modal_content_image":"","modal_content_video_url":"https://www.youtube.com/watch?v=fDlDl5IEaB8","modal_popup_width":"760","modal_popup_height":"440","alignment":"sppb-text-center","class":"","global_text_color":"","global_link_color":"","global_link_hover_color":"","global_use_background":0,"global_background_color":"","global_background_image":"","global_background_repeat":"no-repeat","global_background_size":"cover","global_background_attachment":"inherit","global_user_border":0,"global_border_width":"","global_border_color":"","global_boder_style":"none","global_border_radius":"","global_margin":{"md":"   ","sm":"   ","xs":"   "},"global_padding":{"md":"   ","sm":"   ","xs":"   "},"global_use_animation":0,"global_animation":"","global_animationduration":"300","global_animationdelay":"0","hidden_md":"0","hidden_sm":"0","hidden_xs":"0","acl":null,"selector_text_margin":"   "}}]},{"id":1494397321381,"class_name":"col-md-6","visibility":true,"settings":{"color":"","background":"#F5F9FB","background_image":"","overlay":"","background_repeat":"no-repeat","background_size":"cover","background_attachment":"scroll","background_position":"0 0","padding":{"md":"100px 30px 100px 30px","sm":"   ","xs":"   "},"class":"","sm_col":"","xs_col":"","hidden_xs":"","hidden_sm":"","hidden_md":"","animation":"","animationduration":"300","animationdelay":"0","items_align_center":1},"addons":[{"id":1494850019797,"name":"text_block","visibility":true,"settings":{"admin_label":"","title":"About Us","heading_selector":"h3","title_fontsize":{"md":"36","sm":"","xs":""},"title_lineheight":{"md":"42","sm":"","xs":""},"title_fontstyle":null,"title_letterspace":"0","title_fontweight":"","title_text_color":"","title_margin_top":"0","title_margin_bottom":"","text":"It has survived not only five centuries, but also the leap into electronic typesetting, remaining essentially unchanged.<br /><br />Contrary to popular belief, Lorem Ipsum is not simply random text. It has roots in a piece of classical Latin literature from 45 BC, making it over 2000 years old.","alignment":"sppb-text-left","class":"","global_text_color":"","global_link_color":"","global_link_hover_color":"","global_use_background":0,"global_background_color":"","global_background_image":"","global_background_repeat":"no-repeat","global_background_size":"cover","global_background_attachment":"inherit","global_user_border":0,"global_border_width":"","global_border_color":"","global_boder_style":"none","global_border_radius":"","global_margin":{"md":"0 0 20px 0","sm":"   ","xs":"   "},"global_padding":{"md":"   ","sm":"   ","xs":"   "},"global_use_animation":0,"global_animation":"","global_animationduration":"300","global_animationdelay":"0","hidden_md":"0","hidden_sm":"0","hidden_xs":"0","acl":null,"dropcap":0,"title_font_style":{"weight":700},"text_fontsize":{"md":"16","sm":"","xs":""},"text_lineheight":{"md":"26","sm":"","xs":""}}}]}]},{"id":1510037761301,"visibility":true,"collapse":false,"settings":{"admin_label":"","title":"","heading_selector":"h3","title_fontsize":"","title_fontweight":"","title_text_color":"","title_margin_top":"","title_margin_bottom":"","subtitle":"","subtitle_fontsize":"","title_position":"sppb-text-center","columns_equal_height":"0","fullscreen":0,"no_gutter":0,"id":"","class":"","padding":{"md":"100px 0px 20px 0px","sm":"   ","xs":"   "},"margin":{"md":"0px 0px 0px 0px","sm":"   ","xs":"   "},"color":"","background_color":"#7ED321","background_image":"","overlay":"","background_repeat":"no-repeat","background_size":"cover","background_attachment":"inherit","background_position":"50% 50%","background_video":0,"background_video_mp4":"","background_video_ogv":"","hidden_xs":"","hidden_sm":"","hidden_md":"","animation":"","animationduration":"300","animationdelay":"0","columns_align_center":0,"background_parallax":0,"show_top_shape":0,"show_bottom_shape":0},"layout":"12","columns":[{"id":1510037761253,"class_name":"col-md-12","visibility":true,"settings":{},"addons":[{"id":1510037761254,"name":"heading","visibility":true,"settings":{"admin_label":"","title":"The Crew","heading_selector":"h2","use_link":0,"title_link":"","link_new_tab":"","title_fontsize":{"md":"36","sm":"","xs":""},"title_lineheight":{"md":"42","sm":"","xs":""},"title_letterspace":"0","title_margin":{"md":"0px 0px 10px 0px","sm":"   ","xs":"   "},"title_padding":{"md":"0px 0px 0px 0px","sm":"   ","xs":"   "},"title_icon_position":"before","alignment":"sppb-text-center","class":"","title_font_style":{"weight":700},"global_use_background":0,"global_user_border":0,"global_margin":{"md":"   ","sm":"   ","xs":"   "},"global_padding":{"md":"   ","sm":"   ","xs":"   "},"global_use_animation":0,"global_text_color":"#fff"}},{"id":1510037761255,"name":"heading","visibility":true,"settings":{"admin_label":"","title":"Labore et dolore magna aliqua. Ut enim ad minim veniam quisnostrud","heading_selector":"div","use_link":0,"title_link":"","link_new_tab":"","title_fontsize":{"md":"18","sm":"","xs":""},"title_lineheight":{"md":"28","sm":"","xs":""},"title_letterspace":"0","title_margin":{"md":"0px 0px 30px 0px","sm":"   ","xs":"   "},"title_padding":{"md":"0px 0px 0px 0px","sm":"   ","xs":"   "},"title_icon_position":"before","alignment":"sppb-text-center","class":"","global_use_background":0,"global_user_border":0,"global_margin":{"md":"   ","sm":"   ","xs":"   "},"global_padding":{"md":"   ","sm":"   ","xs":"   "},"global_use_animation":0,"global_text_color":"#ffffff"}}]}]},{"id":1494911041908,"visibility":true,"collapse":false,"settings":{"admin_label":"The Crew","title":"","heading_selector":"h3","title_fontsize":"","title_fontweight":"","title_text_color":"","title_margin_top":"","title_margin_bottom":"","subtitle":"","subtitle_fontsize":"","title_position":"sppb-text-center","columns_equal_height":"0","fullscreen":0,"no_gutter":0,"id":"","class":"","padding":{"md":"20px 0px 70px 0px","sm":"   ","xs":"   "},"margin":{"md":"0px 0px 0px 0px","sm":"   ","xs":"   "},"color":"rgba(255, 255, 255, 1)","background_color":"rgba(126, 211, 33, 1)","background_image":"","overlay":"","background_repeat":"no-repeat","background_size":"cover","background_attachment":"fixed","background_position":"0 0","background_video":0,"background_video_mp4":"","background_video_ogv":"","hidden_xs":"","hidden_sm":"","hidden_md":"","animation":"","animationduration":"300","animationdelay":"0","columns_align_center":0,"background_parallax":0,"show_top_shape":0,"show_bottom_shape":0},"layout":"4,4,4","columns":[{"id":1494911041909,"class_name":"col-md-4","visibility":true,"settings":{},"addons":[{"id":1494487267362,"name":"person","visibility":true,"settings":{"admin_label":"David Guetta","image":"https://sppagebuilder.com/sample-data/images/2017/07/10/team1.jpg","name":"Antonia Craighton","designation":"Founder & CEO","email":"","introtext":"","facebook":"","twitter":"","google_plus":"","youtube":"","linkedin":"","pinterest":"","flickr":"","dribbble":"","behance":"","instagram":"","social_position":"after","alignment":"sppb-text-center","class":"","global_text_color":"","global_link_color":"","global_link_hover_color":"","global_use_background":1,"global_background_color":"rgba(255, 255, 255, 1)","global_background_image":"","global_background_repeat":"no-repeat","global_background_size":"cover","global_background_attachment":"inherit","global_user_border":0,"global_border_width":"","global_border_color":"","global_boder_style":"none","global_border_radius":"5","global_margin":{"md":"0 0 30px 0","sm":"   ","xs":"   "},"global_padding":{"md":"0px 0px 30px 0px","sm":"   ","xs":"   "},"global_use_animation":0,"global_animation":"","global_animationduration":"300","global_animationdelay":"0","hidden_md":"0","hidden_sm":"0","hidden_xs":"0","acl":null,"global_use_overlay":0}}]},{"id":1510037761346,"class_name":"col-md-4","visibility":true,"settings":{},"addons":[{"id":1494485926650,"name":"person","visibility":true,"settings":{"admin_label":"Martin Garrix","image":"https://sppagebuilder.com/sample-data/images/2017/07/10/team2.jpg","name":"Beulah Chambers","designation":"Assistant","email":"","introtext":"","facebook":"","twitter":"","google_plus":"","youtube":"","linkedin":"","pinterest":"","flickr":"","dribbble":"","behance":"","instagram":"","social_position":"after","alignment":"sppb-text-center","class":"","global_text_color":"","global_link_color":"","global_link_hover_color":"","global_use_background":1,"global_background_color":"rgba(255, 255, 255, 1)","global_background_image":"","global_background_repeat":"no-repeat","global_background_size":"cover","global_background_attachment":"inherit","global_user_border":0,"global_border_width":"","global_border_color":"","global_boder_style":"none","global_border_radius":"5","global_margin":{"md":"0 0 30px 0","sm":"   ","xs":"   "},"global_padding":{"md":"0 0 30px 0","sm":"   ","xs":"   "},"global_use_animation":0,"global_animation":"","global_animationduration":"300","global_animationdelay":"0","hidden_md":"0","hidden_sm":"0","hidden_xs":"0","acl":null,"global_use_overlay":0}}]},{"id":1510037761347,"class_name":"col-md-4","visibility":true,"settings":{},"addons":[{"id":1494485926645,"name":"person","visibility":true,"settings":{"admin_label":"Mark Mithel","image":"https://sppagebuilder.com/sample-data/images/2017/07/10/team3.jpg","name":"David Guetta","designation":"Budget Analyst","email":"","introtext":"","facebook":"","twitter":"","google_plus":"","youtube":"","linkedin":"","pinterest":"","flickr":"","dribbble":"","behance":"","instagram":"","social_position":"after","alignment":"sppb-text-center","class":"","global_text_color":"","global_link_color":"","global_link_hover_color":"","global_use_background":1,"global_background_color":"rgba(255, 255, 255, 1)","global_background_image":"","global_background_repeat":"no-repeat","global_background_size":"cover","global_background_attachment":"inherit","global_user_border":0,"global_border_width":"","global_border_color":"","global_boder_style":"none","global_border_radius":"5","global_margin":{"md":"0 0 30px 0","sm":"   ","xs":"   "},"global_padding":{"md":"0 0 30px 0","sm":"   ","xs":"   "},"global_use_animation":0,"global_animation":"","global_animationduration":"300","global_animationdelay":"0","hidden_md":"0","hidden_sm":"0","hidden_xs":"0","acl":null,"global_use_overlay":0}}]}]},{"id":1510037761395,"visibility":true,"collapse":false,"settings":{"admin_label":"","title":"","heading_selector":"h3","title_fontsize":"","title_fontweight":"","title_text_color":"","title_margin_top":"","title_margin_bottom":"","subtitle":"","subtitle_fontsize":"","title_position":"sppb-text-center","columns_equal_height":"0","fullscreen":0,"no_gutter":0,"id":"","class":"","padding":{"md":"100px 0px 20px 0px","sm":"   ","xs":"   "},"margin":{"md":"0px 0px 0px 0px","sm":"   ","xs":"   "},"color":"","background_color":"","background_image":"","overlay":"","background_repeat":"no-repeat","background_size":"cover","background_attachment":"inherit","background_position":"50% 50%","background_video":0,"background_video_mp4":"","background_video_ogv":"","hidden_xs":"","hidden_sm":"","hidden_md":"","animation":"","animationduration":"300","animationdelay":"0","columns_align_center":0,"background_parallax":0,"show_top_shape":0,"show_bottom_shape":0},"layout":"12","columns":[{"id":1510037761264,"class_name":"col-md-12","visibility":true,"settings":{},"addons":[{"id":1510037761265,"name":"heading","visibility":true,"settings":{"admin_label":"","title":"Pricing Plans","heading_selector":"h2","use_link":0,"title_link":"","link_new_tab":"","title_fontsize":{"md":"36","sm":"","xs":""},"title_lineheight":{"md":"42","sm":"","xs":""},"title_letterspace":"0","title_margin":{"md":"0px 0px 10px 0px","sm":"   ","xs":"   "},"title_padding":{"md":"0px 0px 0px 0px","sm":"   ","xs":"   "},"title_icon_position":"before","alignment":"sppb-text-center","class":"","title_font_style":{"weight":700}}},{"id":1510037761266,"name":"heading","visibility":true,"settings":{"admin_label":"","title":"Labore et dolore magna aliqua. Ut enim ad minim veniam quisnostrud","heading_selector":"div","use_link":0,"title_link":"","link_new_tab":"","title_fontsize":{"md":"18","sm":"","xs":""},"title_lineheight":{"md":"28","sm":"","xs":""},"title_letterspace":"0","title_margin":{"md":"0px 0px 30px 0px","sm":"   ","xs":"   "},"title_padding":{"md":"0px 0px 0px 0px","sm":"   ","xs":"   "},"title_icon_position":"before","alignment":"sppb-text-center","class":""}}]}]},{"id":1510037761390,"visibility":true,"collapse":false,"settings":{"padding":{"md":"20px 0px 100px 0px","sm":"   ","xs":"   "},"margin":{"md":"0px 0px 0px 0px","sm":"   ","xs":"   "},"columns_equal_height":1,"columns_align_center":1,"fullscreen":0,"no_gutter":1,"background_parallax":0,"background_video":0,"background_color":"","show_top_shape":0,"show_bottom_shape":0},"layout":"4,4,4","columns":[{"id":1510037761257,"class_name":"col-md-4","visibility":true,"settings":{},"addons":[{"id":1510037761258,"name":"pricing","visibility":true,"settings":{"admin_label":"","title":"Business","heading_selector":"h3","title_fontsize":{"md":"14","sm":"","xs":""},"title_lineheight":{"md":"24","sm":"","xs":""},"title_fontstyle":["bold","uppercase"],"title_letterspace":"0","price":"39","price_color":"#7ED321","price_font_size":{"md":"80","sm":"","xs":""},"price_symbol":"$","price_symbol_alignment":"top","price_symbol_color":"","price_symbol_font_size":{"md":"24","sm":"","xs":""},"duration":" / Month","duration_color":"#7ED321","duration_font_size":{"md":"","sm":"","xs":""},"price_position":"after","price_margin_bottom":{"md":"30","sm":"","xs":""},"pricing_content":"10 GB Storage\n100 GB Bandwidth\nSpeed 500 Mbps\nDNS Automation\nSupport Time 24 hrs","pricing_content_font_size":{"md":"16","sm":"","xs":""},"pricing_content_gap":{"md":"20","sm":"","xs":""},"pricing_content_margin_bottom":{"md":"40","sm":"","xs":""},"button_text":"Proceed","button_fontstyle":["bolder"],"button_letterspace":"0","button_type":"custom","button_appearance":"outline","button_background_color":"#7ED321","button_color":"#7ED321","button_background_color_hover":"#7ED321","button_color_hover":"#fff","alignment":"sppb-text-center","class":"","title_margin_top":{"md":"0","sm":"","xs":""},"title_margin_bottom":{"md":"20","sm":"","xs":""},"global_use_background":1,"global_user_border":1,"global_margin":{"md":"   ","sm":"   ","xs":"0px 0px 30px 0px"},"global_padding":{"md":"50px 30px 50px 30px","sm":"   ","xs":"   "},"global_use_animation":0,"global_text_color":"rgba(70, 72, 85, 0.8)","button_url":"#","title_text_color":"#464855","button_size":"","button_padding":{"md":"   ","sm":"   ","xs":"   "},"global_background_color":"#ffffff","global_border_width":{"md":"1","sm":"","xs":""},"global_border_color":"#F2F2F2","global_boder_style":"solid","use_global_width":0,"hidden_md":0,"hidden_sm":0,"hidden_xs":0,"global_border_radius":{"md":"0","sm":"","xs":""}}}]},{"id":1510037761259,"class_name":"col-md-4","visibility":true,"settings":{},"addons":[{"id":1510037761260,"name":"pricing","visibility":true,"settings":{"admin_label":"","title":"Professional","heading_selector":"h3","title_fontsize":{"md":"14"},"title_lineheight":{"md":24},"title_fontstyle":["bold","uppercase"],"title_letterspace":"0","title_text_color":"#ffffff","title_margin_top":{"md":0},"title_margin_bottom":{"md":20},"price":"99","price_color":"#ffffff","price_font_size":{"md":"80"},"price_symbol":"$","price_symbol_alignment":"top","price_symbol_color":"","price_symbol_font_size":{"md":"24","sm":"","xs":""},"duration":"/ Month","duration_color":"#ffffff","duration_font_size":"","price_position":"after","price_margin_bottom":{"md":"40"},"pricing_content":"10 GB Storage\n100 GB Bandwidth\nSpeed 500 Mbps\nDNS Automation\nSupport Time 24 hrs","pricing_content_font_size":{"md":16},"pricing_content_gap":{"md":20},"pricing_content_margin_bottom":{"md":"50"},"button_text":"Proceed","button_fontstyle":"","button_letterspace":"0","button_type":"custom","button_appearance":"outline","button_background_color":"#ffffff","button_color":"#ffffff","button_background_color_hover":"#fff","button_color_hover":"#4060FF","alignment":"sppb-text-center","class":"","button_padding":{"md":"   ","sm":"   ","xs":"   "},"global_use_background":1,"global_user_border":0,"global_margin":{"md":"   ","sm":"   ","xs":"0px 0px 30px 0px"},"global_padding":{"md":"80px 30px 80px 30px","sm":"   ","xs":"   "},"global_use_animation":0,"global_border_color":"","global_border_width":{"md":"","sm":"","xs":""},"global_boder_style":"none","global_border_radius":{"md":"5","sm":"","xs":""},"global_background_color":"#7ED321","global_text_color":"rgba(255, 255, 255, 0.75)","button_url":"#","global_use_overlay":0}}]},{"id":1510037761261,"class_name":"col-md-4","visibility":true,"settings":{},"addons":[{"id":1510037761262,"name":"pricing","visibility":true,"settings":{"admin_label":"","title":"Developer","heading_selector":"h3","title_fontsize":{"md":"14","sm":"","xs":""},"title_lineheight":{"md":"24","sm":"","xs":""},"title_fontstyle":["bold","uppercase"],"title_letterspace":"0","price":"69","price_color":"#7ED321","price_font_size":{"md":"80","sm":"","xs":""},"price_symbol":"$","price_symbol_alignment":"top","price_symbol_color":"","price_symbol_font_size":{"md":"24","sm":"","xs":""},"duration":"/ Month","duration_color":"#7ED321","duration_font_size":{"md":"","sm":"","xs":""},"price_position":"after","price_margin_bottom":{"md":"30","sm":"","xs":""},"pricing_content":"10 GB Storage\n100 GB Bandwidth\nSpeed 500 Mbps\nDNS Automation\nSupport Time 24 hrs","pricing_content_font_size":{"md":"16","sm":"","xs":""},"pricing_content_gap":{"md":"20","sm":"","xs":""},"pricing_content_margin_bottom":{"md":"40","sm":"","xs":""},"button_text":"Proceed","button_fontstyle":["bolder"],"button_letterspace":"0","button_type":"custom","button_appearance":"outline","button_background_color":"#7ED321","button_color":"#7ED321","button_background_color_hover":"#7ED321","button_color_hover":"#fff","alignment":"sppb-text-center","class":"","title_margin_top":{"md":"0","sm":"","xs":""},"title_margin_bottom":{"md":"20","sm":"","xs":""},"global_use_background":1,"global_user_border":1,"global_margin":{"md":"   ","sm":"   ","xs":"   "},"global_padding":{"md":"50px 30px 50px 30px","sm":"   ","xs":"   "},"global_use_animation":0,"global_text_color":"rgba(70, 72, 85, 0.8)","button_url":"#","title_text_color":"#464855","button_size":"","button_padding":{"md":"   ","sm":"   ","xs":"   "},"global_background_color":"#ffffff","global_border_width":{"md":"1","sm":"","xs":""},"global_border_color":"#F2F2F2","global_boder_style":"solid","global_border_radius":{"md":"0","sm":"","xs":""}}}]}]},{"id":1510037761474,"visibility":true,"collapse":false,"settings":{"admin_label":"","title":"","heading_selector":"h3","title_fontsize":"","title_fontweight":"","title_text_color":"","title_margin_top":"","title_margin_bottom":"","subtitle":"","subtitle_fontsize":"","title_position":"sppb-text-center","columns_equal_height":"0","fullscreen":0,"no_gutter":0,"id":"","class":"","padding":{"md":"100px 0px 100px 0px","sm":"   ","xs":"   "},"margin":{"md":"0px 0px 0px 0px","sm":"   ","xs":"   "},"color":"","background_color":"#FAFBFF","background_image":"","overlay":"","background_repeat":"no-repeat","background_size":"cover","background_attachment":"inherit","background_position":"50% 50%","background_video":0,"background_video_mp4":"","background_video_ogv":"","hidden_xs":"","hidden_sm":"","hidden_md":"","animation":"","animationduration":"300","animationdelay":"0","columns_align_center":0,"background_parallax":0,"show_top_shape":0,"show_bottom_shape":0},"layout":"12","columns":[{"id":1510037761268,"class_name":"col-md-12","visibility":true,"settings":{},"addons":[{"id":1510037761269,"name":"heading","visibility":true,"settings":{"admin_label":"","title":"Trusted By","heading_selector":"h2","use_link":0,"title_link":"","link_new_tab":"","title_fontsize":{"md":"36","sm":"","xs":""},"title_lineheight":{"md":"42","sm":"","xs":""},"title_letterspace":"0","title_margin":{"md":"0px 0px 10px 0px","sm":"   ","xs":"   "},"title_padding":{"md":"0px 0px 0px 0px","sm":"   ","xs":"   "},"title_icon_position":"before","alignment":"sppb-text-center","class":"","title_font_style":{"weight":700}}},{"id":1510037761270,"name":"heading","visibility":true,"settings":{"admin_label":"","title":"Labore et dolore magna aliqua. Ut enim ad minim veniam quisnostrud","heading_selector":"div","use_link":0,"title_link":"","link_new_tab":"","title_fontsize":{"md":"18","sm":"","xs":""},"title_lineheight":{"md":"28","sm":"","xs":""},"title_letterspace":"0","title_margin":{"md":"0px 0px 70px 0px","sm":"   ","xs":"   "},"title_padding":{"md":"0px 0px 0px 0px","sm":"   ","xs":"   "},"title_icon_position":"before","alignment":"sppb-text-center","class":"","global_use_background":0,"global_user_border":0,"global_margin":{"md":"   ","sm":"   ","xs":"   "},"global_padding":{"md":"   ","sm":"   ","xs":"   "},"global_use_animation":0}},{"id":1494485926744,"name":"clients","visibility":true,"settings":{"admin_label":"","title":"","heading_selector":"h3","title_fontsize":"","title_lineheight":"","title_fontstyle":null,"title_letterspace":"0","title_fontweight":"","title_text_color":"","title_margin_top":"","title_margin_bottom":"","count":"sppb-col-sm-3","alignment":"sppb-text-center","class":"","sp_clients_item":[{"title":"Client 1","image":"https://sppagebuilder.com/sample-data/images/2017/07/07/client-logo4.png","url":"#"},{"title":"Client 1","image":"https://sppagebuilder.com/sample-data/images/2017/07/07/client-logo5.png","url":"#"},{"title":"Client 1","image":"https://sppagebuilder.com/sample-data/images/2017/07/07/client-logo6.png","url":"#"},{"title":"Client 1","image":"https://sppagebuilder.com/sample-data/images/2017/07/07/client-logo7.png","url":"#"}],"global_text_color":"","global_link_color":"","global_link_hover_color":"","global_use_background":0,"global_background_color":"","global_background_image":"","global_background_repeat":"no-repeat","global_background_size":"cover","global_background_attachment":"inherit","global_user_border":0,"global_border_width":"","global_border_color":"","global_boder_style":"none","global_border_radius":"","global_margin":{"md":"0px 0px 50px 0px","sm":"   ","xs":"   "},"global_padding":{"md":"0px 200px 0px 200px","sm":"0px 100px 0px 100px","xs":"0px 0px 0px 0px"},"global_use_animation":0,"global_animation":"","global_animationduration":"300","global_animationdelay":"0","hidden_md":0,"hidden_sm":0,"hidden_xs":0,"acl":null,"use_global_width":1}},{"id":1494489748680,"name":"clients","visibility":true,"settings":{"admin_label":"","title":"","heading_selector":"h3","title_fontsize":"","title_lineheight":"","title_fontstyle":null,"title_letterspace":"0","title_fontweight":"","title_text_color":"","title_margin_top":"","title_margin_bottom":"","count":"sppb-col-sm-4","alignment":"sppb-text-center","class":"","sp_clients_item":[{"title":"Client 1","image":"https://sppagebuilder.com/sample-data/images/2017/07/07/client-logo1.png","url":"#"},{"title":"Client 1","image":"https://sppagebuilder.com/sample-data/images/2017/07/07/client-logo2.png","url":"#"},{"title":"Client 1","image":"https://sppagebuilder.com/sample-data/images/2017/07/07/client-logo3.png","url":"#"}],"global_text_color":"","global_link_color":"","global_link_hover_color":"","global_use_background":0,"global_background_color":"","global_background_image":"","global_background_repeat":"no-repeat","global_background_size":"cover","global_background_attachment":"inherit","global_user_border":0,"global_border_width":"","global_border_color":"","global_boder_style":"none","global_border_radius":"","global_margin":{"md":"   ","sm":"   ","xs":"   "},"global_padding":{"md":"0px 100px 0px 100px","sm":"0px 0px 0px 0px","xs":"0px 0px 0px 0px"},"global_use_animation":0,"global_animation":"","global_animationduration":"300","global_animationdelay":"0","hidden_md":"0","hidden_sm":"0","hidden_xs":"0","acl":null}}]}]},{"id":1510037761631,"visibility":true,"collapse":false,"settings":{"admin_label":"","title":"","heading_selector":"h3","title_fontsize":"","title_fontweight":"","title_text_color":"","title_margin_top":"","title_margin_bottom":"","subtitle":"","subtitle_fontsize":"","title_position":"sppb-text-center","columns_equal_height":"0","fullscreen":0,"no_gutter":0,"id":"","class":"","padding":{"md":"100px 0px 100px 0px","sm":"   ","xs":"   "},"margin":{"md":"0px 0px 0px 0px","sm":"   ","xs":"   "},"color":"","background_color":"","background_image":"","overlay":"","background_repeat":"no-repeat","background_size":"cover","background_attachment":"inherit","background_position":"50% 50%","background_video":0,"background_video_mp4":"","background_video_ogv":"","hidden_xs":"","hidden_sm":"","hidden_md":"","animation":"","animationduration":"300","animationdelay":"0","columns_align_center":0,"background_parallax":0,"show_top_shape":0,"show_bottom_shape":0},"layout":"12","columns":[{"id":1510037761632,"class_name":"col-md-12","visibility":true,"settings":{},"addons":[{"id":1510037761633,"name":"heading","visibility":true,"settings":{"admin_label":"","title":"Customer Reviews","heading_selector":"h2","use_link":0,"title_link":"","link_new_tab":"","title_fontsize":{"md":"36","sm":"","xs":""},"title_lineheight":{"md":"42","sm":"","xs":""},"title_letterspace":"0","title_margin":{"md":"0px 0px 10px 0px","sm":"   ","xs":"   "},"title_padding":{"md":"0px 0px 0px 0px","sm":"   ","xs":"   "},"title_icon_position":"before","alignment":"sppb-text-center","class":"","title_font_style":{"weight":700}}},{"id":1510037761634,"name":"heading","visibility":true,"settings":{"admin_label":"","title":"Labore et dolore magna aliqua. Ut enim ad minim veniam quisnostrud","heading_selector":"div","use_link":0,"title_link":"","link_new_tab":"","title_fontsize":{"md":"18","sm":"","xs":""},"title_lineheight":{"md":"28","sm":"","xs":""},"title_letterspace":"0","title_margin":{"md":"0px 0px 70px 0px","sm":"   ","xs":"   "},"title_padding":{"md":"0px 0px 0px 0px","sm":"   ","xs":"   "},"title_icon_position":"before","alignment":"sppb-text-center","class":"","global_use_background":0,"global_user_border":0,"global_margin":{"md":"   ","sm":"   ","xs":"   "},"global_padding":{"md":"   ","sm":"   ","xs":"   "},"global_use_animation":0}},{"id":1499317725401,"name":"testimonialpro","visibility":true,"settings":{"autoplay":"1","arrows":"1","class":"","sp_testimonialpro_item":[{"title":"Jon Don","avatar":"https://sppagebuilder.com/sample-data/images/2017/07/06/client1.png","avatar_style":"sppb-img-circle","message":"\tIt is a long established fact that a reader will be distracted by the readable content of a page when looking at its layout. The point of using Lorem Ipsum is that it has a more-or-less normal distribution of letters, as opposed to using 'Content here, content here', making it look like readable English.","url":""},{"title":"Selena Gomez","avatar":"https://sppagebuilder.com/sample-data/images/2017/07/06/client2.png","avatar_style":"sppb-img-circle","message":"\tIt is a long established fact that a reader will be distracted by the readable content of a page when looking at its layout. The point of using Lorem Ipsum is that it has a more-or-less normal distribution of letters, as opposed to using 'Content here, content here', making it look like readable English.","url":""}],"global_text_color":"","global_link_color":"","global_link_hover_color":"","global_use_background":"0","global_background_color":"","global_background_image":"","global_background_repeat":"no-repeat","global_background_size":"cover","global_background_attachment":"inherit","global_user_border":"0","global_border_width":"","global_border_color":"","global_boder_style":"none","global_border_radius":"","global_margin":"","global_padding":"","global_use_animation":"0","global_animation":"","global_animationduration":"300","global_animationdelay":"0","hidden_md":"0","hidden_sm":"0","hidden_xs":"0","acl":null,"dynamicId":1499317725401}}]}]}]