[{"id":1516691467963,"visibility":true,"collapse":false,"settings":{"admin_label":"","title":"","heading_selector":"h3","title_fontsize":"","title_fontweight":"","title_position":"sppb-text-center","columns_align_center":0,"fullscreen":0,"no_gutter":0,"padding":{"md":"370px 0px 270px 0px","sm":"   ","xs":"160px 0px 60px 0px"},"margin":{"md":"0px 0px 0px 0px","sm":"   ","xs":"   "},"background_type":"image","background_gradient":{"color":"#00c6fb","color2":"#005bea","deg":"45","type":"linear"},"background_image":"https://sppagebuilder.com/sample-data/images/2018/01/23/barber_hero.jpg","background_parallax":1,"background_repeat":"no-repeat","background_size":"cover","background_attachment":"","background_position":"50% 50%","external_background_video":"0","show_top_shape":0,"shape_name":"clouds-flat","shape_color":"#e5e5e5","shape_width":{"md":100,"sm":100,"xs":100},"shape_height":"","shape_flip":false,"shape_invert":false,"shape_to_front":false,"show_bottom_shape":0,"bottom_shape_name":"clouds-opacity","bottom_shape_color":"#e5e5e5","bottom_shape_width":{"md":100,"sm":100,"xs":100},"bottom_shape_height":"","bottom_shape_flip":false,"bottom_shape_invert":false,"bottom_shape_to_front":false,"hidden_xs":"","hidden_sm":"","hidden_md":"","animationduration":"300","animationdelay":"0","instFormId":1516691467963,"color":"#fff"},"layout":"12","columns":[{"id":1516691467962,"class_name":"col-md-12","visibility":true,"settings":{"background_type":"none","background_gradient":{"color":"#00c6fb","color2":"#005bea","deg":"45","type":"linear"},"background_image":"","background_repeat":"no-repeat","background_size":"cover","background_attachment":"scroll","background_position":"0 0","items_align_center":0,"use_border":0,"border_width":"","border_radius":0,"boxshadow":"0 0 0 0 #fff","sm_col":"","xs_col":"","hidden_xs":0,"hidden_sm":0,"hidden_md":0,"animationduration":"300","animationdelay":"0","instFormId":1516691467962,"padding":{"md":"0px 0px 0px 150px","sm":"0px 0px 0px 0px","xs":"0px 0px 0px 0px"},"margin":{"md":"   ","sm":"   ","xs":"   "}},"addons":[{"id":1516692513548,"name":"heading","visibility":true,"settings":{"admin_label":"","title":"BARBER","heading_selector":"h1","use_link":0,"title_link":"","link_new_tab":"","title_fontsize":{"md":"100","sm":"","xs":"50"},"title_lineheight":{"md":"100","sm":"","xs":"60"},"title_letterspace":"10px","title_text_transform":"none","title_margin":{"md":"0px 0px 30px 0px","sm":"   ","xs":"   "},"title_padding":{"md":"0px 0px 0px 0px","sm":"   ","xs":"   "},"title_icon_position":"before","alignment":"sppb-text-center","title_text_shadow":"","class":"","global_background_type":"none","global_background_gradient":{"color":"#00c6fb","color2":"#005bea","deg":"45","type":"linear"},"global_use_overlay":0,"global_background_repeat":"no-repeat","global_background_size":"cover","global_background_attachment":"inherit","global_user_border":0,"global_border_width":"","global_border_radius":0,"global_margin":{"md":"0 0 15px 0","sm":"0 0 20px 0","xs":"0 0 10px 0"},"global_padding":{"md":"   ","sm":"   ","xs":"   "},"global_boxshadow":"0 0 0 0 #ffffff","global_use_animation":0,"global_animationduration":"300","global_animationdelay":"0","global_custom_css":".sppb-addon-title{\n\tletter-spacing: 100px !important;\n  position: relative;\n}\n.sppb-addon-title:after {\n    content: \"\";\n    width: 440px;\n    border: 20px solid rgba(210,159,104,1);\n    position: absolute;\n    height: 600px;\n    top: -250px;\n    right: 0px;\n}\n@media (max-width: 992px){\n    .sppb-addon-title {\n        letter-spacing: 50px !important;\n    }\n    .sppb-addon-title:after{\n        width: 250px;\n        border-width: 10px;\n        height: 300px;\n        top: -120px;\n    }\n}\n@media (max-width: 767px){\n    .sppb-addon-title {\n        letter-spacing: 30px !important;\n    }\n    .sppb-addon-title:after{\n        width: 120px;\n        border-width: 5px;\n        height: 200px;\n        top: -80px;\n    }\n}","use_global_width":1,"hidden_md":0,"hidden_sm":0,"hidden_xs":0,"acl":"","instFormId":1516692513548,"title_font_family":"Oswald","global_width":{"md":"87","sm":"100","xs":"75"}}},{"id":1516696569293,"name":"button","visibility":true,"settings":{"admin_label":"","text":"BOOK NOW","alignment":"sppb-text-left","letterspace":"0","type":"custom","appearance":"flat","background_color":"rgba(210,159,104,1)","color":"#000","background_color_hover":"#fff","color_hover":"rgba(210,159,104,1)","button_padding":{"md":"18px 50px 18px 50px","sm":"   ","xs":"10px 20px 10px 20px"},"icon_position":"right","class":"","global_background_type":"none","global_background_gradient":{"color":"#00c6fb","color2":"#005bea","deg":"45","type":"linear"},"global_use_overlay":0,"global_background_repeat":"no-repeat","global_background_size":"cover","global_background_attachment":"inherit","global_user_border":0,"global_border_width":"","global_border_radius":0,"global_margin":{"md":"0 0 0px 0","sm":"0 0 20px 0","xs":"0 0 10px 0"},"global_padding":{"md":"   ","sm":"   ","xs":"   "},"global_boxshadow":"0 0 0 0 #ffffff","global_use_animation":0,"global_animationduration":"300","global_animationdelay":"0","global_custom_css":"","use_global_width":"0","hidden_md":"0","hidden_sm":"0","hidden_xs":"0","acl":"","instFormId":1516696569293,"url":"#","font_family":"Roboto","font_style":{"weight":700},"shape":"square","icon":"fa-long-arrow-right"}}]}]},{"id":1516692480244,"visibility":true,"collapse":false,"settings":{"admin_label":"","title":"","heading_selector":"h3","title_fontsize":"","title_fontweight":"","title_position":"sppb-text-center","columns_align_center":1,"fullscreen":0,"no_gutter":0,"padding":{"md":"100px 0px 100px 0px","sm":"   ","xs":"0px 0px 50px 0px"},"margin":{"md":"0px 0px 0px 0px","sm":"   ","xs":"   "},"background_type":"color","background_gradient":{"color":"#00c6fb","color2":"#005bea","deg":"45","type":"linear"},"background_image":"","background_parallax":"0","background_repeat":"no-repeat","background_size":"cover","background_attachment":"fixed","background_position":"0 0","external_background_video":"0","show_top_shape":0,"shape_name":"clouds-flat","shape_color":"#e5e5e5","shape_width":{"md":100,"sm":100,"xs":100},"shape_height":"","shape_flip":false,"shape_invert":false,"shape_to_front":false,"show_bottom_shape":0,"bottom_shape_name":"clouds-opacity","bottom_shape_color":"#e5e5e5","bottom_shape_width":{"md":100,"sm":100,"xs":100},"bottom_shape_height":"","bottom_shape_flip":false,"bottom_shape_invert":false,"bottom_shape_to_front":false,"hidden_xs":"","hidden_sm":"","hidden_md":"","animationduration":"300","animationdelay":"0","instFormId":1516692480244,"color":"rgba(85,85,85,1)","background_color":"rgba(245,245,245,1)"},"layout":"7,5","columns":[{"id":1516692479461,"class_name":"col-md-7","visibility":true,"settings":{"background_type":"none","background_gradient":{"color":"#00c6fb","color2":"#005bea","deg":"45","type":"linear"},"background_image":"","background_repeat":"no-repeat","background_size":"cover","background_attachment":"scroll","background_position":"0 0","items_align_center":0,"use_border":0,"border_width":"","border_radius":0,"boxshadow":"0 0 0 0 #fff","sm_col":"","xs_col":"","hidden_xs":"","hidden_sm":"","hidden_md":"","animationduration":"300","animationdelay":"0"},"addons":[{"id":1516692479462,"name":"modal","visibility":true,"settings":{"admin_label":"","modal_selector":"icon","button_text":"Button Text","button_type":"default","button_letterspace":"0","button_padding":"","button_background_color":"#444444","button_color":"#fff","button_background_color_hover":"#222","button_color_hover":"#fff","button_appearance":"flat","selector_icon_name":"fa-play","selector_icon_size":{"md":"18"},"selector_text":"","selector_text_weight":"","selector_text_color":"","modal_content_type":"video","modal_content_text":"Kevin chicken fatback sirloin ball tip, flank meatloaf t-bone. Meatloaf shankle swine pancetta biltong capicola ham hock meatball. Shoulder bacon andouille ground round pancetta pastrami. Sirloin beef ribs tenderloin rump corned beef filet mignon capicola kielbasa drumstick chuck turducken beef t-bone ribeye. Pork loin ground round t-bone chuck beef ribs swine pastrami cow. Venison tenderloin drumstick, filet mignon salami jowl sausage shank hamburger meatball ribeye kevin tri-tip. Swine kielbasa tenderloin fatback pork shankle andouille, flank frankfurter jerky chicken tri-tip jowl leberkas.&lt;br&gt;&lt;br&gt;Pancetta chicken pork belly beef cow kielbasa fatback sirloin biltong andouille bacon. Sirloin beef tenderloin porchetta, jerky tri-tip andouille sausage landjaeger shank bresaola short ribs tongue meatloaf fatback. Kielbasa pancetta shoulder tri-tip pastrami filet mignon ham corned beef prosciutto doner beef ribs. Doner sausage ham hock, shoulder sirloin pancetta boudin filet mignon chuck. Meatball ham hock beef, filet mignon tri-tip andouille venison ground round chuck turducken drumstick.","modal_popup_width":"760","modal_popup_height":"440","alignment":"sppb-text-center","class":"","global_background_type":"image","global_background_gradient":{"color":"#00c6fb","color2":"#005bea","deg":"45","type":"linear"},"global_use_overlay":0,"global_background_repeat":"no-repeat","global_background_size":"cover","global_background_attachment":"","global_user_border":0,"global_border_width":"","global_border_radius":0,"global_margin":{"md":"0px 70px 0px 0px","sm":"0px 0px 40px 0px","xs":"50px 0px 20px 0px"},"global_padding":{"md":"330px 0px 330px 0px","sm":"   ","xs":"70px 0px 70px 0px"},"global_boxshadow":"0 0 0 0 #ffffff","global_use_animation":0,"global_animationduration":"300","global_animationdelay":"0","global_custom_css":"","use_global_width":0,"hidden_md":0,"hidden_sm":0,"hidden_xs":0,"acl":"","instFormId":1516692479462,"selector_text_margin":"   ","selector_icon_background":"#fff","selector_icon_padding":{"md":"40","sm":"","xs":"20"},"selector_icon_border_radius":{"md":"52","sm":"","xs":""},"modal_content_video_url":"https://www.youtube.com/watch?v=up9t5flDteg","global_background_image":"https://sppagebuilder.com/sample-data/images/2018/01/23/barber_img1.jpg","selector_icon_color":"rgba(255,102,0,1)"}}]},{"id":1516692479463,"class_name":"col-md-5","visibility":true,"settings":{"background_type":"none","background_gradient":{"color":"#00c6fb","color2":"#005bea","deg":"45","type":"linear"},"background_image":"","background_repeat":"no-repeat","background_size":"cover","background_attachment":"scroll","background_position":"0 0","items_align_center":0,"use_border":0,"border_width":"","border_radius":0,"boxshadow":"0 0 0 0 #fff","sm_col":"","xs_col":"","hidden_xs":"","hidden_sm":"","hidden_md":"","animationduration":"300","animationdelay":"0"},"addons":[{"id":1516692479464,"name":"heading","visibility":true,"settings":{"admin_label":"","title":"ABOUT US","heading_selector":"h2","use_link":0,"title_link":"","link_new_tab":"","title_fontsize":{"md":"75","sm":"","xs":"30"},"title_fontstyle":["bold"],"title_fontweight":"","title_lineheight":{"md":"60","sm":"","xs":"40"},"title_letterspace":"","title_margin":{"md":"0px 0px 50px 0px","sm":"0px 0px 10px 0px","xs":"0px 0px 10px 0px"},"title_padding":{"md":"0px 0px 0px 0px","sm":"   ","xs":"   "},"alignment":"sppb-text-left","class":"","global_use_background":0,"global_user_border":0,"global_margin":{"md":"   ","sm":"   ","xs":"   "},"global_padding":{"md":"   ","sm":"   ","xs":"   "},"global_use_animation":1,"global_animation":"fadeInUp","instFormId":1516692479464,"title_font_family":"Oswald","use_global_width":1,"hidden_md":0,"hidden_sm":0,"hidden_xs":0,"global_width":{"md":"90","sm":"75","xs":"90"},"global_custom_css":"","global_text_color":"#000000"}},{"id":1516692479465,"name":"text_block","visibility":true,"settings":{"admin_label":"","title":"","heading_selector":"h3","title_fontsize":"","title_lineheight":"","title_fontstyle":"","title_letterspace":"0","title_fontweight":"","text":"Basic background Cosmetic surgery consists not just of enhancing someones beauty, but also to help those who have been badly damaged in an accident or who have physical birth defects. Many believe that women are the main gender that go for cosmetic surgery. <br /><br />Yet studies have shown that 11% of men are also getting cosmetic surgery &ndash; in fact since 1992, the percentage of men getting cosmetic.","alignment":"sppb-text-left","text_fontsize":{"md":"16","sm":"14","xs":"14"},"text_lineheight":{"md":"32","sm":"24","xs":"22"},"dropcap":0,"class":"","global_use_background":0,"global_user_border":0,"global_margin":{"md":"0px 0px 35px 0px","sm":"20px 0px 20px 0px","xs":"0px 0px 20px 0px"},"global_padding":{"md":"   ","sm":"   ","xs":"   "},"global_use_animation":1,"global_animation":"fadeInUp","global_animationdelay":"100","instFormId":1516692479465,"text_font_family":"Roboto","use_global_width":1,"hidden_md":0,"hidden_sm":0,"hidden_xs":0,"global_width":{"md":"87","sm":"","xs":"90"}}},{"id":1516692479466,"name":"button","visibility":true,"settings":{"admin_label":"","text":"Learn More","alignment":"sppb-text-left","letterspace":"0","type":"custom","appearance":"flat","background_color":"","color":"rgba(210,159,104,1)","background_color_hover":"","color_hover":"#94704a","button_padding":{"md":"0px 0px 0px 0px","sm":"   ","xs":"   "},"icon_position":"right","class":"","global_background_type":"none","global_background_gradient":{"color":"#00c6fb","color2":"#005bea","deg":"45","type":"linear"},"global_use_overlay":0,"global_background_repeat":"no-repeat","global_background_size":"cover","global_background_attachment":"inherit","global_user_border":0,"global_border_width":"","global_border_radius":0,"global_margin":{"md":"0 0 30px 0","sm":"0 0 20px 0","xs":"0 0 10px 0"},"global_padding":{"md":"   ","sm":"   ","xs":"   "},"global_boxshadow":"0 0 0 0 #ffffff","global_use_animation":0,"global_animationduration":"300","global_animationdelay":"0","global_custom_css":"","use_global_width":"0","hidden_md":"0","hidden_sm":"0","hidden_xs":"0","acl":"","instFormId":1516692479466,"url":"#","font_family":"Roboto","icon":"fa-long-arrow-right"}}]}]},{"id":1516692480334,"visibility":true,"collapse":false,"settings":{"admin_label":"","title":"","heading_selector":"h3","title_fontsize":"","title_fontweight":"","title_position":"sppb-text-center","columns_align_center":0,"fullscreen":0,"no_gutter":0,"padding":{"md":"100px 0px 70px 0px","sm":"   ","xs":"50px 0px 50px 0px"},"margin":{"md":"0px 0px 0px 0px","sm":"   ","xs":"   "},"background_type":"color","background_gradient":{"color":"#00c6fb","color2":"#005bea","deg":"45","type":"linear"},"background_image":"","background_parallax":"0","background_repeat":"no-repeat","background_size":"cover","background_attachment":"fixed","background_position":"0 0","external_background_video":"0","show_top_shape":0,"shape_name":"clouds-flat","shape_color":"#e5e5e5","shape_width":{"md":100,"sm":100,"xs":100},"shape_height":"","shape_flip":false,"shape_invert":false,"shape_to_front":false,"show_bottom_shape":0,"bottom_shape_name":"clouds-opacity","bottom_shape_color":"#e5e5e5","bottom_shape_width":{"md":100,"sm":100,"xs":100},"bottom_shape_height":"","bottom_shape_flip":false,"bottom_shape_invert":false,"bottom_shape_to_front":false,"hidden_xs":"","hidden_sm":"","hidden_md":"","animationduration":"300","animationdelay":"0","instFormId":1516692480334,"background_color":"rgba(210,159,104,1)"},"layout":"12,3,3,3,3","columns":[{"id":1516692480333,"class_name":"col-md-12","visibility":true,"settings":{"background_type":"none","background_gradient":{"color":"#00c6fb","color2":"#005bea","deg":"45","type":"linear"},"background_image":"","background_repeat":"no-repeat","background_size":"cover","background_attachment":"scroll","background_position":"0 0","items_align_center":0,"use_border":0,"border_width":"","border_radius":0,"boxshadow":"0 0 0 0 #fff","sm_col":"","xs_col":"","hidden_xs":"","hidden_sm":"","hidden_md":"","animationduration":"300","animationdelay":"0"},"addons":[{"id":1516692480341,"name":"heading","visibility":true,"settings":{"admin_label":"","title":"SERVICES","heading_selector":"h2","use_link":0,"title_link":"","link_new_tab":"","title_fontsize":{"md":"75","sm":"","xs":"30"},"title_fontstyle":["bold"],"title_fontweight":"","title_lineheight":{"md":"60","sm":"","xs":"40"},"title_letterspace":"","title_margin":{"md":"0px 0px 25px 0px","sm":"0px 0px 10px 0px","xs":"0px 0px 10px 0px"},"title_padding":{"md":"0px 0px 0px 0px","sm":"   ","xs":"   "},"alignment":"sppb-text-center","class":"","global_use_background":0,"global_user_border":0,"global_margin":{"md":"   ","sm":"   ","xs":"   "},"global_padding":{"md":"   ","sm":"   ","xs":"   "},"global_use_animation":0,"global_animation":"fadeInUp","instFormId":1516692480341,"title_font_family":"Oswald","use_global_width":0,"hidden_md":0,"hidden_sm":0,"hidden_xs":0,"global_width":{"md":"90","sm":"75","xs":"90"},"global_custom_css":"","global_text_color":"#000000"}},{"id":1516692480344,"name":"text_block","visibility":true,"settings":{"admin_label":"","title":"","heading_selector":"h3","title_fontsize":"","title_lineheight":"","title_fontstyle":"","title_letterspace":"0","title_fontweight":"","text":"Beryl Cook is one of Britain&rsquo;s most talented and amusing artists .Beryl&rsquo;s pictures feature women of all shapes and sizes enjoying themselves .","alignment":"sppb-text-center","text_fontsize":{"md":"16","sm":"14","xs":"14"},"text_lineheight":{"md":"36","sm":"24","xs":"22"},"dropcap":0,"class":"","global_use_background":0,"global_user_border":0,"global_margin":{"md":"0px auto 60px auto","sm":"20px auto 40px auto","xs":"0px auto 40px auto"},"global_padding":{"md":"   ","sm":"   ","xs":"   "},"global_use_animation":0,"global_animation":"fadeInUp","global_animationdelay":"100","instFormId":1516692480344,"text_font_family":"Roboto","use_global_width":1,"hidden_md":0,"hidden_sm":0,"hidden_xs":0,"global_width":{"md":"58","sm":"","xs":"90"},"global_text_color":"rgba(85,85,85,1)"}}]},{"id":1516692480529,"class_name":"col-md-3","visibility":true,"settings":{"background_type":"none","background_gradient":{"color":"#00c6fb","color2":"#005bea","deg":"45","type":"linear"},"background_image":"","background_repeat":"no-repeat","background_size":"cover","background_attachment":"scroll","background_position":"0 0","items_align_center":0,"use_border":0,"border_width":"","border_radius":0,"boxshadow":"0 0 0 0 #fff","sm_col":"col-sm-6","xs_col":"","hidden_xs":0,"hidden_sm":0,"hidden_md":0,"animationduration":"300","animationdelay":"0","instFormId":1516692480529,"padding":{"md":"   ","sm":"   ","xs":"   "},"margin":{"md":"   ","sm":"   ","xs":"   "}},"addons":[{"id":1516692480726,"name":"image","visibility":true,"settings":{"admin_label":"","title":"","heading_selector":"h3","title_fontsize":"","title_lineheight":"","title_letterspace":"0","title_position":"top","image":"https://sppagebuilder.com/sample-data/images/2018/01/23/barber_service1.jpg","border_radius":0,"alt_text":"Image","position":"sppb-text-center","open_lightbox":0,"overlay_color":"rgba(119, 219, 31, .5)","link":"","class":"","global_background_type":"none","global_background_gradient":{"color":"#00c6fb","color2":"#005bea","deg":"45","type":"linear"},"global_use_overlay":0,"global_background_repeat":"no-repeat","global_background_size":"cover","global_background_attachment":"inherit","global_user_border":0,"global_border_width":"","global_border_radius":0,"global_margin":{"md":"0 0 0px 0","sm":"0 0 0px 0","xs":"0 0 0px 0"},"global_padding":{"md":"   ","sm":"   ","xs":"   "},"global_boxshadow":"0 0 0 0 #ffffff","global_use_animation":0,"global_animationduration":"300","global_animationdelay":"0","global_custom_css":"","use_global_width":"0","hidden_md":"0","hidden_sm":"0","hidden_xs":"0","acl":"","instFormId":1516701208087}},{"id":1516692480735,"type":"inner_row","settings":{"admin_label":"","title":"","heading_selector":"h3","title_fontsize":"","title_fontweight":"","title_text_color":"","title_margin_top":"","title_margin_bottom":"","subtitle":"","subtitle_fontsize":"","title_position":"sppb-text-center","columns_equal_height":"0","fullscreen":0,"no_gutter":0,"id":"","class":"","padding":{"md":"25px 30px 20px 30px","sm":"   ","xs":"20px 20px 20px 20px"},"margin":{"md":"0px 0px 30px 0px","sm":"   ","xs":"   "},"color":"","background_color":"rgba(255, 255, 255, 1)","background_image":"","overlay":"","background_repeat":"no-repeat","background_size":"cover","background_attachment":"fixed","background_position":"0 0","background_video":"0","background_video_mp4":"","background_video_ogv":"","hidden_xs":"","hidden_sm":"","hidden_md":"","animation":"","animationduration":"300","animationdelay":"0","instFormId":1516692480735,"columns_align_center":0,"show_top_shape":0,"show_bottom_shape":0},"layout":"12","visibility":true,"columns":[{"id":1516692480736,"class_name":"col-md-12","visibility":true,"settings":{},"addons":[{"id":1516692480737,"name":"text_block","visibility":true,"settings":{"admin_label":"","title":"Signature Haircut","heading_selector":"h3","title_fontsize":{"md":"22","sm":"","xs":""},"title_lineheight":{"md":"30","sm":"","xs":""},"title_letterspace":"0","text":"Usage of the Internet is becoming more common due to rapid advancement.","alignment":"","text_fontsize":{"md":"16","sm":"","xs":"14"},"text_lineheight":{"md":"26","sm":"","xs":"20"},"dropcap":0,"class":"","global_background_type":"none","global_background_gradient":{"color":"#00c6fb","color2":"#005bea","deg":"45","type":"linear"},"global_use_overlay":0,"global_background_repeat":"no-repeat","global_background_size":"cover","global_background_attachment":"inherit","global_user_border":0,"global_border_width":"","global_border_radius":0,"global_margin":{"md":"0 0 10px 0","sm":"0 0 20px 0","xs":"0 0 10px 0"},"global_padding":{"md":"   ","sm":"   ","xs":"   "},"global_boxshadow":"0 0 0 0 #ffffff","global_use_animation":0,"global_animationduration":"300","global_animationdelay":"0","global_custom_css":"","use_global_width":0,"hidden_md":0,"hidden_sm":0,"hidden_xs":0,"acl":"","instFormId":1516692479469,"title_text_color":"#000","font_family":"Oswald","global_text_color":"rgba(85,85,85,1)","title_margin_top":{"md":"0","sm":"","xs":""},"title_margin_bottom":{"md":"15","sm":"","xs":""},"text_font_family":"Roboto","title_font_style":{"weight":""}}},{"id":1516692480738,"name":"button","visibility":true,"settings":{"admin_label":"","text":"Learn More","alignment":"sppb-text-left","fontstyle":["lighter"],"letterspace":"","url":"#","target":"","type":"custom","appearance":"","background_color":"","color":"rgba(210,159,104,1)","background_color_hover":"","color_hover":"rgba(34, 34, 34, 1)","size":"","shape":"rounded","block":"","icon":"","icon_position":"right","class":"","global_text_color":"","global_link_color":"","global_link_hover_color":"","global_use_background":0,"global_background_color":"","global_background_image":"","global_background_repeat":"no-repeat","global_background_size":"cover","global_background_attachment":"inherit","global_user_border":0,"global_border_width":"","global_border_color":"","global_boder_style":"none","global_border_radius":"","global_margin":{"md":"0 0 0 -15px","sm":"   ","xs":"   "},"global_padding":{"md":"   ","sm":"   ","xs":"   "},"global_use_animation":0,"global_animation":"","global_animationduration":"300","global_animationdelay":"0","hidden_md":"0","hidden_sm":"0","hidden_xs":"0","acl":null,"button_padding":{"md":"   ","sm":"   ","xs":"   "},"instFormId":1516692479470,"font_family":"Roboto","font_style":{"weight":400}}}]}]}]},{"id":1516692480530,"class_name":"col-md-3","visibility":true,"settings":{"background_type":"none","background_gradient":{"color":"#00c6fb","color2":"#005bea","deg":"45","type":"linear"},"background_image":"","background_repeat":"no-repeat","background_size":"cover","background_attachment":"scroll","background_position":"0 0","items_align_center":0,"use_border":0,"border_width":"","border_radius":0,"boxshadow":"0 0 0 0 #fff","sm_col":"col-sm-6","xs_col":"","hidden_xs":0,"hidden_sm":0,"hidden_md":0,"animationduration":"300","animationdelay":"0","instFormId":1516692480530,"padding":{"md":"   ","sm":"   ","xs":"   "},"margin":{"md":"   ","sm":"   ","xs":"   "}},"addons":[{"id":1516701208087,"name":"image","visibility":true,"settings":{"admin_label":"","title":"","heading_selector":"h3","title_fontsize":"","title_lineheight":"","title_letterspace":"0","title_position":"top","image":"https://sppagebuilder.com/sample-data/images/2018/01/23/barber_service2.jpg","border_radius":0,"alt_text":"Image","position":"sppb-text-center","open_lightbox":0,"overlay_color":"rgba(119, 219, 31, .5)","link":"","class":"","global_background_type":"none","global_background_gradient":{"color":"#00c6fb","color2":"#005bea","deg":"45","type":"linear"},"global_use_overlay":0,"global_background_repeat":"no-repeat","global_background_size":"cover","global_background_attachment":"inherit","global_user_border":0,"global_border_width":"","global_border_radius":0,"global_margin":{"md":"0 0 0px 0","sm":"0 0 0px 0","xs":"0 0 0px 0"},"global_padding":{"md":"   ","sm":"   ","xs":"   "},"global_boxshadow":"0 0 0 0 #ffffff","global_use_animation":0,"global_animationduration":"300","global_animationdelay":"0","global_custom_css":"","use_global_width":"0","hidden_md":"0","hidden_sm":"0","hidden_xs":"0","acl":"","instFormId":1516701208087}},{"id":1516692480551,"type":"inner_row","settings":{"admin_label":"","title":"","heading_selector":"h3","title_fontsize":"","title_fontweight":"","title_text_color":"","title_margin_top":"","title_margin_bottom":"","subtitle":"","subtitle_fontsize":"","title_position":"sppb-text-center","columns_equal_height":"0","fullscreen":0,"no_gutter":0,"id":"","class":"","padding":{"md":"25px 30px 20px 30px","sm":"   ","xs":"20px 20px 20px 20px"},"margin":{"md":"0px 0px 30px 0px","sm":"   ","xs":"   "},"color":"","background_color":"rgba(255, 255, 255, 1)","background_image":"","overlay":"","background_repeat":"no-repeat","background_size":"cover","background_attachment":"fixed","background_position":"0 0","background_video":"0","background_video_mp4":"","background_video_ogv":"","hidden_xs":"","hidden_sm":"","hidden_md":"","animation":"","animationduration":"300","animationdelay":"0","instFormId":1516692480551,"columns_align_center":0,"show_top_shape":0,"show_bottom_shape":0},"layout":"12","visibility":true,"columns":[{"id":1516692479468,"class_name":"col-md-12","visibility":true,"settings":{},"addons":[{"id":1516692479469,"name":"text_block","visibility":true,"settings":{"admin_label":"","title":"Beard Shaving","heading_selector":"h3","title_fontsize":{"md":"22","sm":"","xs":""},"title_lineheight":{"md":"30","sm":"","xs":""},"title_letterspace":"0","text":"Usage of the Internet is becoming more common due to rapid advancement.","alignment":"","text_fontsize":{"md":"16","sm":"","xs":"14"},"text_lineheight":{"md":"26","sm":"","xs":"20"},"dropcap":0,"class":"","global_background_type":"none","global_background_gradient":{"color":"#00c6fb","color2":"#005bea","deg":"45","type":"linear"},"global_use_overlay":0,"global_background_repeat":"no-repeat","global_background_size":"cover","global_background_attachment":"inherit","global_user_border":0,"global_border_width":"","global_border_radius":0,"global_margin":{"md":"0 0 10px 0","sm":"0 0 20px 0","xs":"0 0 10px 0"},"global_padding":{"md":"   ","sm":"   ","xs":"   "},"global_boxshadow":"0 0 0 0 #ffffff","global_use_animation":0,"global_animationduration":"300","global_animationdelay":"0","global_custom_css":"","use_global_width":0,"hidden_md":0,"hidden_sm":0,"hidden_xs":0,"acl":"","instFormId":1516692479469,"title_text_color":"#000","font_family":"Oswald","global_text_color":"rgba(85,85,85,1)","title_margin_top":{"md":"0","sm":"","xs":""},"title_margin_bottom":{"md":"15","sm":"","xs":""},"text_font_family":"Roboto","title_font_style":{"weight":""}}},{"id":1516692479470,"name":"button","visibility":true,"settings":{"admin_label":"","text":"Learn More","alignment":"sppb-text-left","fontstyle":["lighter"],"letterspace":"","url":"#","target":"","type":"custom","appearance":"","background_color":"","color":"rgba(210,159,104,1)","background_color_hover":"","color_hover":"rgba(34, 34, 34, 1)","size":"","shape":"rounded","block":"","icon":"","icon_position":"right","class":"","global_text_color":"","global_link_color":"","global_link_hover_color":"","global_use_background":0,"global_background_color":"","global_background_image":"","global_background_repeat":"no-repeat","global_background_size":"cover","global_background_attachment":"inherit","global_user_border":0,"global_border_width":"","global_border_color":"","global_boder_style":"none","global_border_radius":"","global_margin":{"md":"0 0 0 -15px","sm":"   ","xs":"   "},"global_padding":{"md":"   ","sm":"   ","xs":"   "},"global_use_animation":0,"global_animation":"","global_animationduration":"300","global_animationdelay":"0","hidden_md":"0","hidden_sm":"0","hidden_xs":"0","acl":null,"button_padding":{"md":"   ","sm":"   ","xs":"   "},"instFormId":1516692479470,"font_family":"Roboto","font_style":{"weight":400}}}]}]}]},{"id":1516692480531,"class_name":"col-md-3","visibility":true,"settings":{"background_type":"none","background_gradient":{"color":"#00c6fb","color2":"#005bea","deg":"45","type":"linear"},"background_image":"","background_repeat":"no-repeat","background_size":"cover","background_attachment":"scroll","background_position":"0 0","items_align_center":0,"use_border":0,"border_width":"","border_radius":0,"boxshadow":"0 0 0 0 #fff","sm_col":"col-sm-6","xs_col":"","hidden_xs":0,"hidden_sm":0,"hidden_md":0,"animationduration":"300","animationdelay":"0","instFormId":1516692480531,"padding":{"md":"   ","sm":"   ","xs":"   "},"margin":{"md":"   ","sm":"   ","xs":"   "}},"addons":[{"id":1516692480732,"name":"image","visibility":true,"settings":{"admin_label":"","title":"","heading_selector":"h3","title_fontsize":"","title_lineheight":"","title_letterspace":"0","title_position":"top","image":"https://sppagebuilder.com/sample-data/images/2018/01/23/barber_service3.jpg","border_radius":0,"alt_text":"Image","position":"sppb-text-center","open_lightbox":0,"overlay_color":"rgba(119, 219, 31, .5)","link":"","class":"","global_background_type":"none","global_background_gradient":{"color":"#00c6fb","color2":"#005bea","deg":"45","type":"linear"},"global_use_overlay":0,"global_background_repeat":"no-repeat","global_background_size":"cover","global_background_attachment":"inherit","global_user_border":0,"global_border_width":"","global_border_radius":0,"global_margin":{"md":"0 0 0px 0","sm":"0 0 0px 0","xs":"0 0 0px 0"},"global_padding":{"md":"   ","sm":"   ","xs":"   "},"global_boxshadow":"0 0 0 0 #ffffff","global_use_animation":0,"global_animationduration":"300","global_animationdelay":"0","global_custom_css":"","use_global_width":"0","hidden_md":"0","hidden_sm":"0","hidden_xs":"0","acl":"","instFormId":1516692480732}},{"id":1516692480747,"type":"inner_row","settings":{"admin_label":"","title":"","heading_selector":"h3","title_fontsize":"","title_fontweight":"","title_text_color":"","title_margin_top":"","title_margin_bottom":"","subtitle":"","subtitle_fontsize":"","title_position":"sppb-text-center","columns_equal_height":"0","fullscreen":0,"no_gutter":0,"id":"","class":"","padding":{"md":"25px 30px 20px 30px","sm":"   ","xs":"20px 20px 20px 20px"},"margin":{"md":"0px 0px 30px 0px","sm":"   ","xs":"   "},"color":"","background_color":"rgba(255, 255, 255, 1)","background_image":"","overlay":"","background_repeat":"no-repeat","background_size":"cover","background_attachment":"fixed","background_position":"0 0","background_video":"0","background_video_mp4":"","background_video_ogv":"","hidden_xs":"","hidden_sm":"","hidden_md":"","animation":"","animationduration":"300","animationdelay":"0","instFormId":1516692480747,"columns_align_center":0,"show_top_shape":0,"show_bottom_shape":0},"layout":"12","visibility":true,"columns":[{"id":1516692480748,"class_name":"col-md-12","visibility":true,"settings":{},"addons":[{"id":1516692480749,"name":"text_block","visibility":true,"settings":{"admin_label":"","title":"Beard Trim","heading_selector":"h3","title_fontsize":{"md":"22","sm":"","xs":""},"title_lineheight":{"md":"30","sm":"","xs":""},"title_letterspace":"0","text":"Usage of the Internet is becoming more common due to rapid advancement.","alignment":"","text_fontsize":{"md":"16","sm":"","xs":"14"},"text_lineheight":{"md":"26","sm":"","xs":"20"},"dropcap":0,"class":"","global_background_type":"none","global_background_gradient":{"color":"#00c6fb","color2":"#005bea","deg":"45","type":"linear"},"global_use_overlay":0,"global_background_repeat":"no-repeat","global_background_size":"cover","global_background_attachment":"inherit","global_user_border":0,"global_border_width":"","global_border_radius":0,"global_margin":{"md":"0 0 10px 0","sm":"0 0 20px 0","xs":"0 0 10px 0"},"global_padding":{"md":"   ","sm":"   ","xs":"   "},"global_boxshadow":"0 0 0 0 #ffffff","global_use_animation":0,"global_animationduration":"300","global_animationdelay":"0","global_custom_css":"","use_global_width":0,"hidden_md":0,"hidden_sm":0,"hidden_xs":0,"acl":"","instFormId":1516692480749,"title_text_color":"#000","font_family":"Oswald","global_text_color":"rgba(85,85,85,1)","title_margin_top":{"md":"0","sm":"","xs":""},"title_margin_bottom":{"md":"15","sm":"","xs":""},"text_font_family":"Roboto","title_font_style":{"weight":""}}},{"id":1516692480750,"name":"button","visibility":true,"settings":{"admin_label":"","text":"Learn More","alignment":"sppb-text-left","fontstyle":["lighter"],"letterspace":"","url":"#","target":"","type":"custom","appearance":"","background_color":"","color":"rgba(210,159,104,1)","background_color_hover":"","color_hover":"rgba(34, 34, 34, 1)","size":"","shape":"rounded","block":"","icon":"","icon_position":"right","class":"","global_text_color":"","global_link_color":"","global_link_hover_color":"","global_use_background":0,"global_background_color":"","global_background_image":"","global_background_repeat":"no-repeat","global_background_size":"cover","global_background_attachment":"inherit","global_user_border":0,"global_border_width":"","global_border_color":"","global_boder_style":"none","global_border_radius":"","global_margin":{"md":"0 0 0 -15px","sm":"   ","xs":"   "},"global_padding":{"md":"   ","sm":"   ","xs":"   "},"global_use_animation":0,"global_animation":"","global_animationduration":"300","global_animationdelay":"0","hidden_md":"0","hidden_sm":"0","hidden_xs":"0","acl":null,"button_padding":{"md":"   ","sm":"   ","xs":"   "},"instFormId":1516692479470,"font_family":"Roboto","font_style":{"weight":400}}}]}]}]},{"id":1516692480532,"class_name":"col-md-3","visibility":true,"settings":{"background_type":"none","background_gradient":{"color":"#00c6fb","color2":"#005bea","deg":"45","type":"linear"},"background_image":"","background_repeat":"no-repeat","background_size":"cover","background_attachment":"scroll","background_position":"0 0","items_align_center":0,"use_border":0,"border_width":"","border_radius":0,"boxshadow":"0 0 0 0 #fff","sm_col":"col-sm-6","xs_col":"","hidden_xs":0,"hidden_sm":0,"hidden_md":0,"animationduration":"300","animationdelay":"0","instFormId":1516692480532,"padding":{"md":"   ","sm":"   ","xs":"   "},"margin":{"md":"   ","sm":"   ","xs":"   "}},"addons":[{"id":1516692480729,"name":"image","visibility":true,"settings":{"admin_label":"","title":"","heading_selector":"h3","title_fontsize":"","title_lineheight":"","title_letterspace":"0","title_position":"top","image":"https://sppagebuilder.com/sample-data/images/2018/01/23/barber_service4.jpg","border_radius":0,"alt_text":"Image","position":"sppb-text-center","open_lightbox":0,"overlay_color":"rgba(119, 219, 31, .5)","link":"","class":"","global_background_type":"none","global_background_gradient":{"color":"#00c6fb","color2":"#005bea","deg":"45","type":"linear"},"global_use_overlay":0,"global_background_repeat":"no-repeat","global_background_size":"cover","global_background_attachment":"inherit","global_user_border":0,"global_border_width":"","global_border_radius":0,"global_margin":{"md":"0 0 0px 0","sm":"0 0 0px 0","xs":"0 0 0px 0"},"global_padding":{"md":"   ","sm":"   ","xs":"   "},"global_boxshadow":"0 0 0 0 #ffffff","global_use_animation":0,"global_animationduration":"300","global_animationdelay":"0","global_custom_css":"","use_global_width":"0","hidden_md":"0","hidden_sm":"0","hidden_xs":"0","acl":"","instFormId":1516692480729}},{"id":1516692480741,"type":"inner_row","settings":{"admin_label":"","title":"","heading_selector":"h3","title_fontsize":"","title_fontweight":"","title_text_color":"","title_margin_top":"","title_margin_bottom":"","subtitle":"","subtitle_fontsize":"","title_position":"sppb-text-center","columns_equal_height":"0","fullscreen":0,"no_gutter":0,"id":"","class":"","padding":{"md":"25px 30px 20px 30px","sm":"   ","xs":"20px 20px 20px 20px"},"margin":{"md":"0px 0px 30px 0px","sm":"   ","xs":"   "},"color":"","background_color":"rgba(255, 255, 255, 1)","background_image":"","overlay":"","background_repeat":"no-repeat","background_size":"cover","background_attachment":"fixed","background_position":"0 0","background_video":"0","background_video_mp4":"","background_video_ogv":"","hidden_xs":"","hidden_sm":"","hidden_md":"","animation":"","animationduration":"300","animationdelay":"0","instFormId":1516692480741,"columns_align_center":0,"show_top_shape":0,"show_bottom_shape":0},"layout":"12","visibility":true,"columns":[{"id":1516692480742,"class_name":"col-md-12","visibility":true,"settings":{},"addons":[{"id":1516692480743,"name":"text_block","visibility":true,"settings":{"admin_label":"","title":"Cut & Shave","heading_selector":"h3","title_fontsize":{"md":"22","sm":"","xs":""},"title_lineheight":{"md":"30","sm":"","xs":""},"title_letterspace":"0","text":"Usage of the Internet is becoming more common due to rapid advancement.","alignment":"","text_fontsize":{"md":"16","sm":"","xs":"14"},"text_lineheight":{"md":"26","sm":"","xs":"20"},"dropcap":0,"class":"","global_background_type":"none","global_background_gradient":{"color":"#00c6fb","color2":"#005bea","deg":"45","type":"linear"},"global_use_overlay":0,"global_background_repeat":"no-repeat","global_background_size":"cover","global_background_attachment":"inherit","global_user_border":0,"global_border_width":"","global_border_radius":0,"global_margin":{"md":"0 0 10px 0","sm":"0 0 20px 0","xs":"0 0 10px 0"},"global_padding":{"md":"   ","sm":"   ","xs":"   "},"global_boxshadow":"0 0 0 0 #ffffff","global_use_animation":0,"global_animationduration":"300","global_animationdelay":"0","global_custom_css":"","use_global_width":0,"hidden_md":0,"hidden_sm":0,"hidden_xs":0,"acl":"","instFormId":1516692480743,"title_text_color":"#000","font_family":"Oswald","global_text_color":"rgba(85,85,85,1)","title_margin_top":{"md":"0","sm":"","xs":""},"title_margin_bottom":{"md":"15","sm":"","xs":""},"text_font_family":"Roboto","title_font_style":{"weight":""}}},{"id":1516692480744,"name":"button","visibility":true,"settings":{"admin_label":"","text":"Learn More","alignment":"sppb-text-left","fontstyle":["lighter"],"letterspace":"","url":"#","target":"","type":"custom","appearance":"","background_color":"","color":"rgba(210,159,104,1)","background_color_hover":"","color_hover":"rgba(34, 34, 34, 1)","size":"","shape":"rounded","block":"","icon":"","icon_position":"right","class":"","global_text_color":"","global_link_color":"","global_link_hover_color":"","global_use_background":0,"global_background_color":"","global_background_image":"","global_background_repeat":"no-repeat","global_background_size":"cover","global_background_attachment":"inherit","global_user_border":0,"global_border_width":"","global_border_color":"","global_boder_style":"none","global_border_radius":"","global_margin":{"md":"0 0 0 -15px","sm":"   ","xs":"   "},"global_padding":{"md":"   ","sm":"   ","xs":"   "},"global_use_animation":0,"global_animation":"","global_animationduration":"300","global_animationdelay":"0","hidden_md":"0","hidden_sm":"0","hidden_xs":"0","acl":null,"button_padding":{"md":"   ","sm":"   ","xs":"   "},"instFormId":1516692479470,"font_family":"Roboto","font_style":{"weight":400}}}]}]}]}]},{"id":1516692480848,"visibility":true,"collapse":false,"settings":{"admin_label":"","title":"","heading_selector":"h3","title_fontsize":"","title_fontweight":"","title_position":"sppb-text-center","columns_align_center":0,"fullscreen":0,"no_gutter":0,"padding":{"md":"100px 0px 70px 0px","sm":"   ","xs":"   "},"margin":{"md":"0px 0px 0px 0px","sm":"   ","xs":"   "},"background_type":"none","background_gradient":{"color":"#00c6fb","color2":"#005bea","deg":"45","type":"linear"},"background_image":"","background_parallax":"0","background_repeat":"no-repeat","background_size":"cover","background_attachment":"fixed","background_position":"0 0","external_background_video":"0","show_top_shape":0,"shape_name":"clouds-flat","shape_color":"#e5e5e5","shape_width":{"md":100,"sm":100,"xs":100},"shape_height":"","shape_flip":false,"shape_invert":false,"shape_to_front":false,"show_bottom_shape":0,"bottom_shape_name":"clouds-opacity","bottom_shape_color":"#e5e5e5","bottom_shape_width":{"md":100,"sm":100,"xs":100},"bottom_shape_height":"","bottom_shape_flip":false,"bottom_shape_invert":false,"bottom_shape_to_front":false,"hidden_xs":"","hidden_sm":"","hidden_md":"","animationduration":"300","animationdelay":"0","instFormId":1516692480848},"layout":"12,6,6","columns":[{"id":1516692480847,"class_name":"col-md-12","visibility":true,"settings":{"background_type":"none","background_gradient":{"color":"#00c6fb","color2":"#005bea","deg":"45","type":"linear"},"background_image":"","background_repeat":"no-repeat","background_size":"cover","background_attachment":"scroll","background_position":"0 0","items_align_center":0,"use_border":0,"border_width":"","border_radius":0,"boxshadow":"0 0 0 0 #fff","sm_col":"","xs_col":"","hidden_xs":"","hidden_sm":"","hidden_md":"","animationduration":"300","animationdelay":"0","instFormId":1516692480532},"addons":[{"id":1516692480863,"name":"heading","visibility":true,"settings":{"admin_label":"","title":"Pricing","heading_selector":"h2","use_link":0,"title_link":"","link_new_tab":"","title_fontsize":{"md":"75","sm":"","xs":"30"},"title_fontstyle":["bold"],"title_fontweight":"","title_lineheight":{"md":"60","sm":"","xs":"40"},"title_letterspace":"","title_margin":{"md":"0px 0px 25px 0px","sm":"0px 0px 10px 0px","xs":"0px 0px 10px 0px"},"title_padding":{"md":"0px 0px 0px 0px","sm":"   ","xs":"   "},"alignment":"sppb-text-center","class":"","global_use_background":0,"global_user_border":0,"global_margin":{"md":"   ","sm":"   ","xs":"   "},"global_padding":{"md":"   ","sm":"   ","xs":"   "},"global_use_animation":0,"global_animation":"fadeInUp","instFormId":1516692480863,"title_font_family":"Oswald","use_global_width":0,"hidden_md":0,"hidden_sm":0,"hidden_xs":0,"global_width":{"md":"90","sm":"75","xs":"90"},"global_custom_css":"","global_text_color":"#000000"}},{"id":1516692480866,"name":"text_block","visibility":true,"settings":{"admin_label":"","title":"","heading_selector":"h3","title_fontsize":"","title_lineheight":"","title_fontstyle":"","title_letterspace":"0","title_fontweight":"","text":"Beryl Cook is one of Britain&rsquo;s most talented and amusing artists .Beryl&rsquo;s pictures feature women of all shapes and sizes enjoying themselves .","alignment":"sppb-text-center","text_fontsize":{"md":"16","sm":"14","xs":"14"},"text_lineheight":{"md":"36","sm":"24","xs":"22"},"dropcap":0,"class":"","global_use_background":0,"global_user_border":0,"global_margin":{"md":"0px auto 60px auto","sm":"20px auto 40px auto","xs":"0px auto 40px auto"},"global_padding":{"md":"   ","sm":"   ","xs":"   "},"global_use_animation":0,"global_animation":"fadeInUp","global_animationdelay":"100","instFormId":1516692480866,"text_font_family":"Roboto","use_global_width":1,"hidden_md":0,"hidden_sm":0,"hidden_xs":0,"global_width":{"md":"58","sm":"","xs":"90"},"global_text_color":"rgba(85,85,85,1)"}}]},{"id":1516692480873,"class_name":"col-md-6","visibility":true,"settings":{"background_type":"none","background_gradient":{"color":"#00c6fb","color2":"#005bea","deg":"45","type":"linear"},"background_image":"","background_repeat":"no-repeat","background_size":"cover","background_attachment":"scroll","background_position":"0 0","items_align_center":0,"use_border":0,"border_width":"","border_radius":0,"boxshadow":"0 0 0 0 #fff","sm_col":"","xs_col":"","hidden_xs":"","hidden_sm":"","hidden_md":"","animationduration":"300","animationdelay":"0","instFormId":1516692481191},"addons":[{"id":1516692481099,"name":"text_block","visibility":true,"settings":{"admin_label":"","title":"Signature Haircut","heading_selector":"h3","title_fontsize":{"md":"24","sm":"","xs":"20"},"title_lineheight":{"md":"32","sm":"","xs":""},"title_letterspace":"0","text":"<strong style=\"color: rgba(210,159,104,1);\">$49</strong>","alignment":"","text_fontsize":{"md":"24","sm":"","xs":"20"},"text_lineheight":{"md":"30","sm":"","xs":"26"},"dropcap":0,"class":"","global_background_type":"color","global_background_gradient":{"color":"#00c6fb","color2":"#005bea","deg":"45","type":"linear"},"global_use_overlay":0,"global_background_repeat":"no-repeat","global_background_size":"cover","global_background_attachment":"inherit","global_user_border":0,"global_border_width":"","global_border_radius":{"md":"3","sm":"","xs":""},"global_margin":{"md":"0 0 30px 0","sm":"0 0 20px 0","xs":"0 0 10px 0"},"global_padding":{"md":"35px 30px 35px 30px","sm":"   ","xs":"   "},"global_boxshadow":"0 0 0 0 #ffffff","global_use_animation":0,"global_animationduration":"300","global_animationdelay":"0","global_custom_css":"#addonId,.sppb-addon-title{\n\ttransition: .3s;\n}\n#addonId:hover{\n\tbackground-color: rgba(210,159,104,1);\n}\n#addonId:hover .sppb-addon-content *{\n\tcolor: #000 !important;\n}\n.sppb-addon{\n\tdisplay: flex;\n    justify-content: space-between;\n    align-items: center;\n}\n\n  ","use_global_width":"0","hidden_md":"0","hidden_sm":"0","hidden_xs":"0","acl":"","instFormId":1516702283267,"title_text_color":"#000 ","font_family":"Oswald","global_background_color":"rgba(245,245,245,1)","title_margin_top":{"md":"0","sm":"","xs":""},"title_margin_bottom":{"md":"7","sm":"","xs":""},"global_text_color":"#989898","text_font_family":"Oswald","title_font_style":{"weight":700}}},{"id":1516692481111,"name":"text_block","visibility":true,"settings":{"admin_label":"","title":"Beard Shaving","heading_selector":"h3","title_fontsize":{"md":"24","sm":"","xs":"20"},"title_lineheight":{"md":"32","sm":"","xs":""},"title_letterspace":"0","text":"<strong style=\"color: rgba(210,159,104,1);\">$35</strong>","alignment":"","text_fontsize":{"md":"24","sm":"","xs":"20"},"text_lineheight":{"md":"30","sm":"","xs":"26"},"dropcap":0,"class":"","global_background_type":"color","global_background_gradient":{"color":"#00c6fb","color2":"#005bea","deg":"45","type":"linear"},"global_use_overlay":0,"global_background_repeat":"no-repeat","global_background_size":"cover","global_background_attachment":"inherit","global_user_border":0,"global_border_width":"","global_border_radius":{"md":"3","sm":"","xs":""},"global_margin":{"md":"0 0 30px 0","sm":"0 0 20px 0","xs":"0 0 10px 0"},"global_padding":{"md":"35px 30px 35px 30px","sm":"   ","xs":"   "},"global_boxshadow":"0 0 0 0 #ffffff","global_use_animation":0,"global_animationduration":"300","global_animationdelay":"0","global_custom_css":"#addonId,.sppb-addon-title{\n\ttransition: .3s;\n}\n#addonId:hover{\n\tbackground-color: rgba(210,159,104,1);\n}\n#addonId:hover .sppb-addon-content *{\n\tcolor: #000 !important;\n}\n.sppb-addon{\n\tdisplay: flex;\n    justify-content: space-between;\n    align-items: center;\n}\n\n  ","use_global_width":"0","hidden_md":"0","hidden_sm":"0","hidden_xs":"0","acl":"","instFormId":1516692481111,"title_text_color":"#000 ","font_family":"Oswald","global_background_color":"rgba(245,245,245,1)","title_margin_top":{"md":"0","sm":"","xs":""},"title_margin_bottom":{"md":"7","sm":"","xs":""},"global_text_color":"#989898","text_font_family":"Oswald","title_font_style":{"weight":700}}},{"id":1516692481096,"name":"text_block","visibility":true,"settings":{"admin_label":"","title":"Cut & Shave","heading_selector":"h3","title_fontsize":{"md":"24","sm":"","xs":"20"},"title_lineheight":{"md":"32","sm":"","xs":""},"title_letterspace":"0","text":"<strong style=\"color: rgba(210,159,104,1);\">$49</strong>","alignment":"","text_fontsize":{"md":"24","sm":"","xs":"20"},"text_lineheight":{"md":"30","sm":"","xs":"26"},"dropcap":0,"class":"","global_background_type":"color","global_background_gradient":{"color":"#00c6fb","color2":"#005bea","deg":"45","type":"linear"},"global_use_overlay":0,"global_background_repeat":"no-repeat","global_background_size":"cover","global_background_attachment":"inherit","global_user_border":0,"global_border_width":"","global_border_radius":{"md":"3","sm":"","xs":""},"global_margin":{"md":"0 0 30px 0","sm":"0 0 20px 0","xs":"0 0 10px 0"},"global_padding":{"md":"35px 30px 35px 30px","sm":"   ","xs":"   "},"global_boxshadow":"0 0 0 0 #ffffff","global_use_animation":0,"global_animationduration":"300","global_animationdelay":"0","global_custom_css":"#addonId,.sppb-addon-title{\n\ttransition: .3s;\n}\n#addonId:hover{\n\tbackground-color: rgba(210,159,104,1);\n}\n#addonId:hover .sppb-addon-content *{\n\tcolor: #000 !important;\n}\n.sppb-addon{\n\tdisplay: flex;\n    justify-content: space-between;\n    align-items: center;\n}\n\n  ","use_global_width":"0","hidden_md":"0","hidden_sm":"0","hidden_xs":"0","acl":"","instFormId":1516692481096,"title_text_color":"#000 ","font_family":"Oswald","global_background_color":"rgba(245,245,245,1)","title_margin_top":{"md":"0","sm":"","xs":""},"title_margin_bottom":{"md":"7","sm":"","xs":""},"global_text_color":"#989898","text_font_family":"Oswald","title_font_style":{"weight":700}}},{"id":1516692481093,"name":"text_block","visibility":true,"settings":{"admin_label":"","title":"Eyebrow Threading","heading_selector":"h3","title_fontsize":{"md":"24","sm":"","xs":"20"},"title_lineheight":{"md":"32","sm":"","xs":""},"title_letterspace":"0","text":"<strong style=\"color: rgba(210,159,104,1);\">$58</strong>","alignment":"","text_fontsize":{"md":"24","sm":"","xs":"20"},"text_lineheight":{"md":"30","sm":"","xs":"26"},"dropcap":0,"class":"","global_background_type":"color","global_background_gradient":{"color":"#00c6fb","color2":"#005bea","deg":"45","type":"linear"},"global_use_overlay":0,"global_background_repeat":"no-repeat","global_background_size":"cover","global_background_attachment":"inherit","global_user_border":0,"global_border_width":"","global_border_radius":{"md":"3","sm":"","xs":""},"global_margin":{"md":"0 0 30px 0","sm":"0 0 20px 0","xs":"0 0 10px 0"},"global_padding":{"md":"35px 30px 35px 30px","sm":"   ","xs":"   "},"global_boxshadow":"0 0 0 0 #ffffff","global_use_animation":0,"global_animationduration":"300","global_animationdelay":"0","global_custom_css":"#addonId,.sppb-addon-title{\n\ttransition: .3s;\n}\n#addonId:hover{\n\tbackground-color: rgba(210,159,104,1);\n}\n#addonId:hover .sppb-addon-content *{\n\tcolor: #000 !important;\n}\n.sppb-addon{\n\tdisplay: flex;\n    justify-content: space-between;\n    align-items: center;\n}\n\n  ","use_global_width":"0","hidden_md":"0","hidden_sm":"0","hidden_xs":"0","acl":"","instFormId":1516692481093,"title_text_color":"#000 ","font_family":"Oswald","global_background_color":"rgba(245,245,245,1)","title_margin_top":{"md":"0","sm":"","xs":""},"title_margin_bottom":{"md":"7","sm":"","xs":""},"global_text_color":"#989898","text_font_family":"Oswald","title_font_style":{"weight":700}}}]},{"id":1516692480874,"class_name":"col-md-6","visibility":true,"settings":{"background_type":"none","background_gradient":{"color":"#00c6fb","color2":"#005bea","deg":"45","type":"linear"},"background_image":"","background_repeat":"no-repeat","background_size":"cover","background_attachment":"scroll","background_position":"0 0","items_align_center":0,"use_border":0,"border_width":"","border_radius":0,"boxshadow":"0 0 0 0 #fff","sm_col":"","xs_col":"","hidden_xs":"","hidden_sm":"","hidden_md":"","animationduration":"300","animationdelay":"0","instFormId":1516692481191},"addons":[{"id":1516702283267,"name":"text_block","visibility":true,"settings":{"admin_label":"","title":"Haircut","heading_selector":"h3","title_fontsize":{"md":"24","sm":"","xs":"20"},"title_lineheight":{"md":"32","sm":"","xs":""},"title_letterspace":"0","text":"<strong style=\"color: rgba(210,159,104,1);\">$28</strong>","alignment":"","text_fontsize":{"md":"24","sm":"","xs":"20"},"text_lineheight":{"md":"30","sm":"","xs":"26"},"dropcap":0,"class":"","global_background_type":"color","global_background_gradient":{"color":"#00c6fb","color2":"#005bea","deg":"45","type":"linear"},"global_use_overlay":0,"global_background_repeat":"no-repeat","global_background_size":"cover","global_background_attachment":"inherit","global_user_border":0,"global_border_width":"","global_border_radius":{"md":"3","sm":"","xs":""},"global_margin":{"md":"0 0 30px 0","sm":"0 0 20px 0","xs":"0 0 10px 0"},"global_padding":{"md":"35px 30px 35px 30px","sm":"   ","xs":"   "},"global_boxshadow":"0 0 0 0 #ffffff","global_use_animation":0,"global_animationduration":"300","global_animationdelay":"0","global_custom_css":"#addonId,.sppb-addon-title{\n\ttransition: .3s;\n}\n#addonId:hover{\n\tbackground-color: rgba(210,159,104,1);\n}\n#addonId:hover .sppb-addon-content *{\n\tcolor: #000 !important;\n}\n.sppb-addon{\n\tdisplay: flex;\n    justify-content: space-between;\n    align-items: center;\n}\n\n  ","use_global_width":"0","hidden_md":"0","hidden_sm":"0","hidden_xs":"0","acl":"","instFormId":1516702283267,"title_text_color":"#000 ","font_family":"Oswald","global_background_color":"rgba(245,245,245,1)","title_margin_top":{"md":"0","sm":"","xs":""},"title_margin_bottom":{"md":"7","sm":"","xs":""},"global_text_color":"#989898","text_font_family":"Oswald","title_font_style":{"weight":700}}},{"id":1516692481108,"name":"text_block","visibility":true,"settings":{"admin_label":"","title":"Beard Trim","heading_selector":"h3","title_fontsize":{"md":"24","sm":"","xs":"20"},"title_lineheight":{"md":"32","sm":"","xs":""},"title_letterspace":"0","text":"<strong style=\"color: rgba(210,159,104,1);\">$55</strong>","alignment":"","text_fontsize":{"md":"24","sm":"","xs":"20"},"text_lineheight":{"md":"30","sm":"","xs":"26"},"dropcap":0,"class":"","global_background_type":"color","global_background_gradient":{"color":"#00c6fb","color2":"#005bea","deg":"45","type":"linear"},"global_use_overlay":0,"global_background_repeat":"no-repeat","global_background_size":"cover","global_background_attachment":"inherit","global_user_border":0,"global_border_width":"","global_border_radius":{"md":"3","sm":"","xs":""},"global_margin":{"md":"0 0 30px 0","sm":"0 0 20px 0","xs":"0 0 10px 0"},"global_padding":{"md":"35px 30px 35px 30px","sm":"   ","xs":"   "},"global_boxshadow":"0 0 0 0 #ffffff","global_use_animation":0,"global_animationduration":"300","global_animationdelay":"0","global_custom_css":"#addonId,.sppb-addon-title{\n\ttransition: .3s;\n}\n#addonId:hover{\n\tbackground-color: rgba(210,159,104,1);\n}\n#addonId:hover .sppb-addon-content *{\n\tcolor: #000 !important;\n}\n.sppb-addon{\n\tdisplay: flex;\n    justify-content: space-between;\n    align-items: center;\n}\n\n  ","use_global_width":"0","hidden_md":"0","hidden_sm":"0","hidden_xs":"0","acl":"","instFormId":1516692481108,"title_text_color":"#000 ","font_family":"Oswald","global_background_color":"rgba(245,245,245,1)","title_margin_top":{"md":"0","sm":"","xs":""},"title_margin_bottom":{"md":"7","sm":"","xs":""},"global_text_color":"#989898","text_font_family":"Oswald","title_font_style":{"weight":700}}},{"id":1516692481105,"name":"text_block","visibility":true,"settings":{"admin_label":"","title":"Deep Tissue Shave","heading_selector":"h3","title_fontsize":{"md":"24","sm":"","xs":"20"},"title_lineheight":{"md":"32","sm":"","xs":""},"title_letterspace":"0","text":"<strong style=\"color: rgba(210,159,104,1);\">$77</strong>","alignment":"","text_fontsize":{"md":"24","sm":"","xs":"20"},"text_lineheight":{"md":"30","sm":"","xs":"26"},"dropcap":0,"class":"","global_background_type":"color","global_background_gradient":{"color":"#00c6fb","color2":"#005bea","deg":"45","type":"linear"},"global_use_overlay":0,"global_background_repeat":"no-repeat","global_background_size":"cover","global_background_attachment":"inherit","global_user_border":0,"global_border_width":"","global_border_radius":{"md":"3","sm":"","xs":""},"global_margin":{"md":"0 0 30px 0","sm":"0 0 20px 0","xs":"0 0 10px 0"},"global_padding":{"md":"35px 30px 35px 30px","sm":"   ","xs":"   "},"global_boxshadow":"0 0 0 0 #ffffff","global_use_animation":0,"global_animationduration":"300","global_animationdelay":"0","global_custom_css":"#addonId,.sppb-addon-title{\n\ttransition: .3s;\n}\n#addonId:hover{\n\tbackground-color: rgba(210,159,104,1);\n}\n#addonId:hover .sppb-addon-content *{\n\tcolor: #000 !important;\n}\n.sppb-addon{\n\tdisplay: flex;\n    justify-content: space-between;\n    align-items: center;\n}\n\n  ","use_global_width":"0","hidden_md":"0","hidden_sm":"0","hidden_xs":"0","acl":"","instFormId":1516692481105,"title_text_color":"#000 ","font_family":"Oswald","global_background_color":"rgba(245,245,245,1)","title_margin_top":{"md":"0","sm":"","xs":""},"title_margin_bottom":{"md":"7","sm":"","xs":""},"global_text_color":"#989898","text_font_family":"Oswald","title_font_style":{"weight":700}}},{"id":1516692481102,"name":"text_block","visibility":true,"settings":{"admin_label":"","title":"Hair Color","heading_selector":"h3","title_fontsize":{"md":"24","sm":"","xs":"20"},"title_lineheight":{"md":"32","sm":"","xs":""},"title_letterspace":"0","text":"<strong style=\"color: rgba(210,159,104,1);\">$49</strong>","alignment":"","text_fontsize":{"md":"24","sm":"","xs":"20"},"text_lineheight":{"md":"30","sm":"","xs":"26"},"dropcap":0,"class":"","global_background_type":"color","global_background_gradient":{"color":"#00c6fb","color2":"#005bea","deg":"45","type":"linear"},"global_use_overlay":0,"global_background_repeat":"no-repeat","global_background_size":"cover","global_background_attachment":"inherit","global_user_border":0,"global_border_width":"","global_border_radius":{"md":"3","sm":"","xs":""},"global_margin":{"md":"0 0 30px 0","sm":"0 0 20px 0","xs":"0 0 10px 0"},"global_padding":{"md":"35px 30px 35px 30px","sm":"   ","xs":"   "},"global_boxshadow":"0 0 0 0 #ffffff","global_use_animation":0,"global_animationduration":"300","global_animationdelay":"0","global_custom_css":"#addonId,.sppb-addon-title{\n\ttransition: .3s;\n}\n#addonId:hover{\n\tbackground-color: rgba(210,159,104,1);\n}\n#addonId:hover .sppb-addon-content *{\n\tcolor: #000 !important;\n}\n.sppb-addon{\n\tdisplay: flex;\n    justify-content: space-between;\n    align-items: center;\n}\n\n  ","use_global_width":"0","hidden_md":"0","hidden_sm":"0","hidden_xs":"0","acl":"","instFormId":1516692481102,"title_text_color":"#000 ","font_family":"Oswald","global_background_color":"rgba(245,245,245,1)","title_margin_top":{"md":"0","sm":"","xs":""},"title_margin_bottom":{"md":"7","sm":"","xs":""},"global_text_color":"#989898","text_font_family":"Oswald","title_font_style":{"weight":700}}}]}]},{"id":1516692481175,"visibility":true,"collapse":false,"settings":{"admin_label":"","title":"","heading_selector":"h3","title_fontsize":"","title_fontweight":"","title_position":"sppb-text-center","columns_align_center":0,"fullscreen":1,"no_gutter":1,"padding":{"md":"100px 0px 100px 0px","sm":"   ","xs":"50px 0px 50px 0px"},"margin":{"md":"0px 0px 0px 0px","sm":"   ","xs":"   "},"background_type":"color","background_gradient":{"color":"#00c6fb","color2":"#005bea","deg":"45","type":"linear"},"background_image":"","background_parallax":"0","background_repeat":"no-repeat","background_size":"cover","background_attachment":"fixed","background_position":"0 0","external_background_video":"0","show_top_shape":0,"shape_name":"clouds-flat","shape_color":"#e5e5e5","shape_width":{"md":100,"sm":100,"xs":100},"shape_height":"","shape_flip":false,"shape_invert":false,"shape_to_front":false,"show_bottom_shape":0,"bottom_shape_name":"clouds-opacity","bottom_shape_color":"#e5e5e5","bottom_shape_width":{"md":100,"sm":100,"xs":100},"bottom_shape_height":"","bottom_shape_flip":false,"bottom_shape_invert":false,"bottom_shape_to_front":false,"hidden_xs":"","hidden_sm":"","hidden_md":"","animationduration":"300","animationdelay":"0","instFormId":1516692481175,"background_color":"rgba(245,245,245,1)"},"layout":"12,3,3,3,3","columns":[{"id":1516692481174,"class_name":"col-md-12","visibility":true,"settings":{"background_type":"none","background_gradient":{"color":"#00c6fb","color2":"#005bea","deg":"45","type":"linear"},"background_image":"","background_repeat":"no-repeat","background_size":"cover","background_attachment":"scroll","background_position":"0 0","items_align_center":0,"use_border":0,"border_width":"","border_radius":0,"boxshadow":"0 0 0 0 #fff","sm_col":"","xs_col":"","hidden_xs":"","hidden_sm":"","hidden_md":"","animationduration":"300","animationdelay":"0","instFormId":1516692480532},"addons":[{"id":1516692481181,"name":"heading","visibility":true,"settings":{"admin_label":"","title":"GALLERY","heading_selector":"h2","use_link":0,"title_link":"","link_new_tab":"","title_fontsize":{"md":"75","sm":"","xs":"30"},"title_fontstyle":["bold"],"title_fontweight":"","title_lineheight":{"md":"60","sm":"","xs":"40"},"title_letterspace":"","title_margin":{"md":"0px 0px 25px 0px","sm":"0px 0px 10px 0px","xs":"0px 0px 10px 0px"},"title_padding":{"md":"0px 0px 0px 0px","sm":"   ","xs":"   "},"alignment":"sppb-text-center","class":"","global_use_background":0,"global_user_border":0,"global_margin":{"md":"   ","sm":"   ","xs":"   "},"global_padding":{"md":"   ","sm":"   ","xs":"   "},"global_use_animation":0,"global_animation":"fadeInUp","instFormId":1516692481181,"title_font_family":"Oswald","use_global_width":0,"hidden_md":0,"hidden_sm":0,"hidden_xs":0,"global_width":{"md":"90","sm":"75","xs":"90"},"global_custom_css":"","global_text_color":"#000000"}},{"id":1516692481178,"name":"text_block","visibility":true,"settings":{"admin_label":"","title":"","heading_selector":"h3","title_fontsize":"","title_lineheight":"","title_fontstyle":"","title_letterspace":"0","title_fontweight":"","text":"Beryl Cook is one of Britain&rsquo;s most talented and amusing artists .Beryl&rsquo;s pictures feature<br />women of all shapes and sizes enjoying themselves .","alignment":"sppb-text-center","text_fontsize":{"md":"16","sm":"14","xs":"14"},"text_lineheight":{"md":"36","sm":"24","xs":"22"},"dropcap":0,"class":"","global_use_background":0,"global_user_border":0,"global_margin":{"md":"0px auto 60px auto","sm":"20px auto 40px auto","xs":"0px auto 40px auto"},"global_padding":{"md":"   ","sm":"   ","xs":"   "},"global_use_animation":0,"global_animation":"fadeInUp","global_animationdelay":"100","instFormId":1516692481178,"text_font_family":"Roboto","use_global_width":0,"hidden_md":0,"hidden_sm":0,"hidden_xs":0,"global_width":{"md":"58","sm":"","xs":"90"},"global_text_color":"rgba(85,85,85,1)"}}]},{"id":1516692481188,"class_name":"col-md-3","visibility":true,"settings":{"background_type":"none","background_gradient":{"color":"#00c6fb","color2":"#005bea","deg":"45","type":"linear"},"background_image":"","background_repeat":"no-repeat","background_size":"cover","background_attachment":"scroll","background_position":"0 0","items_align_center":0,"use_border":0,"border_width":"","border_radius":0,"boxshadow":"0 0 0 0 #fff","sm_col":"col-sm-6","xs_col":"","hidden_xs":0,"hidden_sm":0,"hidden_md":0,"animationduration":"300","animationdelay":"0","instFormId":1516692481188,"padding":{"md":"   ","sm":"   ","xs":"   "},"margin":{"md":"   ","sm":"   ","xs":"   "}},"addons":[{"id":1516692481278,"name":"image","visibility":true,"settings":{"admin_label":"","title":"","heading_selector":"h4","title_fontsize":{"md":"24","sm":"","xs":"18"},"title_lineheight":{"md":"30","sm":"","xs":"22"},"title_letterspace":"0","title_position":"bottom","image":"https://sppagebuilder.com/sample-data/images/2018/01/23/barber_gallery1.jpg","border_radius":0,"alt_text":"Image","position":"sppb-text-center","open_lightbox":1,"overlay_color":"rgba(210,159,104,0.8)","link":"","class":"","global_background_type":"none","global_background_gradient":{"color":"#00c6fb","color2":"#005bea","deg":"45","type":"linear"},"global_use_overlay":0,"global_background_repeat":"no-repeat","global_background_size":"cover","global_background_attachment":"inherit","global_user_border":0,"global_border_width":"","global_border_radius":{"md":"0","sm":"","xs":""},"global_margin":{"md":"0px 0px 0px 0px","sm":"0px 0px 0px 0px","xs":"0px 0px 0px 0px"},"global_padding":{"md":"   ","sm":"   ","xs":"   "},"global_boxshadow":"0 0 0 0 #ffffff","global_use_animation":0,"global_animationduration":"300","global_animationdelay":"0","global_custom_css":"a.sppb-magnific-popup.sppb-addon-image-overlay-icon {\n    background: #fff;\n  \tcolor: #000;\n    font-size: 28px;\n    font-weight: 700;\n    width: 69px;\n    height: 69px;\n    line-height: 69px;\n    margin-left: -35px;\n    margin-top: -35px;\n}","use_global_width":"0","hidden_md":"0","hidden_sm":"0","hidden_xs":"0","acl":"","instFormId":1516703196340,"title_font_family":"Roboto","title_text_color":"#4A4A4A ","title_margin_top":{"md":"25","sm":"10","xs":"10"},"title_font_style":{"weight":700}}},{"id":1516692481287,"name":"image","visibility":true,"settings":{"admin_label":"","title":"","heading_selector":"h4","title_fontsize":{"md":"24","sm":"","xs":"18"},"title_lineheight":{"md":"30","sm":"","xs":"22"},"title_letterspace":"0","title_position":"bottom","image":"https://sppagebuilder.com/sample-data/images/2018/01/23/barber_gallery5.jpg","border_radius":0,"alt_text":"Image","position":"sppb-text-center","open_lightbox":1,"overlay_color":"rgba(210,159,104,0.8)","link":"","class":"","global_background_type":"none","global_background_gradient":{"color":"#00c6fb","color2":"#005bea","deg":"45","type":"linear"},"global_use_overlay":0,"global_background_repeat":"no-repeat","global_background_size":"cover","global_background_attachment":"inherit","global_user_border":0,"global_border_width":"","global_border_radius":{"md":"0","sm":"","xs":""},"global_margin":{"md":"0px 0px 0px 0px","sm":"0px 0px 0px 0px","xs":"0px 0px 0px 0px"},"global_padding":{"md":"   ","sm":"   ","xs":"   "},"global_boxshadow":"0 0 0 0 #ffffff","global_use_animation":0,"global_animationduration":"300","global_animationdelay":"0","global_custom_css":"a.sppb-magnific-popup.sppb-addon-image-overlay-icon {\n    background: #fff;\n  \tcolor: #000;\n    font-size: 28px;\n    font-weight: 700;\n    width: 69px;\n    height: 69px;\n    line-height: 69px;\n    margin-left: -35px;\n    margin-top: -35px;\n}","use_global_width":"0","hidden_md":"0","hidden_sm":"0","hidden_xs":"0","acl":"","instFormId":1516692481287,"title_font_family":"Roboto","title_text_color":"#4A4A4A ","title_margin_top":{"md":"25","sm":"10","xs":"10"},"title_font_style":{"weight":700}}}]},{"id":1516692481189,"class_name":"col-md-3","visibility":true,"settings":{"background_type":"none","background_gradient":{"color":"#00c6fb","color2":"#005bea","deg":"45","type":"linear"},"background_image":"","background_repeat":"no-repeat","background_size":"cover","background_attachment":"scroll","background_position":"0 0","items_align_center":0,"use_border":0,"border_width":"","border_radius":0,"boxshadow":"0 0 0 0 #fff","sm_col":"col-sm-6","xs_col":"","hidden_xs":0,"hidden_sm":0,"hidden_md":0,"animationduration":"300","animationdelay":"0","instFormId":1516692481189,"padding":{"md":"   ","sm":"   ","xs":"   "},"margin":{"md":"   ","sm":"   ","xs":"   "}},"addons":[{"id":1516692481281,"name":"image","visibility":true,"settings":{"admin_label":"","title":"","heading_selector":"h4","title_fontsize":{"md":"24","sm":"","xs":"18"},"title_lineheight":{"md":"30","sm":"","xs":"22"},"title_letterspace":"0","title_position":"bottom","image":"https://sppagebuilder.com/sample-data/images/2018/01/23/barber_gallery2.jpg","border_radius":0,"alt_text":"Image","position":"sppb-text-center","open_lightbox":1,"overlay_color":"rgba(210,159,104,0.8)","link":"","class":"","global_background_type":"none","global_background_gradient":{"color":"#00c6fb","color2":"#005bea","deg":"45","type":"linear"},"global_use_overlay":0,"global_background_repeat":"no-repeat","global_background_size":"cover","global_background_attachment":"inherit","global_user_border":0,"global_border_width":"","global_border_radius":{"md":"0","sm":"","xs":""},"global_margin":{"md":"0px 0px 0px 0px","sm":"0px 0px 0px 0px","xs":"0px 0px 0px 0px"},"global_padding":{"md":"   ","sm":"   ","xs":"   "},"global_boxshadow":"0 0 0 0 #ffffff","global_use_animation":0,"global_animationduration":"300","global_animationdelay":"0","global_custom_css":"a.sppb-magnific-popup.sppb-addon-image-overlay-icon {\n    background: #fff;\n  \tcolor: #000;\n    font-size: 28px;\n    font-weight: 700;\n    width: 69px;\n    height: 69px;\n    line-height: 69px;\n    margin-left: -35px;\n    margin-top: -35px;\n}","use_global_width":"0","hidden_md":"0","hidden_sm":"0","hidden_xs":"0","acl":"","instFormId":1516692481281,"title_font_family":"Roboto","title_text_color":"#4A4A4A ","title_margin_top":{"md":"25","sm":"10","xs":"10"},"title_font_style":{"weight":700}}},{"id":1516692481290,"name":"image","visibility":true,"settings":{"admin_label":"","title":"","heading_selector":"h4","title_fontsize":{"md":"24","sm":"","xs":"18"},"title_lineheight":{"md":"30","sm":"","xs":"22"},"title_letterspace":"0","title_position":"bottom","image":"https://sppagebuilder.com/sample-data/images/2018/01/23/barber_gallery6.jpg","border_radius":0,"alt_text":"Image","position":"sppb-text-center","open_lightbox":1,"overlay_color":"rgba(210,159,104,0.8)","link":"","class":"","global_background_type":"none","global_background_gradient":{"color":"#00c6fb","color2":"#005bea","deg":"45","type":"linear"},"global_use_overlay":0,"global_background_repeat":"no-repeat","global_background_size":"cover","global_background_attachment":"inherit","global_user_border":0,"global_border_width":"","global_border_radius":{"md":"0","sm":"","xs":""},"global_margin":{"md":"0px 0px 0px 0px","sm":"0px 0px 0px 0px","xs":"0px 0px 0px 0px"},"global_padding":{"md":"   ","sm":"   ","xs":"   "},"global_boxshadow":"0 0 0 0 #ffffff","global_use_animation":0,"global_animationduration":"300","global_animationdelay":"0","global_custom_css":"a.sppb-magnific-popup.sppb-addon-image-overlay-icon {\n    background: #fff;\n  \tcolor: #000;\n    font-size: 28px;\n    font-weight: 700;\n    width: 69px;\n    height: 69px;\n    line-height: 69px;\n    margin-left: -35px;\n    margin-top: -35px;\n}","use_global_width":"0","hidden_md":"0","hidden_sm":"0","hidden_xs":"0","acl":"","instFormId":1516692481290,"title_font_family":"Roboto","title_text_color":"#4A4A4A ","title_margin_top":{"md":"25","sm":"10","xs":"10"},"title_font_style":{"weight":700}}}]},{"id":1516692481190,"class_name":"col-md-3","visibility":true,"settings":{"background_type":"none","background_gradient":{"color":"#00c6fb","color2":"#005bea","deg":"45","type":"linear"},"background_image":"","background_repeat":"no-repeat","background_size":"cover","background_attachment":"scroll","background_position":"0 0","items_align_center":0,"use_border":0,"border_width":"","border_radius":0,"boxshadow":"0 0 0 0 #fff","sm_col":"col-sm-6","xs_col":"","hidden_xs":0,"hidden_sm":0,"hidden_md":0,"animationduration":"300","animationdelay":"0","instFormId":1516692481190,"padding":{"md":"   ","sm":"   ","xs":"   "},"margin":{"md":"   ","sm":"   ","xs":"   "}},"addons":[{"id":1516692481284,"name":"image","visibility":true,"settings":{"admin_label":"","title":"","heading_selector":"h4","title_fontsize":{"md":"24","sm":"","xs":"18"},"title_lineheight":{"md":"30","sm":"","xs":"22"},"title_letterspace":"0","title_position":"bottom","image":"https://sppagebuilder.com/sample-data/images/2018/01/23/barber_gallery3.jpg","border_radius":0,"alt_text":"Image","position":"sppb-text-center","open_lightbox":1,"overlay_color":"rgba(210,159,104,0.8)","link":"","class":"","global_background_type":"none","global_background_gradient":{"color":"#00c6fb","color2":"#005bea","deg":"45","type":"linear"},"global_use_overlay":0,"global_background_repeat":"no-repeat","global_background_size":"cover","global_background_attachment":"inherit","global_user_border":0,"global_border_width":"","global_border_radius":{"md":"0","sm":"","xs":""},"global_margin":{"md":"0px 0px 0px 0px","sm":"0px 0px 0px 0px","xs":"0px 0px 0px 0px"},"global_padding":{"md":"   ","sm":"   ","xs":"   "},"global_boxshadow":"0 0 0 0 #ffffff","global_use_animation":0,"global_animationduration":"300","global_animationdelay":"0","global_custom_css":"a.sppb-magnific-popup.sppb-addon-image-overlay-icon {\n    background: #fff;\n  \tcolor: #000;\n    font-size: 28px;\n    font-weight: 700;\n    width: 69px;\n    height: 69px;\n    line-height: 69px;\n    margin-left: -35px;\n    margin-top: -35px;\n}","use_global_width":"0","hidden_md":"0","hidden_sm":"0","hidden_xs":"0","acl":"","instFormId":1516692481284,"title_font_family":"Roboto","title_text_color":"#4A4A4A ","title_margin_top":{"md":"25","sm":"10","xs":"10"},"title_font_style":{"weight":700}}},{"id":1516692481293,"name":"image","visibility":true,"settings":{"admin_label":"","title":"","heading_selector":"h4","title_fontsize":{"md":"24","sm":"","xs":"18"},"title_lineheight":{"md":"30","sm":"","xs":"22"},"title_letterspace":"0","title_position":"bottom","image":"https://sppagebuilder.com/sample-data/images/2018/01/23/barber_gallery7.jpg","border_radius":0,"alt_text":"Image","position":"sppb-text-center","open_lightbox":1,"overlay_color":"rgba(210,159,104,0.8)","link":"","class":"","global_background_type":"none","global_background_gradient":{"color":"#00c6fb","color2":"#005bea","deg":"45","type":"linear"},"global_use_overlay":0,"global_background_repeat":"no-repeat","global_background_size":"cover","global_background_attachment":"inherit","global_user_border":0,"global_border_width":"","global_border_radius":{"md":"0","sm":"","xs":""},"global_margin":{"md":"0px 0px 0px 0px","sm":"0px 0px 0px 0px","xs":"0px 0px 0px 0px"},"global_padding":{"md":"   ","sm":"   ","xs":"   "},"global_boxshadow":"0 0 0 0 #ffffff","global_use_animation":0,"global_animationduration":"300","global_animationdelay":"0","global_custom_css":"a.sppb-magnific-popup.sppb-addon-image-overlay-icon {\n    background: #fff;\n  \tcolor: #000;\n    font-size: 28px;\n    font-weight: 700;\n    width: 69px;\n    height: 69px;\n    line-height: 69px;\n    margin-left: -35px;\n    margin-top: -35px;\n}","use_global_width":"0","hidden_md":"0","hidden_sm":"0","hidden_xs":"0","acl":"","instFormId":1516692481293,"title_font_family":"Roboto","title_text_color":"#4A4A4A ","title_margin_top":{"md":"25","sm":"10","xs":"10"},"title_font_style":{"weight":700}}}]},{"id":1516692481191,"class_name":"col-md-3","visibility":true,"settings":{"background_type":"none","background_gradient":{"color":"#00c6fb","color2":"#005bea","deg":"45","type":"linear"},"background_image":"","background_repeat":"no-repeat","background_size":"cover","background_attachment":"scroll","background_position":"0 0","items_align_center":0,"use_border":0,"border_width":"","border_radius":0,"boxshadow":"0 0 0 0 #fff","sm_col":"col-sm-6","xs_col":"","hidden_xs":0,"hidden_sm":0,"hidden_md":0,"animationduration":"300","animationdelay":"0","instFormId":1516692481191,"padding":{"md":"   ","sm":"   ","xs":"   "},"margin":{"md":"   ","sm":"   ","xs":"   "}},"addons":[{"id":1516703196340,"name":"image","visibility":true,"settings":{"admin_label":"","title":"","heading_selector":"h4","title_fontsize":{"md":"24","sm":"","xs":"18"},"title_lineheight":{"md":"30","sm":"","xs":"22"},"title_letterspace":"0","title_position":"bottom","image":"https://sppagebuilder.com/sample-data/images/2018/01/23/barber_gallery4.jpg","border_radius":0,"alt_text":"Image","position":"sppb-text-center","open_lightbox":1,"overlay_color":"rgba(210,159,104,0.8)","link":"","class":"","global_background_type":"none","global_background_gradient":{"color":"#00c6fb","color2":"#005bea","deg":"45","type":"linear"},"global_use_overlay":0,"global_background_repeat":"no-repeat","global_background_size":"cover","global_background_attachment":"inherit","global_user_border":0,"global_border_width":"","global_border_radius":{"md":"0","sm":"","xs":""},"global_margin":{"md":"0px 0px 0px 0px","sm":"0px 0px 0px 0px","xs":"0px 0px 0px 0px"},"global_padding":{"md":"   ","sm":"   ","xs":"   "},"global_boxshadow":"0 0 0 0 #ffffff","global_use_animation":0,"global_animationduration":"300","global_animationdelay":"0","global_custom_css":"a.sppb-magnific-popup.sppb-addon-image-overlay-icon {\n    background: #fff;\n  \tcolor: #000;\n    font-size: 28px;\n    font-weight: 700;\n    width: 69px;\n    height: 69px;\n    line-height: 69px;\n    margin-left: -35px;\n    margin-top: -35px;\n}","use_global_width":"0","hidden_md":"0","hidden_sm":"0","hidden_xs":"0","acl":"","instFormId":1516703196340,"title_font_family":"Roboto","title_text_color":"#4A4A4A ","title_margin_top":{"md":"25","sm":"10","xs":"10"},"title_font_style":{"weight":700}}},{"id":1516692481296,"name":"image","visibility":true,"settings":{"admin_label":"","title":"","heading_selector":"h4","title_fontsize":{"md":"24","sm":"","xs":"18"},"title_lineheight":{"md":"30","sm":"","xs":"22"},"title_letterspace":"0","title_position":"bottom","image":"https://sppagebuilder.com/sample-data/images/2018/01/23/barber_gallery8.jpg","border_radius":0,"alt_text":"Image","position":"sppb-text-center","open_lightbox":1,"overlay_color":"rgba(210,159,104,0.8)","link":"","class":"","global_background_type":"none","global_background_gradient":{"color":"#00c6fb","color2":"#005bea","deg":"45","type":"linear"},"global_use_overlay":0,"global_background_repeat":"no-repeat","global_background_size":"cover","global_background_attachment":"inherit","global_user_border":0,"global_border_width":"","global_border_radius":{"md":"0","sm":"","xs":""},"global_margin":{"md":"0px 0px 0px 0px","sm":"0px 0px 0px 0px","xs":"0px 0px 0px 0px"},"global_padding":{"md":"   ","sm":"   ","xs":"   "},"global_boxshadow":"0 0 0 0 #ffffff","global_use_animation":0,"global_animationduration":"300","global_animationdelay":"0","global_custom_css":"a.sppb-magnific-popup.sppb-addon-image-overlay-icon {\n    background: #fff;\n  \tcolor: #000;\n    font-size: 28px;\n    font-weight: 700;\n    width: 69px;\n    height: 69px;\n    line-height: 69px;\n    margin-left: -35px;\n    margin-top: -35px;\n}","use_global_width":"0","hidden_md":"0","hidden_sm":"0","hidden_xs":"0","acl":"","instFormId":1516692481296,"title_font_family":"Roboto","title_text_color":"#4A4A4A ","title_margin_top":{"md":"25","sm":"10","xs":"10"},"title_font_style":{"weight":700}}}]}]}]