[{"id":1494485826191,"visibility":true,"collapse":false,"settings":{"admin_label":"","title":"","heading_selector":"h3","title_fontsize":"","title_fontweight":"","title_text_color":"","title_margin_top":"","title_margin_bottom":"","subtitle":"","subtitle_fontsize":"","title_position":"sppb-text-center","columns_equal_height":"0","fullscreen":0,"no_gutter":0,"id":"","class":"","padding":{"md":"300px 0px 300px 0px","sm":"   ","xs":"100px  100px "},"margin":{"md":"0px 0px 0px 0px","sm":"   ","xs":"   "},"color":"rgba(255, 255, 255, 1)","background_color":"","background_image":"https://sppagebuilder.com/sample-data/images/2017/05/11/hero-bg3.jpg","overlay":"","background_repeat":"no-repeat","background_size":"cover","background_attachment":"inherit","background_position":"50% 50%","background_video":0,"background_video_mp4":"","background_video_ogv":"","hidden_xs":"","hidden_sm":"","hidden_md":"","animation":"","animationduration":"300","animationdelay":"0","columns_align_center":0,"background_parallax":0,"show_top_shape":0,"show_bottom_shape":0},"layout":"12","columns":[{"id":1494485826192,"class_name":"col-md-12","visibility":true,"settings":{},"addons":[{"id":1494486112649,"name":"heading","visibility":true,"settings":{"admin_label":"","title":"BUSINESS CONFERENCE","heading_selector":"h2","use_link":0,"title_link":"","link_new_tab":"0","title_fontsize":{"md":"52","sm":"","xs":"35"},"title_fontstyle":["uppercase"],"title_fontweight":"700","title_lineheight":{"md":"","sm":"","xs":"45"},"title_letterspace":"0","title_margin":{"md":"0px 0px 20px 0px","sm":"   ","xs":"0px 0px 10px 0px"},"title_padding":{"md":"0px 0px 0px 0px","sm":"   ","xs":"   "},"alignment":"sppb-text-center","class":"","global_text_color":"","global_link_color":"","global_link_hover_color":"","global_use_background":"0","global_background_color":"","global_background_image":"","global_background_repeat":"no-repeat","global_background_size":"cover","global_background_attachment":"inherit","global_user_border":"0","global_border_width":"","global_border_color":"","global_boder_style":"none","global_border_radius":"","global_margin":"","global_padding":"","global_use_animation":"1","global_animation":"fadeInDown","global_animationduration":"700","global_animationdelay":"300","hidden_md":"0","hidden_sm":"0","hidden_xs":"0","acl":null}},{"id":1494485926579,"name":"heading","visibility":true,"settings":{"admin_label":"","title":"18 - 21 DECEMBER, 2017, LONDON","heading_selector":"h2","use_link":0,"title_link":"","link_new_tab":"0","title_fontsize":{"md":"24","sm":"","xs":"20"},"title_fontstyle":["uppercase"],"title_fontweight":"700","title_lineheight":"","title_letterspace":"0","title_margin":{"md":"0px 0px 34px 0px","sm":"   ","xs":"   "},"title_padding":{"md":"0px 0px 0px 0px","sm":"   ","xs":"   "},"alignment":"sppb-text-center","class":"","global_text_color":"","global_link_color":"","global_link_hover_color":"","global_use_background":"0","global_background_color":"","global_background_image":"","global_background_repeat":"no-repeat","global_background_size":"cover","global_background_attachment":"inherit","global_user_border":"0","global_border_width":"","global_border_color":"","global_boder_style":"none","global_border_radius":"","global_margin":"","global_padding":"","global_use_animation":"1","global_animation":"fadeInDown","global_animationduration":"700","global_animationdelay":"150","hidden_md":"0","hidden_sm":"0","hidden_xs":"0","acl":null}},{"id":1494486343208,"name":"button","visibility":true,"settings":{"admin_label":"","text":"Register Now","alignment":"sppb-text-center","fontstyle":["uppercase","bold"],"letterspace":"0","url":"#","target":"","type":"custom","appearance":"","background_color":"rgba(255, 255, 255, 1)","color":"rgba(28, 28, 28, 1)","background_color_hover":"rgba(240, 240, 240, 1)","color_hover":"rgba(28, 28, 28, 1)","button_padding":{"md":"13px 40px 13px 40px","sm":"   ","xs":"   "},"size":"","shape":"rounded","block":"","icon":"","icon_position":"left","class":"","global_text_color":"","global_link_color":"","global_link_hover_color":"","global_use_background":"0","global_background_color":"","global_background_image":"","global_background_repeat":"no-repeat","global_background_size":"cover","global_background_attachment":"inherit","global_user_border":"0","global_border_width":"","global_border_color":"","global_boder_style":"none","global_border_radius":"","global_margin":"","global_padding":"","global_use_animation":"1","global_animation":"fadeInDown","global_animationduration":"700","global_animationdelay":"","hidden_md":"0","hidden_sm":"0","hidden_xs":"0","acl":null}}]}]},{"id":1494485926588,"visibility":true,"collapse":false,"settings":{"admin_label":"Event CountDown","title":"","heading_selector":"h3","title_fontsize":"","title_fontweight":"","title_text_color":"","title_margin_top":"","title_margin_bottom":"","subtitle":"","subtitle_fontsize":"","title_position":"sppb-text-center","columns_equal_height":"0","fullscreen":"0","no_gutter":"0","id":"","class":"","padding":"43px 0px 53px 0px","margin":"0px 0px 0px 0px","color":"","background_color":"","background_image":"","overlay":"","background_repeat":"no-repeat","background_size":"cover","background_attachment":"fixed","background_position":"0 0","background_video":"0","background_video_mp4":"","background_video_ogv":"","hidden_xs":"","hidden_sm":"","hidden_md":"","animation":"","animationduration":"300","animationdelay":"0"},"layout":"12","columns":[{"id":1494485926589,"class_name":"col-md-12","visibility":true,"settings":{},"addons":[{"id":1494486779456,"name":"countdown","visibility":true,"settings":{"admin_label":"","title":"","heading_selector":"h3","title_fontsize":"","title_lineheight":"","title_fontstyle":null,"title_letterspace":"0","title_fontweight":"","title_text_color":"","title_margin_top":"","title_margin_bottom":"","date":"2018/05/25","time":"20:23","finish_text":"Finally we are here","counter_height":"60","counter_width":"80","counter_font_size":"40","counter_text_color":"rgba(144, 18, 254, 1)","counter_background_color":"","counter_user_border":0,"counter_border_width":"1","counter_border_color":"#e5e5e5","counter_border_style":"solid","counter_border_radius":"","label_font_size":"20","label_color":"rgba(135, 135, 135, 1)","class":"","global_text_color":"","global_link_color":"","global_link_hover_color":"","global_use_background":0,"global_background_color":"","global_background_image":"","global_background_repeat":"no-repeat","global_background_size":"cover","global_background_attachment":"inherit","global_user_border":0,"global_border_width":"","global_border_color":"","global_boder_style":"none","global_border_radius":"","global_margin":{"md":" auto  auto","sm":"   ","xs":"   "},"global_padding":{"md":"   ","sm":"   ","xs":"   "},"global_use_animation":0,"global_animation":"","global_animationduration":"300","global_animationdelay":"0","hidden_md":0,"hidden_sm":0,"hidden_xs":0,"acl":null,"use_global_width":1,"global_width":{"md":"50","sm":"65","xs":"100"}}}]}]},{"id":1494485926610,"visibility":true,"collapse":false,"settings":{"admin_label":"Event Speakers","title":"","heading_selector":"h3","title_fontsize":"","title_fontweight":"","title_text_color":"","title_margin_top":"","title_margin_bottom":"","subtitle":"","subtitle_fontsize":"","title_position":"sppb-text-center","columns_equal_height":"0","fullscreen":0,"no_gutter":0,"id":"","class":"","padding":{"md":"93px 0px 70px 0px","sm":"   ","xs":"50px  50px "},"margin":{"md":"0px 0px 0px 0px","sm":"   ","xs":"   "},"color":"","background_color":"rgba(250, 250, 250, 1)","background_image":"","overlay":"","background_repeat":"no-repeat","background_size":"cover","background_attachment":"fixed","background_position":"0 0","background_video":0,"background_video_mp4":"","background_video_ogv":"","hidden_xs":"","hidden_sm":"","hidden_md":"","animation":"fadeIn","animationduration":"700","animationdelay":"","columns_align_center":0,"background_parallax":0,"show_top_shape":0,"show_bottom_shape":0},"layout":"12","columns":[{"id":1494485926611,"class_name":"col-md-12","visibility":true,"settings":{},"addons":[{"id":1494487052277,"name":"heading","visibility":true,"settings":{"admin_label":"SPEAKERS","title":"SPEAKERS","heading_selector":"h2","use_link":"0","title_link":"","link_new_tab":"0","title_fontsize":{"md":"42","sm":"","xs":"30"},"title_fontstyle":["uppercase"],"title_fontweight":"700","title_lineheight":{"md":"","sm":"","xs":"45"},"title_letterspace":"0","title_margin":{"md":"0px 0px 20px 0px","sm":"   ","xs":"   "},"title_padding":{"md":"0px 0px 0px 0px","sm":"   ","xs":"   "},"alignment":"sppb-text-center","class":"","global_text_color":"rgba(28, 28, 28, 1)","global_link_color":"","global_link_hover_color":"","global_use_background":"0","global_background_color":"","global_background_image":"","global_background_repeat":"no-repeat","global_background_size":"cover","global_background_attachment":"inherit","global_user_border":"0","global_border_width":"","global_border_color":"","global_boder_style":"none","global_border_radius":"","global_margin":"","global_padding":"","global_use_animation":"0","global_animation":"","global_animationduration":"300","global_animationdelay":"0","hidden_md":"0","hidden_sm":"0","hidden_xs":"0","acl":null}},{"id":1494485926616,"name":"heading","visibility":true,"settings":{"admin_label":"Professionals from around the globe","title":"Professionals from around the globe","heading_selector":"h3","use_link":0,"title_link":"","link_new_tab":"0","title_fontsize":{"md":"18","sm":"","xs":"16"},"title_fontstyle":["uppercase"],"title_fontweight":"400","title_lineheight":{"md":"","sm":"","xs":"26"},"title_letterspace":"0","title_margin":{"md":"0px 0px 20px 0px","sm":"   ","xs":"   "},"title_padding":{"md":"0px 0px 0px 0px","sm":"   ","xs":"   "},"alignment":"sppb-text-center","class":"","global_text_color":"rgba(135, 135, 135, 1)","global_link_color":"","global_link_hover_color":"","global_use_background":"0","global_background_color":"","global_background_image":"","global_background_repeat":"no-repeat","global_background_size":"cover","global_background_attachment":"inherit","global_user_border":"0","global_border_width":"","global_border_color":"","global_boder_style":"none","global_border_radius":"","global_margin":"","global_padding":"","global_use_animation":"0","global_animation":"","global_animationduration":"300","global_animationdelay":"0","hidden_md":"0","hidden_sm":"0","hidden_xs":"0","acl":null}},{"id":1494485926619,"type":"inner_row","settings":{"admin_label":"","title":"","heading_selector":"h3","title_fontsize":"","title_fontweight":"","title_text_color":"","title_margin_top":"","title_margin_bottom":"","subtitle":"","subtitle_fontsize":"","title_position":"sppb-text-center","columns_equal_height":"0","fullscreen":0,"no_gutter":0,"id":"","class":"","padding":{"md":"40px 0px 0px 0px","sm":"   ","xs":"20px   "},"margin":{"md":"0px 0px 0px 0px","sm":"   ","xs":"   "},"color":"","background_color":"","background_image":"","overlay":"","background_repeat":"no-repeat","background_size":"cover","background_attachment":"fixed","background_position":"0 0","background_video":0,"background_video_mp4":"","background_video_ogv":"","hidden_xs":"","hidden_sm":"","hidden_md":"","animation":"","animationduration":"300","animationdelay":"0","columns_align_center":0,"background_parallax":0,"show_top_shape":0,"show_bottom_shape":0},"layout":"4,4,4","visibility":true,"columns":[{"id":1494485926620,"class_name":"col-md-4","visibility":true,"settings":{"color":"","background":"","background_image":"","overlay":"","background_repeat":"no-repeat","background_size":"cover","background_attachment":"scroll","background_position":"0 0","padding":"","class":"","sm_col":"col-sm-4","xs_col":"","hidden_xs":"","hidden_sm":"","hidden_md":"","animation":"","animationduration":"300","animationdelay":"0"},"addons":[{"id":1494487267362,"name":"person","visibility":true,"settings":{"admin_label":"David Guetta","image":"https://sppagebuilder.com/sample-data/images/2017/05/15/person1.jpg","name":"David Guetta","designation":"","email":"","introtext":"","facebook":"","twitter":"","google_plus":"","youtube":"","linkedin":"","pinterest":"","flickr":"","dribbble":"","behance":"","instagram":"","social_position":"after","alignment":"sppb-text-center","class":"","global_text_color":"","global_link_color":"","global_link_hover_color":"","global_use_background":"1","global_background_color":"rgba(255, 255, 255, 1)","global_background_image":"","global_background_repeat":"no-repeat","global_background_size":"cover","global_background_attachment":"inherit","global_user_border":"0","global_border_width":"","global_border_color":"","global_boder_style":"none","global_border_radius":"","global_margin":"0 0 30px 0","global_padding":"0 0 20px 0","global_use_animation":"0","global_animation":"","global_animationduration":"300","global_animationdelay":"0","hidden_md":"0","hidden_sm":"0","hidden_xs":"0","acl":null}},{"id":1494485926655,"name":"person","visibility":true,"settings":{"admin_label":"Hardwell","image":"https://sppagebuilder.com/sample-data/images/2017/05/15/person4.jpg","name":"Hardwell","designation":"","email":"","introtext":"","facebook":"","twitter":"","google_plus":"","youtube":"","linkedin":"","pinterest":"","flickr":"","dribbble":"","behance":"","instagram":"","social_position":"after","alignment":"sppb-text-center","class":"","global_text_color":"","global_link_color":"","global_link_hover_color":"","global_use_background":"1","global_background_color":"rgba(255, 255, 255, 1)","global_background_image":"","global_background_repeat":"no-repeat","global_background_size":"cover","global_background_attachment":"inherit","global_user_border":"0","global_border_width":"","global_border_color":"","global_boder_style":"none","global_border_radius":"","global_margin":"0 0 30px 0","global_padding":"0 0 20px 0","global_use_animation":"0","global_animation":"","global_animationduration":"300","global_animationdelay":"0","hidden_md":"0","hidden_sm":"0","hidden_xs":"0","acl":null}}]},{"id":1494485926623,"class_name":"col-md-4","visibility":true,"settings":{"color":"","background":"","background_image":"","overlay":"","background_repeat":"no-repeat","background_size":"cover","background_attachment":"scroll","background_position":"0 0","padding":"","class":"","sm_col":"col-sm-4","xs_col":"","hidden_xs":"","hidden_sm":"","hidden_md":"","animation":"","animationduration":"300","animationdelay":"0"},"addons":[{"id":1494485926650,"name":"person","visibility":true,"settings":{"admin_label":"Martin Garrix","image":"https://sppagebuilder.com/sample-data/images/2017/05/15/person2.jpg","name":"Martin Garrix","designation":"","email":"","introtext":"","facebook":"","twitter":"","google_plus":"","youtube":"","linkedin":"","pinterest":"","flickr":"","dribbble":"","behance":"","instagram":"","social_position":"after","alignment":"sppb-text-center","class":"","global_text_color":"","global_link_color":"","global_link_hover_color":"","global_use_background":"1","global_background_color":"rgba(255, 255, 255, 1)","global_background_image":"","global_background_repeat":"no-repeat","global_background_size":"cover","global_background_attachment":"inherit","global_user_border":"0","global_border_width":"","global_border_color":"","global_boder_style":"none","global_border_radius":"","global_margin":"0 0 30px 0","global_padding":"0 0 20px 0","global_use_animation":"0","global_animation":"","global_animationduration":"300","global_animationdelay":"0","hidden_md":"0","hidden_sm":"0","hidden_xs":"0","acl":null}},{"id":1494485926660,"name":"person","visibility":true,"settings":{"admin_label":"Dimitri Vegas","image":"https://sppagebuilder.com/sample-data/images/2017/05/15/person5.jpg","name":"Dimitri Vegas","designation":"","email":"","introtext":"","facebook":"","twitter":"","google_plus":"","youtube":"","linkedin":"","pinterest":"","flickr":"","dribbble":"","behance":"","instagram":"","social_position":"after","alignment":"sppb-text-center","class":"","global_text_color":"","global_link_color":"","global_link_hover_color":"","global_use_background":"1","global_background_color":"rgba(255, 255, 255, 1)","global_background_image":"","global_background_repeat":"no-repeat","global_background_size":"cover","global_background_attachment":"inherit","global_user_border":"0","global_border_width":"","global_border_color":"","global_boder_style":"none","global_border_radius":"","global_margin":"0 0 30px 0","global_padding":"0 0 20px 0","global_use_animation":"0","global_animation":"","global_animationduration":"300","global_animationdelay":"0","hidden_md":"0","hidden_sm":"0","hidden_xs":"0","acl":null}}]},{"id":1494485926624,"class_name":"col-md-4","visibility":true,"settings":{"color":"","background":"","background_image":"","overlay":"","background_repeat":"no-repeat","background_size":"cover","background_attachment":"scroll","background_position":"0 0","padding":"","class":"","sm_col":"col-sm-4","xs_col":"","hidden_xs":"","hidden_sm":"","hidden_md":"","animation":"","animationduration":"300","animationdelay":"0"},"addons":[{"id":1494485926645,"name":"person","visibility":true,"settings":{"admin_label":"Mark Mithel","image":"https://sppagebuilder.com/sample-data/images/2017/05/15/person3.jpg","name":"David Guetta","designation":"","email":"","introtext":"","facebook":"","twitter":"","google_plus":"","youtube":"","linkedin":"","pinterest":"","flickr":"","dribbble":"","behance":"","instagram":"","social_position":"after","alignment":"sppb-text-center","class":"","global_text_color":"","global_link_color":"","global_link_hover_color":"","global_use_background":"1","global_background_color":"rgba(255, 255, 255, 1)","global_background_image":"","global_background_repeat":"no-repeat","global_background_size":"cover","global_background_attachment":"inherit","global_user_border":"0","global_border_width":"","global_border_color":"","global_boder_style":"none","global_border_radius":"","global_margin":"0 0 30px 0","global_padding":"0 0 20px 0","global_use_animation":"0","global_animation":"","global_animationduration":"300","global_animationdelay":"0","hidden_md":"0","hidden_sm":"0","hidden_xs":"0","acl":null}},{"id":1494485926665,"name":"person","visibility":true,"settings":{"admin_label":"Like Mike","image":"https://sppagebuilder.com/sample-data/images/2017/05/15/person6.jpg","name":"Like Mike","designation":"","email":"","introtext":"","facebook":"","twitter":"","google_plus":"","youtube":"","linkedin":"","pinterest":"","flickr":"","dribbble":"","behance":"","instagram":"","social_position":"after","alignment":"sppb-text-center","class":"","global_text_color":"","global_link_color":"","global_link_hover_color":"","global_use_background":"1","global_background_color":"rgba(255, 255, 255, 1)","global_background_image":"","global_background_repeat":"no-repeat","global_background_size":"cover","global_background_attachment":"inherit","global_user_border":"0","global_border_width":"","global_border_color":"","global_boder_style":"none","global_border_radius":"","global_margin":"0 0 30px 0","global_padding":"0 0 20px 0","global_use_animation":"0","global_animation":"","global_animationduration":"300","global_animationdelay":"0","hidden_md":"0","hidden_sm":"0","hidden_xs":"0","acl":null}}]}]}]}]},{"id":1494485926724,"visibility":true,"collapse":false,"settings":{"admin_label":"Sponsors","title":"","heading_selector":"h3","title_fontsize":"","title_fontweight":"","title_text_color":"","title_margin_top":"","title_margin_bottom":"","subtitle":"","subtitle_fontsize":"","title_position":"sppb-text-center","columns_equal_height":"0","fullscreen":0,"no_gutter":0,"id":"","class":"","padding":{"md":"93px 0px 90px 0px","sm":"   ","xs":"50px  50px "},"margin":{"md":"0px 0px 0px 0px","sm":"   ","xs":"   "},"color":"","background_color":"","background_image":"","overlay":"","background_repeat":"no-repeat","background_size":"cover","background_attachment":"fixed","background_position":"0 0","background_video":0,"background_video_mp4":"","background_video_ogv":"","hidden_xs":"","hidden_sm":"","hidden_md":"","animation":"fadeIn","animationduration":"700","animationdelay":"","columns_align_center":0,"background_parallax":0,"show_top_shape":0,"show_bottom_shape":0},"layout":"12","columns":[{"id":1494485926725,"class_name":"col-md-12","visibility":true,"settings":{},"addons":[{"id":1494485926730,"name":"heading","visibility":true,"settings":{"admin_label":"Sponsors","title":"Sponsors","heading_selector":"h2","use_link":0,"title_link":"","link_new_tab":"0","title_fontsize":{"md":"42","sm":"","xs":"30"},"title_fontstyle":["uppercase"],"title_fontweight":"700","title_lineheight":"","title_letterspace":"0","title_margin":{"md":"0px 0px 20px 0px","sm":"   ","xs":"   "},"title_padding":{"md":"0px 0px 0px 0px","sm":"   ","xs":"   "},"alignment":"sppb-text-center","class":"","global_text_color":"rgba(28, 28, 28, 1)","global_link_color":"","global_link_hover_color":"","global_use_background":"0","global_background_color":"","global_background_image":"","global_background_repeat":"no-repeat","global_background_size":"cover","global_background_attachment":"inherit","global_user_border":"0","global_border_width":"","global_border_color":"","global_boder_style":"none","global_border_radius":"","global_margin":"","global_padding":"","global_use_animation":"0","global_animation":"","global_animationduration":"300","global_animationdelay":"0","hidden_md":"0","hidden_sm":"0","hidden_xs":"0","acl":null}},{"id":1494485926733,"name":"heading","visibility":true,"settings":{"admin_label":"Check Who Makes This Event Possible!","title":"Check Who Makes This Event Possible!","heading_selector":"h3","use_link":0,"title_link":"","link_new_tab":"0","title_fontsize":{"md":"18","sm":"","xs":"16"},"title_fontstyle":["uppercase"],"title_fontweight":"400","title_lineheight":{"md":"","sm":"","xs":"26"},"title_letterspace":"0","title_margin":{"md":"0px 0px 20px 0px","sm":"   ","xs":"   "},"title_padding":{"md":"0px 0px 0px 0px","sm":"   ","xs":"   "},"alignment":"sppb-text-center","class":"","global_text_color":"rgba(135, 135, 135, 1)","global_link_color":"","global_link_hover_color":"","global_use_background":"0","global_background_color":"","global_background_image":"","global_background_repeat":"no-repeat","global_background_size":"cover","global_background_attachment":"inherit","global_user_border":"0","global_border_width":"","global_border_color":"","global_boder_style":"none","global_border_radius":"","global_margin":"","global_padding":"","global_use_animation":"0","global_animation":"","global_animationduration":"300","global_animationdelay":"0","hidden_md":"0","hidden_sm":"0","hidden_xs":"0","acl":null}},{"id":1494489748680,"name":"clients","visibility":true,"settings":{"admin_label":"","title":"","heading_selector":"h3","title_fontsize":"","title_lineheight":"","title_fontstyle":null,"title_letterspace":"0","title_fontweight":"","title_text_color":"","title_margin_top":"","title_margin_bottom":"","count":"sppb-col-sm-4","alignment":"sppb-text-center","class":"","sp_clients_item":[{"title":"Client 1","image":"https://sppagebuilder.com/sample-data/images/2017/05/11/logo7.png","url":"#"},{"title":"Client 1","image":"https://sppagebuilder.com/sample-data/images/2017/05/11/logo2.png","url":"#"},{"title":"Client 1","image":"https://sppagebuilder.com/sample-data/images/2017/05/11/logo1.png","url":"#"}],"global_text_color":"","global_link_color":"","global_link_hover_color":"","global_use_background":"0","global_background_color":"","global_background_image":"","global_background_repeat":"no-repeat","global_background_size":"cover","global_background_attachment":"inherit","global_user_border":"0","global_border_width":"","global_border_color":"","global_boder_style":"none","global_border_radius":"","global_margin":"70px 0 70px 0","global_padding":"","global_use_animation":"0","global_animation":"","global_animationduration":"300","global_animationdelay":"0","hidden_md":"0","hidden_sm":"0","hidden_xs":"0","acl":null}},{"id":1494485926744,"name":"clients","visibility":true,"settings":{"admin_label":"","title":"","heading_selector":"h3","title_fontsize":"","title_lineheight":"","title_fontstyle":null,"title_letterspace":"0","title_fontweight":"","title_text_color":"","title_margin_top":"","title_margin_bottom":"","count":"sppb-col-sm-3","alignment":"sppb-text-center","class":"","sp_clients_item":[{"title":"Client 1","image":"https://sppagebuilder.com/sample-data/images/2017/05/11/logo6.png","url":"#"},{"title":"Client 1","image":"https://sppagebuilder.com/sample-data/images/2017/05/11/logo5.png","url":"#"},{"title":"Client 1","image":"https://sppagebuilder.com/sample-data/images/2017/05/11/logo4.png","url":"#"},{"title":"Client 1","image":"https://sppagebuilder.com/sample-data/images/2017/05/11/logo3.png","url":"#"}],"global_text_color":"","global_link_color":"","global_link_hover_color":"","global_use_background":"0","global_background_color":"","global_background_image":"","global_background_repeat":"no-repeat","global_background_size":"cover","global_background_attachment":"inherit","global_user_border":"0","global_border_width":"","global_border_color":"","global_boder_style":"none","global_border_radius":"","global_margin":"","global_padding":"","global_use_animation":"0","global_animation":"","global_animationduration":"300","global_animationdelay":"0","hidden_md":"0","hidden_sm":"0","hidden_xs":"0","acl":null}},{"id":1494490108489,"name":"button","visibility":true,"settings":{"admin_label":"become a sponsor","text":"become a sponsor","alignment":"sppb-text-center","fontstyle":["uppercase"],"letterspace":"0","url":"#","target":"","type":"custom","appearance":"","background_color":"rgba(28, 28, 28, 1)","color":"#ffffff","background_color_hover":"rgba(68, 68, 68, 1)","color_hover":"#ffffff","button_padding":"13px 40px 13px 40px","size":"","shape":"rounded","block":"","icon":"","icon_position":"left","class":"","global_text_color":"","global_link_color":"","global_link_hover_color":"","global_use_background":"0","global_background_color":"","global_background_image":"","global_background_repeat":"no-repeat","global_background_size":"cover","global_background_attachment":"inherit","global_user_border":"0","global_border_width":"","global_border_color":"","global_boder_style":"none","global_border_radius":"","global_margin":"100px 0 0 0","global_padding":"","global_use_animation":"0","global_animation":"","global_animationduration":"300","global_animationdelay":"0","hidden_md":"0","hidden_sm":"0","hidden_xs":"0","acl":null}}]}]},{"id":1494493363782,"visibility":true,"collapse":false,"settings":{"admin_label":"Call to action","title":"","heading_selector":"h3","title_fontsize":"","title_fontweight":"","title_text_color":"","title_margin_top":"","title_margin_bottom":"","subtitle":"","subtitle_fontsize":"","title_position":"sppb-text-center","columns_equal_height":"0","fullscreen":0,"no_gutter":0,"id":"","class":"","padding":{"md":"120px 0px 130px 0px","sm":"   ","xs":"80px  80px "},"margin":{"md":"0px 0px 0px 0px","sm":"   ","xs":"   "},"color":"rgba(255, 255, 255, 1)","background_color":"","background_image":"https://sppagebuilder.com/sample-data/images/2017/05/11/cta-bg3.jpg","overlay":"","background_repeat":"no-repeat","background_size":"cover","background_attachment":"inherit","background_position":"50% 50%","background_video":0,"background_video_mp4":"","background_video_ogv":"","hidden_xs":"","hidden_sm":"","hidden_md":"","animation":"","animationduration":"300","animationdelay":"0","columns_align_center":0,"background_parallax":0,"show_top_shape":0,"show_bottom_shape":0},"layout":"12","columns":[{"id":1494493363783,"class_name":"col-md-12","visibility":true,"settings":{},"addons":[{"id":1494494928719,"name":"heading","visibility":true,"settings":{"admin_label":"Get notified new event","title":"Get notified new event","heading_selector":"h2","use_link":0,"title_link":"","link_new_tab":"0","title_fontsize":{"md":"46","sm":"","xs":"25"},"title_fontstyle":["uppercase"],"title_fontweight":"700","title_lineheight":{"md":"","sm":"","xs":"30"},"title_letterspace":"0","title_margin":{"md":"0px 0px 40px 0px","sm":"   ","xs":"   "},"title_padding":{"md":"0px 0px 0px 0px","sm":"   ","xs":"   "},"alignment":"sppb-text-center","class":"","global_text_color":"","global_link_color":"","global_link_hover_color":"","global_use_background":"0","global_background_color":"","global_background_image":"","global_background_repeat":"no-repeat","global_background_size":"cover","global_background_attachment":"inherit","global_user_border":"0","global_border_width":"","global_border_color":"","global_boder_style":"none","global_border_radius":"","global_margin":"","global_padding":"","global_use_animation":"0","global_animation":"","global_animationduration":"300","global_animationdelay":"0","hidden_md":"0","hidden_sm":"0","hidden_xs":"0","acl":null}},{"id":1494495017200,"name":"button","visibility":true,"settings":{"admin_label":"register Now","text":"register Now","alignment":"sppb-text-center","fontstyle":["uppercase","bold"],"letterspace":"0","url":"#","target":"","type":"custom","appearance":"","background_color":"rgba(255, 255, 255, 1)","color":"rgba(28, 28, 28, 1)","background_color_hover":"rgba(247, 247, 247, 1)","color_hover":"rgba(28, 28, 28, 1)","button_padding":{"md":"13px 40px 13px 40px","sm":"   ","xs":"   "},"size":"","shape":"rounded","block":"","icon":"","icon_position":"left","class":"","global_text_color":"","global_link_color":"","global_link_hover_color":"","global_use_background":"0","global_background_color":"","global_background_image":"","global_background_repeat":"no-repeat","global_background_size":"cover","global_background_attachment":"inherit","global_user_border":"0","global_border_width":"","global_border_color":"","global_boder_style":"none","global_border_radius":"","global_margin":"","global_padding":"","global_use_animation":"0","global_animation":"","global_animationduration":"300","global_animationdelay":"0","hidden_md":"0","hidden_sm":"0","hidden_xs":"0","acl":null}}]}]},{"id":1509991983731,"visibility":true,"collapse":false,"settings":{"admin_label":"Our Practice Area","title":"","heading_selector":"h3","title_fontsize":"","title_fontweight":"","title_text_color":"","title_margin_top":"","title_margin_bottom":"","subtitle":"","subtitle_fontsize":"","title_position":"sppb-text-center","columns_equal_height":"0","fullscreen":0,"no_gutter":0,"id":"","class":"","padding":{"md":"100px 0px 70px 0px","sm":"   ","xs":"50px  50px "},"margin":{"md":"0px 0px 0px 0px","sm":"   ","xs":"   "},"color":"","background_color":"#FAFAFA","background_image":"","overlay":"","background_repeat":"no-repeat","background_size":"cover","background_attachment":"inherit","background_position":"50% 50%","background_video":0,"background_video_mp4":"","background_video_ogv":"","hidden_xs":"","hidden_sm":"","hidden_md":"","animation":"","animationduration":"300","animationdelay":"0","columns_align_center":0,"background_parallax":0,"show_top_shape":0,"show_bottom_shape":0},"layout":"12,4,4,4","columns":[{"id":1509991982676,"class_name":"col-md-12","visibility":true,"settings":{},"addons":[{"id":1509991982677,"name":"heading","visibility":true,"settings":{"admin_label":"","title":"Tickets","heading_selector":"h2","use_link":0,"title_link":"","link_new_tab":"","title_fontsize":{"md":"36","sm":"","xs":"30"},"title_lineheight":{"md":"42","sm":"","xs":""},"title_letterspace":"0","title_margin":{"md":"0px 0px 10px 0px","sm":"   ","xs":"   "},"title_padding":{"md":"0px 0px 0px 0px","sm":"   ","xs":"   "},"title_icon_position":"before","alignment":"sppb-text-center","class":"","title_font_style":{"weight":700,"uppercase":true}}},{"id":1509991982678,"name":"heading","visibility":true,"settings":{"admin_label":"","title":"LIMITED TICKETS AVAILABLE. SO GRAB YOURS NOW!","heading_selector":"div","use_link":0,"title_link":"","link_new_tab":"","title_fontsize":{"md":"18","sm":"","xs":"16"},"title_lineheight":{"md":"28","sm":"","xs":"26"},"title_letterspace":"0","title_margin":{"md":"0px 0px 30px 0px","sm":"   ","xs":"   "},"title_padding":{"md":"0px 0px 0px 0px","sm":"   ","xs":"   "},"title_icon_position":"before","alignment":"sppb-text-center","class":"","title_font_style":{"uppercase":true,"weight":500},"global_use_background":0,"global_user_border":0,"global_margin":{"md":"   ","sm":"   ","xs":"   "},"global_padding":{"md":"   ","sm":"   ","xs":"   "},"global_use_animation":0,"global_text_color":"#797979","use_global_width":0,"hidden_md":0,"hidden_sm":0,"hidden_xs":0}}]},{"id":1510057179996,"class_name":"col-md-4","visibility":true,"settings":{},"addons":[{"id":1494495472964,"name":"pricing","visibility":true,"settings":{"admin_label":"","title":"Personal","price":"$59","duration":"","pricing_content":"Feature List item one\nAnother feature item\nThe third list item is even more\nThe 4th list item is awesome\nAnd the list goes on","background":"","color":"","button_text":"buy now","button_fontstyle":["uppercase"],"button_letterspace":"0","button_url":"#","button_target":"","button_type":"custom","button_appearance":"","button_background_color":"rgba(28, 28, 28, 1)","button_color":"#ffffff","button_background_color_hover":"#222222","button_color_hover":"rgba(255, 255, 255, 1)","button_size":"lg","button_shape":"rounded","button_block":"","button_icon":"","button_icon_position":"left","featured":"","alignment":"sppb-text-left","class":"","global_text_color":"","global_link_color":"","global_link_hover_color":"","global_use_background":1,"global_background_color":"#ffffff","global_background_image":"","global_background_repeat":"no-repeat","global_background_size":"cover","global_background_attachment":"inherit","global_user_border":0,"global_border_width":{"md":"","sm":"","xs":""},"global_border_color":"","global_boder_style":"none","global_border_radius":{"md":"4","sm":"","xs":""},"global_margin":{"md":"0 0 30px 0","sm":"   ","xs":"   "},"global_padding":{"md":"30px 30px 30px 30px","sm":"   ","xs":"   "},"global_use_animation":1,"global_animation":"","global_animationduration":"300","global_animationdelay":"0","hidden_md":0,"hidden_sm":0,"hidden_xs":0,"acl":null,"button_padding":{"md":"10px 40px 10px 40px","sm":"   ","xs":"   "},"use_global_width":0,"global_use_overlay":0,"title_font_style":{"uppercase":true,"weight":500},"price_position":"after","price_margin_bottom":{"md":"20","sm":"","xs":""},"pricing_content_font_size":{"md":"16","sm":"","xs":""},"pricing_content_gap":{"md":"18","sm":"","xs":""},"price_font_size":{"md":"22","sm":"","xs":""},"pricing_content_margin_bottom":{"md":"30","sm":"","xs":""},"global_boxshadow":"0 0 10px 0 rgba(0,0,0,0.05)","title_fontsize":{"md":"24","sm":"","xs":"20"},"title_lineheight":{"md":"24","sm":"","xs":""}}}]},{"id":1510057179997,"class_name":"col-md-4","visibility":true,"settings":{},"addons":[{"id":1509991983535,"name":"pricing","visibility":true,"settings":{"admin_label":"","title":"Business","price":"$99","duration":"","pricing_content":"Feature List item one\nAnother feature item\nThe third list item is even more\nThe 4th list item is awesome\nAnd the list goes on","background":"","color":"","button_text":"buy now","button_fontstyle":["uppercase"],"button_letterspace":"0","button_url":"#","button_target":"","button_type":"custom","button_appearance":"","button_background_color":"rgba(28, 28, 28, 1)","button_color":"#ffffff","button_background_color_hover":"#222222","button_color_hover":"rgba(255, 255, 255, 1)","button_size":"lg","button_shape":"rounded","button_block":"","button_icon":"","button_icon_position":"left","featured":"","alignment":"sppb-text-left","class":"","global_text_color":"#ffffff","global_link_color":"","global_link_hover_color":"","global_use_background":1,"global_background_color":"","global_background_image":"https://sppagebuilder.com/sample-data/images/2017/05/24/mask3.jpg","global_background_repeat":"no-repeat","global_background_size":"cover","global_background_attachment":"inherit","global_user_border":0,"global_border_width":{"md":"","sm":"","xs":""},"global_border_color":"","global_boder_style":"none","global_border_radius":{"md":"4","sm":"","xs":""},"global_margin":{"md":"0 0 30px 0","sm":"   ","xs":"   "},"global_padding":{"md":"30px 30px 30px 30px","sm":"   ","xs":"   "},"global_use_animation":1,"global_animation":"","global_animationduration":"300","global_animationdelay":"0","hidden_md":0,"hidden_sm":0,"hidden_xs":0,"acl":null,"button_padding":{"md":"10px 40px 10px 40px","sm":"   ","xs":"   "},"use_global_width":0,"global_use_overlay":0,"title_font_style":{"uppercase":true,"weight":500},"price_position":"after","price_margin_bottom":{"md":"20","sm":"","xs":""},"pricing_content_font_size":{"md":"16","sm":"","xs":""},"pricing_content_gap":{"md":"18","sm":"","xs":""},"price_font_size":{"md":"22","sm":"","xs":""},"pricing_content_margin_bottom":{"md":"30","sm":"","xs":""},"global_boxshadow":"0 0 10px 0 rgba(0,0,0,0.05)","title_fontsize":{"md":"24","sm":"","xs":"20"},"title_lineheight":{"md":"24","sm":"","xs":""}}}]},{"id":1510057179998,"class_name":"col-md-4","visibility":true,"settings":{},"addons":[{"id":1509991983652,"name":"pricing","visibility":true,"settings":{"admin_label":"","title":"Developer","price":"$259","duration":"","pricing_content":"Feature List item one\nAnother feature item\nThe third list item is even more\nThe 4th list item is awesome\nAnd the list goes on","background":"","color":"","button_text":"buy now","button_fontstyle":["uppercase"],"button_letterspace":"0","button_url":"#","button_target":"","button_type":"custom","button_appearance":"","button_background_color":"rgba(28, 28, 28, 1)","button_color":"#ffffff","button_background_color_hover":"#222222","button_color_hover":"rgba(255, 255, 255, 1)","button_size":"lg","button_shape":"rounded","button_block":"","button_icon":"","button_icon_position":"left","featured":"","alignment":"sppb-text-left","class":"","global_text_color":"","global_link_color":"","global_link_hover_color":"","global_use_background":1,"global_background_color":"#ffffff","global_background_image":"","global_background_repeat":"no-repeat","global_background_size":"cover","global_background_attachment":"inherit","global_user_border":0,"global_border_width":{"md":"","sm":"","xs":""},"global_border_color":"","global_boder_style":"none","global_border_radius":{"md":"4","sm":"","xs":""},"global_margin":{"md":"0 0 30px 0","sm":"   ","xs":"   "},"global_padding":{"md":"30px 30px 30px 30px","sm":"   ","xs":"   "},"global_use_animation":1,"global_animation":"","global_animationduration":"300","global_animationdelay":"0","hidden_md":0,"hidden_sm":0,"hidden_xs":0,"acl":null,"button_padding":{"md":"10px 40px 10px 40px","sm":"   ","xs":"   "},"use_global_width":0,"global_use_overlay":0,"title_font_style":{"uppercase":true,"weight":500},"price_position":"after","price_margin_bottom":{"md":"20","sm":"","xs":""},"pricing_content_font_size":{"md":"16","sm":"","xs":""},"pricing_content_gap":{"md":"18","sm":"","xs":""},"price_font_size":{"md":"22","sm":"","xs":""},"pricing_content_margin_bottom":{"md":"30","sm":"","xs":""},"global_boxshadow":"0 0 10px 0 rgba(0,0,0,0.05)","title_fontsize":{"md":"24","sm":"","xs":"20"},"title_lineheight":{"md":"24","sm":"","xs":""}}}]}]},{"id":1509991983798,"visibility":true,"collapse":false,"settings":{"admin_label":"Our Practice Area","title":"","heading_selector":"h3","title_fontsize":"","title_fontweight":"","title_text_color":"","title_margin_top":"","title_margin_bottom":"","subtitle":"","subtitle_fontsize":"","title_position":"sppb-text-center","columns_equal_height":"0","fullscreen":0,"no_gutter":0,"id":"","class":"","padding":{"md":"130px 0px 20px 0px","sm":"   ","xs":"50px  50px "},"margin":{"md":"0px 0px 0px 0px","sm":"   ","xs":"   "},"color":"","background_color":"","background_image":"","overlay":"","background_repeat":"no-repeat","background_size":"cover","background_attachment":"inherit","background_position":"50% 50%","background_video":0,"background_video_mp4":"","background_video_ogv":"","hidden_xs":"","hidden_sm":"","hidden_md":"","animation":"","animationduration":"300","animationdelay":"0","columns_align_center":0,"background_parallax":0,"show_top_shape":0,"show_bottom_shape":0},"layout":"12,3,3,3,3","columns":[{"id":1509991982680,"class_name":"col-md-12","visibility":true,"settings":{},"addons":[{"id":1509991982681,"name":"heading","visibility":true,"settings":{"admin_label":"","title":"Opportunities","heading_selector":"h2","use_link":0,"title_link":"","link_new_tab":"","title_fontsize":{"md":"36","sm":"","xs":"30"},"title_lineheight":{"md":"42","sm":"","xs":""},"title_letterspace":"0","title_margin":{"md":"0px 0px 10px 0px","sm":"   ","xs":"   "},"title_padding":{"md":"0px 0px 0px 0px","sm":"   ","xs":"   "},"title_icon_position":"before","alignment":"sppb-text-center","class":"","title_font_style":{"weight":700,"uppercase":true}}},{"id":1509991982682,"name":"heading","visibility":true,"settings":{"admin_label":"","title":"Lots of surprises waiting for you","heading_selector":"div","use_link":0,"title_link":"","link_new_tab":"","title_fontsize":{"md":"18","sm":"","xs":"16"},"title_lineheight":{"md":"28","sm":"","xs":""},"title_letterspace":"0","title_margin":{"md":"0px 0px 70px 0px","sm":"   ","xs":"0px 0px 40px 0px"},"title_padding":{"md":"0px 0px 0px 0px","sm":"   ","xs":"   "},"title_icon_position":"before","alignment":"sppb-text-center","class":"","global_use_background":0,"global_user_border":0,"global_margin":{"md":"   ","sm":"   ","xs":"   "},"global_padding":{"md":"   ","sm":"   ","xs":"   "},"global_use_animation":0,"global_text_color":"#797979","title_font_style":{"uppercase":true,"weight":500}}}]},{"id":1510057179980,"class_name":"col-md-3","visibility":true,"settings":{},"addons":[{"id":1494496278621,"name":"feature","visibility":true,"settings":{"admin_label":"","title":"Learn & Earn","heading_selector":"h3","title_position":"after","title_fontsize":"20","title_lineheight":"","title_fontstyle":null,"title_letterspace":"0","title_fontweight":"700","title_text_color":"rgba(28, 28, 28, 1)","title_margin_top":"40","title_margin_bottom":"15","title_url":"#","url_appear":"title","feature_type":"icon","feature_image":"","icon_name":"fa-bar-chart","icon_size":"72","icon_color":"rgba(144, 19, 254, 1)","icon_background":"","icon_border_color":"","icon_border_width":"","icon_border_radius":"","icon_margin_top":"","icon_margin_bottom":"","icon_padding":{"md":"   ","sm":"   ","xs":"   "},"text":"Lorem ipsum dolor sit ame sectetur adipisicing elit, sed do","alignment":"sppb-text-center","class":"","global_text_color":"#888","global_link_color":"","global_link_hover_color":"","global_use_background":0,"global_background_color":"","global_background_image":"","global_background_repeat":"no-repeat","global_background_size":"cover","global_background_attachment":"inherit","global_user_border":0,"global_border_width":"","global_border_color":"","global_boder_style":"none","global_border_radius":"","global_margin":{"md":"0px 0px 30px 0px","sm":"   ","xs":"   "},"global_padding":{"md":"   ","sm":"   ","xs":"   "},"global_use_animation":0,"global_animation":"","global_animationduration":"300","global_animationdelay":"0","hidden_md":"0","hidden_sm":"0","hidden_xs":"0","acl":null,"text_fontsize":{"md":"16","sm":"","xs":""},"text_lineheight":{"md":"24","sm":"","xs":""}}}]},{"id":1510057179981,"class_name":"col-md-3","visibility":true,"settings":{},"addons":[{"id":1494493363914,"name":"feature","visibility":true,"settings":{"admin_label":"","title":"Ask Expert","heading_selector":"h3","title_position":"after","title_fontsize":"20","title_lineheight":"","title_fontstyle":null,"title_letterspace":"0","title_fontweight":"700","title_text_color":"rgba(28, 28, 28, 1)","title_margin_top":"40","title_margin_bottom":"15","title_url":"#","url_appear":"title","feature_type":"icon","feature_image":"","icon_name":"fa-check","icon_size":"72","icon_color":"rgba(245, 166, 35, 1)","icon_background":"","icon_border_color":"","icon_border_width":"","icon_border_radius":"","icon_margin_top":{"md":"","sm":"","xs":""},"icon_margin_bottom":{"md":"","sm":"","xs":""},"icon_padding":{"md":"   ","sm":"   ","xs":"   "},"text":"Lorem ipsum dolor sit ame sectetur adipisicing elit, sed do","alignment":"sppb-text-center","class":"","global_text_color":"#888888","global_link_color":"","global_link_hover_color":"","global_use_background":0,"global_background_color":"","global_background_image":"","global_background_repeat":"no-repeat","global_background_size":"cover","global_background_attachment":"inherit","global_user_border":0,"global_border_width":"","global_border_color":"","global_boder_style":"none","global_border_radius":"","global_margin":{"md":"0px 0px 30px 0px","sm":"   ","xs":"   "},"global_padding":{"md":"   ","sm":"   ","xs":"   "},"global_use_animation":0,"global_animation":"","global_animationduration":"300","global_animationdelay":"0","hidden_md":"0","hidden_sm":"0","hidden_xs":"0","acl":null,"text_fontsize":{"md":"16","sm":"","xs":""},"text_lineheight":{"md":"24","sm":"","xs":""}}}]},{"id":1510057179982,"class_name":"col-md-3","visibility":true,"settings":{},"addons":[{"id":1494493363904,"name":"feature","visibility":true,"settings":{"admin_label":"Explore Event","title":"Explore Event","heading_selector":"h3","title_position":"after","title_fontsize":"20","title_lineheight":"","title_fontstyle":null,"title_letterspace":"0","title_fontweight":"700","title_text_color":"rgba(28, 28, 28, 1)","title_margin_top":"40","title_margin_bottom":"15","title_url":"#","url_appear":"title","feature_type":"icon","feature_image":"","icon_name":"fa-bar-chart","icon_size":"72","icon_color":"rgba(0, 164, 212, 1)","icon_background":"","icon_border_color":"","icon_border_width":"","icon_border_radius":"","icon_margin_top":"","icon_margin_bottom":"","icon_padding":{"md":"   ","sm":"   ","xs":"   "},"text":"Lorem ipsum dolor sit ame sectetur adipisicing elit, sed do","alignment":"sppb-text-center","class":"","global_text_color":"#888","global_link_color":"","global_link_hover_color":"","global_use_background":0,"global_background_color":"","global_background_image":"","global_background_repeat":"no-repeat","global_background_size":"cover","global_background_attachment":"inherit","global_user_border":0,"global_border_width":"","global_border_color":"","global_boder_style":"none","global_border_radius":"","global_margin":{"md":"0px 0px 30px 0px","sm":"   ","xs":"   "},"global_padding":{"md":"   ","sm":"   ","xs":"   "},"global_use_animation":0,"global_animation":"","global_animationduration":"300","global_animationdelay":"0","hidden_md":"0","hidden_sm":"0","hidden_xs":"0","acl":null,"text_fontsize":{"md":"16","sm":"","xs":""},"text_lineheight":{"md":"24","sm":"","xs":""}}}]},{"id":1510057179983,"class_name":"col-md-3","visibility":true,"settings":{},"addons":[{"id":1494493363909,"name":"feature","visibility":true,"settings":{"admin_label":"Get your tshirt","title":"Get your tshirt","heading_selector":"h3","title_position":"after","title_fontsize":"20","title_lineheight":"","title_fontstyle":null,"title_letterspace":"0","title_fontweight":"700","title_text_color":"rgba(28, 28, 28, 1)","title_margin_top":"40","title_margin_bottom":"15","title_url":"#","url_appear":"title","feature_type":"icon","feature_image":"","icon_name":"fa-modx","icon_size":"72","icon_color":"rgba(226, 87, 76, 1)","icon_background":"","icon_border_color":"","icon_border_width":"","icon_border_radius":"","icon_margin_top":"","icon_margin_bottom":"","icon_padding":{"md":"   ","sm":"   ","xs":"   "},"text":"Lorem ipsum dolor sit ame sectetur adipisicing elit, sed do","alignment":"sppb-text-center","class":"","global_text_color":"#888","global_link_color":"","global_link_hover_color":"","global_use_background":0,"global_background_color":"","global_background_image":"","global_background_repeat":"no-repeat","global_background_size":"cover","global_background_attachment":"inherit","global_user_border":0,"global_border_width":"","global_border_color":"","global_boder_style":"none","global_border_radius":"","global_margin":{"md":"0px 0px 30px 0px","sm":"   ","xs":"   "},"global_padding":{"md":"   ","sm":"   ","xs":"   "},"global_use_animation":0,"global_animation":"","global_animationduration":"300","global_animationdelay":"0","hidden_md":0,"hidden_sm":0,"hidden_xs":0,"acl":null,"text_fontsize":{"md":"16","sm":"","xs":""},"text_lineheight":{"md":"24","sm":"","xs":""},"use_global_width":0}}]}]},{"id":1494493363941,"visibility":true,"collapse":false,"settings":{"admin_label":"","title":"","heading_selector":"h3","title_fontsize":"","title_fontweight":"","title_text_color":"","title_margin_top":"","title_margin_bottom":"","subtitle":"","subtitle_fontsize":"","title_position":"sppb-text-center","columns_equal_height":"0","fullscreen":0,"no_gutter":0,"id":"","class":"","padding":{"md":"100px 0px 70px 0px","sm":"   ","xs":"50px  50px "},"margin":{"md":"0px 0px 0px 0px","sm":"   ","xs":"   "},"color":"","background_color":"","background_image":"https://sppagebuilder.com/sample-data/images/2017/05/15/bg-img2.jpg","overlay":"","background_repeat":"no-repeat","background_size":"cover","background_attachment":"inherit","background_position":"50% 50%","background_video":0,"background_video_mp4":"","background_video_ogv":"","hidden_xs":"","hidden_sm":"","hidden_md":"","animation":"","animationduration":"300","animationdelay":"0","background_parallax":0,"show_top_shape":0,"show_bottom_shape":0,"columns_align_center":0},"layout":"12,3,3,3,3","columns":[{"id":1494493363942,"class_name":"col-md-12","visibility":true,"settings":{},"addons":[{"id":1509991984112,"name":"heading","visibility":true,"settings":{"admin_label":"","title":"Photo Gallery 2016","heading_selector":"h2","use_link":0,"title_link":"","link_new_tab":"","title_fontsize":{"md":"36","sm":"","xs":"30"},"title_lineheight":{"md":"42","sm":"","xs":""},"title_letterspace":"0","title_margin":{"md":"0px 0px 10px 0px","sm":"   ","xs":"   "},"title_padding":{"md":"0px 0px 0px 0px","sm":"   ","xs":"   "},"title_icon_position":"before","alignment":"sppb-text-center","class":"","title_font_style":{"weight":700,"uppercase":true},"global_use_background":0,"global_user_border":0,"global_margin":{"md":"   ","sm":"   ","xs":"   "},"global_padding":{"md":"   ","sm":"   ","xs":"   "},"global_use_animation":0,"global_text_color":"#ffffff"}},{"id":1509991984113,"name":"heading","visibility":true,"settings":{"admin_label":"","title":"Watch what happened to last year events","heading_selector":"div","use_link":0,"title_link":"","link_new_tab":"","title_fontsize":{"md":"18","sm":"","xs":"16"},"title_lineheight":{"md":"28","sm":"","xs":""},"title_letterspace":"0","title_margin":{"md":"0px 0px 70px 0px","sm":"   ","xs":"  30px "},"title_padding":{"md":"0px 0px 0px 0px","sm":"   ","xs":"   "},"title_icon_position":"before","alignment":"sppb-text-center","class":"","global_use_background":0,"global_user_border":0,"global_margin":{"md":"   ","sm":"   ","xs":"   "},"global_padding":{"md":"   ","sm":"   ","xs":"   "},"global_use_animation":0,"global_text_color":"rgba(255, 255, 255, 0.8)","title_font_style":{"uppercase":true,"weight":500}}}]},{"id":1509991984170,"class_name":"col-md-3","visibility":true,"settings":{},"addons":[{"id":1494497417725,"name":"image","visibility":true,"settings":{"admin_label":"","title":"","heading_selector":"h3","title_fontsize":"","title_lineheight":"","title_fontstyle":null,"title_letterspace":"0","title_fontweight":"","title_text_color":"","title_margin_top":"","title_margin_bottom":"","image":"https://sppagebuilder.com/sample-data/images/2017/05/15/event-gallery1.jpg","alt_text":"Gallery","position":"sppb-text-center","open_lightbox":"1","overlay_color":"rgba(0, 0, 0, 0.5)","link":"","target":"","class":"","global_text_color":"","global_link_color":"","global_link_hover_color":"","global_use_background":"0","global_background_color":"","global_background_image":"","global_background_repeat":"no-repeat","global_background_size":"cover","global_background_attachment":"inherit","global_user_border":"0","global_border_width":"","global_border_color":"","global_boder_style":"none","global_border_radius":"","global_margin":"0 0 30px 0","global_padding":"","global_use_animation":"0","global_animation":"","global_animationduration":"300","global_animationdelay":"0","hidden_md":"0","hidden_sm":"0","hidden_xs":"0","acl":null}},{"id":1494493364026,"name":"image","visibility":true,"settings":{"admin_label":"","title":"","heading_selector":"h3","title_fontsize":"","title_lineheight":"","title_fontstyle":null,"title_letterspace":"0","title_fontweight":"","title_text_color":"","title_margin_top":"","title_margin_bottom":"","image":"https://sppagebuilder.com/sample-data/images/2017/05/15/event-gallery5.jpg","alt_text":"Gallery","position":"sppb-text-center","open_lightbox":"1","overlay_color":"rgba(0, 0, 0, 0.5)","link":"","target":"","class":"","global_text_color":"","global_link_color":"","global_link_hover_color":"","global_use_background":"0","global_background_color":"","global_background_image":"","global_background_repeat":"no-repeat","global_background_size":"cover","global_background_attachment":"inherit","global_user_border":"0","global_border_width":"","global_border_color":"","global_boder_style":"none","global_border_radius":"","global_margin":"0 0 30px 0","global_padding":"","global_use_animation":"0","global_animation":"","global_animationduration":"300","global_animationdelay":"0","hidden_md":"0","hidden_sm":"0","hidden_xs":"0","acl":null}}]},{"id":1509991984171,"class_name":"col-md-3","visibility":true,"settings":{},"addons":[{"id":1494493364036,"name":"image","visibility":true,"settings":{"admin_label":"","title":"","heading_selector":"h3","title_fontsize":"","title_lineheight":"","title_fontstyle":null,"title_letterspace":"0","title_fontweight":"","title_text_color":"","title_margin_top":"","title_margin_bottom":"","image":"https://sppagebuilder.com/sample-data/images/2017/05/15/event-gallery2.jpg","alt_text":"Gallery","position":"sppb-text-center","open_lightbox":"1","overlay_color":"rgba(0, 0, 0, 0.5)","link":"","target":"","class":"","global_text_color":"","global_link_color":"","global_link_hover_color":"","global_use_background":"0","global_background_color":"","global_background_image":"","global_background_repeat":"no-repeat","global_background_size":"cover","global_background_attachment":"inherit","global_user_border":"0","global_border_width":"","global_border_color":"","global_boder_style":"none","global_border_radius":"","global_margin":"0 0 30px 0","global_padding":"","global_use_animation":"0","global_animation":"","global_animationduration":"300","global_animationdelay":"0","hidden_md":"0","hidden_sm":"0","hidden_xs":"0","acl":null}},{"id":1494493364021,"name":"image","visibility":true,"settings":{"admin_label":"","title":"","heading_selector":"h3","title_fontsize":"","title_lineheight":"","title_fontstyle":null,"title_letterspace":"0","title_fontweight":"","title_text_color":"","title_margin_top":"","title_margin_bottom":"","image":"https://sppagebuilder.com/sample-data/images/2017/05/15/event-gallery6.jpg","alt_text":"Gallery","position":"sppb-text-center","open_lightbox":"1","overlay_color":"rgba(0, 0, 0, 0.5)","link":"","target":"","class":"","global_text_color":"","global_link_color":"","global_link_hover_color":"","global_use_background":"0","global_background_color":"","global_background_image":"","global_background_repeat":"no-repeat","global_background_size":"cover","global_background_attachment":"inherit","global_user_border":"0","global_border_width":"","global_border_color":"","global_boder_style":"none","global_border_radius":"","global_margin":"0 0 30px 0","global_padding":"","global_use_animation":"0","global_animation":"","global_animationduration":"300","global_animationdelay":"0","hidden_md":"0","hidden_sm":"0","hidden_xs":"0","acl":null}}]},{"id":1509991984172,"class_name":"col-md-3","visibility":true,"settings":{},"addons":[{"id":1494493364031,"name":"image","visibility":true,"settings":{"admin_label":"","title":"","heading_selector":"h3","title_fontsize":"","title_lineheight":"","title_fontstyle":null,"title_letterspace":"0","title_fontweight":"","title_text_color":"","title_margin_top":"","title_margin_bottom":"","image":"https://sppagebuilder.com/sample-data/images/2017/05/15/event-gallery3.jpg","alt_text":"Gallery","position":"sppb-text-center","open_lightbox":"1","overlay_color":"rgba(0, 0, 0, 0.5)","link":"","target":"","class":"","global_text_color":"","global_link_color":"","global_link_hover_color":"","global_use_background":"0","global_background_color":"","global_background_image":"","global_background_repeat":"no-repeat","global_background_size":"cover","global_background_attachment":"inherit","global_user_border":"0","global_border_width":"","global_border_color":"","global_boder_style":"none","global_border_radius":"","global_margin":"0 0 30px 0","global_padding":"","global_use_animation":"0","global_animation":"","global_animationduration":"300","global_animationdelay":"0","hidden_md":"0","hidden_sm":"0","hidden_xs":"0","acl":null}},{"id":1494493364016,"name":"image","visibility":true,"settings":{"admin_label":"","title":"","heading_selector":"h3","title_fontsize":"","title_lineheight":"","title_fontstyle":null,"title_letterspace":"0","title_fontweight":"","title_text_color":"","title_margin_top":"","title_margin_bottom":"","image":"https://sppagebuilder.com/sample-data/images/2017/05/15/event-gallery7.jpg","alt_text":"Gallery","position":"sppb-text-center","open_lightbox":"1","overlay_color":"rgba(0, 0, 0, 0.5)","link":"","target":"","class":"","global_text_color":"","global_link_color":"","global_link_hover_color":"","global_use_background":"0","global_background_color":"","global_background_image":"","global_background_repeat":"no-repeat","global_background_size":"cover","global_background_attachment":"inherit","global_user_border":"0","global_border_width":"","global_border_color":"","global_boder_style":"none","global_border_radius":"","global_margin":"0 0 30px 0","global_padding":"","global_use_animation":"0","global_animation":"","global_animationduration":"300","global_animationdelay":"0","hidden_md":"0","hidden_sm":"0","hidden_xs":"0","acl":null}}]},{"id":1509991984173,"class_name":"col-md-3","visibility":true,"settings":{},"addons":[{"id":1494493364011,"name":"image","visibility":true,"settings":{"admin_label":"","title":"","heading_selector":"h3","title_fontsize":"","title_lineheight":"","title_fontstyle":null,"title_letterspace":"0","title_fontweight":"","title_text_color":"","title_margin_top":"","title_margin_bottom":"","image":"https://sppagebuilder.com/sample-data/images/2017/05/15/event-gallery4.jpg","alt_text":"Gallery","position":"sppb-text-center","open_lightbox":"1","overlay_color":"rgba(0, 0, 0, 0.5)","link":"","target":"","class":"","global_text_color":"","global_link_color":"","global_link_hover_color":"","global_use_background":"0","global_background_color":"","global_background_image":"","global_background_repeat":"no-repeat","global_background_size":"cover","global_background_attachment":"inherit","global_user_border":"0","global_border_width":"","global_border_color":"","global_boder_style":"none","global_border_radius":"","global_margin":"0 0 30px 0","global_padding":"","global_use_animation":"0","global_animation":"","global_animationduration":"300","global_animationdelay":"0","hidden_md":"0","hidden_sm":"0","hidden_xs":"0","acl":null}},{"id":1494493364041,"name":"image","visibility":true,"settings":{"admin_label":"","title":"","heading_selector":"h3","title_fontsize":"","title_lineheight":"","title_fontstyle":null,"title_letterspace":"0","title_fontweight":"","title_text_color":"","title_margin_top":"","title_margin_bottom":"","image":"https://sppagebuilder.com/sample-data/images/2017/05/15/event-gallery8.jpg","alt_text":"Gallery","position":"sppb-text-center","open_lightbox":"1","overlay_color":"rgba(0, 0, 0, 0.5)","link":"","target":"","class":"","global_text_color":"","global_link_color":"","global_link_hover_color":"","global_use_background":"0","global_background_color":"","global_background_image":"","global_background_repeat":"no-repeat","global_background_size":"cover","global_background_attachment":"inherit","global_user_border":"0","global_border_width":"","global_border_color":"","global_boder_style":"none","global_border_radius":"","global_margin":"0 0 30px 0","global_padding":"","global_use_animation":"0","global_animation":"","global_animationduration":"300","global_animationdelay":"0","hidden_md":"0","hidden_sm":"0","hidden_xs":"0","acl":null}}]}]},{"id":1494824668761,"visibility":true,"collapse":false,"settings":{"admin_label":"","title":"","heading_selector":"h3","title_fontsize":"","title_fontweight":"","title_text_color":"","title_margin_top":"","title_margin_bottom":"","subtitle":"","subtitle_fontsize":"","title_position":"sppb-text-center","columns_equal_height":"0","fullscreen":0,"no_gutter":0,"id":"","class":"","padding":{"md":"100px 0px 100px 0px","sm":"   ","xs":"50px  50px "},"margin":{"md":"0px 0px 0px 0px","sm":"   ","xs":"   "},"color":"","background_color":"","background_image":"","overlay":"","background_repeat":"no-repeat","background_size":"cover","background_attachment":"fixed","background_position":"0 0","background_video":0,"background_video_mp4":"","background_video_ogv":"","hidden_xs":"","hidden_sm":"","hidden_md":"","animation":"","animationduration":"300","animationdelay":"0","columns_align_center":0,"background_parallax":0,"show_top_shape":0,"show_bottom_shape":0},"layout":"12","columns":[{"id":1494824668762,"class_name":"col-md-12","visibility":true,"settings":{},"addons":[{"id":1494824668765,"name":"heading","visibility":true,"settings":{"admin_label":"","title":"Quick Contact","heading_selector":"h2","use_link":0,"title_link":"","link_new_tab":"0","title_fontsize":{"md":"38","sm":"","xs":"30"},"title_fontstyle":["uppercase"],"title_fontweight":"700","title_lineheight":"","title_letterspace":"0","title_margin":{"md":"0px 0px 30px 0px","sm":"   ","xs":"  10px "},"title_padding":{"md":"0px 0px 0px 0px","sm":"   ","xs":"   "},"alignment":"sppb-text-center","class":"","global_text_color":"rgba(28, 28, 28, 1)","global_link_color":"","global_link_hover_color":"","global_use_background":"0","global_background_color":"","global_background_image":"","global_background_repeat":"no-repeat","global_background_size":"cover","global_background_attachment":"inherit","global_user_border":"0","global_border_width":"","global_border_color":"","global_boder_style":"none","global_border_radius":"","global_margin":"0 0 33px 0","global_padding":"","global_use_animation":"0","global_animation":"","global_animationduration":"300","global_animationdelay":"0","hidden_md":"0","hidden_sm":"0","hidden_xs":"0","acl":null}},{"id":1494824851203,"name":"ajax_contact","visibility":true,"settings":{"admin_label":"","title":"","heading_selector":"h3","title_fontsize":"","title_lineheight":"","title_fontstyle":null,"title_letterspace":"0","title_fontweight":"","title_text_color":"","title_margin_top":"","title_margin_bottom":"","recipient_email":"email@yourdomain.com","formcaptcha":0,"captcha_question":"3 + 4 = ?","captcha_answer":"7","use_custom_button":1,"button_text":"Send Message","button_fontstyle":null,"button_letterspace":"0","button_type":"custom","button_appearance":"","button_background_color":"rgba(28, 28, 28, 1)","button_color":"#ffffff","button_background_color_hover":"#222222","button_color_hover":"#ffffff","button_size":"lg","button_shape":"rounded","button_block":"","button_icon":"","button_icon_position":"left","class":"text-center","global_text_color":"","global_link_color":"","global_link_hover_color":"","global_use_background":0,"global_background_color":"","global_background_image":"","global_background_repeat":"no-repeat","global_background_size":"cover","global_background_attachment":"inherit","global_user_border":0,"global_border_width":"","global_border_color":"","global_boder_style":"none","global_border_radius":"","global_margin":{"md":"   ","sm":"   ","xs":"   "},"global_padding":{"md":"   ","sm":"   ","xs":"   "},"global_use_animation":0,"global_animation":"","global_animationduration":"300","global_animationdelay":"0","hidden_md":"0","hidden_sm":"0","hidden_xs":"0","acl":null,"show_label":0}}]}]},{"id":1494825322501,"visibility":true,"collapse":false,"settings":{"admin_label":"Google Map","title":"","heading_selector":"h3","title_fontsize":"","title_fontweight":"","title_text_color":"","title_margin_top":"","title_margin_bottom":"","subtitle":"","subtitle_fontsize":"","title_position":"sppb-text-center","columns_equal_height":"0","fullscreen":1,"no_gutter":0,"id":"","class":"","padding":{"md":"0px 0px 0px 0px","sm":"   ","xs":"   "},"margin":{"md":"0px 0px 0px 0px","sm":"   ","xs":"   "},"color":"","background_color":"","background_image":"","overlay":"","background_repeat":"no-repeat","background_size":"cover","background_attachment":"fixed","background_position":"0 0","background_video":0,"background_video_mp4":"","background_video_ogv":"","hidden_xs":"","hidden_sm":"","hidden_md":"","animation":"","animationduration":"300","animationdelay":"0","columns_align_center":0,"background_parallax":0,"show_top_shape":0,"show_bottom_shape":0},"layout":"12","columns":[{"id":1494825322502,"class_name":"col-md-12","visibility":true,"settings":{},"addons":[{"id":1494825969633,"name":"gmap","visibility":true,"settings":{"admin_label":"","title":"","heading_selector":"h3","title_fontsize":"","title_lineheight":"","title_fontstyle":null,"title_letterspace":"0","title_fontweight":"","title_text_color":"","title_margin_top":"","title_margin_bottom":"","map":"40.712784, -74.005941","height":"405","type":"ROADMAP","zoom":"18","mousescroll":"false","class":"","global_text_color":"","global_link_color":"","global_link_hover_color":"","global_use_background":"0","global_background_color":"","global_background_image":"","global_background_repeat":"no-repeat","global_background_size":"cover","global_background_attachment":"inherit","global_user_border":"0","global_border_width":"","global_border_color":"","global_boder_style":"none","global_border_radius":"","global_margin":"","global_padding":"","global_use_animation":"0","global_animation":"","global_animationduration":"300","global_animationdelay":"0","hidden_md":"0","hidden_sm":"0","hidden_xs":"0","acl":null}}]}]}]