[{"id":1516619700528,"visibility":true,"collapse":false,"settings":{"admin_label":"","title":"","heading_selector":"h3","title_fontsize":"","title_fontweight":"","title_position":"sppb-text-center","columns_align_center":0,"fullscreen":0,"no_gutter":0,"padding":{"md":"330px 0px 210px 0px","sm":"   ","xs":"80px 0px 80px 0px"},"margin":{"md":"0px 0px 0px 0px","sm":"   ","xs":"   "},"background_type":"image","background_gradient":{"color":"#00c6fb","color2":"#005bea","deg":"45","type":"linear"},"background_image":"https://sppagebuilder.com/sample-data/images/2018/01/22/fitness_hero.jpg","background_parallax":0,"background_repeat":"no-repeat","background_size":"cover","background_attachment":"","background_position":"50% 50%","external_background_video":"0","show_top_shape":0,"shape_name":"clouds-flat","shape_color":"#e5e5e5","shape_width":{"md":100,"sm":100,"xs":100},"shape_height":"","shape_flip":false,"shape_invert":false,"shape_to_front":false,"show_bottom_shape":0,"bottom_shape_name":"clouds-opacity","bottom_shape_color":"#e5e5e5","bottom_shape_width":{"md":100,"sm":100,"xs":100},"bottom_shape_height":"","bottom_shape_flip":false,"bottom_shape_invert":false,"bottom_shape_to_front":false,"hidden_xs":"","hidden_sm":"","hidden_md":"","animationduration":"300","animationdelay":"0","instFormId":1516619700528,"overlay":"","color":"#fff"},"layout":"12","columns":[{"id":1516619700591,"class_name":"col-md-12","visibility":true,"settings":{"background_type":"none","background_gradient":{"color":"#00c6fb","color2":"#005bea","deg":"45","type":"linear"},"background_image":"","background_repeat":"no-repeat","background_size":"cover","background_attachment":"scroll","background_position":"0 0","items_align_center":0,"use_border":0,"border_width":"","border_radius":0,"boxshadow":"0 0 0 0 #fff","sm_col":"","xs_col":"","hidden_xs":"","hidden_sm":"","hidden_md":"","animationduration":"300","animationdelay":"0"},"addons":[{"id":1516619700592,"name":"heading","visibility":true,"settings":{"admin_label":"","title":"FITNESS","heading_selector":"h2","use_link":0,"title_link":"","link_new_tab":"","title_fontsize":{"md":"120","sm":"80","xs":"50"},"title_fontstyle":["bold"],"title_fontweight":"","title_lineheight":{"md":"100","sm":"90","xs":"60"},"title_letterspace":"10px","title_margin":{"md":"0px 0px 40px 0px","sm":"0px 0px 10px 0px","xs":"0px 0px 10px 0px"},"title_padding":{"md":"0px 0px 0px 0px","sm":"   ","xs":"   "},"alignment":"sppb-text-left","class":"","global_use_background":0,"global_user_border":0,"global_margin":{"md":"   ","sm":"   ","xs":"   "},"global_padding":{"md":"   ","sm":"   ","xs":"   "},"global_use_animation":1,"global_animation":"rotateInDownLeft","instFormId":1516619700592,"title_font_family":"Roboto","use_global_width":1,"hidden_md":0,"hidden_sm":0,"hidden_xs":0,"global_width":{"md":"90","sm":"75","xs":"90"},"global_custom_css":".sppb-addon-title{\n\tposition: relative;\n}\n.sppb-addon-title:after {\n    content: \"\";\n    width: 10px;\n    height: 260px;\n    background: rgba(255,102,0,1);\n    position: absolute;\n    left: 15px;\n    top: -115px;\n    transform: rotate(-315deg);\n}\n.sppb-addon-title:before {\n    content: \"\";\n    width: 5px;\n    height: 155px;\n    background: rgba(255,102,0,1);\n    position: absolute;\n    left: 0px;\n    top: -85px;\n    transform: rotate(-315deg);\n}"}},{"id":1516619700593,"name":"text_block","visibility":true,"settings":{"admin_label":"","title":"","heading_selector":"h3","title_fontsize":"","title_lineheight":"","title_fontstyle":"","title_letterspace":"0","title_fontweight":"","text":"I&rsquo;m not really sure how old I was when I got the gift for Christmas, but I remember thinking it was a pretty impressive.","alignment":"sppb-text-left","text_fontsize":{"md":"18","sm":"14","xs":"14"},"text_lineheight":{"md":"28","sm":"24","xs":"22"},"dropcap":0,"class":"","global_use_background":0,"global_user_border":0,"global_margin":{"md":"0px 0px 35px 0px","sm":"0px 0px 0px 0px","xs":"0px 0px 0px 0px"},"global_padding":{"md":"   ","sm":"   ","xs":"   "},"global_use_animation":1,"global_animation":"fadeInLeftBig","global_animationdelay":"","instFormId":1516619700593,"text_font_family":"Roboto","use_global_width":1,"hidden_md":0,"hidden_sm":0,"hidden_xs":0,"global_width":{"md":"50","sm":"60","xs":"90"}}},{"id":1516689970546,"name":"button_group","visibility":true,"settings":{"admin_label":"","alignment":"sppb-text-left","margin":{"md":"10","sm":"8","xs":"5"},"class":"","sp_button_group_item":[{"title":"Join Now","fontstyle":["uppercase"],"letterspace":"1px","url":"#","type":"custom","appearance":"","background_color":"rgba(255,102,0,1)","color":"#ffffff","background_color_hover":"#d85803","color_hover":"#ffffff","size":"sm","button_padding":{"md":"13px 50px 13px 50px","sm":"10px 20px 10px 20px","xs":"8px 12px 8px 12px"},"shape":"rounded","block":"","icon":"","icon_position":"left","target":"","font_style":{"uppercase":false},"font_family":"Roboto"},{"title":"Learn More","fontstyle":["uppercase"],"letterspace":"1px","url":"#","type":"custom","appearance":"outline","background_color":"rgba(255, 255, 255, 0.7)","color":"rgba(255, 255, 255, 0.7)","background_color_hover":"#fff","color_hover":"rgba(74,144,226,1)","size":"sm","button_padding":{"md":"14px 42px 14px 42px","sm":"10px 20px 10px 20px","xs":"8px 12px 8px 12px"},"shape":"rounded","block":"","icon":"","icon_position":"left","target":"","font_style":{"uppercase":false},"font_family":"Roboto"}],"global_options":"","global_text_color":"","global_link_color":"","global_link_hover_color":"","global_use_background":0,"global_background_color":"","global_background_image":"","global_background_repeat":"no-repeat","global_background_size":"cover","global_background_attachment":"inherit","global_user_border":0,"global_border_width":"","global_border_color":"","global_boder_style":"none","global_border_radius":"","global_margin":{"md":"32px 0px 30px 0px","sm":"   ","xs":"   "},"global_padding":{"md":"   ","sm":"   ","xs":"   "},"global_boxshadow":"","global_use_animation":1,"global_animation":"fadeInRightBig","global_animationduration":"","global_animationdelay":"","hidden_md":"0","hidden_sm":"0","hidden_xs":"0","acl":null,"instFormId":1516689970546}}]}]},{"id":1516684344646,"visibility":true,"collapse":false,"settings":{"admin_label":"","title":"","heading_selector":"h3","title_fontsize":"","title_fontweight":"","title_position":"sppb-text-center","columns_align_center":1,"fullscreen":0,"no_gutter":0,"padding":{"md":"100px 0px 70px 0px","sm":"   ","xs":"50px 0px 50px 0px"},"margin":{"md":"0px 0px 0px 0px","sm":"   ","xs":"   "},"background_type":"none","background_gradient":{"color":"#00c6fb","color2":"#005bea","deg":"45","type":"linear"},"background_image":"","background_parallax":"0","background_repeat":"no-repeat","background_size":"cover","background_attachment":"fixed","background_position":"0 0","external_background_video":"0","show_top_shape":0,"shape_name":"clouds-flat","shape_color":"#e5e5e5","shape_width":{"md":100,"sm":100,"xs":100},"shape_height":"","shape_flip":false,"shape_invert":false,"shape_to_front":false,"show_bottom_shape":0,"bottom_shape_name":"clouds-opacity","bottom_shape_color":"#e5e5e5","bottom_shape_width":{"md":100,"sm":100,"xs":100},"bottom_shape_height":"","bottom_shape_flip":false,"bottom_shape_invert":false,"bottom_shape_to_front":false,"hidden_xs":"","hidden_sm":"","hidden_md":"","animationduration":"300","animationdelay":"0","instFormId":1516684344646,"color":"rgba(152,152,152,1)"},"layout":"7,5","columns":[{"id":1516684344645,"class_name":"col-md-7","visibility":true,"settings":{"background_type":"none","background_gradient":{"color":"#00c6fb","color2":"#005bea","deg":"45","type":"linear"},"background_image":"","background_repeat":"no-repeat","background_size":"cover","background_attachment":"scroll","background_position":"0 0","items_align_center":0,"use_border":0,"border_width":"","border_radius":0,"boxshadow":"0 0 0 0 #fff","sm_col":"","xs_col":"","hidden_xs":"","hidden_sm":"","hidden_md":"","animationduration":"300","animationdelay":"0"},"addons":[{"id":1516684344660,"name":"heading","visibility":true,"settings":{"admin_label":"","title":"WELCOME","heading_selector":"h2","use_link":0,"title_link":"","link_new_tab":"","title_fontsize":{"md":"50","sm":"","xs":"30"},"title_fontstyle":["bold"],"title_fontweight":"","title_lineheight":{"md":"60","sm":"","xs":"40"},"title_letterspace":"10px","title_margin":{"md":"0px 0px 30px 0px","sm":"0px 0px 10px 0px","xs":"0px 0px 10px 0px"},"title_padding":{"md":"0px 0px 0px 0px","sm":"   ","xs":"   "},"alignment":"sppb-text-left","class":"","global_use_background":0,"global_user_border":0,"global_margin":{"md":"   ","sm":"   ","xs":"   "},"global_padding":{"md":"   ","sm":"   ","xs":"   "},"global_use_animation":1,"global_animation":"fadeInUp","instFormId":1516684344660,"title_font_family":"Roboto","use_global_width":1,"hidden_md":0,"hidden_sm":0,"hidden_xs":0,"global_width":{"md":"90","sm":"75","xs":"90"},"global_custom_css":"","global_text_color":"rgba(74,74,74,1)"}},{"id":1516684344663,"name":"text_block","visibility":true,"settings":{"admin_label":"","title":"","heading_selector":"h3","title_fontsize":"","title_lineheight":"","title_fontstyle":"","title_letterspace":"0","title_fontweight":"","text":"If you find yourself doing the same routine day after day, never remembering what you did the day before, having nothing to look forward to, living your life &ndash; but never enjoying it or anything in it&hellip;you are probably living your life and the relationships in it on autopilot.","alignment":"sppb-text-left","text_fontsize":{"md":"16","sm":"14","xs":"14"},"text_lineheight":{"md":"32","sm":"24","xs":"22"},"dropcap":0,"class":"","global_use_background":0,"global_user_border":0,"global_margin":{"md":"0px 0px 35px 0px","sm":"0px 0px 0px 0px","xs":"0px 0px 0px 0px"},"global_padding":{"md":"   ","sm":"   ","xs":"   "},"global_use_animation":1,"global_animation":"fadeInUp","global_animationdelay":"100","instFormId":1516684344663,"text_font_family":"Roboto","use_global_width":1,"hidden_md":0,"hidden_sm":0,"hidden_xs":0,"global_width":{"md":"87","sm":"","xs":"90"}}},{"id":1516684805037,"name":"button","visibility":true,"settings":{"admin_label":"","text":"Learn More","alignment":"sppb-text-left","letterspace":"0","type":"custom","appearance":"flat","background_color":"","color":"rgba(255,102,0,1)","background_color_hover":"","color_hover":"#d05402","button_padding":{"md":"0px 0px 0px 0px","sm":"   ","xs":"   "},"icon_position":"right","class":"","global_background_type":"none","global_background_gradient":{"color":"#00c6fb","color2":"#005bea","deg":"45","type":"linear"},"global_use_overlay":0,"global_background_repeat":"no-repeat","global_background_size":"cover","global_background_attachment":"inherit","global_user_border":0,"global_border_width":"","global_border_radius":0,"global_margin":{"md":"0 0 30px 0","sm":"0 0 20px 0","xs":"0 0 10px 0"},"global_padding":{"md":"   ","sm":"   ","xs":"   "},"global_boxshadow":"0 0 0 0 #ffffff","global_use_animation":0,"global_animationduration":"300","global_animationdelay":"0","global_custom_css":"","use_global_width":"0","hidden_md":"0","hidden_sm":"0","hidden_xs":"0","acl":"","instFormId":1516684805037,"url":"#","font_family":"Roboto","icon":"fa-long-arrow-right"}}]},{"id":1516684344647,"class_name":"col-md-5","visibility":true,"settings":{"background_type":"none","background_gradient":{"color":"#00c6fb","color2":"#005bea","deg":"45","type":"linear"},"background_image":"","background_repeat":"no-repeat","background_size":"cover","background_attachment":"scroll","background_position":"0 0","items_align_center":0,"use_border":0,"border_width":"","border_radius":0,"boxshadow":"0 0 0 0 #fff","sm_col":"","xs_col":"","hidden_xs":"","hidden_sm":"","hidden_md":"","animationduration":"300","animationdelay":"0","instFormId":1516684345027},"addons":[{"id":1516684476616,"name":"image","visibility":true,"settings":{"admin_label":"","title":"","heading_selector":"h3","title_fontsize":"","title_lineheight":"","title_letterspace":"0","title_position":"top","image":"https://sppagebuilder.com/sample-data/images/2018/01/22/fitness_img1.jpg","border_radius":0,"alt_text":"Image","position":"sppb-text-left","open_lightbox":0,"overlay_color":"rgba(119, 219, 31, .5)","link":"","class":"","global_background_type":"none","global_background_gradient":{"color":"#00c6fb","color2":"#005bea","deg":"45","type":"linear"},"global_use_overlay":0,"global_background_repeat":"no-repeat","global_background_size":"cover","global_background_attachment":"inherit","global_user_border":0,"global_border_width":"","global_border_radius":0,"global_margin":{"md":"0 0 30px 0","sm":"0 0 20px 0","xs":"0 0 10px 0"},"global_padding":{"md":"   ","sm":"   ","xs":"   "},"global_boxshadow":"0 0 0 0 #ffffff","global_use_animation":0,"global_animationduration":"300","global_animationdelay":"0","global_custom_css":"","use_global_width":"0","hidden_md":"0","hidden_sm":"0","hidden_xs":"0","acl":"","instFormId":1516684476616}}]}]},{"id":1516684344864,"visibility":true,"collapse":false,"settings":{"admin_label":"","title":"","heading_selector":"h3","title_fontsize":"","title_fontweight":"","title_position":"sppb-text-center","columns_align_center":1,"fullscreen":0,"no_gutter":0,"padding":{"md":"0px 0px 100px 0px","sm":"   ","xs":"0px 0px 50px 0px"},"margin":{"md":"0px 0px 0px 0px","sm":"   ","xs":"   "},"background_type":"none","background_gradient":{"color":"#00c6fb","color2":"#005bea","deg":"45","type":"linear"},"background_image":"","background_parallax":"0","background_repeat":"no-repeat","background_size":"cover","background_attachment":"fixed","background_position":"0 0","external_background_video":"0","show_top_shape":0,"shape_name":"clouds-flat","shape_color":"#e5e5e5","shape_width":{"md":100,"sm":100,"xs":100},"shape_height":"","shape_flip":false,"shape_invert":false,"shape_to_front":false,"show_bottom_shape":0,"bottom_shape_name":"clouds-opacity","bottom_shape_color":"#e5e5e5","bottom_shape_width":{"md":100,"sm":100,"xs":100},"bottom_shape_height":"","bottom_shape_flip":false,"bottom_shape_invert":false,"bottom_shape_to_front":false,"hidden_xs":"","hidden_sm":"","hidden_md":"","animationduration":"300","animationdelay":"0","instFormId":1516684344864,"color":"rgba(152,152,152,1)"},"layout":"7,5","columns":[{"id":1516684344869,"class_name":"col-md-7","visibility":true,"settings":{"background_type":"none","background_gradient":{"color":"#00c6fb","color2":"#005bea","deg":"45","type":"linear"},"background_image":"","background_repeat":"no-repeat","background_size":"cover","background_attachment":"scroll","background_position":"0 0","items_align_center":0,"use_border":0,"border_width":"","border_radius":0,"boxshadow":"0 0 0 0 #fff","sm_col":"","xs_col":"","hidden_xs":"","hidden_sm":"","hidden_md":"","animationduration":"300","animationdelay":"0"},"addons":[{"id":1516686273392,"name":"modal","visibility":true,"settings":{"admin_label":"","modal_selector":"icon","button_text":"Button Text","button_type":"default","button_letterspace":"0","button_padding":"","button_background_color":"#444444","button_color":"#fff","button_background_color_hover":"#222","button_color_hover":"#fff","button_appearance":"flat","selector_icon_name":"fa-play","selector_icon_size":{"md":"18"},"selector_text":"","selector_text_weight":"","selector_text_color":"","modal_content_type":"video","modal_content_text":"Kevin chicken fatback sirloin ball tip, flank meatloaf t-bone. Meatloaf shankle swine pancetta biltong capicola ham hock meatball. Shoulder bacon andouille ground round pancetta pastrami. Sirloin beef ribs tenderloin rump corned beef filet mignon capicola kielbasa drumstick chuck turducken beef t-bone ribeye. Pork loin ground round t-bone chuck beef ribs swine pastrami cow. Venison tenderloin drumstick, filet mignon salami jowl sausage shank hamburger meatball ribeye kevin tri-tip. Swine kielbasa tenderloin fatback pork shankle andouille, flank frankfurter jerky chicken tri-tip jowl leberkas.&lt;br&gt;&lt;br&gt;Pancetta chicken pork belly beef cow kielbasa fatback sirloin biltong andouille bacon. Sirloin beef tenderloin porchetta, jerky tri-tip andouille sausage landjaeger shank bresaola short ribs tongue meatloaf fatback. Kielbasa pancetta shoulder tri-tip pastrami filet mignon ham corned beef prosciutto doner beef ribs. Doner sausage ham hock, shoulder sirloin pancetta boudin filet mignon chuck. Meatball ham hock beef, filet mignon tri-tip andouille venison ground round chuck turducken drumstick.","modal_popup_width":"760","modal_popup_height":"440","alignment":"sppb-text-center","class":"","global_background_type":"image","global_background_gradient":{"color":"#00c6fb","color2":"#005bea","deg":"45","type":"linear"},"global_use_overlay":0,"global_background_repeat":"no-repeat","global_background_size":"cover","global_background_attachment":"","global_user_border":0,"global_border_width":"","global_border_radius":0,"global_margin":{"md":"0px 200px 0px 0px","sm":"0px 250px 20px 0px","xs":"0px 0px 10px 0px"},"global_padding":{"md":"270px 0px 270px 0px","sm":"   ","xs":"70px 0px 70px 0px"},"global_boxshadow":"0 0 0 0 #ffffff","global_use_animation":0,"global_animationduration":"300","global_animationdelay":"0","global_custom_css":"","use_global_width":0,"hidden_md":0,"hidden_sm":0,"hidden_xs":0,"acl":"","instFormId":1516686273392,"selector_text_margin":"   ","selector_icon_background":"#fff","selector_icon_padding":{"md":"40","sm":"","xs":"20"},"selector_icon_border_radius":{"md":"52","sm":"","xs":""},"modal_content_video_url":"https://www.youtube.com/watch?v=up9t5flDteg","global_background_image":"https://sppagebuilder.com/sample-data/images/2018/01/22/fitness_img2.jpg","selector_icon_color":"rgba(255,102,0,1)"}}]},{"id":1516684344865,"class_name":"col-md-5","visibility":true,"settings":{"background_type":"none","background_gradient":{"color":"#00c6fb","color2":"#005bea","deg":"45","type":"linear"},"background_image":"","background_repeat":"no-repeat","background_size":"cover","background_attachment":"scroll","background_position":"0 0","items_align_center":0,"use_border":0,"border_width":"","border_radius":0,"boxshadow":"0 0 0 0 #fff","sm_col":"","xs_col":"","hidden_xs":"","hidden_sm":"","hidden_md":"","animationduration":"300","animationdelay":"0"},"addons":[{"id":1516684345827,"name":"heading","visibility":true,"settings":{"admin_label":"","title":"SERVICES","heading_selector":"h2","use_link":0,"title_link":"","link_new_tab":"","title_fontsize":{"md":"50","sm":"","xs":"30"},"title_fontstyle":["bold"],"title_fontweight":"","title_lineheight":{"md":"60","sm":"","xs":"40"},"title_letterspace":"10px","title_margin":{"md":"0px 0px 30px 0px","sm":"0px 0px 10px 0px","xs":"0px 0px 10px 0px"},"title_padding":{"md":"0px 0px 0px 0px","sm":"   ","xs":"   "},"alignment":"sppb-text-left","class":"","global_use_background":0,"global_user_border":0,"global_margin":{"md":"   ","sm":"   ","xs":"   "},"global_padding":{"md":"   ","sm":"   ","xs":"   "},"global_use_animation":1,"global_animation":"fadeInUp","instFormId":1516684344866,"title_font_family":"Roboto","use_global_width":1,"hidden_md":0,"hidden_sm":0,"hidden_xs":0,"global_width":{"md":"90","sm":"75","xs":"90"},"global_custom_css":"","global_text_color":"rgba(74,74,74,1)"}},{"id":1516684344867,"name":"text_block","visibility":true,"settings":{"admin_label":"","title":"","heading_selector":"h3","title_fontsize":"","title_lineheight":"","title_fontstyle":"","title_letterspace":"0","title_fontweight":"","text":"If you find yourself doing the same routine day after day, never remembering what you did the day before, having nothing to look forward to, living your life &ndash; but never enjoying it or anything in it&hellip;you are probably living your life and the relationships in it on autopilot.","alignment":"sppb-text-left","text_fontsize":{"md":"16","sm":"14","xs":"14"},"text_lineheight":{"md":"32","sm":"24","xs":"22"},"dropcap":0,"class":"","global_use_background":0,"global_user_border":0,"global_margin":{"md":"0px 0px 35px 0px","sm":"0px 0px 0px 0px","xs":"0px 0px 0px 0px"},"global_padding":{"md":"   ","sm":"   ","xs":"   "},"global_use_animation":1,"global_animation":"fadeInUp","global_animationdelay":"100","instFormId":1516684344663,"text_font_family":"Roboto","use_global_width":1,"hidden_md":0,"hidden_sm":0,"hidden_xs":0,"global_width":{"md":"87","sm":"","xs":"90"}}},{"id":1516684345833,"name":"button","visibility":true,"settings":{"admin_label":"","text":"Learn More","alignment":"sppb-text-left","letterspace":"0","type":"custom","appearance":"flat","background_color":"","color":"rgba(255,102,0,1)","background_color_hover":"","color_hover":"#d05402","button_padding":{"md":"0px 0px 0px 0px","sm":"   ","xs":"   "},"icon_position":"right","class":"","global_background_type":"none","global_background_gradient":{"color":"#00c6fb","color2":"#005bea","deg":"45","type":"linear"},"global_use_overlay":0,"global_background_repeat":"no-repeat","global_background_size":"cover","global_background_attachment":"inherit","global_user_border":0,"global_border_width":"","global_border_radius":0,"global_margin":{"md":"0 0 30px 0","sm":"0 0 20px 0","xs":"0 0 10px 0"},"global_padding":{"md":"   ","sm":"   ","xs":"   "},"global_boxshadow":"0 0 0 0 #ffffff","global_use_animation":0,"global_animationduration":"300","global_animationdelay":"0","global_custom_css":"","use_global_width":"0","hidden_md":"0","hidden_sm":"0","hidden_xs":"0","acl":"","instFormId":1516684805037,"url":"#","font_family":"Roboto","icon":"fa-long-arrow-right"}}]}]},{"id":1516684344964,"visibility":true,"collapse":false,"settings":{"admin_label":"","title":"","heading_selector":"h3","title_fontsize":"","title_fontweight":"","title_position":"sppb-text-center","columns_align_center":0,"fullscreen":0,"no_gutter":0,"padding":{"md":"100px 0px 50px 0px","sm":"   ","xs":"50px 0px 50px 0px"},"margin":{"md":"0px 0px 0px 0px","sm":"   ","xs":"   "},"background_type":"color","background_gradient":{"color":"#00c6fb","color2":"#005bea","deg":"45","type":"linear"},"background_image":"","background_parallax":"0","background_repeat":"no-repeat","background_size":"cover","background_attachment":"fixed","background_position":"0 0","external_background_video":"0","show_top_shape":0,"shape_name":"clouds-flat","shape_color":"#e5e5e5","shape_width":{"md":100,"sm":100,"xs":100},"shape_height":"","shape_flip":false,"shape_invert":false,"shape_to_front":false,"show_bottom_shape":0,"bottom_shape_name":"clouds-opacity","bottom_shape_color":"#e5e5e5","bottom_shape_width":{"md":100,"sm":100,"xs":100},"bottom_shape_height":"","bottom_shape_flip":false,"bottom_shape_invert":false,"bottom_shape_to_front":false,"hidden_xs":"","hidden_sm":"","hidden_md":"","animationduration":"300","animationdelay":"0","instFormId":1516684344964,"color":"#fff","background_color":"rgba(23,21,27,1)"},"layout":"12,4,4,4","columns":[{"id":1516684344963,"class_name":"col-md-12","visibility":true,"settings":{"background_type":"none","background_gradient":{"color":"#00c6fb","color2":"#005bea","deg":"45","type":"linear"},"background_image":"","background_repeat":"no-repeat","background_size":"cover","background_attachment":"scroll","background_position":"0 0","items_align_center":0,"use_border":0,"border_width":"","border_radius":0,"boxshadow":"0 0 0 0 #fff","sm_col":"","xs_col":"","hidden_xs":"","hidden_sm":"","hidden_md":"","animationduration":"300","animationdelay":"0"},"addons":[{"id":1516684344967,"name":"heading","visibility":true,"settings":{"admin_label":"","title":"OUR TRAINERS","heading_selector":"h2","use_link":0,"title_link":"","link_new_tab":"","title_fontsize":{"md":"50","sm":"","xs":"30"},"title_fontstyle":["bold"],"title_fontweight":"","title_lineheight":{"md":"60","sm":"","xs":"40"},"title_letterspace":"10px","title_margin":{"md":"0px 0px 20px 0px","sm":"0px 0px 10px 0px","xs":"0px 0px 10px 0px"},"title_padding":{"md":"0px 0px 0px 0px","sm":"   ","xs":"   "},"alignment":"sppb-text-center","class":"","global_use_background":0,"global_user_border":0,"global_margin":{"md":"   ","sm":"   ","xs":"   "},"global_padding":{"md":"   ","sm":"   ","xs":"   "},"global_use_animation":0,"global_animation":"fadeInUp","instFormId":1516684344967,"title_font_family":"Roboto","use_global_width":0,"hidden_md":0,"hidden_sm":0,"hidden_xs":0,"global_width":{"md":"90","sm":"75","xs":"90"},"global_custom_css":"","global_text_color":""}},{"id":1516684344970,"name":"text_block","visibility":true,"settings":{"admin_label":"","title":"","heading_selector":"h3","title_fontsize":"","title_lineheight":"","title_fontstyle":"","title_letterspace":"0","title_fontweight":"","text":"If you find yourself doing the same routine day after day, never remembering what you did the day before, having nothing to look forward to, living your life &ndash; but never enjoying it or anything in it.","alignment":"sppb-text-center","text_fontsize":{"md":"16","sm":"14","xs":"14"},"text_lineheight":{"md":"32","sm":"24","xs":"22"},"dropcap":0,"class":"","global_use_background":0,"global_user_border":0,"global_margin":{"md":"0px auto 90px auto","sm":"0px auto 50px auto","xs":"0px auto 50px auto"},"global_padding":{"md":"   ","sm":"   ","xs":"   "},"global_use_animation":0,"global_animation":"fadeInUp","global_animationdelay":"100","instFormId":1516684344970,"text_font_family":"Roboto","use_global_width":1,"hidden_md":0,"hidden_sm":0,"hidden_xs":0,"global_width":{"md":"78","sm":"","xs":"90"},"global_text_color":"rgba(255, 255, 255, 0.7)"}}]},{"id":1516684345025,"class_name":"col-md-4","visibility":true,"settings":{"background_type":"none","background_gradient":{"color":"#00c6fb","color2":"#005bea","deg":"45","type":"linear"},"background_image":"","background_repeat":"no-repeat","background_size":"cover","background_attachment":"scroll","background_position":"0 0","items_align_center":0,"use_border":0,"border_width":"","border_radius":0,"boxshadow":"0 0 0 0 #fff","sm_col":"","xs_col":"","hidden_xs":0,"hidden_sm":0,"hidden_md":0,"animationduration":"300","animationdelay":"0","instFormId":1516684345025,"padding":{"md":"   ","sm":"   ","xs":"   "},"margin":{"md":"   ","sm":"   ","xs":"   "}},"addons":[{"id":1516684345478,"name":"person","visibility":true,"settings":{"admin_label":"","image":"https://sppagebuilder.com/sample-data/images/2018/01/22/fitness_trainer1.jpg","image_border_radius":0,"name":"Salim Reja","designation":"Creative Director","email":"","introtext":"","facebook":"http://www.facebook.com/joomshaper","twitter":"http://twitter.com/joomshaper","google_plus":"http://plus.google.com/+Joomshapers","social_position":"after","alignment":"sppb-text-center","class":"","global_background_type":"none","global_background_gradient":{"color":"#00c6fb","color2":"#005bea","deg":"45","type":"linear"},"global_use_overlay":0,"global_background_repeat":"no-repeat","global_background_size":"cover","global_background_attachment":"inherit","global_user_border":0,"global_border_width":"","global_border_radius":0,"global_margin":{"md":"0 0 30px 0","sm":"0 0 20px 0","xs":"0 0 10px 0"},"global_padding":{"md":"   ","sm":"   ","xs":"   "},"global_boxshadow":"0 0 0 0 #ffffff","global_use_animation":0,"global_animationduration":"300","global_animationdelay":"0","global_custom_css":".sppb-addon-content{\n\tposition: relative;\t\n}\n.sppb-addon-content:before {\n  content: \"\";\n  position: absolute;\n  top: 0;\n  left: 0;\n  right: 0;\n  bottom: 0;\n  background: rgba(255,102,0,0.7);\n  transition: .3s;\n  opacity: 0;\n}\n.sppb-person-name {\n    font-size: 36px !important;\n  \tline-height: 1.2 !important;\n}\n.sppb-person-designation{\n\tfont-size: 20px !important;\n  margin-top: 5px !important;\n  font-weight: 300 !important;\n}\n.sppb-person-social-icons{\n\tposition: absolute;\n  top: 50%;\n  left: 50%;\n  right: 50%;\n  width: 100%;\n  transform: translate(-50%, -50%);\n  margin-top: 50px;\n  transition: .3s;\n  opacity: 0;\n}\n.sppb-person-social>li>a{\n\tfont-size: 20px;\n}\n.sppb-person-information{\n\tposition: absolute;\n  top: 50%;\n  left: 50%;\n  right: 50%;\n  width: 100%;\n  transform: translate(-50%, -50%);\n  margin-top: -20px;\n  transition: .3s;\n  opacity:0;\n}\n#addonId:hover .sppb-addon-content:before,\n#addonId:hover .sppb-person-information,\n#addonId:hover .sppb-person-social-icons{\n\topacity: 1;\n}","use_global_width":"0","hidden_md":"0","hidden_sm":"0","hidden_xs":"0","acl":"","instFormId":1516684345478,"name_font_family":"Roboto","global_text_color":"#fff","global_link_color":"#fff","designation_color":"#fff","designation_font_family":"Roboto"}}]},{"id":1516684345026,"class_name":"col-md-4","visibility":true,"settings":{"background_type":"none","background_gradient":{"color":"#00c6fb","color2":"#005bea","deg":"45","type":"linear"},"background_image":"","background_repeat":"no-repeat","background_size":"cover","background_attachment":"scroll","background_position":"0 0","items_align_center":0,"use_border":0,"border_width":"","border_radius":0,"boxshadow":"0 0 0 0 #fff","sm_col":"","xs_col":"","hidden_xs":0,"hidden_sm":0,"hidden_md":0,"animationduration":"300","animationdelay":"0","instFormId":1516684345026,"padding":{"md":"   ","sm":"   ","xs":"   "},"margin":{"md":"   ","sm":"   ","xs":"   "}},"addons":[{"id":1516687397795,"name":"person","visibility":true,"settings":{"admin_label":"","image":"https://sppagebuilder.com/sample-data/images/2018/01/22/fitness_trainer2.jpg","image_border_radius":0,"name":"Mollie Fleming","designation":"Head of Trainer","email":"","introtext":"","facebook":"http://www.facebook.com/joomshaper","twitter":"http://twitter.com/joomshaper","google_plus":"http://plus.google.com/+Joomshapers","social_position":"after","alignment":"sppb-text-center","class":"","global_background_type":"none","global_background_gradient":{"color":"#00c6fb","color2":"#005bea","deg":"45","type":"linear"},"global_use_overlay":0,"global_background_repeat":"no-repeat","global_background_size":"cover","global_background_attachment":"inherit","global_user_border":0,"global_border_width":"","global_border_radius":0,"global_margin":{"md":"0 0 30px 0","sm":"0 0 20px 0","xs":"0 0 10px 0"},"global_padding":{"md":"   ","sm":"   ","xs":"   "},"global_boxshadow":"0 0 0 0 #ffffff","global_use_animation":0,"global_animationduration":"300","global_animationdelay":"0","global_custom_css":".sppb-addon-content{\n\tposition: relative;\t\n}\n.sppb-addon-content:before {\n  content: \"\";\n  position: absolute;\n  top: 0;\n  left: 0;\n  right: 0;\n  bottom: 0;\n  background: rgba(255,102,0,0.7);\n  transition: .3s;\n  opacity: 0;\n}\n.sppb-person-name {\n    font-size: 36px !important;\n  \tline-height: 1.2 !important;\n}\n.sppb-person-designation{\n\tfont-size: 20px !important;\n  margin-top: 5px !important;\n  font-weight: 300 !important;\n}\n.sppb-person-social-icons{\n\tposition: absolute;\n  top: 50%;\n  left: 50%;\n  right: 50%;\n  width: 100%;\n  transform: translate(-50%, -50%);\n  margin-top: 50px;\n  transition: .3s;\n  opacity: 0;\n}\n.sppb-person-social>li>a{\n\tfont-size: 20px;\n}\n.sppb-person-information{\n\tposition: absolute;\n  top: 50%;\n  left: 50%;\n  right: 50%;\n  width: 100%;\n  transform: translate(-50%, -50%);\n  margin-top: -20px;\n  transition: .3s;\n  opacity:0;\n}\n#addonId:hover .sppb-addon-content:before,\n#addonId:hover .sppb-person-information,\n#addonId:hover .sppb-person-social-icons{\n\topacity: 1;\n}","use_global_width":"0","hidden_md":"0","hidden_sm":"0","hidden_xs":"0","acl":"","instFormId":1516687397795,"name_font_family":"Roboto","global_text_color":"#fff","global_link_color":"#fff","designation_color":"#fff","designation_font_family":"Roboto"}}]},{"id":1516684345027,"class_name":"col-md-4","visibility":true,"settings":{"background_type":"none","background_gradient":{"color":"#00c6fb","color2":"#005bea","deg":"45","type":"linear"},"background_image":"","background_repeat":"no-repeat","background_size":"cover","background_attachment":"scroll","background_position":"0 0","items_align_center":0,"use_border":0,"border_width":"","border_radius":0,"boxshadow":"0 0 0 0 #fff","sm_col":"","xs_col":"","hidden_xs":0,"hidden_sm":0,"hidden_md":0,"animationduration":"300","animationdelay":"0","instFormId":1516684345027,"padding":{"md":"   ","sm":"   ","xs":"   "},"margin":{"md":"   ","sm":"   ","xs":"   "}},"addons":[{"id":1516684345481,"name":"person","visibility":true,"settings":{"admin_label":"","image":"https://sppagebuilder.com/sample-data/images/2018/01/22/fitness_trainer3.jpg","image_border_radius":0,"name":"Abella Surjon","designation":"Senior Instructor","email":"","introtext":"","facebook":"http://www.facebook.com/joomshaper","twitter":"http://twitter.com/joomshaper","google_plus":"http://plus.google.com/+Joomshapers","social_position":"after","alignment":"sppb-text-center","class":"","global_background_type":"none","global_background_gradient":{"color":"#00c6fb","color2":"#005bea","deg":"45","type":"linear"},"global_use_overlay":0,"global_background_repeat":"no-repeat","global_background_size":"cover","global_background_attachment":"inherit","global_user_border":0,"global_border_width":"","global_border_radius":0,"global_margin":{"md":"0 0 30px 0","sm":"0 0 20px 0","xs":"0 0 10px 0"},"global_padding":{"md":"   ","sm":"   ","xs":"   "},"global_boxshadow":"0 0 0 0 #ffffff","global_use_animation":0,"global_animationduration":"300","global_animationdelay":"0","global_custom_css":".sppb-addon-content{\n\tposition: relative;\t\n}\n.sppb-addon-content:before {\n  content: \"\";\n  position: absolute;\n  top: 0;\n  left: 0;\n  right: 0;\n  bottom: 0;\n  background: rgba(255,102,0,0.7);\n  transition: .3s;\n  opacity: 0;\n}\n.sppb-person-name {\n    font-size: 36px !important;\n  \tline-height: 1.2 !important;\n}\n.sppb-person-designation{\n\tfont-size: 20px !important;\n  margin-top: 5px !important;\n  font-weight: 300 !important;\n}\n.sppb-person-social-icons{\n\tposition: absolute;\n  top: 50%;\n  left: 50%;\n  right: 50%;\n  width: 100%;\n  transform: translate(-50%, -50%);\n  margin-top: 50px;\n  transition: .3s;\n  opacity: 0;\n}\n.sppb-person-social>li>a{\n\tfont-size: 20px;\n}\n.sppb-person-information{\n\tposition: absolute;\n  top: 50%;\n  left: 50%;\n  right: 50%;\n  width: 100%;\n  transform: translate(-50%, -50%);\n  margin-top: -20px;\n  transition: .3s;\n  opacity:0;\n}\n#addonId:hover .sppb-addon-content:before,\n#addonId:hover .sppb-person-information,\n#addonId:hover .sppb-person-social-icons{\n\topacity: 1;\n}","use_global_width":"0","hidden_md":"0","hidden_sm":"0","hidden_xs":"0","acl":"","instFormId":1516684345481,"name_font_family":"Roboto","global_text_color":"#fff","global_link_color":"#fff","designation_color":"#fff","designation_font_family":"Roboto"}}]}]},{"id":1516684346218,"visibility":true,"collapse":false,"settings":{"admin_label":"","title":"","heading_selector":"h3","title_fontsize":"","title_fontweight":"","title_position":"sppb-text-center","columns_align_center":1,"fullscreen":0,"no_gutter":0,"padding":{"md":"50px 0px 50px 0px","sm":"   ","xs":"   "},"margin":{"md":"0px 0px 0px 0px","sm":"   ","xs":"   "},"background_type":"none","background_gradient":{"color":"#00c6fb","color2":"#005bea","deg":"45","type":"linear"},"background_image":"","background_parallax":"0","background_repeat":"no-repeat","background_size":"cover","background_attachment":"fixed","background_position":"0 0","external_background_video":"0","show_top_shape":0,"shape_name":"clouds-flat","shape_color":"#e5e5e5","shape_width":{"md":100,"sm":100,"xs":100},"shape_height":"","shape_flip":false,"shape_invert":false,"shape_to_front":false,"show_bottom_shape":0,"bottom_shape_name":"clouds-opacity","bottom_shape_color":"#e5e5e5","bottom_shape_width":{"md":100,"sm":100,"xs":100},"bottom_shape_height":"","bottom_shape_flip":false,"bottom_shape_invert":false,"bottom_shape_to_front":false,"hidden_xs":"","hidden_sm":"","hidden_md":"","animationduration":"300","animationdelay":"0","instFormId":1516684346218,"color":"rgba(152,152,152,1)"},"layout":"6,6","columns":[{"id":1516684344722,"class_name":"col-md-6","visibility":true,"settings":{"background_type":"none","background_gradient":{"color":"#00c6fb","color2":"#005bea","deg":"45","type":"linear"},"background_image":"","background_repeat":"no-repeat","background_size":"cover","background_attachment":"scroll","background_position":"0 0","items_align_center":0,"use_border":0,"border_width":"","border_radius":0,"boxshadow":"0 0 0 0 #fff","sm_col":"","xs_col":"","hidden_xs":"","hidden_sm":"","hidden_md":"","animationduration":"300","animationdelay":"0","instFormId":1515496624173},"addons":[{"id":1516684344866,"name":"heading","visibility":true,"settings":{"admin_label":"","title":"PROGRAME","heading_selector":"h2","use_link":0,"title_link":"","link_new_tab":"","title_fontsize":{"md":"50","sm":"","xs":"30"},"title_fontstyle":["bold"],"title_fontweight":"","title_lineheight":{"md":"60","sm":"","xs":"40"},"title_letterspace":"10px","title_margin":{"md":"0px 0px 30px 0px","sm":"0px 0px 10px 0px","xs":"0px 0px 10px 0px"},"title_padding":{"md":"0px 0px 0px 0px","sm":"   ","xs":"   "},"alignment":"sppb-text-left","class":"","global_use_background":0,"global_user_border":0,"global_margin":{"md":"   ","sm":"   ","xs":"   "},"global_padding":{"md":"   ","sm":"   ","xs":"   "},"global_use_animation":1,"global_animation":"fadeInUp","instFormId":1516684344866,"title_font_family":"Roboto","use_global_width":1,"hidden_md":0,"hidden_sm":0,"hidden_xs":0,"global_width":{"md":"90","sm":"75","xs":"90"},"global_custom_css":"","global_text_color":"rgba(74,74,74,1)"}},{"id":1516684345830,"name":"text_block","visibility":true,"settings":{"admin_label":"","title":"","heading_selector":"h3","title_fontsize":"","title_lineheight":"","title_fontstyle":"","title_letterspace":"0","title_fontweight":"","text":"If you find yourself doing the same routine day after day, never remembering what you did the day before, having nothing to look forward to, living your life &ndash; but never enjoying it or anything in it&hellip;you are probably living your life and the relationships in it on autopilot.","alignment":"sppb-text-left","text_fontsize":{"md":"16","sm":"14","xs":"14"},"text_lineheight":{"md":"32","sm":"24","xs":"22"},"dropcap":0,"class":"","global_use_background":0,"global_user_border":0,"global_margin":{"md":"0px 0px 35px 0px","sm":"0px 0px 30px 0px","xs":"0px 0px 20px 0px"},"global_padding":{"md":"   ","sm":"   ","xs":"   "},"global_use_animation":1,"global_animation":"fadeInUp","global_animationdelay":"100","instFormId":1516684345830,"text_font_family":"Roboto","use_global_width":1,"hidden_md":0,"hidden_sm":0,"hidden_xs":0,"global_width":{"md":"87","sm":"","xs":"90"}}},{"id":1516684344868,"name":"button","visibility":true,"settings":{"admin_label":"","text":"Learn More","alignment":"sppb-text-left","letterspace":"0","type":"custom","appearance":"flat","background_color":"","color":"rgba(255,102,0,1)","background_color_hover":"","color_hover":"#d05402","button_padding":{"md":"0px 0px 0px 0px","sm":"   ","xs":"   "},"icon_position":"right","class":"","global_background_type":"none","global_background_gradient":{"color":"#00c6fb","color2":"#005bea","deg":"45","type":"linear"},"global_use_overlay":0,"global_background_repeat":"no-repeat","global_background_size":"cover","global_background_attachment":"inherit","global_user_border":0,"global_border_width":"","global_border_radius":0,"global_margin":{"md":"0 0 30px 0","sm":"0 0 20px 0","xs":"0 0 10px 0"},"global_padding":{"md":"   ","sm":"   ","xs":"   "},"global_boxshadow":"0 0 0 0 #ffffff","global_use_animation":0,"global_animationduration":"300","global_animationdelay":"0","global_custom_css":"","use_global_width":"0","hidden_md":"0","hidden_sm":"0","hidden_xs":"0","acl":"","instFormId":1516684805037,"url":"#","font_family":"Roboto","icon":"fa-long-arrow-right"}}]},{"id":1516684344727,"class_name":"col-md-6","visibility":true,"settings":{"background_type":"none","background_gradient":{"color":"#00c6fb","color2":"#005bea","deg":"45","type":"linear"},"background_image":"","background_repeat":"no-repeat","background_size":"cover","background_attachment":"scroll","background_position":"0 0","items_align_center":0,"use_border":0,"border_width":"","border_radius":0,"boxshadow":"0 0 0 0 #fff","sm_col":"","xs_col":"","hidden_xs":0,"hidden_sm":0,"hidden_md":0,"animationduration":"300","animationdelay":"0","instFormId":1515496624173,"padding":{"md":"   ","sm":"   ","xs":"   "},"margin":{"md":"   ","sm":"   ","xs":"   "},"class":"test"},"addons":[{"id":1516684344728,"type":"inner_row","settings":{"admin_label":"","title":"","heading_selector":"h3","title_fontsize":"","title_fontweight":"","title_position":"sppb-text-center","columns_align_center":0,"fullscreen":0,"no_gutter":0,"padding":{"md":"50px 0px 50px 0px","sm":"   ","xs":"30px 0px 0px 0px"},"margin":{"md":"0px -240px 0px 0px","sm":"0px 0px 0px 0px","xs":"0px 0px 0px 0px"},"background_type":"none","background_gradient":{"color":"#00c6fb","color2":"#005bea","deg":"45","type":"linear"},"background_image":"","background_parallax":"0","background_repeat":"no-repeat","background_size":"cover","background_attachment":"fixed","background_position":"0 0","external_background_video":"0","show_top_shape":0,"shape_name":"clouds-flat","shape_color":"#e5e5e5","shape_width":{"md":100,"sm":100,"xs":100},"shape_height":"","shape_flip":false,"shape_invert":false,"shape_to_front":false,"show_bottom_shape":0,"bottom_shape_name":"clouds-opacity","bottom_shape_color":"#e5e5e5","bottom_shape_width":{"md":100,"sm":100,"xs":100},"bottom_shape_height":"","bottom_shape_flip":false,"bottom_shape_invert":false,"bottom_shape_to_front":false,"hidden_xs":"","hidden_sm":"","hidden_md":"","animationduration":"300","animationdelay":"0","instFormId":1516684344728},"layout":"6,6,12","visibility":true,"columns":[{"id":1516684344729,"class_name":"col-md-6","visibility":true,"settings":{"background_type":"none","background_gradient":{"color":"#00c6fb","color2":"#005bea","deg":"45","type":"linear"},"background_image":"","background_repeat":"no-repeat","background_size":"cover","background_attachment":"scroll","background_position":"0 0","items_align_center":0,"use_border":0,"border_width":"","border_radius":0,"boxshadow":"0 0 0 0 #fff","sm_col":"col-sm-6","xs_col":"","hidden_xs":0,"hidden_sm":0,"hidden_md":0,"animationduration":"300","animationdelay":"0","instFormId":1515496625008,"padding":{"md":"   ","sm":"   ","xs":"   "},"margin":{"md":"   ","sm":"   ","xs":"   "}},"addons":[{"id":1516684344730,"name":"image","visibility":true,"settings":{"admin_label":"","title":"","heading_selector":"h3","title_fontsize":"","title_lineheight":"","title_letterspace":"0","title_position":"top","image":"https://sppagebuilder.com/sample-data/images/2018/01/23/fitness_programm1.jpg","border_radius":"3","alt_text":"Image","position":"sppb-text-center","open_lightbox":1,"overlay_color":"rgba(0, 0, 0, 0.7)","link":"","class":"","global_background_type":"none","global_background_gradient":{"color":"#00c6fb","color2":"#005bea","deg":"45","type":"linear"},"global_use_overlay":0,"global_background_repeat":"no-repeat","global_background_size":"cover","global_background_attachment":"inherit","global_user_border":0,"global_border_width":"","global_border_radius":0,"global_margin":{"md":"0 0 30px 50px","sm":"0 0 20px 0","xs":"0px 0px 10px 0px"},"global_padding":{"md":"   ","sm":"   ","xs":"   "},"global_boxshadow":{"ho":0,"vo":"8","blur":"8","spread":0,"color":"rgba(0, 0, 0, 0.11)","inset":false},"global_use_animation":0,"global_animationduration":"300","global_animationdelay":"0","global_custom_css":".sppb-addon-image-overlay-icon {\n  background: #fff;\n  color: #000;\n}","use_global_width":1,"hidden_md":0,"hidden_sm":0,"hidden_xs":0,"acl":"","instFormId":1516684344730,"global_width":{"md":"82","sm":"","xs":"100"}}}]},{"id":1516684344731,"class_name":"col-md-6","visibility":true,"settings":{"background_type":"none","background_gradient":{"color":"#00c6fb","color2":"#005bea","deg":"45","type":"linear"},"background_image":"","background_repeat":"no-repeat","background_size":"cover","background_attachment":"scroll","background_position":"0 0","items_align_center":0,"use_border":0,"border_width":"","border_radius":0,"boxshadow":"0 0 0 0 #fff","sm_col":"col-sm-6","xs_col":"","hidden_xs":0,"hidden_sm":0,"hidden_md":0,"animationduration":"300","animationdelay":"0","instFormId":1515496625011,"padding":{"md":"   ","sm":"   ","xs":"   "},"margin":{"md":"   ","sm":"   ","xs":"   "}},"addons":[{"id":1516684344732,"name":"image","visibility":true,"settings":{"admin_label":"","title":"","heading_selector":"h3","title_fontsize":"","title_lineheight":"","title_letterspace":"0","title_position":"top","image":"https://sppagebuilder.com/sample-data/images/2018/01/23/fitness_programm3.jpg","border_radius":"3","alt_text":"Image","position":"sppb-text-center","open_lightbox":1,"overlay_color":"rgba(0, 0, 0, 0.7)","link":"","class":"","global_background_type":"none","global_background_gradient":{"color":"#00c6fb","color2":"#005bea","deg":"45","type":"linear"},"global_use_overlay":0,"global_background_repeat":"no-repeat","global_background_size":"cover","global_background_attachment":"inherit","global_user_border":0,"global_border_width":"","global_border_radius":0,"global_margin":{"md":"0 0 30px 0","sm":"0 0 20px 0","xs":"0 0 10px 0"},"global_padding":{"md":"   ","sm":"   ","xs":"   "},"global_boxshadow":{"ho":0,"vo":"8","blur":"8","spread":0,"color":"rgba(0, 0, 0, 0.11)","inset":false},"global_use_animation":0,"global_animationduration":"300","global_animationdelay":"0","global_custom_css":".sppb-addon-image-overlay-icon {\n  background: #fff;\n  color: #000;\n}","use_global_width":1,"hidden_md":0,"hidden_sm":0,"hidden_xs":0,"acl":"","instFormId":1516684344732,"global_width":{"md":"82","sm":"","xs":"100"}}}]},{"id":1516684344733,"class_name":"col-md-12","visibility":true,"settings":{"background_type":"none","background_gradient":{"color":"#00c6fb","color2":"#005bea","deg":"45","type":"linear"},"background_image":"","background_repeat":"no-repeat","background_size":"cover","background_attachment":"scroll","background_position":"0 0","items_align_center":0,"use_border":0,"border_width":"","border_radius":0,"boxshadow":"0 0 0 0 #fff","sm_col":"","xs_col":"","hidden_xs":0,"hidden_sm":0,"hidden_md":0,"animationduration":"300","animationdelay":"0","instFormId":1515496625034,"padding":{"md":"   ","sm":"   ","xs":"   "},"margin":{"md":"   ","sm":"   ","xs":"   "}},"addons":[{"id":1516684344734,"name":"image","visibility":true,"settings":{"admin_label":"","title":"","heading_selector":"h3","title_fontsize":"","title_lineheight":"","title_letterspace":"0","title_position":"top","image":"https://sppagebuilder.com/sample-data/images/2018/01/23/fitness_programm2.jpg","border_radius":"3","alt_text":"Image","position":"sppb-text-center","open_lightbox":1,"overlay_color":"rgba(0, 0, 0, 0.7)","link":"","class":"","global_background_type":"none","global_background_gradient":{"color":"#00c6fb","color2":"#005bea","deg":"45","type":"linear"},"global_use_overlay":0,"global_background_repeat":"no-repeat","global_background_size":"cover","global_background_attachment":"inherit","global_user_border":0,"global_border_width":"","global_border_radius":0,"global_margin":{"md":"-255px 0 0 235px","sm":"-150px 0px 0px 190px","xs":"0px 0px 10px 0px"},"global_padding":{"md":"   ","sm":"   ","xs":"   "},"global_boxshadow":{"ho":0,"vo":"8","blur":"8","spread":0,"color":"rgba(0, 0, 0, 0.11)","inset":false},"global_use_animation":0,"global_animationduration":"300","global_animationdelay":"0","global_custom_css":".sppb-addon-image-overlay-icon {\n  background: #fff;\n  color: #000;\n}","use_global_width":1,"hidden_md":0,"hidden_sm":0,"hidden_xs":0,"acl":"","instFormId":1516684344734,"global_width":{"md":"39.5","sm":"","xs":"100"}}}]}]}]}]},{"id":1516689970540,"visibility":true,"collapse":false,"settings":{"admin_label":"","title":"","heading_selector":"h3","title_fontsize":"","title_fontweight":"","title_position":"sppb-text-center","columns_align_center":0,"fullscreen":0,"no_gutter":0,"padding":{"md":"100px 0px 80px 0px","sm":"   ","xs":"50px 0px 50px 0px"},"margin":{"md":"0px 0px 0px 0px","sm":"   ","xs":"   "},"background_type":"color","background_gradient":{"color":"#00c6fb","color2":"#005bea","deg":"45","type":"linear"},"background_image":"","background_parallax":"0","background_repeat":"no-repeat","background_size":"cover","background_attachment":"fixed","background_position":"0 0","external_background_video":"0","show_top_shape":0,"shape_name":"clouds-flat","shape_color":"#e5e5e5","shape_width":{"md":100,"sm":100,"xs":100},"shape_height":"","shape_flip":false,"shape_invert":false,"shape_to_front":false,"show_bottom_shape":0,"bottom_shape_name":"clouds-opacity","bottom_shape_color":"#e5e5e5","bottom_shape_width":{"md":100,"sm":100,"xs":100},"bottom_shape_height":"","bottom_shape_flip":false,"bottom_shape_invert":false,"bottom_shape_to_front":false,"hidden_xs":"","hidden_sm":"","hidden_md":"","animationduration":"300","animationdelay":"0","instFormId":1516689970540,"background_color":"rgba(255,102,0,1)","color":"#fff"},"layout":"12","columns":[{"id":1516689970539,"class_name":"col-md-12","visibility":true,"settings":{"background_type":"none","background_gradient":{"color":"#00c6fb","color2":"#005bea","deg":"45","type":"linear"},"background_image":"","background_repeat":"no-repeat","background_size":"cover","background_attachment":"scroll","background_position":"0 0","items_align_center":0,"use_border":0,"border_width":"","border_radius":0,"boxshadow":"0 0 0 0 #fff","sm_col":"","xs_col":"","hidden_xs":"","hidden_sm":"","hidden_md":"","animationduration":"300","animationdelay":"0"},"addons":[{"id":1516689970543,"name":"heading","visibility":true,"settings":{"admin_label":"","title":"START TRAINING TODAY","heading_selector":"h2","use_link":0,"title_link":"","link_new_tab":"","title_fontsize":{"md":"50","sm":"","xs":"30"},"title_fontstyle":["bold"],"title_fontweight":"","title_lineheight":{"md":"60","sm":"","xs":"40"},"title_letterspace":"10px","title_margin":{"md":"0px 0px 0px 0px","sm":"0px 0px 10px 0px","xs":"0px 0px 10px 0px"},"title_padding":{"md":"0px 0px 0px 0px","sm":"   ","xs":"   "},"alignment":"sppb-text-center","class":"","global_use_background":0,"global_user_border":0,"global_margin":{"md":"   ","sm":"   ","xs":"0px 0px 0px 0px"},"global_padding":{"md":"   ","sm":"   ","xs":"   "},"global_use_animation":0,"global_animation":"fadeInUp","instFormId":1516689970543,"title_font_family":"Roboto","use_global_width":0,"hidden_md":0,"hidden_sm":0,"hidden_xs":0,"global_width":{"md":"90","sm":"75","xs":"90"},"global_custom_css":"","global_text_color":""}},{"id":1516619700594,"name":"button_group","visibility":true,"settings":{"admin_label":"","alignment":"sppb-text-center","margin":{"md":"10","sm":"8","xs":"5"},"class":"","sp_button_group_item":[{"title":"Join Now","fontstyle":["uppercase"],"letterspace":"1px","url":"#","type":"custom","appearance":"","background_color":"#fff","color":"#4a4a4a","background_color_hover":"#4a4a4a","color_hover":"#ffffff","size":"sm","button_padding":{"md":"13px 50px 13px 50px","sm":"10px 20px 10px 20px","xs":"8px 12px 8px 12px"},"shape":"rounded","block":"","icon":"","icon_position":"left","target":"","font_style":{"uppercase":false},"font_family":"Roboto"},{"title":"Learn More","fontstyle":["uppercase"],"letterspace":"1px","url":"#","type":"custom","appearance":"outline","background_color":"rgba(255, 255, 255, 0.7)","color":"rgba(255, 255, 255, 1)","background_color_hover":"#fff","color_hover":"#4a4a4a","size":"sm","button_padding":{"md":"14px 42px 14px 42px","sm":"10px 20px 10px 20px","xs":"8px 12px 8px 12px"},"shape":"rounded","block":"","icon":"","icon_position":"left","target":"","font_style":{"uppercase":false},"font_family":"Roboto"}],"global_options":"","global_text_color":"","global_link_color":"","global_link_hover_color":"","global_use_background":0,"global_background_color":"","global_background_image":"","global_background_repeat":"no-repeat","global_background_size":"cover","global_background_attachment":"inherit","global_user_border":0,"global_border_width":"","global_border_color":"","global_boder_style":"none","global_border_radius":"","global_margin":{"md":"32px 0px 30px 0px","sm":"   ","xs":"   "},"global_padding":{"md":"   ","sm":"   ","xs":"   "},"global_boxshadow":"","global_use_animation":0,"global_animation":"fadeInUp","global_animationduration":"","global_animationdelay":"200","hidden_md":"0","hidden_sm":"0","hidden_xs":"0","acl":null,"instFormId":1516619700594}}]}]}]