[{"id":1509968781290,"visibility":true,"collapse":false,"settings":{"admin_label":"","separator1":"","title":"","heading_selector":"h3","title_fontsize":"","title_fontweight":"","title_text_color":"","title_margin_top":"","title_margin_bottom":"","separator2":"","subtitle":"","subtitle_fontsize":"","title_position":"sppb-text-center","columns_equal_height":0,"fullscreen":0,"no_gutter":0,"id":"","class":"","padding":{"md":"230px 0px 230px 0px","sm":"120px 0px 120px 0px","xs":"80px 0px 80px 0px"},"margin":{"md":"   ","sm":"   ","xs":"   "},"color":"","background_color":"","background_image":"https://sppagebuilder.com/sections/hero/header_bg8.png","background_parallax":1,"overlay":"","background_repeat":"no-repeat","background_size":"cover","background_attachment":"inherit","background_position":"50% 0","background_video":0,"external_background_video":0,"background_video_mp4":"","background_video_ogv":"","background_external_video":"","hidden_xs":"","hidden_sm":"","hidden_md":"","animation":"","animationduration":"300","animationdelay":"0"},"layout":"6,6","columns":[{"id":1509968781375,"class_name":"col-md-6","visibility":true,"settings":{"background_image":"","background_repeat":"no-repeat","background_size":"cover","background_attachment":"scroll","background_position":"0 0","boxshadow":"0 0 0 0 #fff","sm_col":"","xs_col":"","hidden_xs":0,"hidden_sm":0,"hidden_md":0,"animationduration":"300","animationdelay":"0","padding":{"md":"   ","sm":"   ","xs":"   "}},"addons":[]},{"id":1509968781376,"class_name":"col-md-6","visibility":true,"settings":{"color":"","background":"","background_image":"","overlay":"","background_repeat":"no-repeat","background_size":"cover","background_attachment":"scroll","background_position":"0 0","padding":{"md":"   ","sm":"   ","xs":"   "},"boxshadow":"","class":"","sm_col":"","xs_col":"","separator":"","hidden_xs":0,"hidden_sm":0,"hidden_md":0,"animation":"","animationduration":"300","animationdelay":"0","items_align_center":0},"addons":[{"id":1509968781377,"name":"heading","visibility":true,"settings":{"admin_label":"","title":"We love food, lots of different food.","heading_selector":"h2","use_link":0,"title_link":"","link_new_tab":"0","title_fontsize":{"md":"20","sm":"","xs":"18"},"title_fontstyle":["uppercase"],"title_fontweight":"400","title_lineheight":{"md":"35","sm":"","xs":"26"},"title_letterspace":"0","title_margin":{"md":"0px 0px 0px 0px","sm":"   ","xs":"   "},"title_padding":{"md":"0px 0px 0px 0px","sm":"   ","xs":"   "},"alignment":"sppb-text-left","class":"","global_options":"","global_text_color":"#878787","global_link_color":"","global_link_hover_color":"","global_use_background":0,"global_background_color":"","global_background_image":"","global_background_repeat":"no-repeat","global_background_size":"cover","global_background_attachment":"inherit","global_user_border":0,"global_border_width":"","global_border_color":"","global_boder_style":"none","global_border_radius":"","global_margin":{"md":"   ","sm":"   ","xs":"   "},"global_padding":{"md":"   ","sm":"   ","xs":"   "},"global_boxshadow":"","global_use_animation":0,"global_animation":"","global_animationduration":"","global_animationdelay":"","hidden_md":0,"hidden_sm":0,"hidden_xs":0,"acl":null,"use_global_width":0}},{"id":1509968781378,"name":"heading","visibility":true,"settings":{"admin_label":"","title":"Healthy food, good life","heading_selector":"h3","use_link":0,"title_link":"","link_new_tab":"0","title_fontsize":{"md":"48","sm":"","xs":"35"},"title_fontstyle":["bold"],"title_fontweight":"","title_lineheight":{"md":"48","sm":"","xs":"45"},"title_letterspace":"0","title_margin":{"md":"10px 0px 30px 0px","sm":"10px 0px 20px 0px","xs":"10px 0px 20px 0px"},"title_padding":{"md":"0px 0px 0px 0px","sm":"   ","xs":"   "},"alignment":"sppb-text-left","class":"","global_options":"","global_text_color":"#333","global_link_color":"","global_link_hover_color":"","global_use_background":0,"global_background_color":"","global_background_image":"","global_background_repeat":"no-repeat","global_background_size":"cover","global_background_attachment":"inherit","global_user_border":0,"global_border_width":"","global_border_color":"","global_boder_style":"none","global_border_radius":"","global_margin":{"md":"   ","sm":"   ","xs":"   "},"global_padding":{"md":"   ","sm":"   ","xs":"   "},"global_boxshadow":"","global_use_animation":0,"global_animation":"","global_animationduration":"","global_animationdelay":"","hidden_md":0,"hidden_sm":0,"hidden_xs":0,"acl":null,"use_global_width":0}},{"id":1509968781379,"name":"button_group","visibility":true,"settings":{"admin_label":"","alignment":"sppb-text-left","margin":{"md":"10","sm":"8","xs":"5"},"class":"","sp_button_group_item":[{"title":"Learn More","fontstyle":["uppercase"],"letterspace":"1px","url":"#","type":"custom","appearance":"","background_color":"#7ED321","color":"#ffffff","background_color_hover":"#5CA61B","color_hover":"#ffffff","size":"sm","button_padding":{"md":"12px 30px 12px 30px","sm":"8px 15px 8px 15px","xs":"6px 10px 6px 10px"},"shape":"round","block":"","icon":"","icon_position":"left","target":""},{"title":"Purchase Now","fontstyle":["uppercase"],"letterspace":"0","url":"#","type":"custom","appearance":"outline","background_color":"#7ED321","color":"#7ED321","background_color_hover":"#7ED321","color_hover":"#ffffff","size":"sm","button_padding":{"md":"12px 30px 12px 30px","sm":"8px 15px 8px 15px","xs":"6px 10px 6px 10px"},"shape":"round","block":"","icon":"","icon_position":"left","target":""}],"global_options":"","global_text_color":"","global_link_color":"","global_link_hover_color":"","global_use_background":0,"global_background_color":"","global_background_image":"","global_background_repeat":"no-repeat","global_background_size":"cover","global_background_attachment":"inherit","global_user_border":0,"global_border_width":"","global_border_color":"","global_boder_style":"none","global_border_radius":"","global_margin":{"md":"   ","sm":"   ","xs":"   "},"global_padding":{"md":"   ","sm":"   ","xs":"   "},"global_boxshadow":"","global_use_animation":0,"global_animation":"","global_animationduration":"","global_animationdelay":"","hidden_md":0,"hidden_sm":0,"hidden_xs":0,"acl":null,"use_global_width":0}}]}]},{"id":1509968781297,"visibility":true,"collapse":false,"settings":{"admin_label":"Feature 2","separator1":"","title":"","heading_selector":"h3","title_fontsize":"","title_fontweight":"","title_text_color":"","title_margin_top":"","title_margin_bottom":"","separator2":"","subtitle":"","subtitle_fontsize":"","title_position":"sppb-text-center","columns_equal_height":0,"fullscreen":0,"no_gutter":0,"id":"","class":"","padding":{"md":"100px   ","sm":"50px   ","xs":"50px   "},"margin":{"md":"   ","sm":"   ","xs":"   "},"color":"","background_color":"#ffffff","background_image":"","background_parallax":0,"overlay":"","background_repeat":"no-repeat","background_size":"cover","background_attachment":"fixed","background_position":"0 0","background_video":0,"external_background_video":"0","background_video_mp4":"","background_video_ogv":"","background_external_video":"","hidden_xs":"","hidden_sm":"","hidden_md":"","animation":"","animationduration":"300","animationdelay":"0","columns_align_center":0,"show_top_shape":0,"show_bottom_shape":0},"layout":"12,4,4,4,12","columns":[{"id":1509968781381,"class_name":"col-md-12","visibility":true,"settings":{},"addons":[{"id":1509968781382,"name":"heading","visibility":true,"settings":{"admin_label":"Our Services","title":"Our Services","heading_selector":"h2","use_link":0,"title_link":"","link_new_tab":"0","title_fontsize":"18","title_fontstyle":["uppercase"],"title_fontweight":"300","title_lineheight":{"md":"18","sm":"","xs":""},"title_letterspace":"0","title_margin":{"md":"0px 0px 20px 0px","sm":"   ","xs":"  10px "},"title_padding":{"md":"0px 0px 0px 0px","sm":"   ","xs":"   "},"alignment":"sppb-text-center","class":"","global_options":"","global_text_color":"rgba(135, 135, 135, 1)","global_link_color":"","global_link_hover_color":"","global_use_background":"0","global_background_color":"","global_background_image":"","global_background_repeat":"no-repeat","global_background_size":"cover","global_background_attachment":"inherit","global_user_border":"0","global_border_width":"","global_border_color":"","global_boder_style":"none","global_border_radius":"","global_margin":"","global_padding":"","global_boxshadow":"","global_use_animation":"0","global_animation":"","global_animationduration":"300","global_animationdelay":"0","hidden_md":"0","hidden_sm":"0","hidden_xs":"0","acl":null}},{"id":1509968781383,"name":"heading","visibility":true,"settings":{"admin_label":"How it works","title":"How it works","heading_selector":"h3","use_link":0,"title_link":"","link_new_tab":"0","title_fontsize":{"md":"36","sm":"","xs":"25"},"title_fontstyle":null,"title_fontweight":"400","title_lineheight":{"md":"42","sm":"","xs":"30"},"title_letterspace":"0","title_margin":{"md":"0px 0px 100px 0px","sm":"  50px ","xs":"  30px "},"title_padding":{"md":"0px 0px 0px 0px","sm":"   ","xs":"   "},"alignment":"sppb-text-center","class":"","global_text_color":"rgba(41, 51, 64, 1)","global_link_color":"","global_link_hover_color":"","global_use_background":0,"global_background_color":"","global_background_image":"","global_background_repeat":"no-repeat","global_background_size":"cover","global_background_attachment":"inherit","global_user_border":0,"global_border_width":"","global_border_color":"","global_boder_style":"none","global_border_radius":"","global_margin":{"md":"   ","sm":"   ","xs":"   "},"global_padding":{"md":"   ","sm":"   ","xs":"   "},"global_use_animation":0,"global_animation":"","global_animationduration":"300","global_animationdelay":"0","hidden_md":"0","hidden_sm":"0","hidden_xs":"0","acl":null}}]},{"id":1509968781384,"class_name":"col-md-4","visibility":true,"settings":{},"addons":[{"id":1509968781385,"name":"feature","visibility":true,"settings":{"admin_label":"Choose Your Food","title":"Choose Your Food","heading_selector":"h3","title_position":"after","title_fontsize":"20","title_lineheight":{"md":"26","sm":"","xs":""},"title_fontstyle":null,"title_letterspace":"0","title_fontweight":"","title_text_color":"#293340","title_margin_top":"30","title_margin_bottom":{"md":"10","sm":"","xs":""},"title_url":"","url_appear":"title","feature_type":"icon","separator_image_options":"","separator_icon_options":"","feature_image":"","icon_name":"fa-birthday-cake","icon_size":{"md":"48","sm":"","xs":""},"icon_color":"#7ED321","icon_background":"","icon_border_color":"","icon_border_width":"","icon_border_radius":"","icon_margin_top":{"md":"","sm":"","xs":""},"icon_margin_bottom":{"md":"","sm":"","xs":""},"icon_padding":{"md":"   ","sm":"   ","xs":"   "},"separator_addon_options":"","text":"In Disposable Mucus Houses, These Zooplankton Filter the Oceans","alignment":"sppb-text-center","class":"","global_options":"","global_text_color":"#878787","global_link_color":"","global_link_hover_color":"","global_use_background":0,"global_background_color":"","global_background_image":"","global_background_repeat":"no-repeat","global_background_size":"cover","global_background_attachment":"inherit","global_user_border":0,"global_border_width":"","global_border_color":"","global_boder_style":"none","global_border_radius":"","global_margin":{"md":"0px 30px 30px 30px","sm":"   ","xs":"0px 0px 30px 0px"},"global_padding":{"md":"   ","sm":"   ","xs":"   "},"global_boxshadow":"","global_use_animation":1,"global_animation":"fadeInRight","global_animationduration":"800","global_animationdelay":"","hidden_md":0,"hidden_sm":0,"hidden_xs":0,"acl":null,"text_fontsize":{"md":"16","sm":"","xs":""},"text_lineheight":{"md":"26","sm":"","xs":""},"use_global_width":0}}]},{"id":1509968781386,"class_name":"col-md-4","visibility":true,"settings":{},"addons":[{"id":1509968781387,"name":"feature","visibility":true,"settings":{"admin_label":"Delivery On Time","title":"Delivery On Time","heading_selector":"h3","title_position":"after","title_fontsize":"20","title_lineheight":{"md":"26","sm":"","xs":""},"title_fontstyle":null,"title_letterspace":"0","title_fontweight":"","title_text_color":"#293340","title_margin_top":"30","title_margin_bottom":{"md":"10","sm":"","xs":""},"title_url":"","url_appear":"title","feature_type":"icon","separator_image_options":"","separator_icon_options":"","feature_image":"","icon_name":"fa-truck","icon_size":{"md":"48","sm":"","xs":""},"icon_color":"#7ED321","icon_background":"","icon_border_color":"","icon_border_width":"","icon_border_radius":"","icon_margin_top":{"md":"","sm":"","xs":""},"icon_margin_bottom":{"md":"","sm":"","xs":""},"icon_padding":{"md":"   ","sm":"   ","xs":"   "},"separator_addon_options":"","text":"Why Two Volcanoes in Hawaii Are So Close, but So Different","alignment":"sppb-text-center","class":"","global_options":"","global_text_color":"#878787","global_link_color":"","global_link_hover_color":"","global_use_background":0,"global_background_color":"","global_background_image":"","global_background_repeat":"no-repeat","global_background_size":"cover","global_background_attachment":"inherit","global_user_border":0,"global_border_width":"","global_border_color":"","global_boder_style":"none","global_border_radius":"","global_margin":{"md":"0px 30px 30px 30px","sm":"   ","xs":"0px 0px 30px 0px"},"global_padding":{"md":"   ","sm":"   ","xs":"   "},"global_boxshadow":"","global_use_animation":1,"global_animation":"fadeInRight","global_animationduration":"800","global_animationdelay":"","hidden_md":0,"hidden_sm":0,"hidden_xs":0,"acl":null,"text_fontsize":{"md":"16","sm":"","xs":""},"text_lineheight":{"md":"26","sm":"","xs":""},"use_global_width":0}}]},{"id":1509968781388,"class_name":"col-md-4","visibility":true,"settings":{},"addons":[{"id":1509968781389,"name":"feature","visibility":true,"settings":{"admin_label":"Enjoy Your Meal","title":"Enjoy Your Meal","heading_selector":"h3","title_position":"after","title_fontsize":"20","title_lineheight":{"md":"26","sm":"","xs":""},"title_fontstyle":null,"title_letterspace":"0","title_fontweight":"","title_text_color":"#293340","title_margin_top":"30","title_margin_bottom":{"md":"10","sm":"","xs":""},"title_url":"","url_appear":"title","feature_type":"icon","separator_image_options":"","separator_icon_options":"","feature_image":"","icon_name":"fa-rebel","icon_size":{"md":"48","sm":"","xs":""},"icon_color":"#7ED321","icon_background":"","icon_border_color":"","icon_border_width":"","icon_border_radius":"","icon_margin_top":{"md":"","sm":"","xs":""},"icon_margin_bottom":{"md":"","sm":"","xs":""},"icon_padding":{"md":"   ","sm":"   ","xs":"   "},"separator_addon_options":"","text":"If Mars Is Colonized, We May Not Need to Ship In the Bricks","alignment":"sppb-text-center","class":"","global_options":"","global_text_color":"#878787","global_link_color":"","global_link_hover_color":"","global_use_background":0,"global_background_color":"","global_background_image":"","global_background_repeat":"no-repeat","global_background_size":"cover","global_background_attachment":"inherit","global_user_border":0,"global_border_width":"","global_border_color":"","global_boder_style":"none","global_border_radius":"","global_margin":{"md":"0px 30px 30px 30px","sm":"   ","xs":"0px 0px 30px 0px"},"global_padding":{"md":"   ","sm":"   ","xs":"   "},"global_boxshadow":"","global_use_animation":1,"global_animation":"fadeInRight","global_animationduration":"800","global_animationdelay":"","hidden_md":0,"hidden_sm":0,"hidden_xs":0,"acl":null,"text_fontsize":{"md":"16","sm":"","xs":""},"text_lineheight":{"md":"26","sm":"","xs":""},"use_global_width":0}}]},{"id":1510035903703,"class_name":"col-md-12","visibility":true,"settings":{},"addons":[{"id":1499316112721,"name":"divider","visibility":true,"settings":{"admin_label":"","divider_type":"border","divider_image":"","background_repeat":"no-repeat","divider_height":"10","border_style":"solid","border_width":"1","border_color":"rgba(240, 240, 240, 1)","margin_top":"15","margin_bottom":"15","class":"","global_text_color":"","global_link_color":"","global_link_hover_color":"","global_use_background":0,"global_background_color":"","global_background_image":"","global_background_repeat":"no-repeat","global_background_size":"cover","global_background_attachment":"inherit","global_user_border":0,"global_border_width":"","global_border_color":"","global_boder_style":"none","global_border_radius":"","global_margin":{"md":"   ","sm":"   ","xs":"   "},"global_padding":{"md":"50px   ","sm":"20px   ","xs":"10px   "},"global_use_animation":0,"global_animation":"","global_animationduration":"300","global_animationdelay":"0","hidden_md":"0","hidden_sm":"0","hidden_xs":"0","acl":null}}]}]},{"id":1499247916318,"visibility":true,"collapse":false,"settings":{"admin_label":"Special items","title":"","heading_selector":"h3","title_fontsize":"","title_fontweight":"","title_text_color":"","title_margin_top":"","title_margin_bottom":"","subtitle":"","subtitle_fontsize":"","title_position":"sppb-text-center","columns_equal_height":"0","fullscreen":0,"no_gutter":0,"id":"","class":"","padding":{"md":"80px   ","sm":"40px   ","xs":"50px   "},"margin":{"md":"   ","sm":"   ","xs":"   "},"color":"","background_color":"","background_image":"","overlay":"","background_repeat":"no-repeat","background_size":"cover","background_attachment":"fixed","background_position":"0 0","background_video":0,"background_video_mp4":"","background_video_ogv":"","hidden_xs":"","hidden_sm":"","hidden_md":"","animation":"","animationduration":"300","animationdelay":"0","columns_align_center":0,"background_parallax":0,"show_top_shape":0,"show_bottom_shape":0},"layout":"12,4,4,4,4,4,4,12","columns":[{"id":1499247916319,"class_name":"col-md-12","visibility":true,"settings":{},"addons":[{"id":1499250171147,"name":"heading","visibility":true,"settings":{"admin_label":"Take A Look","title":"Take A Look","heading_selector":"h2","use_link":0,"title_link":"","link_new_tab":"0","title_fontsize":"18","title_fontstyle":null,"title_fontweight":"300","title_lineheight":"","title_letterspace":"0","title_margin":{"md":"0px 0px 25px 0px","sm":"   ","xs":"  10px "},"title_padding":{"md":"0px 0px 0px 0px","sm":"   ","xs":"   "},"alignment":"sppb-text-center","class":"","global_text_color":"rgba(135, 135, 135, 1)","global_link_color":"","global_link_hover_color":"","global_use_background":0,"global_background_color":"","global_background_image":"","global_background_repeat":"no-repeat","global_background_size":"cover","global_background_attachment":"inherit","global_user_border":0,"global_border_width":"","global_border_color":"","global_boder_style":"none","global_border_radius":"","global_margin":{"md":"   ","sm":"   ","xs":"   "},"global_padding":{"md":"   ","sm":"   ","xs":"   "},"global_use_animation":0,"global_animation":"","global_animationduration":"300","global_animationdelay":"0","hidden_md":"0","hidden_sm":"0","hidden_xs":"0","acl":null}},{"id":1499247916325,"name":"heading","visibility":true,"settings":{"admin_label":"Special items","title":"Special items","heading_selector":"h3","use_link":0,"title_link":"","link_new_tab":"0","title_fontsize":{"md":"36","sm":"","xs":"25"},"title_fontstyle":null,"title_fontweight":"400","title_lineheight":"","title_letterspace":"0","title_margin":{"md":"0px 0px 10px 0px","sm":"   ","xs":"   "},"title_padding":{"md":"0px 0px 0px 0px","sm":"   ","xs":"   "},"alignment":"sppb-text-center","class":"","global_text_color":"rgba(41, 51, 64, 1)","global_link_color":"","global_link_hover_color":"","global_use_background":0,"global_background_color":"","global_background_image":"","global_background_repeat":"no-repeat","global_background_size":"cover","global_background_attachment":"inherit","global_user_border":0,"global_border_width":"","global_border_color":"","global_boder_style":"none","global_border_radius":"","global_margin":{"md":"  50px ","sm":"   ","xs":"  20px "},"global_padding":{"md":"   ","sm":"   ","xs":"   "},"global_use_animation":0,"global_animation":"","global_animationduration":"300","global_animationdelay":"0","hidden_md":"0","hidden_sm":"0","hidden_xs":"0","acl":null}}]},{"id":1510035903664,"class_name":"col-md-4","visibility":true,"settings":{"default":{"background_image":"","background_repeat":"no-repeat","background_size":"cover","background_attachment":"scroll","background_position":"0 0","items_align_center":0,"boxshadow":"0 0 0 0 #fff","sm_col":"","xs_col":"","hidden_xs":"","hidden_sm":"","hidden_md":"","animationduration":"300","animationdelay":"0"},"items_align_center":0,"padding":{"md":"   ","sm":"   ","xs":"   "},"hidden_xs":0,"hidden_sm":0,"hidden_md":0,"sm_col":"col-sm-6"},"addons":[{"id":1499252017893,"name":"flip_box","visibility":true,"settings":{"admin_label":"","flip_bhave":"hover","front_text":"","flip_text":"<h3 style=\"font-size: 16px;font-weight: 700;\">Peking Roasted Duck</h3>\nChoosing The Perfect Charcoal Grill<br><br>\n<a href=\"#\" class=\"btn btn-primary\" style=\"background: #fff;color: #7ED321;font-size: 12px;border: none; padding: 11px 30px; border-radius: 20px;\">Add To Cart</a>","class":"","flip_style":"threeD_style","rotate":"flip_left","height":"390","text_align":"center","border_styles":null,"border_color":"","front_bgcolor":"","front_bgimg":"https://sppagebuilder.com/sample-data/images/2017/07/05/service1.jpg","front_textcolor":"","back_bgcolor":"rgba(126, 211, 33, 1)","back_bgimg":"","back_textcolor":"#ffffff","global_text_color":"","global_link_color":"","global_link_hover_color":"","global_use_background":0,"global_background_color":"","global_background_image":"","global_background_repeat":"no-repeat","global_background_size":"cover","global_background_attachment":"inherit","global_user_border":0,"global_border_width":"","global_border_color":"","global_boder_style":"none","global_border_radius":"","global_margin":{"md":"   ","sm":"   ","xs":"   "},"global_padding":{"md":"   ","sm":"   ","xs":"   "},"global_use_animation":0,"global_animation":"","global_animationduration":"300","global_animationdelay":"0","hidden_md":"0","hidden_sm":"0","hidden_xs":"0","acl":null}},{"id":1499253620082,"name":"heading","visibility":true,"settings":{"admin_label":"Peking Roasted Duck","title":"Peking Roasted Duck","heading_selector":"h3","use_link":"0","title_link":"","link_new_tab":"0","title_fontsize":"16","title_fontstyle":null,"title_fontweight":"700","title_lineheight":"","title_letterspace":"0","title_margin":{"md":"30px 0px 10px 0px","sm":"   ","xs":"   "},"title_padding":{"md":"   ","sm":"   ","xs":"   "},"alignment":"sppb-text-left","class":"","global_text_color":"rgba(41, 51, 64, 1)","global_link_color":"","global_link_hover_color":"","global_use_background":"0","global_background_color":"","global_background_image":"","global_background_repeat":"no-repeat","global_background_size":"cover","global_background_attachment":"inherit","global_user_border":"0","global_border_width":"","global_border_color":"","global_boder_style":"none","global_border_radius":"","global_margin":"","global_padding":"","global_use_animation":"0","global_animation":"","global_animationduration":"300","global_animationdelay":"0","hidden_md":"0","hidden_sm":"0","hidden_xs":"0","acl":null}},{"id":1499247916354,"name":"heading","visibility":true,"settings":{"admin_label":"Choosing The Perfect Charcoal Grill","title":"Choosing The Perfect Charcoal Grill","heading_selector":"h4","use_link":0,"title_link":"","link_new_tab":"0","title_fontsize":"14","title_fontstyle":null,"title_fontweight":"","title_lineheight":"","title_letterspace":"0","title_margin":{"md":"0px 0px 30px 0px","sm":"   ","xs":"   "},"title_padding":{"md":"0px 0px 0px 0px","sm":"   ","xs":"   "},"alignment":"sppb-text-left","class":"","global_text_color":"rgba(135, 135, 135, 1)","global_link_color":"","global_link_hover_color":"","global_use_background":0,"global_background_color":"","global_background_image":"","global_background_repeat":"no-repeat","global_background_size":"cover","global_background_attachment":"inherit","global_user_border":0,"global_border_width":"","global_border_color":"","global_boder_style":"none","global_border_radius":"","global_margin":{"md":"  50px ","sm":"  0px ","xs":"0px 0px 0px 0px"},"global_padding":{"md":"   ","sm":"   ","xs":"   "},"global_use_animation":0,"global_animation":"","global_animationduration":"300","global_animationdelay":"0","hidden_md":"0","hidden_sm":"0","hidden_xs":"0","acl":null}}]},{"id":1510035903666,"class_name":"col-md-4","visibility":true,"settings":{"default":{"background_image":"","background_repeat":"no-repeat","background_size":"cover","background_attachment":"scroll","background_position":"0 0","items_align_center":0,"boxshadow":"0 0 0 0 #fff","sm_col":"","xs_col":"","hidden_xs":"","hidden_sm":"","hidden_md":"","animationduration":"300","animationdelay":"0"},"items_align_center":0,"padding":{"md":"   ","sm":"   ","xs":"   "},"hidden_xs":0,"hidden_sm":0,"hidden_md":0,"sm_col":"col-sm-6"},"addons":[{"id":1499247916401,"name":"flip_box","visibility":true,"settings":{"admin_label":"","flip_bhave":"hover","front_text":"","flip_text":"<h3 style=\"font-size: 16px;font-weight: 700;\">Peking Roasted Duck</h3>\nChoosing The Perfect Charcoal Grill<br><br>\n<a href=\"#\" class=\"btn btn-primary\" style=\"background: #fff;color: #7ED321;font-size: 12px;border: none; padding: 11px 30px; border-radius: 20px;\">Add To Cart</a>","class":"","flip_style":"threeD_style","rotate":"flip_left","height":"390","text_align":"center","border_styles":null,"border_color":"","front_bgcolor":"","front_bgimg":"https://sppagebuilder.com/sample-data/images/2017/07/05/service3.jpg","front_textcolor":"","back_bgcolor":"rgba(126, 211, 33, 1)","back_bgimg":"","back_textcolor":"#ffffff","global_text_color":"","global_link_color":"","global_link_hover_color":"","global_use_background":"0","global_background_color":"","global_background_image":"","global_background_repeat":"no-repeat","global_background_size":"cover","global_background_attachment":"inherit","global_user_border":"0","global_border_width":"","global_border_color":"","global_boder_style":"none","global_border_radius":"","global_margin":"","global_padding":"","global_use_animation":"0","global_animation":"","global_animationduration":"300","global_animationdelay":"0","hidden_md":"0","hidden_sm":"0","hidden_xs":"0","acl":null}},{"id":1499247916411,"name":"heading","visibility":true,"settings":{"admin_label":"Gong Bao Chicken","title":"Gong Bao Chicken","heading_selector":"h3","use_link":"0","title_link":"","link_new_tab":"0","title_fontsize":"16","title_fontstyle":null,"title_fontweight":"700","title_lineheight":"","title_letterspace":"0","title_margin":"30px 0px 10px 0px","title_padding":"0px 0px 0px 0px","alignment":"sppb-text-left","class":"","global_text_color":"rgba(41, 51, 64, 1)","global_link_color":"","global_link_hover_color":"","global_use_background":"0","global_background_color":"","global_background_image":"","global_background_repeat":"no-repeat","global_background_size":"cover","global_background_attachment":"inherit","global_user_border":"0","global_border_width":"","global_border_color":"","global_boder_style":"none","global_border_radius":"","global_margin":"","global_padding":"","global_use_animation":"0","global_animation":"","global_animationduration":"300","global_animationdelay":"0","hidden_md":"0","hidden_sm":"0","hidden_xs":"0","acl":null}},{"id":1499247916431,"name":"heading","visibility":true,"settings":{"admin_label":"Cooking On A George Foreman Grill","title":"Cooking On A George Foreman Grill","heading_selector":"h4","use_link":"0","title_link":"","link_new_tab":"0","title_fontsize":"14","title_fontstyle":null,"title_fontweight":"","title_lineheight":"","title_letterspace":"0","title_margin":{"md":"0px 0px 30px 0px","sm":"   ","xs":"   "},"title_padding":{"md":"0px 0px 0px 0px","sm":"   ","xs":"   "},"alignment":"sppb-text-left","class":"","global_text_color":"rgba(135, 135, 135, 1)","global_link_color":"","global_link_hover_color":"","global_use_background":0,"global_background_color":"","global_background_image":"","global_background_repeat":"no-repeat","global_background_size":"cover","global_background_attachment":"inherit","global_user_border":0,"global_border_width":"","global_border_color":"","global_boder_style":"none","global_border_radius":"","global_margin":{"md":"  50px ","sm":"0px 0px 0px 0px","xs":"0px 0px 0px 0px"},"global_padding":{"md":"   ","sm":"   ","xs":"   "},"global_use_animation":0,"global_animation":"","global_animationduration":"300","global_animationdelay":"0","hidden_md":"0","hidden_sm":"0","hidden_xs":"0","acl":null}}]},{"id":1510035903665,"class_name":"col-md-4","visibility":true,"settings":{"default":{"background_image":"","background_repeat":"no-repeat","background_size":"cover","background_attachment":"scroll","background_position":"0 0","items_align_center":0,"boxshadow":"0 0 0 0 #fff","sm_col":"","xs_col":"","hidden_xs":"","hidden_sm":"","hidden_md":"","animationduration":"300","animationdelay":"0"},"items_align_center":0,"padding":{"md":"   ","sm":"   ","xs":"   "},"hidden_xs":0,"hidden_sm":0,"hidden_md":0,"sm_col":"col-sm-6"},"addons":[{"id":1499247916406,"name":"flip_box","visibility":true,"settings":{"admin_label":"","flip_bhave":"hover","front_text":"","flip_text":"<h3 style=\"font-size: 16px;font-weight: 700;\">Peking Roasted Duck</h3>\nChoosing The Perfect Charcoal Grill<br><br>\n<a href=\"#\" class=\"btn btn-primary\" style=\"background: #fff;color: #7ED321;font-size: 12px;border: none; padding: 11px 30px; border-radius: 20px;\">Add To Cart</a>","class":"","flip_style":"threeD_style","rotate":"flip_left","height":"390","text_align":"center","border_styles":null,"border_color":"","front_bgcolor":"","front_bgimg":"https://sppagebuilder.com/sample-data/images/2017/07/05/service2.jpg","front_textcolor":"","back_bgcolor":"rgba(126, 211, 33, 1)","back_bgimg":"","back_textcolor":"#ffffff","global_text_color":"","global_link_color":"","global_link_hover_color":"","global_use_background":"0","global_background_color":"","global_background_image":"","global_background_repeat":"no-repeat","global_background_size":"cover","global_background_attachment":"inherit","global_user_border":"0","global_border_width":"","global_border_color":"","global_boder_style":"none","global_border_radius":"","global_margin":"","global_padding":"","global_use_animation":"0","global_animation":"","global_animationduration":"300","global_animationdelay":"0","hidden_md":"0","hidden_sm":"0","hidden_xs":"0","acl":null}},{"id":1499247916416,"name":"heading","visibility":true,"settings":{"admin_label":"Salad With Chicken","title":"Salad With Chicken","heading_selector":"h3","use_link":"0","title_link":"","link_new_tab":"0","title_fontsize":"16","title_fontstyle":null,"title_fontweight":"700","title_lineheight":"","title_letterspace":"0","title_margin":"30px 0px 10px 0px","title_padding":"0px 0px 0px 0px","alignment":"sppb-text-left","class":"","global_text_color":"rgba(41, 51, 64, 1)","global_link_color":"","global_link_hover_color":"","global_use_background":"0","global_background_color":"","global_background_image":"","global_background_repeat":"no-repeat","global_background_size":"cover","global_background_attachment":"inherit","global_user_border":"0","global_border_width":"","global_border_color":"","global_boder_style":"none","global_border_radius":"","global_margin":"","global_padding":"","global_use_animation":"0","global_animation":"","global_animationduration":"300","global_animationdelay":"0","hidden_md":"0","hidden_sm":"0","hidden_xs":"0","acl":null}},{"id":1499247916436,"name":"heading","visibility":true,"settings":{"admin_label":"Smarter Food Choices 101 Tips","title":"Smarter Food Choices 101 Tips","heading_selector":"h4","use_link":0,"title_link":"","link_new_tab":"0","title_fontsize":"14","title_fontstyle":null,"title_fontweight":"","title_lineheight":"","title_letterspace":"0","title_margin":{"md":"0px 0px 30px 0px","sm":"   ","xs":"   "},"title_padding":{"md":"0px 0px 0px 0px","sm":"   ","xs":"   "},"alignment":"sppb-text-left","class":"","global_text_color":"rgba(135, 135, 135, 1)","global_link_color":"","global_link_hover_color":"","global_use_background":0,"global_background_color":"","global_background_image":"","global_background_repeat":"no-repeat","global_background_size":"cover","global_background_attachment":"inherit","global_user_border":0,"global_border_width":"","global_border_color":"","global_boder_style":"none","global_border_radius":"","global_margin":{"md":"  50px ","sm":"  0px ","xs":"  0px "},"global_padding":{"md":"   ","sm":"   ","xs":"   "},"global_use_animation":0,"global_animation":"","global_animationduration":"300","global_animationdelay":"0","hidden_md":"0","hidden_sm":"0","hidden_xs":"0","acl":null}}]},{"id":1510035903663,"class_name":"col-md-4","visibility":true,"settings":{"default":{"background_image":"","background_repeat":"no-repeat","background_size":"cover","background_attachment":"scroll","background_position":"0 0","items_align_center":0,"boxshadow":"0 0 0 0 #fff","sm_col":"","xs_col":"","hidden_xs":"","hidden_sm":"","hidden_md":"","animationduration":"300","animationdelay":"0"},"items_align_center":0,"padding":{"md":"   ","sm":"   ","xs":"   "},"hidden_xs":0,"hidden_sm":0,"hidden_md":0,"sm_col":"col-sm-6"},"addons":[{"id":1499256854572,"name":"flip_box","visibility":true,"settings":{"admin_label":"","flip_bhave":"hover","front_text":"","flip_text":"<h3 style=\"font-size: 16px;font-weight: 700;\">Peking Roasted Duck</h3>\nChoosing The Perfect Charcoal Grill<br><br>\n<a href=\"#\" class=\"btn btn-primary\" style=\"background: #fff;color: #7ED321;font-size: 12px;border: none; padding: 11px 30px; border-radius: 20px;\">Add To Cart</a>","class":"","flip_style":"threeD_style","rotate":"flip_left","height":"390","text_align":"center","border_styles":null,"border_color":"","front_bgcolor":"","front_bgimg":"https://sppagebuilder.com/sample-data/images/2017/07/06/service6.jpg","front_textcolor":"","back_bgcolor":"rgba(126, 211, 33, 1)","back_bgimg":"","back_textcolor":"#ffffff","global_text_color":"","global_link_color":"","global_link_hover_color":"","global_use_background":"0","global_background_color":"","global_background_image":"","global_background_repeat":"no-repeat","global_background_size":"cover","global_background_attachment":"inherit","global_user_border":"0","global_border_width":"","global_border_color":"","global_boder_style":"none","global_border_radius":"","global_margin":"","global_padding":"","global_use_animation":"0","global_animation":"","global_animationduration":"300","global_animationdelay":"0","hidden_md":"0","hidden_sm":"0","hidden_xs":"0","acl":null}},{"id":1499256854573,"name":"heading","visibility":true,"settings":{"admin_label":"Gong Bao Chicken","title":"Gong Bao Chicken","heading_selector":"h3","use_link":"0","title_link":"","link_new_tab":"0","title_fontsize":"16","title_fontstyle":null,"title_fontweight":"700","title_lineheight":"","title_letterspace":"0","title_margin":"30px 0px 10px 0px","title_padding":"0px 0px 0px 0px","alignment":"sppb-text-left","class":"","global_text_color":"rgba(41, 51, 64, 1)","global_link_color":"","global_link_hover_color":"","global_use_background":"0","global_background_color":"","global_background_image":"","global_background_repeat":"no-repeat","global_background_size":"cover","global_background_attachment":"inherit","global_user_border":"0","global_border_width":"","global_border_color":"","global_boder_style":"none","global_border_radius":"","global_margin":"","global_padding":"","global_use_animation":"0","global_animation":"","global_animationduration":"300","global_animationdelay":"0","hidden_md":"0","hidden_sm":"0","hidden_xs":"0","acl":null}},{"id":1499256854574,"name":"heading","visibility":true,"settings":{"admin_label":"Cooking On A George Foreman Grill","title":"Cooking On A George Foreman Grill","heading_selector":"h4","use_link":0,"title_link":"","link_new_tab":"0","title_fontsize":"14","title_fontstyle":null,"title_fontweight":"","title_lineheight":"","title_letterspace":"0","title_margin":{"md":"0px 0px 30px 0px","sm":"   ","xs":"   "},"title_padding":{"md":"0px 0px 0px 0px","sm":"   ","xs":"   "},"alignment":"sppb-text-left","class":"","global_text_color":"rgba(135, 135, 135, 1)","global_link_color":"","global_link_hover_color":"","global_use_background":0,"global_background_color":"","global_background_image":"","global_background_repeat":"no-repeat","global_background_size":"cover","global_background_attachment":"inherit","global_user_border":0,"global_border_width":"","global_border_color":"","global_boder_style":"none","global_border_radius":"","global_margin":{"md":"   ","sm":"   ","xs":"   "},"global_padding":{"md":"  50px ","sm":"  0px ","xs":"  0px "},"global_use_animation":0,"global_animation":"","global_animationduration":"300","global_animationdelay":"0","hidden_md":"0","hidden_sm":"0","hidden_xs":"0","acl":null}}]},{"id":1510035903651,"class_name":"col-md-4","visibility":true,"settings":{"default":{"background_image":"","background_repeat":"no-repeat","background_size":"cover","background_attachment":"scroll","background_position":"0 0","items_align_center":0,"boxshadow":"0 0 0 0 #fff","sm_col":"","xs_col":"","hidden_xs":"","hidden_sm":"","hidden_md":"","animationduration":"300","animationdelay":"0"},"items_align_center":0,"padding":{"md":"   ","sm":"   ","xs":"   "},"hidden_xs":0,"hidden_sm":0,"hidden_md":0,"sm_col":"col-sm-6"},"addons":[{"id":1499256854564,"name":"flip_box","visibility":true,"settings":{"admin_label":"","flip_bhave":"hover","front_text":"","flip_text":"<h3 style=\"font-size: 16px;font-weight: 700;\">Peking Roasted Duck</h3>\nChoosing The Perfect Charcoal Grill<br><br>\n<a href=\"#\" class=\"btn btn-primary\" style=\"background: #fff;color: #7ED321;font-size: 12px;border: none; padding: 11px 30px; border-radius: 20px;\">Add To Cart</a>","class":"","flip_style":"threeD_style","rotate":"flip_left","height":"390","text_align":"center","border_styles":null,"border_color":"","front_bgcolor":"","front_bgimg":"https://sppagebuilder.com/sample-data/images/2017/07/05/service4.jpg","front_textcolor":"","back_bgcolor":"rgba(126, 211, 33, 1)","back_bgimg":"","back_textcolor":"#ffffff","global_text_color":"","global_link_color":"","global_link_hover_color":"","global_use_background":"0","global_background_color":"","global_background_image":"","global_background_repeat":"no-repeat","global_background_size":"cover","global_background_attachment":"inherit","global_user_border":"0","global_border_width":"","global_border_color":"","global_boder_style":"none","global_border_radius":"","global_margin":"","global_padding":"","global_use_animation":"0","global_animation":"","global_animationduration":"300","global_animationdelay":"0","hidden_md":"0","hidden_sm":"0","hidden_xs":"0","acl":null}},{"id":1499256854565,"name":"heading","visibility":true,"settings":{"admin_label":"Peking Roasted Duck","title":"Peking Roasted Duck","heading_selector":"h3","use_link":"0","title_link":"","link_new_tab":"0","title_fontsize":"16","title_fontstyle":null,"title_fontweight":"700","title_lineheight":"","title_letterspace":"0","title_margin":"30px 0px 10px 0px","title_padding":"0px 0px 0px 0px","alignment":"sppb-text-left","class":"","global_text_color":"rgba(41, 51, 64, 1)","global_link_color":"","global_link_hover_color":"","global_use_background":"0","global_background_color":"","global_background_image":"","global_background_repeat":"no-repeat","global_background_size":"cover","global_background_attachment":"inherit","global_user_border":"0","global_border_width":"","global_border_color":"","global_boder_style":"none","global_border_radius":"","global_margin":"","global_padding":"","global_use_animation":"0","global_animation":"","global_animationduration":"300","global_animationdelay":"0","hidden_md":"0","hidden_sm":"0","hidden_xs":"0","acl":null}},{"id":1499256854566,"name":"heading","visibility":true,"settings":{"admin_label":"Choosing The Perfect Charcoal Grill","title":"Choosing The Perfect Charcoal Grill","heading_selector":"h4","use_link":0,"title_link":"","link_new_tab":"0","title_fontsize":"14","title_fontstyle":null,"title_fontweight":"","title_lineheight":"","title_letterspace":"0","title_margin":{"md":"0px 0px 30px 0px","sm":"   ","xs":"   "},"title_padding":{"md":"0px 0px 0px 0px","sm":"   ","xs":"   "},"alignment":"sppb-text-left","class":"","global_text_color":"rgba(135, 135, 135, 1)","global_link_color":"","global_link_hover_color":"","global_use_background":0,"global_background_color":"","global_background_image":"","global_background_repeat":"no-repeat","global_background_size":"cover","global_background_attachment":"inherit","global_user_border":0,"global_border_width":"","global_border_color":"","global_boder_style":"none","global_border_radius":"","global_margin":{"md":"  50px ","sm":"  0px ","xs":"  0px "},"global_padding":{"md":"   ","sm":"   ","xs":"   "},"global_use_animation":0,"global_animation":"","global_animationduration":"300","global_animationdelay":"0","hidden_md":"0","hidden_sm":"0","hidden_xs":"0","acl":null}}]},{"id":1510035903652,"class_name":"col-md-4","visibility":true,"settings":{"default":{"background_image":"","background_repeat":"no-repeat","background_size":"cover","background_attachment":"scroll","background_position":"0 0","items_align_center":0,"boxshadow":"0 0 0 0 #fff","sm_col":"","xs_col":"","hidden_xs":"","hidden_sm":"","hidden_md":"","animationduration":"300","animationdelay":"0"},"items_align_center":0,"padding":{"md":"   ","sm":"   ","xs":"   "},"hidden_xs":0,"hidden_sm":0,"hidden_md":0,"sm_col":"col-sm-6"},"addons":[{"id":1499256854568,"name":"flip_box","visibility":true,"settings":{"admin_label":"","flip_bhave":"hover","front_text":"","flip_text":"<h3 style=\"font-size: 16px;font-weight: 700;\">Peking Roasted Duck</h3>\nChoosing The Perfect Charcoal Grill<br><br>\n<a href=\"#\" class=\"btn btn-primary\" style=\"background: #fff;color: #7ED321;font-size: 12px;border: none; padding: 11px 30px; border-radius: 20px;\">Add To Cart</a>","class":"","flip_style":"threeD_style","rotate":"flip_left","height":"390","text_align":"center","border_styles":null,"border_color":"","front_bgcolor":"","front_bgimg":"https://sppagebuilder.com/sample-data/images/2017/07/05/service5.jpg","front_textcolor":"","back_bgcolor":"rgba(126, 211, 33, 1)","back_bgimg":"","back_textcolor":"#ffffff","global_text_color":"","global_link_color":"","global_link_hover_color":"","global_use_background":"0","global_background_color":"","global_background_image":"","global_background_repeat":"no-repeat","global_background_size":"cover","global_background_attachment":"inherit","global_user_border":"0","global_border_width":"","global_border_color":"","global_boder_style":"none","global_border_radius":"","global_margin":"","global_padding":"","global_use_animation":"0","global_animation":"","global_animationduration":"300","global_animationdelay":"0","hidden_md":"0","hidden_sm":"0","hidden_xs":"0","acl":null}},{"id":1499256854569,"name":"heading","visibility":true,"settings":{"admin_label":"Salad With Chicken","title":"Salad With Chicken","heading_selector":"h3","use_link":"0","title_link":"","link_new_tab":"0","title_fontsize":"16","title_fontstyle":null,"title_fontweight":"700","title_lineheight":"","title_letterspace":"0","title_margin":"30px 0px 10px 0px","title_padding":"0px 0px 0px 0px","alignment":"sppb-text-left","class":"","global_text_color":"rgba(41, 51, 64, 1)","global_link_color":"","global_link_hover_color":"","global_use_background":"0","global_background_color":"","global_background_image":"","global_background_repeat":"no-repeat","global_background_size":"cover","global_background_attachment":"inherit","global_user_border":"0","global_border_width":"","global_border_color":"","global_boder_style":"none","global_border_radius":"","global_margin":"","global_padding":"","global_use_animation":"0","global_animation":"","global_animationduration":"300","global_animationdelay":"0","hidden_md":"0","hidden_sm":"0","hidden_xs":"0","acl":null}},{"id":1499256854570,"name":"heading","visibility":true,"settings":{"admin_label":"Smarter Food Choices 101 Tips","title":"Smarter Food Choices 101 Tips","heading_selector":"h4","use_link":0,"title_link":"","link_new_tab":"0","title_fontsize":"14","title_fontstyle":null,"title_fontweight":"","title_lineheight":"","title_letterspace":"0","title_margin":{"md":"0px 0px 30px 0px","sm":"   ","xs":"   "},"title_padding":{"md":"0px 0px 0px 0px","sm":"   ","xs":"   "},"alignment":"sppb-text-left","class":"","global_text_color":"rgba(135, 135, 135, 1)","global_link_color":"","global_link_hover_color":"","global_use_background":0,"global_background_color":"","global_background_image":"","global_background_repeat":"no-repeat","global_background_size":"cover","global_background_attachment":"inherit","global_user_border":0,"global_border_width":"","global_border_color":"","global_boder_style":"none","global_border_radius":"","global_margin":{"md":"   ","sm":"   ","xs":"   "},"global_padding":{"md":"  50px ","sm":"  0px ","xs":"  0px "},"global_use_animation":0,"global_animation":"","global_animationduration":"300","global_animationdelay":"0","hidden_md":"0","hidden_sm":"0","hidden_xs":"0","acl":null}}]},{"id":1510035903653,"class_name":"col-md-12","visibility":true,"settings":{},"addons":[{"id":1499315442071,"name":"button","visibility":true,"settings":{"admin_label":"View More","text":"View More","alignment":"sppb-text-center","fontstyle":null,"letterspace":"0","url":"#","target":"","type":"custom","appearance":"","background_color":"rgba(126, 211, 33, 1)","color":"#ffffff","background_color_hover":"rgba(99, 189, 21, 1)","color_hover":"#ffffff","button_padding":{"md":"12.5px 40px 12.5px 40px","sm":"   ","xs":"10px 20px 10px 20px"},"size":"","shape":"round","block":"","icon":"","icon_position":"left","class":"","global_text_color":"","global_link_color":"","global_link_hover_color":"","global_use_background":0,"global_background_color":"","global_background_image":"","global_background_repeat":"no-repeat","global_background_size":"cover","global_background_attachment":"inherit","global_user_border":0,"global_border_width":"","global_border_color":"","global_boder_style":"none","global_border_radius":"","global_margin":{"md":"   ","sm":"   ","xs":"   "},"global_padding":{"md":"   ","sm":"   ","xs":"   "},"global_use_animation":0,"global_animation":"","global_animationduration":"300","global_animationdelay":"0","hidden_md":"0","hidden_sm":"0","hidden_xs":"0","acl":null}},{"id":1510035903790,"name":"divider","visibility":true,"settings":{"admin_label":"","divider_type":"border","divider_image":"","background_repeat":"no-repeat","divider_height":"10","border_style":"solid","border_width":"1","border_color":"rgba(240, 240, 240, 1)","margin_top":"15","margin_bottom":"15","class":"","global_text_color":"","global_link_color":"","global_link_hover_color":"","global_use_background":0,"global_background_color":"","global_background_image":"","global_background_repeat":"no-repeat","global_background_size":"cover","global_background_attachment":"inherit","global_user_border":0,"global_border_width":"","global_border_color":"","global_boder_style":"none","global_border_radius":"","global_margin":{"md":"   ","sm":"   ","xs":"   "},"global_padding":{"md":"85px   ","sm":"20px   ","xs":"10px   "},"global_use_animation":0,"global_animation":"","global_animationduration":"300","global_animationdelay":"0","hidden_md":"0","hidden_sm":"0","hidden_xs":"0","acl":null}}]}]},{"id":1499315442055,"visibility":true,"collapse":false,"settings":{"admin_label":"New habits","title":"","heading_selector":"h3","title_fontsize":"","title_fontweight":"","title_text_color":"","title_margin_top":"","title_margin_bottom":"","subtitle":"","subtitle_fontsize":"","title_position":"sppb-text-center","columns_equal_height":"0","fullscreen":0,"no_gutter":0,"id":"","class":"","padding":{"md":"80px 0px 115px 0px","sm":"   ","xs":"50px  50px "},"margin":{"md":"   ","sm":"   ","xs":"   "},"color":"","background_color":"","background_image":"","overlay":"","background_repeat":"no-repeat","background_size":"cover","background_attachment":"fixed","background_position":"0 0","background_video":0,"background_video_mp4":"","background_video_ogv":"","hidden_xs":"","hidden_sm":"","hidden_md":"","animation":"","animationduration":"300","animationdelay":"0","columns_align_center":0,"background_parallax":0,"show_top_shape":0,"show_bottom_shape":0},"layout":"12","columns":[{"id":1499315442056,"class_name":"col-md-12","visibility":true,"settings":{},"addons":[{"id":1499316112726,"name":"heading","visibility":true,"settings":{"admin_label":"It Really Works","title":"It Really Works","heading_selector":"h2","use_link":0,"title_link":"","link_new_tab":"0","title_fontsize":"18","title_fontstyle":null,"title_fontweight":"300","title_lineheight":"","title_letterspace":"0","title_margin":{"md":"0px 0px 25px 0px","sm":"   ","xs":"  10px "},"title_padding":{"md":"0px 0px 0px 0px","sm":"   ","xs":"   "},"alignment":"sppb-text-center","class":"","global_text_color":"rgba(135, 135, 135, 1)","global_link_color":"","global_link_hover_color":"","global_use_background":"0","global_background_color":"","global_background_image":"","global_background_repeat":"no-repeat","global_background_size":"cover","global_background_attachment":"inherit","global_user_border":"0","global_border_width":"","global_border_color":"","global_boder_style":"none","global_border_radius":"","global_margin":"","global_padding":"","global_use_animation":"0","global_animation":"","global_animationduration":"300","global_animationdelay":"0","hidden_md":"0","hidden_sm":"0","hidden_xs":"0","acl":null}},{"id":1499316112729,"name":"heading","visibility":true,"settings":{"admin_label":"New habits","title":"New habits","heading_selector":"h3","use_link":0,"title_link":"","link_new_tab":"0","title_fontsize":{"md":"36","sm":"","xs":"25"},"title_fontstyle":null,"title_fontweight":"400","title_lineheight":"","title_letterspace":"0","title_margin":{"md":"0px 0px 70px 0px","sm":"  40px ","xs":"  40px "},"title_padding":{"md":"0px 0px 0px 0px","sm":"   ","xs":"   "},"alignment":"sppb-text-center","class":"","global_text_color":"rgba(41, 51, 64, 1)","global_link_color":"","global_link_hover_color":"","global_use_background":0,"global_background_color":"","global_background_image":"","global_background_repeat":"no-repeat","global_background_size":"cover","global_background_attachment":"inherit","global_user_border":0,"global_border_width":"","global_border_color":"","global_boder_style":"none","global_border_radius":"","global_margin":{"md":"   ","sm":"   ","xs":"   "},"global_padding":{"md":"   ","sm":"   ","xs":"   "},"global_use_animation":0,"global_animation":"","global_animationduration":"300","global_animationdelay":"0","hidden_md":"0","hidden_sm":"0","hidden_xs":"0","acl":null}},{"id":1499316724894,"name":"timeline","visibility":true,"settings":{"admin_label":"","title":"","heading_selector":"h3","title_fontsize":"","title_lineheight":"","title_fontstyle":null,"title_letterspace":"0","title_fontweight":"","title_text_color":"","title_margin_top":"","title_margin_bottom":"","bar_color":"rgba(126, 211, 33, 1)","class":"","sp_timeline_items":[{"title":"Is It Good To Hire A Personal Chef","content":"\tChoosing The Perfect Charcoal Grill","date":"Week 1 : Get Motivated"},{"title":"Top 3 Reasons Why You Need","content":"The Wonderful Tools Of Cooking","date":"Week 2 : Plan Your Time"},{"title":"Grilled Roast Vegetables","content":"Love Food Read All About It With A Cooking","date":"Week 3 : Maintaining Yourself"},{"title":"Sweet and Sour Pork","content":"The Wonderful Tools Of Cooking","date":"Week 4 : See Your Habits"},{"title":"Peking Roasted Duck","content":"Smarter Food Choices 101 Tips","date":"Week 1-4 : Got New Habits"}],"global_text_color":"","global_link_color":"","global_link_hover_color":"","global_use_background":"0","global_background_color":"","global_background_image":"","global_background_repeat":"no-repeat","global_background_size":"cover","global_background_attachment":"inherit","global_user_border":"0","global_border_width":"","global_border_color":"","global_boder_style":"none","global_border_radius":"","global_margin":"","global_padding":"","global_use_animation":"0","global_animation":"","global_animationduration":"300","global_animationdelay":"0","hidden_md":"0","hidden_sm":"0","hidden_xs":"0","acl":null}}]}]},{"id":1499317093316,"visibility":true,"collapse":false,"settings":{"admin_label":"Call to action","title":"","heading_selector":"h3","title_fontsize":"","title_fontweight":"","title_text_color":"","title_margin_top":"","title_margin_bottom":"","subtitle":"","subtitle_fontsize":"","title_position":"sppb-text-center","columns_equal_height":"0","fullscreen":0,"no_gutter":0,"id":"","class":"","padding":{"md":"175px 0px 180px 0px","sm":"120px  120px ","xs":"70px  70px "},"margin":{"md":"   ","sm":"   ","xs":"   "},"color":"","background_color":"","background_image":"https://sppagebuilder.com/sample-data/images/2017/07/10/hero-section2.jpg","overlay":"","background_repeat":"no-repeat","background_size":"cover","background_attachment":"inherit","background_position":"50% 50%","background_video":0,"background_video_mp4":"","background_video_ogv":"","hidden_xs":"","hidden_sm":"","hidden_md":"","animation":"","animationduration":"300","animationdelay":"0","columns_align_center":0,"background_parallax":0,"show_top_shape":0,"show_bottom_shape":0},"layout":"12","columns":[{"id":1499247916203,"class_name":"col-md-12","visibility":true,"settings":{},"addons":[{"id":1499248472707,"name":"heading","visibility":true,"settings":{"admin_label":"We love food, lots of different food, just like you.","title":"We love food, lots of different food, just like you.","heading_selector":"h2","use_link":0,"title_link":"","link_new_tab":"0","title_fontsize":{"md":"18","sm":"","xs":"16"},"title_fontstyle":null,"title_fontweight":"300","title_lineheight":{"md":"","sm":"","xs":""},"title_letterspace":"0","title_margin":{"md":"0px 0px 17px 0px","sm":"   ","xs":"   "},"title_padding":{"md":"0px 0px 0px 0px","sm":"   ","xs":"   "},"alignment":"sppb-text-left","class":"","global_text_color":"rgba(135, 135, 135, 1)","global_link_color":"","global_link_hover_color":"","global_use_background":0,"global_background_color":"","global_background_image":"","global_background_repeat":"no-repeat","global_background_size":"cover","global_background_attachment":"inherit","global_user_border":0,"global_border_width":"","global_border_color":"","global_boder_style":"none","global_border_radius":"","global_margin":{"md":"   ","sm":"   ","xs":"   "},"global_padding":{"md":"   ","sm":"   ","xs":"   "},"global_use_animation":0,"global_animation":"","global_animationduration":"300","global_animationdelay":"0","hidden_md":"0","hidden_sm":"0","hidden_xs":"0","acl":null}},{"id":1499247916208,"name":"heading","visibility":true,"settings":{"admin_label":"The Principles Of Scientific Cooking","title":"The Principles Of Scientific Cooking","heading_selector":"h3","use_link":0,"title_link":"","link_new_tab":"0","title_fontsize":{"md":"36","sm":"","xs":"25"},"title_fontstyle":null,"title_fontweight":"400","title_lineheight":{"md":"45","sm":"","xs":"35"},"title_letterspace":"0","title_margin":{"md":"0px 0px 30px 0px","sm":"   ","xs":"0px 0px 20px 0px"},"title_padding":{"md":"0px 0px 0px 0px","sm":"   ","xs":"   "},"alignment":"sppb-text-left","class":"","global_text_color":"rgba(41, 51, 64, 1)","global_link_color":"","global_link_hover_color":"","global_use_background":"0","global_background_color":"","global_background_image":"","global_background_repeat":"no-repeat","global_background_size":"cover","global_background_attachment":"inherit","global_user_border":"0","global_border_width":"","global_border_color":"","global_boder_style":"none","global_border_radius":"","global_margin":"","global_padding":"","global_use_animation":"0","global_animation":"","global_animationduration":"300","global_animationdelay":"0","hidden_md":"0","hidden_sm":"0","hidden_xs":"0","acl":null}},{"id":1499248681960,"name":"button","visibility":true,"settings":{"admin_label":"Learn More","text":"Learn More","alignment":"sppb-text-left","fontstyle":null,"letterspace":"0","url":"#","target":"","type":"custom","appearance":"","background_color":"rgba(126, 211, 33, 1)","color":"#ffffff","background_color_hover":"rgba(99, 189, 21, 1)","color_hover":"#ffffff","button_padding":{"md":"12.5px 40px 12.5px 40px","sm":"   ","xs":"10px 20px 10px 20px"},"size":"","shape":"round","block":"","icon":"","icon_position":"left","class":"","global_text_color":"","global_link_color":"","global_link_hover_color":"","global_use_background":"0","global_background_color":"","global_background_image":"","global_background_repeat":"no-repeat","global_background_size":"cover","global_background_attachment":"inherit","global_user_border":"0","global_border_width":"","global_border_color":"","global_boder_style":"none","global_border_radius":"","global_margin":"","global_padding":"","global_use_animation":"0","global_animation":"","global_animationduration":"300","global_animationdelay":"0","hidden_md":"0","hidden_sm":"0","hidden_xs":"0","acl":null}}]}]},{"id":1499317147784,"visibility":true,"collapse":false,"settings":{"admin_label":"Happy peoples","title":"","heading_selector":"h3","title_fontsize":"","title_fontweight":"","title_text_color":"","title_margin_top":"","title_margin_bottom":"","subtitle":"","subtitle_fontsize":"","title_position":"sppb-text-center","columns_equal_height":"0","fullscreen":0,"no_gutter":0,"id":"","class":"","padding":{"md":"100px 0px 100px 0px","sm":"   ","xs":"50px  50px "},"margin":{"md":"0px 0px 0px 0px","sm":"   ","xs":"   "},"color":"","background_color":"","background_image":"","overlay":"","background_repeat":"no-repeat","background_size":"cover","background_attachment":"fixed","background_position":"0 0","background_video":0,"background_video_mp4":"","background_video_ogv":"","hidden_xs":"","hidden_sm":"","hidden_md":"","animation":"","animationduration":"300","animationdelay":"0","columns_align_center":0,"background_parallax":0,"show_top_shape":0,"show_bottom_shape":0},"layout":"12","columns":[{"id":1499317147785,"class_name":"col-md-12","visibility":true,"settings":{},"addons":[{"id":1499317147786,"name":"heading","visibility":true,"settings":{"admin_label":"Customer Reviews","title":"Customer Reviews","heading_selector":"h2","use_link":0,"title_link":"","link_new_tab":"0","title_fontsize":"18","title_fontstyle":null,"title_fontweight":"300","title_lineheight":"","title_letterspace":"0","title_margin":{"md":"0px 0px 25px 0px","sm":"   ","xs":"  10px "},"title_padding":{"md":"0px 0px 0px 0px","sm":"   ","xs":"   "},"alignment":"sppb-text-center","class":"","global_text_color":"rgba(135, 135, 135, 1)","global_link_color":"","global_link_hover_color":"","global_use_background":"0","global_background_color":"","global_background_image":"","global_background_repeat":"no-repeat","global_background_size":"cover","global_background_attachment":"inherit","global_user_border":"0","global_border_width":"","global_border_color":"","global_boder_style":"none","global_border_radius":"","global_margin":"","global_padding":"","global_use_animation":"0","global_animation":"","global_animationduration":"300","global_animationdelay":"0","hidden_md":"0","hidden_sm":"0","hidden_xs":"0","acl":null}},{"id":1499317147787,"name":"heading","visibility":true,"settings":{"admin_label":"Happy peoples","title":"Happy peoples","heading_selector":"h3","use_link":0,"title_link":"","link_new_tab":"0","title_fontsize":{"md":"36","sm":"","xs":"25"},"title_fontstyle":null,"title_fontweight":"400","title_lineheight":"","title_letterspace":"0","title_margin":{"md":"0px 0px 10px 0px","sm":"   ","xs":"   "},"title_padding":{"md":"0px 0px 0px 0px","sm":"   ","xs":"   "},"alignment":"sppb-text-center","class":"","global_text_color":"rgba(41, 51, 64, 1)","global_link_color":"","global_link_hover_color":"","global_use_background":"0","global_background_color":"","global_background_image":"","global_background_repeat":"no-repeat","global_background_size":"cover","global_background_attachment":"inherit","global_user_border":"0","global_border_width":"","global_border_color":"","global_boder_style":"none","global_border_radius":"","global_margin":"0 0 55px 0","global_padding":"","global_use_animation":"0","global_animation":"","global_animationduration":"300","global_animationdelay":"0","hidden_md":"0","hidden_sm":"0","hidden_xs":"0","acl":null}},{"id":1499317725401,"name":"testimonialpro","visibility":true,"settings":{"autoplay":1,"arrows":"1","class":"","sp_testimonialpro_item":[{"title":"Jon Don","avatar":"https://sppagebuilder.com/sample-data/images/2017/07/06/client1.png","avatar_style":"sppb-img-circle","message":"\tIt is a long established fact that a reader will be distracted by the readable content of a page when looking at its layout. The point of using Lorem Ipsum is that it has a more-or-less normal distribution of letters, as opposed to using 'Content here, content here', making it look like readable English.","url":""},{"title":"Selena Gomez","avatar":"https://sppagebuilder.com/sample-data/images/2017/07/06/client2.png","avatar_style":"sppb-img-circle","message":"\tIt is a long established fact that a reader will be distracted by the readable content of a page when looking at its layout. The point of using Lorem Ipsum is that it has a more-or-less normal distribution of letters, as opposed to using 'Content here, content here', making it look like readable English.","url":""}],"global_text_color":"","global_link_color":"","global_link_hover_color":"","global_use_background":0,"global_background_color":"","global_background_image":"","global_background_repeat":"no-repeat","global_background_size":"cover","global_background_attachment":"inherit","global_user_border":0,"global_border_width":"","global_border_color":"","global_boder_style":"none","global_border_radius":"","global_margin":{"md":" auto  auto","sm":" auto  auto","xs":"   "},"global_padding":{"md":"   ","sm":"   ","xs":"   "},"global_use_animation":0,"global_animation":"","global_animationduration":"300","global_animationdelay":"0","hidden_md":0,"hidden_sm":0,"hidden_xs":0,"acl":null,"dynamicId":1499317725401,"controls":1,"use_global_width":1,"global_width":{"md":"51","sm":"75","xs":"100"},"avatar_width":"81"}}]}]}]