[{"id":1518439007209,"visibility":true,"collapse":false,"settings":{"admin_label":"","title":"","heading_selector":"h3","title_fontsize":"","title_fontweight":"","title_position":"sppb-text-center","columns_align_center":0,"fullscreen":0,"no_gutter":0,"padding":{"md":"120px 0px 100px 0px","sm":"   ","xs":"30px 0px 30px 0px"},"margin":{"md":"0px 0px 0px 0px","sm":"   ","xs":"   "},"background_type":"color","background_gradient":{"color":"#00c6fb","color2":"#005bea","deg":"45","type":"linear"},"background_image":"","background_parallax":"0","background_repeat":"no-repeat","background_size":"cover","background_attachment":"fixed","background_position":"0 0","external_background_video":"0","show_top_shape":0,"shape_name":"clouds-flat","shape_color":"#e5e5e5","shape_width":{"md":100,"sm":100,"xs":100},"shape_height":"","shape_flip":false,"shape_invert":false,"shape_to_front":false,"show_bottom_shape":0,"bottom_shape_name":"clouds-opacity","bottom_shape_color":"#e5e5e5","bottom_shape_width":{"md":100,"sm":100,"xs":100},"bottom_shape_height":"","bottom_shape_flip":false,"bottom_shape_invert":false,"bottom_shape_to_front":false,"hidden_xs":"","hidden_sm":"","hidden_md":"","animationduration":"300","animationdelay":"0","instFormId":1518439007209,"background_color":"","color":"#2b303c"},"layout":"12,4,4,4","columns":[{"id":1518439007269,"class_name":"col-md-12","visibility":true,"settings":{"background_type":"none","background_gradient":{"color":"#00c6fb","color2":"#005bea","deg":"45","type":"linear"},"background_image":"","background_repeat":"no-repeat","background_size":"cover","background_attachment":"scroll","background_position":"0 0","items_align_center":0,"use_border":0,"border_width":"","border_radius":0,"boxshadow":"0 0 0 0 #fff","sm_col":"","xs_col":"","hidden_xs":"","hidden_sm":"","hidden_md":"","animationduration":"300","animationdelay":"0","instFormId":1518414682771},"addons":[{"id":1518439007271,"name":"heading","visibility":true,"settings":{"admin_label":"","title":"Know More About Us","heading_selector":"h2","use_link":0,"title_link":"","link_new_tab":"","title_fontsize":{"md":"36","sm":"","xs":"28"},"title_lineheight":{"md":"44","sm":"","xs":"38"},"title_letterspace":"0","title_text_transform":"none","title_margin":{"md":"0px 0px 20px 0px","sm":"   ","xs":"0px 0px 10px 0px"},"title_padding":{"md":"0px 0px 0px 0px","sm":"   ","xs":"   "},"title_icon_position":"before","alignment":"sppb-text-center","title_text_shadow":"","class":"","global_background_type":"none","global_background_gradient":{"color":"#00c6fb","color2":"#005bea","deg":"45","type":"linear"},"global_use_overlay":0,"global_background_repeat":"no-repeat","global_background_size":"cover","global_background_attachment":"inherit","global_user_border":0,"global_border_width":"","global_border_radius":0,"global_margin":{"md":"0px 0px 0px 0px","sm":"   ","xs":"   "},"global_padding":{"md":"   ","sm":"   ","xs":"  20px "},"global_boxshadow":"0 0 0 0 #ffffff","global_use_animation":0,"global_animationduration":"300","global_animationdelay":"0","global_custom_css":"","use_global_width":"0","hidden_md":"0","hidden_sm":"0","hidden_xs":"0","acl":"","instFormId":1518439007271,"title_font_family":"Varela Round","title_font_style":{"weight":400},"global_text_color":""}},{"id":1518439007272,"name":"text_block","visibility":true,"settings":{"admin_label":"","title":"","heading_selector":"h3","title_fontsize":"","title_lineheight":"","title_letterspace":"0","text":"Lorem ipsum dolor sit amet, consectetur adipisicing elit, sed do eiusmod tempor incididunt ut labore et dolore magna aliqua. Ut enim ad minim veniam, quis nostrud exercitation ullamco laboris nisi ut aliquip ex ea commodo consequat.","alignment":"sppb-text-center","text_fontsize":{"md":"16","sm":"","xs":"14"},"text_lineheight":{"md":"26","sm":"","xs":"24"},"dropcap":0,"class":"","global_background_type":"none","global_background_gradient":{"color":"#00c6fb","color2":"#005bea","deg":"45","type":"linear"},"global_use_overlay":0,"global_background_repeat":"no-repeat","global_background_size":"cover","global_background_attachment":"inherit","global_user_border":0,"global_border_width":"","global_border_radius":0,"global_margin":{"md":"0px auto 75px auto","sm":"   ","xs":"0px auto 40px auto"},"global_padding":{"md":"0px 15px 0px 15px","sm":"   ","xs":"0px 0px 0px 0px"},"global_boxshadow":"0 0 0 0 #ffffff","global_use_animation":0,"global_animationduration":"300","global_animationdelay":"0","global_custom_css":"","use_global_width":1,"hidden_md":0,"hidden_sm":0,"hidden_xs":1,"acl":"","instFormId":1518439007272,"text_font_family":"Varela Round","global_text_color":"#888484","global_width":{"md":"65","sm":"100","xs":"100"}}}]},{"id":1518439007270,"class_name":"col-md-4","visibility":true,"settings":{"background_type":"none","background_gradient":{"color":"#00c6fb","color2":"#005bea","deg":"45","type":"linear"},"background_image":"","background_repeat":"no-repeat","background_size":"cover","background_attachment":"scroll","background_position":"0 0","items_align_center":0,"use_border":0,"border_width":"","border_radius":0,"boxshadow":"0 0 0 0 #fff","sm_col":"col-sm-6","xs_col":"","hidden_xs":0,"hidden_sm":0,"hidden_md":0,"animationduration":"300","animationdelay":"0","instFormId":1518439007270,"padding":{"md":"   ","sm":"   ","xs":"   "},"margin":{"md":"   ","sm":"   ","xs":"  20px "}},"addons":[{"id":1518497414457,"name":"text_block","visibility":true,"settings":{"admin_label":"","title":"Founded in 2010","heading_selector":"h3","title_fontsize":{"md":"24","sm":"","xs":"18"},"title_lineheight":{"md":"34","sm":"","xs":"28"},"title_letterspace":"0","text":"Lorem ipsum dolor sit amet consectetur adipisicing elit. Perferendis iure blanditiis hic dolorem labore alias quae aperiam laboriosam consectetur nulla.","alignment":"","text_fontsize":{"md":"16","sm":"","xs":"14"},"text_lineheight":{"md":"24","sm":"","xs":"22"},"dropcap":0,"class":"","global_background_type":"none","global_background_gradient":{"color":"#00c6fb","color2":"#005bea","deg":"45","type":"linear"},"global_use_overlay":0,"global_background_repeat":"no-repeat","global_background_size":"cover","global_background_attachment":"inherit","global_user_border":0,"global_border_width":"","global_border_radius":0,"global_margin":{"md":"0 0 30px 0","sm":"0 0 20px 0","xs":"0 0 10px 0"},"global_padding":{"md":"   ","sm":"   ","xs":"   "},"global_boxshadow":"0 0 0 0 #ffffff","global_use_animation":0,"global_animationduration":"300","global_animationdelay":"0","global_custom_css":"","use_global_width":"0","hidden_md":"0","hidden_sm":"0","hidden_xs":"0","acl":"","instFormId":1518497414457,"font_family":"Varela Round","title_font_style":{"weight":400},"title_text_color":"#2b303c","text_font_family":"Varela Round","global_text_color":"#989898","title_margin_top":{"md":"0","sm":"","xs":""}}}]},{"id":1518439007273,"class_name":"col-md-4","visibility":true,"settings":{"background_type":"none","background_gradient":{"color":"#00c6fb","color2":"#005bea","deg":"45","type":"linear"},"background_image":"","background_repeat":"no-repeat","background_size":"cover","background_attachment":"scroll","background_position":"0 0","items_align_center":0,"use_border":0,"border_width":"","border_radius":0,"boxshadow":"0 0 0 0 #fff","sm_col":"col-sm-6","xs_col":"","hidden_xs":0,"hidden_sm":0,"hidden_md":0,"animationduration":"300","animationdelay":"0","instFormId":1518439007273,"padding":{"md":"   ","sm":"   ","xs":"   "},"margin":{"md":"   ","sm":"   ","xs":"  20px "}},"addons":[{"id":1518497414460,"name":"text_block","visibility":true,"settings":{"admin_label":"","title":"Supporting websites","heading_selector":"h3","title_fontsize":{"md":"24","sm":"","xs":"18"},"title_lineheight":{"md":"34","sm":"","xs":"28"},"title_letterspace":"0","text":"Velit, blanditiis necessitatibus! Sed quam dicta officiis, nulla nemo voluptas, cum soluta doloremque nisi quia dolorum harum voluptatibus tempora sequi.","alignment":"","text_fontsize":{"md":"16","sm":"","xs":"14"},"text_lineheight":{"md":"24","sm":"","xs":"22"},"dropcap":0,"class":"","global_background_type":"none","global_background_gradient":{"color":"#00c6fb","color2":"#005bea","deg":"45","type":"linear"},"global_use_overlay":0,"global_background_repeat":"no-repeat","global_background_size":"cover","global_background_attachment":"inherit","global_user_border":0,"global_border_width":"","global_border_radius":0,"global_margin":{"md":"0 0 30px 0","sm":"0 0 20px 0","xs":"0 0 10px 0"},"global_padding":{"md":"   ","sm":"   ","xs":"   "},"global_boxshadow":"0 0 0 0 #ffffff","global_use_animation":0,"global_animationduration":"300","global_animationdelay":"0","global_custom_css":"","use_global_width":"0","hidden_md":"0","hidden_sm":"0","hidden_xs":"0","acl":"","instFormId":1518497414460,"font_family":"Varela Round","title_font_style":{"weight":400},"title_text_color":"#2b303c","text_font_family":"Varela Round","global_text_color":"#989898","title_margin_top":{"md":"0","sm":"","xs":""}}}]},{"id":1518439007274,"class_name":"col-md-4","visibility":true,"settings":{"background_type":"none","background_gradient":{"color":"#00c6fb","color2":"#005bea","deg":"45","type":"linear"},"background_image":"","background_repeat":"no-repeat","background_size":"cover","background_attachment":"scroll","background_position":"0 0","items_align_center":0,"use_border":0,"border_width":"","border_radius":0,"boxshadow":"0 0 0 0 #fff","sm_col":"","xs_col":"","hidden_xs":"","hidden_sm":"","hidden_md":"","animationduration":"300","animationdelay":"0","instFormId":1518439007274,"padding":{"md":"   ","sm":"   ","xs":"   "},"margin":{"md":"   ","sm":"10px   ","xs":"   "}},"addons":[{"id":1518497434697,"name":"text_block","visibility":true,"settings":{"admin_label":"","title":"Helping our customers","heading_selector":"h3","title_fontsize":{"md":"24","sm":"","xs":"18"},"title_lineheight":{"md":"34","sm":"","xs":"28"},"title_letterspace":"0","text":"voluptatibus tempora sequi, obcaecati hic quasi earum natus officia inventore ea ad. Odit repudiandae odio blanditiis quas fuga rem molestiae quis?","alignment":"","text_fontsize":{"md":"16","sm":"","xs":"14"},"text_lineheight":{"md":"24","sm":"","xs":"22"},"dropcap":0,"class":"","global_background_type":"none","global_background_gradient":{"color":"#00c6fb","color2":"#005bea","deg":"45","type":"linear"},"global_use_overlay":0,"global_background_repeat":"no-repeat","global_background_size":"cover","global_background_attachment":"inherit","global_user_border":0,"global_border_width":"","global_border_radius":0,"global_margin":{"md":"0 0 30px 0","sm":"0 0 20px 0","xs":"0 0 10px 0"},"global_padding":{"md":"   ","sm":"   ","xs":"   "},"global_boxshadow":"0 0 0 0 #ffffff","global_use_animation":0,"global_animationduration":"300","global_animationdelay":"0","global_custom_css":"","use_global_width":"0","hidden_md":"0","hidden_sm":"0","hidden_xs":"0","acl":"","instFormId":1518497434697,"font_family":"Varela Round","title_font_style":{"weight":400},"title_text_color":"#2b303c","text_font_family":"Varela Round","global_text_color":"#989898","title_margin_top":{"md":"0","sm":"","xs":""}}}]}]},{"id":1518497414524,"visibility":true,"collapse":false,"settings":{"admin_label":"","title":"","heading_selector":"h3","title_fontsize":"","title_fontweight":"","title_position":"sppb-text-center","columns_align_center":0,"fullscreen":1,"no_gutter":0,"padding":{"md":"0px 0px 0px 0px","sm":"   ","xs":"   "},"margin":{"md":"0px 0px 0px 0px","sm":"   ","xs":"   "},"background_type":"none","background_gradient":{"color":"#00c6fb","color2":"#005bea","deg":"45","type":"linear"},"background_image":"","background_parallax":"0","background_repeat":"no-repeat","background_size":"cover","background_attachment":"fixed","background_position":"0 0","external_background_video":"0","show_top_shape":0,"shape_name":"clouds-flat","shape_color":"#e5e5e5","shape_width":{"md":100,"sm":100,"xs":100},"shape_height":"","shape_flip":false,"shape_invert":false,"shape_to_front":false,"show_bottom_shape":0,"bottom_shape_name":"clouds-opacity","bottom_shape_color":"#e5e5e5","bottom_shape_width":{"md":100,"sm":100,"xs":100},"bottom_shape_height":"","bottom_shape_flip":false,"bottom_shape_invert":false,"bottom_shape_to_front":false,"hidden_xs":"","hidden_sm":"","hidden_md":"","animationduration":"300","animationdelay":"0","instFormId":1518497414524},"layout":"12","columns":[{"id":1518497414427,"class_name":"col-md-12","visibility":true,"settings":{"background_type":"none","background_gradient":{"color":"#00c6fb","color2":"#005bea","deg":"45","type":"linear"},"background_image":"","background_repeat":"no-repeat","background_size":"cover","background_attachment":"scroll","background_position":"0 0","items_align_center":0,"use_border":0,"border_width":"","border_radius":0,"boxshadow":"0 0 0 0 #fff","sm_col":"","xs_col":"","hidden_xs":"","hidden_sm":"","hidden_md":"","animationduration":"300","animationdelay":"0"},"addons":[{"id":1518497414428,"name":"divider","visibility":true,"settings":{"admin_label":"","divider_type":"border","divider_image":"","background_repeat":"no-repeat","divider_height":"10","border_style":"solid","border_width":"1","border_color":"#d4dde4","margin_top":{"md":"1","sm":"1","xs":"1"},"margin_bottom":{"md":"1","sm":"1","xs":"1"},"class":"","global_background_type":"none","global_background_gradient":{"color":"#00c6fb","color2":"#005bea","deg":"45","type":"linear"},"global_use_overlay":0,"global_background_repeat":"no-repeat","global_background_size":"cover","global_background_attachment":"inherit","global_user_border":0,"global_border_width":"","global_border_radius":0,"global_margin":{"md":"-1px 0px -1px 0px","sm":"   ","xs":"   "},"global_padding":{"md":"   ","sm":"   ","xs":"   "},"global_boxshadow":"0 0 0 0 #ffffff","global_use_animation":0,"global_animationduration":"300","global_animationdelay":"0","global_custom_css":"","use_global_width":"0","hidden_md":"0","hidden_sm":"0","hidden_xs":"0","acl":"","instFormId":1518497414428}}]}]},{"id":1518439007224,"visibility":true,"collapse":false,"settings":{"admin_label":"","title":"","heading_selector":"h3","title_fontsize":"","title_fontweight":"","title_position":"sppb-text-center","columns_align_center":0,"fullscreen":0,"no_gutter":0,"padding":{"md":"120px 0px 135px 0px","sm":"   ","xs":"30px 0px 40px 0px"},"margin":{"md":"0px 0px 0px 0px","sm":"   ","xs":"   "},"background_type":"color","background_gradient":{"color":"#00c6fb","color2":"#005bea","deg":"45","type":"linear"},"background_image":"","background_parallax":"0","background_repeat":"no-repeat","background_size":"cover","background_attachment":"fixed","background_position":"0 0","external_background_video":"0","show_top_shape":0,"shape_name":"clouds-flat","shape_color":"#e5e5e5","shape_width":{"md":100,"sm":100,"xs":100},"shape_height":"","shape_flip":false,"shape_invert":false,"shape_to_front":false,"show_bottom_shape":0,"bottom_shape_name":"clouds-opacity","bottom_shape_color":"#e5e5e5","bottom_shape_width":{"md":100,"sm":100,"xs":100},"bottom_shape_height":"","bottom_shape_flip":false,"bottom_shape_invert":false,"bottom_shape_to_front":false,"hidden_xs":"","hidden_sm":"","hidden_md":"","animationduration":"300","animationdelay":"0","instFormId":1518439007224,"background_color":"#f9fafa"},"layout":"12,12","columns":[{"id":1518439007225,"class_name":"col-md-12","visibility":true,"settings":{"background_type":"none","background_gradient":{"color":"#00c6fb","color2":"#005bea","deg":"45","type":"linear"},"background_image":"","background_repeat":"no-repeat","background_size":"cover","background_attachment":"scroll","background_position":"0 0","items_align_center":0,"use_border":0,"border_width":"","border_radius":0,"boxshadow":"0 0 0 0 #fff","sm_col":"","xs_col":"","hidden_xs":"","hidden_sm":"","hidden_md":"","animationduration":"300","animationdelay":"0","instFormId":1518414682771},"addons":[{"id":1518439007227,"name":"heading","visibility":true,"settings":{"admin_label":"","title":"We provide expert advice for Digital Service","heading_selector":"h2","use_link":0,"title_link":"","link_new_tab":"","title_fontsize":{"md":"36","sm":"","xs":"28"},"title_lineheight":{"md":"44","sm":"","xs":"38"},"title_letterspace":"0","title_text_transform":"none","title_margin":{"md":"0px 0px 20px 0px","sm":"   ","xs":"0px 0px 10px 0px"},"title_padding":{"md":"0px 0px 0px 0px","sm":"   ","xs":"   "},"title_icon_position":"before","alignment":"sppb-text-center","title_text_shadow":"","class":"","global_background_type":"none","global_background_gradient":{"color":"#00c6fb","color2":"#005bea","deg":"45","type":"linear"},"global_use_overlay":0,"global_background_repeat":"no-repeat","global_background_size":"cover","global_background_attachment":"inherit","global_user_border":0,"global_border_width":"","global_border_radius":0,"global_margin":{"md":"0px 0px 0px 0px","sm":"   ","xs":"   "},"global_padding":{"md":"   ","sm":"   ","xs":"   "},"global_boxshadow":"0 0 0 0 #ffffff","global_use_animation":0,"global_animationduration":"300","global_animationdelay":"0","global_custom_css":"","use_global_width":"0","hidden_md":"0","hidden_sm":"0","hidden_xs":"0","acl":"","instFormId":1518439007227,"title_font_family":"Varela Round","title_font_style":{"weight":400},"global_text_color":"#2b303c"}},{"id":1518439007228,"name":"text_block","visibility":true,"settings":{"admin_label":"","title":"","heading_selector":"h3","title_fontsize":"","title_lineheight":"","title_letterspace":"0","text":"Choose your level of private labeling","alignment":"sppb-text-center","text_fontsize":{"md":"16","sm":"","xs":"14"},"text_lineheight":{"md":"26","sm":"","xs":"24"},"dropcap":0,"class":"","global_background_type":"none","global_background_gradient":{"color":"#00c6fb","color2":"#005bea","deg":"45","type":"linear"},"global_use_overlay":0,"global_background_repeat":"no-repeat","global_background_size":"cover","global_background_attachment":"inherit","global_user_border":0,"global_border_width":"","global_border_radius":0,"global_margin":{"md":"0px 0px 80px 0px","sm":"   ","xs":"0px 0px 40px 0px"},"global_padding":{"md":"0px 15px 0px 15px","sm":"   ","xs":"0px 0px 0px 0px"},"global_boxshadow":"0 0 0 0 #ffffff","global_use_animation":0,"global_animationduration":"300","global_animationdelay":"0","global_custom_css":"","use_global_width":"0","hidden_md":"0","hidden_sm":"0","hidden_xs":"0","acl":"","instFormId":1518439007228,"text_font_family":"Varela Round","global_text_color":"#888484"}}]},{"id":1518439007256,"class_name":"col-md-12","visibility":true,"settings":{"background_type":"none","background_gradient":{"color":"#00c6fb","color2":"#005bea","deg":"45","type":"linear"},"background_image":"","background_repeat":"no-repeat","background_size":"cover","background_attachment":"scroll","background_position":"0 0","items_align_center":0,"use_border":0,"border_width":"","border_radius":0,"boxshadow":"0 0 0 0 #fff","sm_col":"","xs_col":"","hidden_xs":"","hidden_sm":"","hidden_md":"","animationduration":"300","animationdelay":"0","instFormId":1518439007256,"padding":{"md":"0px 0px 0px 0px","sm":"   ","xs":"   "},"margin":{"md":"   ","sm":"   ","xs":"   "},"class":"vedio-widget2"},"addons":[{"id":1524114928541,"name":"modal","visibility":true,"settings":{"admin_label":"","modal_selector":"icon","button_text":"Button Text","button_type":"default","button_letterspace":"0","button_padding":"","button_background_color":"#444444","button_color":"#fff","button_background_color_hover":"#222","button_color_hover":"#fff","button_appearance":"flat","selector_icon_name":"fa-play-circle-o","selector_icon_size":{"md":"100","xs":"80"},"selector_text":"","selector_text_weight":"","selector_text_color":"","modal_content_type":"video","modal_content_text":"","modal_popup_width":"760","modal_popup_height":"440","alignment":"sppb-text-center","class":"vedio-thumb2","global_background_type":"image","global_background_gradient":{"color":"#00c6fb","color2":"#005bea","deg":"45","type":"linear"},"global_use_overlay":0,"global_background_repeat":"no-repeat","global_background_size":"cover","global_background_attachment":"inherit","global_user_border":0,"global_border_width":"","global_border_radius":{"md":"10","sm":"","xs":""},"global_margin":{"md":"0px auto 0px auto","sm":"   ","xs":"   "},"global_padding":{"md":"0px 0px 0px 0px","sm":"   ","xs":"   "},"global_boxshadow":"0 0 0 0 #ffffff","global_use_animation":0,"global_animationduration":"300","global_animationdelay":"0","global_custom_css":".vedio-thumb2 {\n    padding: 130px 0;\n    position: relative;\n    z-index: 1;\n}\n.vedio-thumb2:after {\n    content: \"\";\n    height: 100%;\n    width: 100%;\n    background-color: #1f51d4;\n    position: absolute;\n    left: 0;\n    top: 0;\n    z-index: -1;\n    opacity: 0.85;\n    border-radius: 10px;\n}","use_global_width":1,"hidden_md":0,"hidden_sm":0,"hidden_xs":0,"acl":"","instFormId":1524114928541,"selector_text_margin":"   ","global_background_image":"https://sppagebuilder.com/sample-data/images/2018/hosting-img/video-bg.jpg","selector_icon_color":"#fff","global_background_color":"#1f51d4","global_width":{"md":"66","sm":"100","xs":"100"},"modal_content_video_url":"https://www.youtube.com/watch?v=EWkYsbhCvlA"}}]}]},{"id":1518497414533,"visibility":true,"collapse":false,"settings":{"admin_label":"","title":"","heading_selector":"h3","title_fontsize":"","title_fontweight":"","title_position":"sppb-text-center","columns_align_center":0,"fullscreen":1,"no_gutter":0,"padding":{"md":"0px 0px 0px 0px","sm":"   ","xs":"   "},"margin":{"md":"0px 0px 0px 0px","sm":"   ","xs":"   "},"background_type":"none","background_gradient":{"color":"#00c6fb","color2":"#005bea","deg":"45","type":"linear"},"background_image":"","background_parallax":"0","background_repeat":"no-repeat","background_size":"cover","background_attachment":"fixed","background_position":"0 0","external_background_video":"0","show_top_shape":0,"shape_name":"clouds-flat","shape_color":"#e5e5e5","shape_width":{"md":100,"sm":100,"xs":100},"shape_height":"","shape_flip":false,"shape_invert":false,"shape_to_front":false,"show_bottom_shape":0,"bottom_shape_name":"clouds-opacity","bottom_shape_color":"#e5e5e5","bottom_shape_width":{"md":100,"sm":100,"xs":100},"bottom_shape_height":"","bottom_shape_flip":false,"bottom_shape_invert":false,"bottom_shape_to_front":false,"hidden_xs":"","hidden_sm":"","hidden_md":"","animationduration":"300","animationdelay":"0","instFormId":1518497414533},"layout":"12","columns":[{"id":1518497414430,"class_name":"col-md-12","visibility":true,"settings":{"background_type":"none","background_gradient":{"color":"#00c6fb","color2":"#005bea","deg":"45","type":"linear"},"background_image":"","background_repeat":"no-repeat","background_size":"cover","background_attachment":"scroll","background_position":"0 0","items_align_center":0,"use_border":0,"border_width":"","border_radius":0,"boxshadow":"0 0 0 0 #fff","sm_col":"","xs_col":"","hidden_xs":"","hidden_sm":"","hidden_md":"","animationduration":"300","animationdelay":"0"},"addons":[{"id":1518497414431,"name":"divider","visibility":true,"settings":{"admin_label":"","divider_type":"border","divider_image":"","background_repeat":"no-repeat","divider_height":"10","border_style":"solid","border_width":"1","border_color":"#d4dde4","margin_top":{"md":"1","sm":"1","xs":"1"},"margin_bottom":{"md":"1","sm":"1","xs":"1"},"class":"","global_background_type":"none","global_background_gradient":{"color":"#00c6fb","color2":"#005bea","deg":"45","type":"linear"},"global_use_overlay":0,"global_background_repeat":"no-repeat","global_background_size":"cover","global_background_attachment":"inherit","global_user_border":0,"global_border_width":"","global_border_radius":0,"global_margin":{"md":"-1px 0px -1px 0px","sm":"   ","xs":"   "},"global_padding":{"md":"   ","sm":"   ","xs":"   "},"global_boxshadow":"0 0 0 0 #ffffff","global_use_animation":0,"global_animationduration":"300","global_animationdelay":"0","global_custom_css":"","use_global_width":"0","hidden_md":"0","hidden_sm":"0","hidden_xs":"0","acl":"","instFormId":1518497414431}}]}]},{"id":1518439007212,"visibility":true,"collapse":false,"settings":{"admin_label":"","title":"","heading_selector":"h3","title_fontsize":"","title_fontweight":"","title_position":"sppb-text-center","columns_align_center":0,"fullscreen":0,"no_gutter":0,"padding":{"md":"130px 0px 100px 0px","sm":"   ","xs":"40px 0px 40px 0px"},"margin":{"md":"0px 0px 0px 0px","sm":"   ","xs":"   "},"background_type":"none","background_gradient":{"color":"#00c6fb","color2":"#005bea","deg":"45","type":"linear"},"background_image":"","background_parallax":"0","background_repeat":"no-repeat","background_size":"cover","background_attachment":"fixed","background_position":"0 0","external_background_video":"0","show_top_shape":0,"shape_name":"clouds-flat","shape_color":"#e5e5e5","shape_width":{"md":100,"sm":100,"xs":100},"shape_height":"","shape_flip":false,"shape_invert":false,"shape_to_front":false,"show_bottom_shape":0,"bottom_shape_name":"clouds-opacity","bottom_shape_color":"#e5e5e5","bottom_shape_width":{"md":100,"sm":100,"xs":100},"bottom_shape_height":"","bottom_shape_flip":false,"bottom_shape_invert":false,"bottom_shape_to_front":false,"hidden_xs":"","hidden_sm":"","hidden_md":"","animationduration":"300","animationdelay":"0","instFormId":1518439007212,"background_color":""},"layout":"12,4,4,4","columns":[{"id":1518439007213,"class_name":"col-md-12","visibility":true,"settings":{"background_type":"none","background_gradient":{"color":"#00c6fb","color2":"#005bea","deg":"45","type":"linear"},"background_image":"","background_repeat":"no-repeat","background_size":"cover","background_attachment":"scroll","background_position":"0 0","items_align_center":0,"use_border":0,"border_width":"","border_radius":0,"boxshadow":"0 0 0 0 #fff","sm_col":"","xs_col":"","hidden_xs":"","hidden_sm":"","hidden_md":"","animationduration":"300","animationdelay":"0","instFormId":1518414682771},"addons":[{"id":1518439007215,"name":"heading","visibility":true,"settings":{"admin_label":"","title":"Meet The Team","heading_selector":"h2","use_link":0,"title_link":"","link_new_tab":"","title_fontsize":{"md":"36","sm":"","xs":"28"},"title_lineheight":{"md":"44","sm":"","xs":"38"},"title_letterspace":"0","title_text_transform":"none","title_margin":{"md":"0px 0px 20px 0px","sm":"   ","xs":"0px 0px 10px 0px"},"title_padding":{"md":"0px 0px 0px 0px","sm":"   ","xs":"   "},"title_icon_position":"before","alignment":"sppb-text-center","title_text_shadow":"","class":"","global_background_type":"none","global_background_gradient":{"color":"#00c6fb","color2":"#005bea","deg":"45","type":"linear"},"global_use_overlay":0,"global_background_repeat":"no-repeat","global_background_size":"cover","global_background_attachment":"inherit","global_user_border":0,"global_border_width":"","global_border_radius":0,"global_margin":{"md":"0px 0px 0px 0px","sm":"   ","xs":"   "},"global_padding":{"md":"   ","sm":"   ","xs":"   "},"global_boxshadow":"0 0 0 0 #ffffff","global_use_animation":0,"global_animationduration":"300","global_animationdelay":"0","global_custom_css":"","use_global_width":"0","hidden_md":"0","hidden_sm":"0","hidden_xs":"0","acl":"","instFormId":1518439007215,"title_font_family":"Varela Round","title_font_style":{"weight":400},"global_text_color":"#000000"}},{"id":1518439007216,"name":"text_block","visibility":true,"settings":{"admin_label":"","title":"","heading_selector":"h3","title_fontsize":"","title_lineheight":"","title_letterspace":"0","text":"Our Super Heros","alignment":"sppb-text-center","text_fontsize":{"md":"16","sm":"","xs":"14"},"text_lineheight":{"md":"26","sm":"","xs":"24"},"dropcap":0,"class":"","global_background_type":"none","global_background_gradient":{"color":"#00c6fb","color2":"#005bea","deg":"45","type":"linear"},"global_use_overlay":0,"global_background_repeat":"no-repeat","global_background_size":"cover","global_background_attachment":"inherit","global_user_border":0,"global_border_width":"","global_border_radius":0,"global_margin":{"md":"0px 0px 80px 0px","sm":"   ","xs":"0px 0px 40px 0px"},"global_padding":{"md":"0px 15px 0px 15px","sm":"   ","xs":"0px 0px 0px 0px"},"global_boxshadow":"0 0 0 0 #ffffff","global_use_animation":0,"global_animationduration":"300","global_animationdelay":"0","global_custom_css":"","use_global_width":"0","hidden_md":"0","hidden_sm":"0","hidden_xs":"0","acl":"","instFormId":1518439007216,"text_font_family":"Varela Round","global_text_color":"#888484"}}]},{"id":1518439007214,"class_name":"col-md-4","visibility":true,"settings":{"background_type":"none","background_gradient":{"color":"#00c6fb","color2":"#005bea","deg":"45","type":"linear"},"background_image":"","background_repeat":"no-repeat","background_size":"cover","background_attachment":"scroll","background_position":"0 0","items_align_center":0,"use_border":0,"border_width":"","border_radius":0,"boxshadow":"0 0 0 0 #fff","sm_col":"col-sm-4","xs_col":"","hidden_xs":0,"hidden_sm":0,"hidden_md":0,"animationduration":"300","animationdelay":"0","instFormId":1518439007214,"padding":{"md":"   ","sm":"   ","xs":"   "},"margin":{"md":"   ","sm":"   ","xs":"   "}},"addons":[{"id":1520312876486,"name":"person","visibility":true,"settings":{"admin_label":"","image":"https://sppagebuilder.com/sample-data/images/2018/hosting-img/team1.jpg","image_border_radius":0,"name":"Hayden Bleasel","designation":"Founder","email":"","introtext":"","facebook":"#","twitter":"#","google_plus":"","social_position":"after","alignment":"sppb-text-left","class":"","global_background_type":"color","global_background_gradient":{"color":"#00c6fb","color2":"#005bea","deg":"45","type":"linear"},"global_use_overlay":0,"global_background_repeat":"no-repeat","global_background_size":"cover","global_background_attachment":"inherit","global_user_border":1,"global_border_width":{"md":"1","sm":"","xs":""},"global_border_radius":0,"global_margin":{"md":"0 0 30px 0","sm":"0 0 20px 0","xs":"0 0 30px 0"},"global_padding":{"md":"0 0 0 0","sm":"   ","xs":"   "},"global_boxshadow":{"ho":0,"vo":"15","blur":"25","spread":0,"color":"rgba(111, 140, 188, 0.1)","inset":false},"global_use_animation":1,"global_animationduration":"800","global_animationdelay":"","global_custom_css":"#addonId{\n\tdisplay: inline-block;\n}\n.sppb-person-information {\n  padding: 25px;\n}\n.sppb-addon-person .sppb-person-image {\n  background-color: #1f51d4;\n  overflow: hidden;\n  margin: 0;\n  display: inline-block;\n}\n.sppb-addon-person .sppb-person-image img {\n  -webkit-transition: all 0.3s ease-in-out;\n  transition: all 0.3s ease-in-out;\n}\n.sppb-addon-person .sppb-person-information > span.sppb-person-name {\n  font-size: 18px;\n  font-weight: 400;\n  line-height: 1.4;\n}\n.sppb-addon-person .sppb-person-information > span.sppb-person-designation {\n  font-size: 16px;\n  font-weight: 400;\n  line-height: 1.5;\n  margin-top: 0;\n}\n.sppb-addon-person .sppb-person-social-icons {\n  position: absolute;\n  width: 100%;\n  height: auto;\n  top: 38%;\n  left: 0;\n  margin: 0;\n  transform: translateY(-50%) scale(0.8);\n  text-align: center;\n  opacity: 0;\n  -webkit-transition: all 0.3s ease-in-out;\n  transition: all 0.3s ease-in-out;\n}\n.sppb-addon-person .sppb-person-social-icons .sppb-person-social > li > a {\n  width: 40px;\n  height: 40px;\n  padding: 0;\n  border-radius: 100%;\n  display: block;\n  font-size: 22px;\n  color: #fff;\n  line-height: 2;\n  text-align: center;\n  background-color: transparent;\n}\n.sppb-addon-person .sppb-person-social-icons .sppb-person-social > li > a:hover {\n  background-color: #1f51d4;\n}\n.sppb-addon-person:hover .sppb-person-image img {\n  opacity: 0.15;\n  -webkit-transform: scale(1.2);\n  transform: scale(1.2);\n}\n.sppb-addon-person:hover .sppb-person-social-icons {\n  opacity: 1;\n  transform: translateY(-50%) scale(1);\n}","use_global_width":"0","hidden_md":"0","hidden_sm":"0","hidden_xs":"0","acl":"","instFormId":1520312876486,"name_font_family":"Varela Round","name_color":"#505050","designation_font_family":"Varela Round","designation_color":"#959595","global_background_color":"#fff","global_boder_style":"solid","global_border_color":"#f5f6fa","behance":"#","instagram":"#","global_animation":"fadeInLeft"}}]},{"id":1518439007217,"class_name":"col-md-4","visibility":true,"settings":{"background_type":"none","background_gradient":{"color":"#00c6fb","color2":"#005bea","deg":"45","type":"linear"},"background_image":"","background_repeat":"no-repeat","background_size":"cover","background_attachment":"scroll","background_position":"0 0","items_align_center":0,"use_border":0,"border_width":"","border_radius":0,"boxshadow":"0 0 0 0 #fff","sm_col":"col-sm-4","xs_col":"","hidden_xs":0,"hidden_sm":0,"hidden_md":0,"animationduration":"300","animationdelay":"0","instFormId":1518439007217,"padding":{"md":"   ","sm":"   ","xs":"   "},"margin":{"md":"   ","sm":"   ","xs":"   "}},"addons":[{"id":1520312675285,"name":"person","visibility":true,"settings":{"admin_label":"","image":"https://sppagebuilder.com/sample-data/images/2018/hosting-img/team2.jpg","image_border_radius":0,"name":"Hayden Bleasel","designation":"CTO","email":"","introtext":"","facebook":"#","twitter":"#","google_plus":"","social_position":"after","alignment":"sppb-text-left","class":"","global_background_type":"color","global_background_gradient":{"color":"#00c6fb","color2":"#005bea","deg":"45","type":"linear"},"global_use_overlay":0,"global_background_repeat":"no-repeat","global_background_size":"cover","global_background_attachment":"inherit","global_user_border":1,"global_border_width":{"md":"1","sm":"","xs":""},"global_border_radius":0,"global_margin":{"md":"0 0 30px 0","sm":"0 0 20px 0","xs":"0 0 30px 0"},"global_padding":{"md":"   ","sm":"   ","xs":"   "},"global_boxshadow":{"ho":0,"vo":"15","blur":"25","spread":0,"color":"rgba(111, 140, 188, 0.1)","inset":false},"global_use_animation":1,"global_animationduration":"800","global_animationdelay":"200","global_custom_css":"#addonId{\n\tdisplay: inline-block;\n}\n.sppb-person-information {\n  padding: 25px;\n}\n.sppb-addon-person .sppb-person-image {\n  background-color: #1f51d4;\n  overflow: hidden;\n  margin: 0;\n  display: inline-block;\n}\n.sppb-addon-person .sppb-person-image img {\n  -webkit-transition: all 0.3s ease-in-out;\n  transition: all 0.3s ease-in-out;\n}\n.sppb-addon-person .sppb-person-information > span.sppb-person-name {\n  font-size: 18px;\n  font-weight: 400;\n  line-height: 1.4;\n}\n.sppb-addon-person .sppb-person-information > span.sppb-person-designation {\n  font-size: 16px;\n  font-weight: 400;\n  line-height: 1.5;\n  margin-top: 0;\n}\n.sppb-addon-person .sppb-person-social-icons {\n  position: absolute;\n  width: 100%;\n  height: auto;\n  top: 38%;\n  left: 0;\n  margin: 0;\n  transform: translateY(-50%) scale(0.8);\n  text-align: center;\n  opacity: 0;\n  -webkit-transition: all 0.3s ease-in-out;\n  transition: all 0.3s ease-in-out;\n}\n.sppb-addon-person .sppb-person-social-icons .sppb-person-social > li > a {\n  width: 40px;\n  height: 40px;\n  padding: 0;\n  border-radius: 100%;\n  display: block;\n  font-size: 22px;\n  color: #fff;\n  line-height: 2;\n  text-align: center;\n  background-color: transparent;\n}\n.sppb-addon-person .sppb-person-social-icons .sppb-person-social > li > a:hover {\n  background-color: #1f51d4;\n}\n.sppb-addon-person:hover .sppb-person-image img {\n  opacity: 0.15;\n  -webkit-transform: scale(1.2);\n  transform: scale(1.2);\n}\n.sppb-addon-person:hover .sppb-person-social-icons {\n  opacity: 1;\n  transform: translateY(-50%) scale(1);\n}","use_global_width":"0","hidden_md":"0","hidden_sm":"0","hidden_xs":"0","acl":"","instFormId":1520312675285,"name_font_family":"Varela Round","name_color":"#505050","designation_font_family":"Varela Round","designation_color":"#959595","global_background_color":"#fff","global_boder_style":"solid","global_border_color":"#f5f6fa","behance":"#","instagram":"#","global_animation":"fadeInLeft"}}]},{"id":1518439007218,"class_name":"col-md-4","visibility":true,"settings":{"background_type":"none","background_gradient":{"color":"#00c6fb","color2":"#005bea","deg":"45","type":"linear"},"background_image":"","background_repeat":"no-repeat","background_size":"cover","background_attachment":"scroll","background_position":"0 0","items_align_center":0,"use_border":0,"border_width":"","border_radius":0,"boxshadow":"0 0 0 0 #fff","sm_col":"col-sm-4","xs_col":"","hidden_xs":0,"hidden_sm":0,"hidden_md":0,"animationduration":"300","animationdelay":"0","instFormId":1518439007218,"padding":{"md":"   ","sm":"   ","xs":"   "},"margin":{"md":"   ","sm":"   ","xs":"   "}},"addons":[{"id":1520312675264,"name":"person","visibility":true,"settings":{"admin_label":"","image":"https://sppagebuilder.com/sample-data/images/2018/hosting-img/team3.jpg","image_border_radius":0,"name":"Hayden Bleasel","designation":"Creative Director","email":"","introtext":"","facebook":"#","twitter":"#","google_plus":"","social_position":"after","alignment":"sppb-text-left","class":"","global_background_type":"color","global_background_gradient":{"color":"#00c6fb","color2":"#005bea","deg":"45","type":"linear"},"global_use_overlay":0,"global_background_repeat":"no-repeat","global_background_size":"cover","global_background_attachment":"inherit","global_user_border":1,"global_border_width":{"md":"1","sm":"","xs":""},"global_border_radius":0,"global_margin":{"md":"0 0 30px 0","sm":"0 0 20px 0","xs":"0 0 3 0px"},"global_padding":{"md":"   ","sm":"   ","xs":"   "},"global_boxshadow":{"ho":0,"vo":"15","blur":"25","spread":0,"color":"rgba(111, 140, 188, 0.1)","inset":false},"global_use_animation":1,"global_animationduration":"800","global_animationdelay":"400","global_custom_css":"#addonId{\n\tdisplay: inline-block;\n}\n\n.sppb-person-information {\n  padding: 25px;\n}\n.sppb-addon-person .sppb-person-image {\n  background-color: #1f51d4;\n  overflow: hidden;\n  margin: 0;\n  display: inline-block;\n}\n.sppb-addon-person .sppb-person-image img {\n  -webkit-transition: all 0.3s ease-in-out;\n  transition: all 0.3s ease-in-out;\n}\n.sppb-addon-person .sppb-person-information > span.sppb-person-name {\n  font-size: 18px;\n  font-weight: 400;\n  line-height: 1.4;\n}\n.sppb-addon-person .sppb-person-information > span.sppb-person-designation {\n  font-size: 16px;\n  font-weight: 400;\n  line-height: 1.5;\n  margin-top: 0;\n}\n.sppb-addon-person .sppb-person-social-icons {\n  position: absolute;\n  width: 100%;\n  height: auto;\n  top: 38%;\n  left: 0;\n  margin: 0;\n  transform: translateY(-50%) scale(0.8);\n  text-align: center;\n  opacity: 0;\n  -webkit-transition: all 0.3s ease-in-out;\n  transition: all 0.3s ease-in-out;\n}\n.sppb-addon-person .sppb-person-social-icons .sppb-person-social > li > a {\n  width: 40px;\n  height: 40px;\n  padding: 0;\n  border-radius: 100%;\n  display: block;\n  font-size: 22px;\n  color: #fff;\n  line-height: 2;\n  text-align: center;\n  background-color: transparent;\n}\n.sppb-addon-person .sppb-person-social-icons .sppb-person-social > li > a:hover {\n  background-color: #1f51d4;\n}\n.sppb-addon-person:hover .sppb-person-image img {\n  opacity: 0.15;\n  -webkit-transform: scale(1.2);\n  transform: scale(1.2);\n}\n.sppb-addon-person:hover .sppb-person-social-icons {\n  opacity: 1;\n  transform: translateY(-50%) scale(1);\n}","use_global_width":"0","hidden_md":"0","hidden_sm":"0","hidden_xs":"0","acl":"","instFormId":1520312675264,"name_font_family":"Varela Round","name_color":"#505050","designation_font_family":"Varela Round","designation_color":"#959595","global_background_color":"#fff","global_boder_style":"solid","global_border_color":"#f5f6fa","behance":"#","instagram":"#","global_animation":"fadeInLeft"}}]}]},{"id":1526883237062,"visibility":true,"collapse":false,"settings":{"admin_label":"","title":"","heading_selector":"h3","title_fontsize":"","title_fontweight":"","title_position":"sppb-text-center","columns_align_center":0,"fullscreen":1,"no_gutter":0,"padding":{"md":"0px 0px 0px 0px","sm":"   ","xs":"   "},"margin":{"md":"0px 0px 0px 0px","sm":"   ","xs":"   "},"background_type":"none","background_gradient":{"color":"#00c6fb","color2":"#005bea","deg":"45","type":"linear"},"background_image":"","background_parallax":"0","background_repeat":"no-repeat","background_size":"cover","background_attachment":"fixed","background_position":"0 0","external_background_video":"0","show_top_shape":0,"shape_name":"clouds-flat","shape_color":"#e5e5e5","shape_width":{"md":100,"sm":100,"xs":100},"shape_height":"","shape_flip":false,"shape_invert":false,"shape_to_front":false,"show_bottom_shape":0,"bottom_shape_name":"clouds-opacity","bottom_shape_color":"#e5e5e5","bottom_shape_width":{"md":100,"sm":100,"xs":100},"bottom_shape_height":"","bottom_shape_flip":false,"bottom_shape_invert":false,"bottom_shape_to_front":false,"hidden_xs":"","hidden_sm":"","hidden_md":"","animationduration":"300","animationdelay":"0","instFormId":1518414682282},"layout":"12","columns":[{"id":1526883237072,"class_name":"col-md-12","visibility":true,"settings":{"background_type":"none","background_gradient":{"color":"#00c6fb","color2":"#005bea","deg":"45","type":"linear"},"background_image":"","background_repeat":"no-repeat","background_size":"cover","background_attachment":"scroll","background_position":"0 0","items_align_center":0,"use_border":0,"border_width":"","border_radius":0,"boxshadow":"0 0 0 0 #fff","sm_col":"","xs_col":"","hidden_xs":"","hidden_sm":"","hidden_md":"","animationduration":"300","animationdelay":"0","instFormId":1518414682771},"addons":[{"id":1526883237073,"name":"divider","visibility":true,"settings":{"admin_label":"","divider_type":"border","divider_image":"","background_repeat":"no-repeat","divider_height":"10","border_style":"solid","border_width":"1","border_color":"#d4dde4","margin_top":{"md":"1","sm":"1","xs":"1"},"margin_bottom":{"md":"1","sm":"1","xs":"1"},"class":"","global_background_type":"none","global_background_gradient":{"color":"#00c6fb","color2":"#005bea","deg":"45","type":"linear"},"global_use_overlay":0,"global_background_repeat":"no-repeat","global_background_size":"cover","global_background_attachment":"inherit","global_user_border":0,"global_border_width":"","global_border_radius":0,"global_margin":{"md":"-1px 0px -1px 0px","sm":"   ","xs":"   "},"global_padding":{"md":"   ","sm":"   ","xs":"   "},"global_boxshadow":"0 0 0 0 #ffffff","global_use_animation":0,"global_animationduration":"300","global_animationdelay":"0","global_custom_css":"","use_global_width":"0","hidden_md":"0","hidden_sm":"0","hidden_xs":"0","acl":"","instFormId":1518417134474}}]}]},{"id":1526883237065,"visibility":true,"collapse":false,"settings":{"admin_label":"","title":"","heading_selector":"h3","title_fontsize":"","title_fontweight":"","title_position":"sppb-text-center","columns_align_center":0,"fullscreen":0,"no_gutter":0,"padding":{"md":"120px 0px 105px 0px","sm":"   ","xs":"70px 0px 70px 0px"},"margin":{"md":"0px 0px 0px 0px","sm":"   ","xs":"   "},"background_type":"color","background_gradient":{"color":"#00c6fb","color2":"#005bea","deg":"45","type":"linear"},"background_image":"","background_parallax":"0","background_repeat":"no-repeat","background_size":"cover","background_attachment":"fixed","background_position":"0 0","external_background_video":"0","show_top_shape":0,"shape_name":"clouds-flat","shape_color":"#e5e5e5","shape_width":{"md":100,"sm":100,"xs":100},"shape_height":"","shape_flip":false,"shape_invert":false,"shape_to_front":false,"show_bottom_shape":0,"bottom_shape_name":"clouds-opacity","bottom_shape_color":"#e5e5e5","bottom_shape_width":{"md":100,"sm":100,"xs":100},"bottom_shape_height":"","bottom_shape_flip":false,"bottom_shape_invert":false,"bottom_shape_to_front":false,"hidden_xs":"","hidden_sm":"","hidden_md":"","animationduration":"300","animationdelay":"0","instFormId":1518414683431,"background_color":"#f9fafa","color":"#2b303c"},"layout":"12,6,6,6,6","columns":[{"id":1526883237075,"class_name":"col-md-12","visibility":true,"settings":{"background_type":"none","background_gradient":{"color":"#00c6fb","color2":"#005bea","deg":"45","type":"linear"},"background_image":"","background_repeat":"no-repeat","background_size":"cover","background_attachment":"scroll","background_position":"0 0","items_align_center":0,"use_border":0,"border_width":"","border_radius":0,"boxshadow":"0 0 0 0 #fff","sm_col":"","xs_col":"","hidden_xs":"","hidden_sm":"","hidden_md":"","animationduration":"300","animationdelay":"0","instFormId":1518414682771},"addons":[{"id":1526883237076,"name":"heading","visibility":true,"settings":{"admin_label":"","title":"Why Choose GoHost?","heading_selector":"h2","use_link":0,"title_link":"","link_new_tab":"","title_fontsize":{"md":"36","sm":"","xs":"28"},"title_lineheight":{"md":"44","sm":"","xs":"38"},"title_letterspace":"0","title_text_transform":"none","title_margin":{"md":"0px 0px 20px 0px","sm":"   ","xs":"0px 0px 10px 0px"},"title_padding":{"md":"0px 0px 0px 0px","sm":"   ","xs":"   "},"title_icon_position":"before","alignment":"sppb-text-center","title_text_shadow":"","class":"","global_background_type":"none","global_background_gradient":{"color":"#00c6fb","color2":"#005bea","deg":"45","type":"linear"},"global_use_overlay":0,"global_background_repeat":"no-repeat","global_background_size":"cover","global_background_attachment":"inherit","global_user_border":0,"global_border_width":"","global_border_radius":0,"global_margin":{"md":"0px 0px 0px 0px","sm":"   ","xs":"   "},"global_padding":{"md":"   ","sm":"   ","xs":"   "},"global_boxshadow":"0 0 0 0 #ffffff","global_use_animation":0,"global_animationduration":"300","global_animationdelay":"0","global_custom_css":"","use_global_width":"0","hidden_md":"0","hidden_sm":"0","hidden_xs":"0","acl":"","instFormId":1518421990434,"title_font_family":"Varela Round","title_font_style":{"weight":400},"global_text_color":"","button_status":"normal"}},{"id":1526883237077,"name":"text_block","visibility":true,"settings":{"admin_label":"","title":"","heading_selector":"h3","title_fontsize":"","title_lineheight":"","title_letterspace":"0","text":"Lorem ipsum dolor sit amet, consectetur adipisicing elit, sed do eiusmod tempor incididunt ut labore et dolore magna aliqua. Ut enim ad minim veniam.","alignment":"sppb-text-center","text_fontsize":{"md":"16","sm":"","xs":"14"},"text_lineheight":{"md":"26","sm":"","xs":"24"},"dropcap":0,"class":"","global_background_type":"none","global_background_gradient":{"color":"#00c6fb","color2":"#005bea","deg":"45","type":"linear"},"global_use_overlay":0,"global_background_repeat":"no-repeat","global_background_size":"cover","global_background_attachment":"inherit","global_user_border":0,"global_border_width":"","global_border_radius":0,"global_margin":{"md":"0px auto 85px auto","sm":"   ","xs":"0px 0px 50px 0px"},"global_padding":{"md":"0px 15px 0px 15px","sm":"   ","xs":"0px 0px 0px 0px"},"global_boxshadow":"0 0 0 0 #ffffff","global_use_animation":0,"global_animationduration":"300","global_animationdelay":"0","global_custom_css":"","use_global_width":1,"hidden_md":0,"hidden_sm":0,"hidden_xs":0,"acl":"","instFormId":1518414682396,"text_font_family":"Varela Round","global_text_color":"#888484","global_width":{"md":"75","sm":"100","xs":"100"}}}]},{"id":1526883237078,"class_name":"col-md-6","visibility":true,"settings":{"background_type":"none","background_gradient":{"color":"#00c6fb","color2":"#005bea","deg":"45","type":"linear"},"background_image":"","background_repeat":"no-repeat","background_size":"cover","background_attachment":"scroll","background_position":"0 0","items_align_center":0,"use_border":0,"border_width":"","border_radius":0,"boxshadow":"0 0 0 0 #fff","sm_col":"","xs_col":"","hidden_xs":"","hidden_sm":"","hidden_md":"","animationduration":"300","animationdelay":"0","instFormId":1518414682771},"addons":[{"id":1526883237079,"type":"inner_row","settings":{"admin_label":"","title":"","heading_selector":"h3","title_fontsize":"","title_fontweight":"","title_position":"sppb-text-center","columns_align_center":0,"fullscreen":0,"no_gutter":0,"padding":{"md":"30px 30px 30px 30px","sm":"   ","xs":"15px 15px 15px 15px"},"margin":{"md":"0px 0px 30px 0px","sm":"   ","xs":"0px 0px 10px 0px"},"background_type":"color","background_gradient":{"color":"#00c6fb","color2":"#005bea","deg":"45","type":"linear"},"background_image":"","background_parallax":"0","background_repeat":"no-repeat","background_size":"cover","background_attachment":"fixed","background_position":"0 0","external_background_video":"0","show_top_shape":0,"shape_name":"clouds-flat","shape_color":"#e5e5e5","shape_width":{"md":100,"sm":100,"xs":100},"shape_height":"","shape_flip":false,"shape_invert":false,"shape_to_front":false,"show_bottom_shape":0,"bottom_shape_name":"clouds-opacity","bottom_shape_color":"#e5e5e5","bottom_shape_width":{"md":100,"sm":100,"xs":100},"bottom_shape_height":"","bottom_shape_flip":false,"bottom_shape_invert":false,"bottom_shape_to_front":false,"hidden_xs":"","hidden_sm":"","hidden_md":"","animationduration":"800","animationdelay":"200","instFormId":1518421990149,"class":"vedio-widget","background_color":"#fff","animation":"fadeIn"},"layout":"5,7","visibility":true,"columns":[{"id":1526883237080,"class_name":"col-md-5","visibility":true,"settings":{"background_type":"none","background_gradient":{"color":"#00c6fb","color2":"#005bea","deg":"45","type":"linear"},"background_image":"","background_repeat":"no-repeat","background_size":"cover","background_attachment":"scroll","background_position":"0 0","items_align_center":0,"use_border":0,"border_width":"","border_radius":0,"boxshadow":"0 0 0 0 #fff","sm_col":"col-sm-5","xs_col":"col-xs-5","hidden_xs":0,"hidden_sm":0,"hidden_md":0,"animationduration":"300","animationdelay":"0","instFormId":1518421990150,"padding":{"md":"   ","sm":"   ","xs":"   "},"margin":{"md":"   ","sm":"   ","xs":"   "}},"addons":[{"id":1526883237081,"name":"modal","visibility":true,"settings":{"admin_label":"","modal_selector":"icon","button_text":"Button Text","button_type":"default","button_letterspace":"0","button_padding":"","button_background_color":"#444444","button_color":"#fff","button_background_color_hover":"#222","button_color_hover":"#fff","button_appearance":"flat","selector_icon_name":"fa-play-circle-o","selector_icon_size":{"md":"60"},"selector_text":"","selector_text_weight":"","selector_text_color":"","modal_content_type":"video","modal_content_text":"","modal_popup_width":"760","modal_popup_height":"440","alignment":"sppb-text-center","class":"vedio-thumb","global_background_type":"image","global_background_gradient":{"color":"#00c6fb","color2":"#005bea","deg":"45","type":"linear"},"global_use_overlay":0,"global_background_repeat":"no-repeat","global_background_size":"cover","global_background_attachment":"inherit","global_user_border":0,"global_border_width":"","global_border_radius":{"md":"3","sm":"","xs":""},"global_margin":{"md":"0px 0px 0px 0px","sm":"   ","xs":"   "},"global_padding":{"md":"30px 10px 30px 10px","sm":"   ","xs":"   "},"global_boxshadow":"0 0 0 0 #ffffff","global_use_animation":0,"global_animationduration":"300","global_animationdelay":"0","global_custom_css":"","use_global_width":"0","hidden_md":"0","hidden_sm":"0","hidden_xs":"0","acl":"","instFormId":1518421990151,"selector_text_margin":"   ","global_background_image":"https://sppagebuilder.com/sample-data/images/2018/hosting-img/feature1.jpg","selector_icon_color":"#fff","global_background_color":"#1f51d4","modal_content_video_url":"https://www.youtube.com/watch?v=E-8X37wXDu0"}}]},{"id":1526883237082,"class_name":"col-md-7","visibility":true,"settings":{"background_type":"none","background_gradient":{"color":"#00c6fb","color2":"#005bea","deg":"45","type":"linear"},"background_image":"","background_repeat":"no-repeat","background_size":"cover","background_attachment":"scroll","background_position":"0 0","items_align_center":0,"use_border":0,"border_width":{"md":"73","sm":"","xs":""},"border_radius":0,"boxshadow":"0 0 0 0 #fff","sm_col":"col-sm-7","xs_col":"col-xs-7","hidden_xs":0,"hidden_sm":0,"hidden_md":0,"animationduration":"300","animationdelay":"0","instFormId":1518421990152,"padding":{"md":"   ","sm":"   ","xs":"   "},"margin":{"md":"   ","sm":"   ","xs":"   "},"border_color":"#a47575","boder_style":"solid"},"addons":[{"id":1526883237083,"name":"text_block","visibility":true,"settings":{"admin_label":"","title":"Watch a demo","heading_selector":"h3","title_fontsize":{"md":"24","sm":"","xs":"20"},"title_lineheight":{"md":"34","sm":"","xs":"30"},"title_letterspace":"0","text":"Sublattice of electrons that point in one direction, than from the.","alignment":"","text_fontsize":{"md":"16","sm":"","xs":""},"text_lineheight":{"md":"20","sm":"","xs":""},"dropcap":0,"class":"","global_background_type":"none","global_background_gradient":{"color":"#00c6fb","color2":"#005bea","deg":"45","type":"linear"},"global_use_overlay":0,"global_background_repeat":"no-repeat","global_background_size":"cover","global_background_attachment":"inherit","global_user_border":0,"global_border_width":"","global_border_radius":0,"global_margin":{"md":"0px 0px 0px 0px","sm":"   ","xs":"   "},"global_padding":{"md":"   ","sm":"   ","xs":"   "},"global_boxshadow":"0 0 0 0 #ffffff","global_use_animation":0,"global_animationduration":"300","global_animationdelay":"0","global_custom_css":"","use_global_width":"0","hidden_md":"0","hidden_sm":"0","hidden_xs":"0","acl":"","instFormId":1518421990153,"text_font_family":"Varela Round","font_family":"Varela Round","title_font_style":{"weight":400},"title_text_color":"#2b303c","title_margin_bottom":{"md":"8","sm":"","xs":""},"global_text_color":"#888484"}}]}]}]},{"id":1526883237084,"class_name":"col-md-6","visibility":true,"settings":{"background_type":"none","background_gradient":{"color":"#00c6fb","color2":"#005bea","deg":"45","type":"linear"},"background_image":"","background_repeat":"no-repeat","background_size":"cover","background_attachment":"scroll","background_position":"0 0","items_align_center":0,"use_border":0,"border_width":"","border_radius":0,"boxshadow":"0 0 0 0 #fff","sm_col":"","xs_col":"","hidden_xs":"","hidden_sm":"","hidden_md":"","animationduration":"300","animationdelay":"0","instFormId":1518414682771},"addons":[{"id":1526883237085,"type":"inner_row","settings":{"admin_label":"","title":"","heading_selector":"h3","title_fontsize":"","title_fontweight":"","title_position":"sppb-text-center","columns_align_center":0,"fullscreen":0,"no_gutter":0,"padding":{"md":"30px 30px 30px 30px","sm":"   ","xs":"15px 15px 15px 15px"},"margin":{"md":"0px 0px 30px 0px","sm":"   ","xs":"0px 0px 10px 0px"},"background_type":"color","background_gradient":{"color":"#00c6fb","color2":"#005bea","deg":"45","type":"linear"},"background_image":"","background_parallax":"0","background_repeat":"no-repeat","background_size":"cover","background_attachment":"fixed","background_position":"0 0","external_background_video":"0","show_top_shape":0,"shape_name":"clouds-flat","shape_color":"#e5e5e5","shape_width":{"md":100,"sm":100,"xs":100},"shape_height":"","shape_flip":false,"shape_invert":false,"shape_to_front":false,"show_bottom_shape":0,"bottom_shape_name":"clouds-opacity","bottom_shape_color":"#e5e5e5","bottom_shape_width":{"md":100,"sm":100,"xs":100},"bottom_shape_height":"","bottom_shape_flip":false,"bottom_shape_invert":false,"bottom_shape_to_front":false,"hidden_xs":"","hidden_sm":"","hidden_md":"","animationduration":"800","animationdelay":"400","instFormId":1518421990156,"class":"vedio-widget","background_color":"#fff","animation":"fadeIn"},"layout":"5,7","visibility":true,"columns":[{"id":1526883237086,"class_name":"col-md-5","visibility":true,"settings":{"background_type":"none","background_gradient":{"color":"#00c6fb","color2":"#005bea","deg":"45","type":"linear"},"background_image":"","background_repeat":"no-repeat","background_size":"cover","background_attachment":"scroll","background_position":"0 0","items_align_center":0,"use_border":0,"border_width":"","border_radius":0,"boxshadow":"0 0 0 0 #fff","sm_col":"col-sm-5","xs_col":"col-xs-5","hidden_xs":0,"hidden_sm":0,"hidden_md":0,"animationduration":"300","animationdelay":"0","instFormId":1518421990157,"padding":{"md":"   ","sm":"   ","xs":"   "},"margin":{"md":"   ","sm":"   ","xs":"   "}},"addons":[{"id":1526883237087,"name":"modal","visibility":true,"settings":{"admin_label":"","modal_selector":"icon","button_text":"Button Text","button_type":"default","button_letterspace":"0","button_padding":"","button_background_color":"#444444","button_color":"#fff","button_background_color_hover":"#222","button_color_hover":"#fff","button_appearance":"flat","selector_icon_name":"fa-play-circle-o","selector_icon_size":{"md":"60"},"selector_text":"","selector_text_weight":"","selector_text_color":"","modal_content_type":"video","modal_content_text":"","modal_popup_width":"760","modal_popup_height":"440","alignment":"sppb-text-center","class":"vedio-thumb","global_background_type":"image","global_background_gradient":{"color":"#00c6fb","color2":"#005bea","deg":"45","type":"linear"},"global_use_overlay":0,"global_background_repeat":"no-repeat","global_background_size":"cover","global_background_attachment":"inherit","global_user_border":0,"global_border_width":"","global_border_radius":{"md":"3","sm":"","xs":""},"global_margin":{"md":"0px 0px 0px 0px","sm":"   ","xs":"   "},"global_padding":{"md":"30px 10px 30px 10px","sm":"   ","xs":"   "},"global_boxshadow":"0 0 0 0 #ffffff","global_use_animation":0,"global_animationduration":"300","global_animationdelay":"0","global_custom_css":"","use_global_width":"0","hidden_md":"0","hidden_sm":"0","hidden_xs":"0","acl":"","instFormId":1518421990158,"selector_text_margin":"   ","global_background_image":"https://sppagebuilder.com/sample-data/images/2018/hosting-img/feature2.jpg","selector_icon_color":"#fff","global_background_color":"#1f51d4","modal_content_video_url":"https://www.youtube.com/watch?v=E-8X37wXDu0"}}]},{"id":1526883237088,"class_name":"col-md-7","visibility":true,"settings":{"background_type":"none","background_gradient":{"color":"#00c6fb","color2":"#005bea","deg":"45","type":"linear"},"background_image":"","background_repeat":"no-repeat","background_size":"cover","background_attachment":"scroll","background_position":"0 0","items_align_center":0,"use_border":0,"border_width":"","border_radius":0,"boxshadow":"0 0 0 0 #fff","sm_col":"col-sm-7","xs_col":"col-xs-7","hidden_xs":0,"hidden_sm":0,"hidden_md":0,"animationduration":"300","animationdelay":"0","instFormId":1518421990159,"padding":{"md":"   ","sm":"   ","xs":"   "},"margin":{"md":"   ","sm":"   ","xs":"   "}},"addons":[{"id":1526883237089,"name":"text_block","visibility":true,"settings":{"admin_label":"","title":"24/7/365 Support","heading_selector":"h3","title_fontsize":{"md":"24","sm":"","xs":"20"},"title_lineheight":{"md":"34","sm":"","xs":"30"},"title_letterspace":"0","text":"Sublattice of electrons that point in one direction, than from the.","alignment":"","text_fontsize":{"md":"16","sm":"","xs":""},"text_lineheight":{"md":"20","sm":"","xs":""},"dropcap":0,"class":"","global_background_type":"none","global_background_gradient":{"color":"#00c6fb","color2":"#005bea","deg":"45","type":"linear"},"global_use_overlay":0,"global_background_repeat":"no-repeat","global_background_size":"cover","global_background_attachment":"inherit","global_user_border":0,"global_border_width":"","global_border_radius":0,"global_margin":{"md":"0px 0px 0px 0px","sm":"   ","xs":"   "},"global_padding":{"md":"   ","sm":"   ","xs":"   "},"global_boxshadow":"0 0 0 0 #ffffff","global_use_animation":0,"global_animationduration":"300","global_animationdelay":"0","global_custom_css":"","use_global_width":"0","hidden_md":"0","hidden_sm":"0","hidden_xs":"0","acl":"","instFormId":1518421990160,"text_font_family":"Varela Round","font_family":"Varela Round","title_font_style":{"weight":400},"title_text_color":"#2b303c","title_margin_bottom":{"md":"8","sm":"","xs":""},"global_text_color":"#888484"}}]}]}]},{"id":1526883237090,"class_name":"col-md-6","visibility":true,"settings":{"background_type":"none","background_gradient":{"color":"#00c6fb","color2":"#005bea","deg":"45","type":"linear"},"background_image":"","background_repeat":"no-repeat","background_size":"cover","background_attachment":"scroll","background_position":"0 0","items_align_center":0,"use_border":0,"border_width":"","border_radius":0,"boxshadow":"0 0 0 0 #fff","sm_col":"","xs_col":"","hidden_xs":"","hidden_sm":"","hidden_md":"","animationduration":"300","animationdelay":"0","instFormId":1518414682771},"addons":[{"id":1526883237091,"type":"inner_row","settings":{"admin_label":"","title":"","heading_selector":"h3","title_fontsize":"","title_fontweight":"","title_position":"sppb-text-center","columns_align_center":0,"fullscreen":0,"no_gutter":0,"padding":{"md":"30px 30px 30px 30px","sm":"   ","xs":"15px 15px 15px 15px"},"margin":{"md":"0px 0px 30px 0px","sm":"   ","xs":"0px 0px 10px 0px"},"background_type":"color","background_gradient":{"color":"#00c6fb","color2":"#005bea","deg":"45","type":"linear"},"background_image":"","background_parallax":"0","background_repeat":"no-repeat","background_size":"cover","background_attachment":"fixed","background_position":"0 0","external_background_video":"0","show_top_shape":0,"shape_name":"clouds-flat","shape_color":"#e5e5e5","shape_width":{"md":100,"sm":100,"xs":100},"shape_height":"","shape_flip":false,"shape_invert":false,"shape_to_front":false,"show_bottom_shape":0,"bottom_shape_name":"clouds-opacity","bottom_shape_color":"#e5e5e5","bottom_shape_width":{"md":100,"sm":100,"xs":100},"bottom_shape_height":"","bottom_shape_flip":false,"bottom_shape_invert":false,"bottom_shape_to_front":false,"hidden_xs":"","hidden_sm":"","hidden_md":"","animationduration":"800","animationdelay":"600","instFormId":1518414683482,"class":"vedio-widget","background_color":"#fff","animation":"fadeIn"},"layout":"5,7","visibility":true,"columns":[{"id":1526883237092,"class_name":"col-md-5","visibility":true,"settings":{"background_type":"none","background_gradient":{"color":"#00c6fb","color2":"#005bea","deg":"45","type":"linear"},"background_image":"","background_repeat":"no-repeat","background_size":"cover","background_attachment":"scroll","background_position":"0 0","items_align_center":0,"use_border":0,"border_width":"","border_radius":0,"boxshadow":"0 0 0 0 #fff","sm_col":"col-sm-5","xs_col":"col-xs-5","hidden_xs":0,"hidden_sm":0,"hidden_md":0,"animationduration":"300","animationdelay":"0","instFormId":1518414683483,"padding":{"md":"   ","sm":"   ","xs":"   "},"margin":{"md":"   ","sm":"   ","xs":"   "}},"addons":[{"id":1526883237093,"name":"modal","visibility":true,"settings":{"admin_label":"","modal_selector":"icon","button_text":"Button Text","button_type":"default","button_letterspace":"0","button_padding":"","button_background_color":"#444444","button_color":"#fff","button_background_color_hover":"#222","button_color_hover":"#fff","button_appearance":"flat","selector_icon_name":"fa-play-circle-o","selector_icon_size":{"md":"60"},"selector_text":"","selector_text_weight":"","selector_text_color":"","modal_content_type":"video","modal_content_text":"","modal_popup_width":"760","modal_popup_height":"440","alignment":"sppb-text-center","class":"vedio-thumb","global_background_type":"image","global_background_gradient":{"color":"#00c6fb","color2":"#005bea","deg":"45","type":"linear"},"global_use_overlay":0,"global_background_repeat":"no-repeat","global_background_size":"cover","global_background_attachment":"inherit","global_user_border":0,"global_border_width":"","global_border_radius":{"md":"3","sm":"","xs":""},"global_margin":{"md":"0px 0px 0px 0px","sm":"   ","xs":"   "},"global_padding":{"md":"30px 10px 30px 10px","sm":"   ","xs":"   "},"global_boxshadow":"0 0 0 0 #ffffff","global_use_animation":0,"global_animationduration":"300","global_animationdelay":"0","global_custom_css":"","use_global_width":"0","hidden_md":"0","hidden_sm":"0","hidden_xs":"0","acl":"","instFormId":1518422001764,"selector_text_margin":"   ","global_background_image":"https://sppagebuilder.com/sample-data/images/2018/hosting-img/feature3.jpg","selector_icon_color":"#fff","global_background_color":"#1f51d4","modal_content_video_url":"https://www.youtube.com/watch?v=E-8X37wXDu0"}}]},{"id":1526883237094,"class_name":"col-md-7","visibility":true,"settings":{"background_type":"none","background_gradient":{"color":"#00c6fb","color2":"#005bea","deg":"45","type":"linear"},"background_image":"","background_repeat":"no-repeat","background_size":"cover","background_attachment":"scroll","background_position":"0 0","items_align_center":0,"use_border":0,"border_width":"","border_radius":0,"boxshadow":"0 0 0 0 #fff","sm_col":"col-sm-7","xs_col":"col-xs-7","hidden_xs":0,"hidden_sm":0,"hidden_md":0,"animationduration":"300","animationdelay":"0","instFormId":1518414683486,"padding":{"md":"   ","sm":"   ","xs":"   "},"margin":{"md":"   ","sm":"   ","xs":"   "}},"addons":[{"id":1526883237095,"name":"text_block","visibility":true,"settings":{"admin_label":"","title":"30 Day Guarantee","heading_selector":"h3","title_fontsize":{"md":"24","sm":"","xs":"20"},"title_lineheight":{"md":"34","sm":"","xs":"30"},"title_letterspace":"0","text":"Sublattice of electrons that point in one direction, than from the.","alignment":"","text_fontsize":{"md":"16","sm":"","xs":""},"text_lineheight":{"md":"20","sm":"","xs":""},"dropcap":0,"class":"","global_background_type":"none","global_background_gradient":{"color":"#00c6fb","color2":"#005bea","deg":"45","type":"linear"},"global_use_overlay":0,"global_background_repeat":"no-repeat","global_background_size":"cover","global_background_attachment":"inherit","global_user_border":0,"global_border_width":"","global_border_radius":0,"global_margin":{"md":"0px 0px 0px 0px","sm":"   ","xs":"   "},"global_padding":{"md":"   ","sm":"   ","xs":"   "},"global_boxshadow":"0 0 0 0 #ffffff","global_use_animation":0,"global_animationduration":"300","global_animationdelay":"0","global_custom_css":"","use_global_width":"0","hidden_md":"0","hidden_sm":"0","hidden_xs":"0","acl":"","instFormId":1518421420675,"text_font_family":"Varela Round","font_family":"Varela Round","title_font_style":{"weight":400},"title_text_color":"#2b303c","title_margin_bottom":{"md":"8","sm":"","xs":""},"global_text_color":"#888484"}}]}]}]},{"id":1526883237096,"class_name":"col-md-6","visibility":true,"settings":{"background_type":"none","background_gradient":{"color":"#00c6fb","color2":"#005bea","deg":"45","type":"linear"},"background_image":"","background_repeat":"no-repeat","background_size":"cover","background_attachment":"scroll","background_position":"0 0","items_align_center":0,"use_border":0,"border_width":"","border_radius":0,"boxshadow":"0 0 0 0 #fff","sm_col":"","xs_col":"","hidden_xs":"","hidden_sm":"","hidden_md":"","animationduration":"300","animationdelay":"0","instFormId":1518414682771},"addons":[{"id":1526883237097,"type":"inner_row","settings":{"admin_label":"","title":"","heading_selector":"h3","title_fontsize":"","title_fontweight":"","title_position":"sppb-text-center","columns_align_center":0,"fullscreen":0,"no_gutter":0,"padding":{"md":"30px 30px 30px 30px","sm":"   ","xs":"15px 15px 15px 15px"},"margin":{"md":"0px 0px 30px 0px","sm":"   ","xs":"0px 0px 10px 0px"},"background_type":"color","background_gradient":{"color":"#00c6fb","color2":"#005bea","deg":"45","type":"linear"},"background_image":"","background_parallax":"0","background_repeat":"no-repeat","background_size":"cover","background_attachment":"fixed","background_position":"0 0","external_background_video":"0","show_top_shape":0,"shape_name":"clouds-flat","shape_color":"#e5e5e5","shape_width":{"md":100,"sm":100,"xs":100},"shape_height":"","shape_flip":false,"shape_invert":false,"shape_to_front":false,"show_bottom_shape":0,"bottom_shape_name":"clouds-opacity","bottom_shape_color":"#e5e5e5","bottom_shape_width":{"md":100,"sm":100,"xs":100},"bottom_shape_height":"","bottom_shape_flip":false,"bottom_shape_invert":false,"bottom_shape_to_front":false,"hidden_xs":"","hidden_sm":"","hidden_md":"","animationduration":"800","animationdelay":"800","instFormId":1518421990163,"class":"vedio-widget","background_color":"#fff","animation":"fadeIn"},"layout":"5,7","visibility":true,"columns":[{"id":1526883237098,"class_name":"col-md-5","visibility":true,"settings":{"background_type":"none","background_gradient":{"color":"#00c6fb","color2":"#005bea","deg":"45","type":"linear"},"background_image":"","background_repeat":"no-repeat","background_size":"cover","background_attachment":"scroll","background_position":"0 0","items_align_center":0,"use_border":0,"border_width":"","border_radius":0,"boxshadow":"0 0 0 0 #fff","sm_col":"col-sm-5","xs_col":"col-xs-5","hidden_xs":0,"hidden_sm":0,"hidden_md":0,"animationduration":"300","animationdelay":"0","instFormId":1518421990164,"padding":{"md":"   ","sm":"   ","xs":"   "},"margin":{"md":"   ","sm":"   ","xs":"   "}},"addons":[{"id":1526883237099,"name":"modal","visibility":true,"settings":{"admin_label":"","modal_selector":"icon","button_text":"Button Text","button_type":"default","button_letterspace":"0","button_padding":"","button_background_color":"#444444","button_color":"#fff","button_background_color_hover":"#222","button_color_hover":"#fff","button_appearance":"flat","selector_icon_name":"fa-play-circle-o","selector_icon_size":{"md":"60"},"selector_text":"","selector_text_weight":"","selector_text_color":"","modal_content_type":"video","modal_content_text":"","modal_popup_width":"760","modal_popup_height":"440","alignment":"sppb-text-center","class":"vedio-thumb","global_background_type":"image","global_background_gradient":{"color":"#00c6fb","color2":"#005bea","deg":"45","type":"linear"},"global_use_overlay":0,"global_background_repeat":"no-repeat","global_background_size":"cover","global_background_attachment":"inherit","global_user_border":0,"global_border_width":"","global_border_radius":{"md":"3","sm":"","xs":""},"global_margin":{"md":"0px 0px 0px 0px","sm":"   ","xs":"   "},"global_padding":{"md":"30px 10px 30px 10px","sm":"   ","xs":"   "},"global_boxshadow":"0 0 0 0 #ffffff","global_use_animation":0,"global_animationduration":"300","global_animationdelay":"0","global_custom_css":"","use_global_width":"0","hidden_md":"0","hidden_sm":"0","hidden_xs":"0","acl":"","instFormId":1518421990165,"selector_text_margin":"   ","global_background_image":"https://sppagebuilder.com/sample-data/images/2018/hosting-img/feature4.jpg","selector_icon_color":"#fff","global_background_color":"#1f51d4","modal_content_video_url":"https://www.youtube.com/watch?v=E-8X37wXDu0"}}]},{"id":1526883237100,"class_name":"col-md-7","visibility":true,"settings":{"background_type":"none","background_gradient":{"color":"#00c6fb","color2":"#005bea","deg":"45","type":"linear"},"background_image":"","background_repeat":"no-repeat","background_size":"cover","background_attachment":"scroll","background_position":"0 0","items_align_center":0,"use_border":0,"border_width":"","border_radius":0,"boxshadow":"0 0 0 0 #fff","sm_col":"col-sm-7","xs_col":"col-xs-7","hidden_xs":0,"hidden_sm":0,"hidden_md":0,"animationduration":"300","animationdelay":"0","instFormId":1518421990166,"padding":{"md":"   ","sm":"   ","xs":"   "},"margin":{"md":"   ","sm":"   ","xs":"   "}},"addons":[{"id":1526883237101,"name":"text_block","visibility":true,"settings":{"admin_label":"","title":"99.9% Uptime","heading_selector":"h3","title_fontsize":{"md":"24","sm":"","xs":"20"},"title_lineheight":{"md":"34","sm":"","xs":"30"},"title_letterspace":"0","text":"Sublattice of electrons that point in one direction, than from the.","alignment":"","text_fontsize":{"md":"16","sm":"","xs":""},"text_lineheight":{"md":"20","sm":"","xs":""},"dropcap":0,"class":"","global_background_type":"none","global_background_gradient":{"color":"#00c6fb","color2":"#005bea","deg":"45","type":"linear"},"global_use_overlay":0,"global_background_repeat":"no-repeat","global_background_size":"cover","global_background_attachment":"inherit","global_user_border":0,"global_border_width":"","global_border_radius":0,"global_margin":{"md":"0px 0px 0px 0px","sm":"   ","xs":"   "},"global_padding":{"md":"   ","sm":"   ","xs":"   "},"global_boxshadow":"0 0 0 0 #ffffff","global_use_animation":0,"global_animationduration":"300","global_animationdelay":"0","global_custom_css":"","use_global_width":"0","hidden_md":"0","hidden_sm":"0","hidden_xs":"0","acl":"","instFormId":1518421990167,"text_font_family":"Varela Round","font_family":"Varela Round","title_font_style":{"weight":400},"title_text_color":"#2b303c","title_margin_bottom":{"md":"8","sm":"","xs":""},"global_text_color":"#888484"}}]}]}]}]},{"id":1518439007249,"visibility":true,"collapse":false,"settings":{"admin_label":"","title":"","heading_selector":"h3","title_fontsize":"","title_fontweight":"","title_position":"sppb-text-center","columns_align_center":0,"fullscreen":1,"no_gutter":0,"padding":{"md":"0px 0px 0px 0px","sm":"   ","xs":"   "},"margin":{"md":"0px 0px 0px 0px","sm":"   ","xs":"   "},"background_type":"none","background_gradient":{"color":"#00c6fb","color2":"#005bea","deg":"45","type":"linear"},"background_image":"","background_parallax":"0","background_repeat":"no-repeat","background_size":"cover","background_attachment":"fixed","background_position":"0 0","external_background_video":"0","show_top_shape":0,"shape_name":"clouds-flat","shape_color":"#e5e5e5","shape_width":{"md":100,"sm":100,"xs":100},"shape_height":"","shape_flip":false,"shape_invert":false,"shape_to_front":false,"show_bottom_shape":0,"bottom_shape_name":"clouds-opacity","bottom_shape_color":"#e5e5e5","bottom_shape_width":{"md":100,"sm":100,"xs":100},"bottom_shape_height":"","bottom_shape_flip":false,"bottom_shape_invert":false,"bottom_shape_to_front":false,"hidden_xs":"","hidden_sm":"","hidden_md":"","animationduration":"300","animationdelay":"0","instFormId":1518414682282},"layout":"12","columns":[{"id":1518439007319,"class_name":"col-md-12","visibility":true,"settings":{"background_type":"none","background_gradient":{"color":"#00c6fb","color2":"#005bea","deg":"45","type":"linear"},"background_image":"","background_repeat":"no-repeat","background_size":"cover","background_attachment":"scroll","background_position":"0 0","items_align_center":0,"use_border":0,"border_width":"","border_radius":0,"boxshadow":"0 0 0 0 #fff","sm_col":"","xs_col":"","hidden_xs":"","hidden_sm":"","hidden_md":"","animationduration":"300","animationdelay":"0"},"addons":[{"id":1518439007320,"name":"divider","visibility":true,"settings":{"admin_label":"","divider_type":"border","divider_image":"","background_repeat":"no-repeat","divider_height":"10","border_style":"solid","border_width":"1","border_color":"#d4dde4","margin_top":{"md":"1","sm":"1","xs":"1"},"margin_bottom":{"md":"1","sm":"1","xs":"1"},"class":"","global_background_type":"none","global_background_gradient":{"color":"#00c6fb","color2":"#005bea","deg":"45","type":"linear"},"global_use_overlay":0,"global_background_repeat":"no-repeat","global_background_size":"cover","global_background_attachment":"inherit","global_user_border":0,"global_border_width":"","global_border_radius":0,"global_margin":{"md":"0px 0px 0px 0px","sm":"   ","xs":"   "},"global_padding":{"md":"   ","sm":"   ","xs":"   "},"global_boxshadow":"0 0 0 0 #ffffff","global_use_animation":0,"global_animationduration":"300","global_animationdelay":"0","global_custom_css":"","use_global_width":"0","hidden_md":"0","hidden_sm":"0","hidden_xs":"0","acl":"","instFormId":1518417134474}}]}]},{"id":1526883237066,"visibility":true,"collapse":false,"settings":{"admin_label":"","title":"","heading_selector":"h3","title_fontsize":"","title_fontweight":"","title_position":"sppb-text-center","columns_align_center":0,"fullscreen":0,"no_gutter":0,"padding":{"md":"35px 0px 35px 0px","sm":"   ","xs":"   "},"margin":{"md":"0px 0px 0px 0px","sm":"   ","xs":"   "},"background_type":"color","background_gradient":{"color":"#00c6fb","color2":"#005bea","deg":"45","type":"linear"},"background_image":"","background_parallax":"0","background_repeat":"no-repeat","background_size":"cover","background_attachment":"fixed","background_position":"0 0","external_background_video":"0","show_top_shape":0,"shape_name":"clouds-flat","shape_color":"#e5e5e5","shape_width":{"md":100,"sm":100,"xs":100},"shape_height":"","shape_flip":false,"shape_invert":false,"shape_to_front":false,"show_bottom_shape":0,"bottom_shape_name":"clouds-opacity","bottom_shape_color":"#e5e5e5","bottom_shape_width":{"md":100,"sm":100,"xs":100},"bottom_shape_height":"","bottom_shape_flip":false,"bottom_shape_invert":false,"bottom_shape_to_front":false,"hidden_xs":"","hidden_sm":"","hidden_md":"","animationduration":"300","animationdelay":"0","instFormId":1518421990538,"background_color":"#f9fafa"},"layout":"4,4,4","columns":[{"id":1526883237103,"class_name":"col-md-4","visibility":true,"settings":{"background_type":"none","background_gradient":{"color":"#00c6fb","color2":"#005bea","deg":"45","type":"linear"},"background_image":"","background_repeat":"no-repeat","background_size":"cover","background_attachment":"scroll","background_position":"0 0","items_align_center":0,"use_border":0,"border_width":"","border_radius":0,"boxshadow":"0 0 0 0 #fff","sm_col":"col-sm-4","xs_col":"","hidden_xs":0,"hidden_sm":0,"hidden_md":0,"animationduration":"300","animationdelay":"0","instFormId":1518421990535,"padding":{"md":"   ","sm":"   ","xs":"   "},"margin":{"md":"   ","sm":"   ","xs":"   "}},"addons":[{"id":1526883237104,"name":"feature","visibility":true,"settings":{"admin_label":"","title":"1-800-123-5678","heading_selector":"h4","title_position":"left","title_fontsize":{"md":"18","xs":"16"},"title_lineheight":{"md":"18","xs":"26"},"title_letterspace":"0","title_text_color":"#929494","title_url":"","url_appear":"title","feature_type":"image","feature_image":"https://sppagebuilder.com/sample-data/images/2018/05/18/icon8.png","icon_name":"fa-phone","icon_size":{"md":"24"},"icon_color":"#5e5e5e","text":"","text_fontsize":"","text_lineheight":"","alignment":"sppb-text-left","class":"contact-info","global_background_type":"none","global_background_gradient":{"color":"#00c6fb","color2":"#005bea","deg":"45","type":"linear"},"global_use_overlay":0,"global_background_repeat":"no-repeat","global_background_size":"cover","global_background_attachment":"inherit","global_user_border":0,"global_border_width":"","global_border_radius":0,"global_margin":{"md":"0px 0px 0px 0px","sm":"   ","xs":"0px 0px 20px 0px"},"global_padding":{"md":"   ","sm":"   ","xs":"   "},"global_boxshadow":"0 0 0 0 #ffffff","global_use_animation":0,"global_animationduration":"300","global_animationdelay":"0","global_custom_css":"","use_global_width":"0","hidden_md":"0","hidden_sm":"0","hidden_xs":"0","acl":"","instFormId":1518429324509,"icon_padding":{"md":"   ","sm":"   ","xs":"   "},"title_font_family":"Varela Round","title_font_style":{"weight":400},"title_margin_bottom":{"md":"0","sm":"","xs":""},"text_padding":{"md":"   ","sm":"   ","xs":"   "},"feature_image_margin":{"md":"   ","sm":"   ","xs":"   "}}}]},{"id":1526883237105,"class_name":"col-md-4","visibility":true,"settings":{"background_type":"none","background_gradient":{"color":"#00c6fb","color2":"#005bea","deg":"45","type":"linear"},"background_image":"","background_repeat":"no-repeat","background_size":"cover","background_attachment":"scroll","background_position":"0 0","items_align_center":0,"use_border":0,"border_width":"","border_radius":0,"boxshadow":"0 0 0 0 #fff","sm_col":"col-sm-4","xs_col":"","hidden_xs":0,"hidden_sm":0,"hidden_md":0,"animationduration":"300","animationdelay":"0","instFormId":1518421990536,"padding":{"md":"   ","sm":"   ","xs":"   "},"margin":{"md":"   ","sm":"   ","xs":"   "}},"addons":[{"id":1526883237106,"name":"feature","visibility":true,"settings":{"admin_label":"","title":"support@gohost.com","heading_selector":"h4","title_position":"left","title_fontsize":{"md":"18","xs":"16"},"title_lineheight":{"md":"18","xs":"26"},"title_letterspace":"0","title_text_color":"#929494","title_url":"","url_appear":"title","feature_type":"image","feature_image":"https://sppagebuilder.com/sample-data/images/2018/05/18/icon9.png","icon_name":"fa-envelope-o","icon_size":{"md":"24"},"icon_color":"#5e5e5e","text":"","text_fontsize":"","text_lineheight":"","alignment":"sppb-text-left","class":"contact-info","global_background_type":"none","global_background_gradient":{"color":"#00c6fb","color2":"#005bea","deg":"45","type":"linear"},"global_use_overlay":0,"global_background_repeat":"no-repeat","global_background_size":"cover","global_background_attachment":"inherit","global_user_border":0,"global_border_width":"","global_border_radius":0,"global_margin":{"md":"0px 0px 0px 0px","sm":"   ","xs":"0px 0px 20px 0px"},"global_padding":{"md":"   ","sm":"   ","xs":"   "},"global_boxshadow":"0 0 0 0 #ffffff","global_use_animation":0,"global_animationduration":"300","global_animationdelay":"0","global_custom_css":"","use_global_width":"0","hidden_md":"0","hidden_sm":"0","hidden_xs":"0","acl":"","instFormId":1518429324516,"icon_padding":{"md":"   ","sm":"   ","xs":"   "},"title_font_family":"Varela Round","title_font_style":{"weight":400},"title_margin_bottom":{"md":"0","sm":"","xs":""},"text_padding":{"md":"   ","sm":"   ","xs":"   "},"feature_image_margin":{"md":"   ","sm":"   ","xs":"   "}}}]},{"id":1526883237107,"class_name":"col-md-4","visibility":true,"settings":{"background_type":"none","background_gradient":{"color":"#00c6fb","color2":"#005bea","deg":"45","type":"linear"},"background_image":"","background_repeat":"no-repeat","background_size":"cover","background_attachment":"scroll","background_position":"0 0","items_align_center":0,"use_border":0,"border_width":"","border_radius":0,"boxshadow":"0 0 0 0 #fff","sm_col":"col-sm-4","xs_col":"","hidden_xs":0,"hidden_sm":0,"hidden_md":0,"animationduration":"300","animationdelay":"0","instFormId":1518421990537,"padding":{"md":"   ","sm":"   ","xs":"   "},"margin":{"md":"   ","sm":"   ","xs":"   "}},"addons":[{"id":1526883237108,"name":"feature","visibility":true,"settings":{"admin_label":"","title":"Victoria place, CA 3000, USA","heading_selector":"h4","title_position":"left","title_fontsize":{"md":"18","xs":"16"},"title_lineheight":{"md":"18","xs":"26"},"title_letterspace":"0","title_text_color":"#929494","title_url":"","url_appear":"title","feature_type":"image","feature_image":"https://sppagebuilder.com/sample-data/images/2018/05/18/icon10.png","icon_name":"fa-map-marker","icon_size":{"md":"24"},"icon_color":"#5e5e5e","text":"","text_fontsize":"","text_lineheight":"","alignment":"sppb-text-left","class":"contact-info","global_background_type":"none","global_background_gradient":{"color":"#00c6fb","color2":"#005bea","deg":"45","type":"linear"},"global_use_overlay":0,"global_background_repeat":"no-repeat","global_background_size":"cover","global_background_attachment":"inherit","global_user_border":0,"global_border_width":"","global_border_radius":0,"global_margin":{"md":"0px 0px 0px 0px","sm":"   ","xs":"   "},"global_padding":{"md":"   ","sm":"   ","xs":"   "},"global_boxshadow":"0 0 0 0 #ffffff","global_use_animation":0,"global_animationduration":"300","global_animationdelay":"0","global_custom_css":"","use_global_width":"0","hidden_md":"0","hidden_sm":"0","hidden_xs":"0","acl":"","instFormId":1518429199416,"icon_padding":{"md":"   ","sm":"   ","xs":"   "},"title_font_family":"Varela Round","title_font_style":{"weight":400},"title_margin_bottom":{"md":"0","sm":"","xs":""},"text_padding":{"md":"   ","sm":"   ","xs":"   "},"feature_image_margin":{"md":"   ","sm":"   ","xs":"   "}}}]}]}]