[{"id":1526627920190,"visibility":true,"collapse":false,"settings":{"admin_label":"","title":"","heading_selector":"h3","title_fontsize":"","title_fontweight":"","title_position":"sppb-text-center","columns_align_center":0,"fullscreen":0,"no_gutter":0,"padding":{"md":"120px 0px 100px 0px","sm":"   ","xs":"40px 0px 40px 0px"},"margin":{"md":"0px 0px 0px 0px","sm":"   ","xs":"   "},"background_type":"image","background_gradient":{"color":"#00c6fb","color2":"#005bea","deg":"45","type":"linear"},"background_image":"https://sppagebuilder.com/sample-data/images/2018/hosting-img/shape.png","background_parallax":0,"background_repeat":"repeat-x","background_size":"inherit","background_attachment":"inherit","background_position":"50% 0","external_background_video":"0","show_top_shape":0,"shape_name":"clouds-flat","shape_color":"#e5e5e5","shape_width":{"md":100,"sm":100,"xs":100},"shape_height":"","shape_flip":false,"shape_invert":false,"shape_to_front":false,"show_bottom_shape":0,"bottom_shape_name":"clouds-opacity","bottom_shape_color":"#e5e5e5","bottom_shape_width":{"md":100,"sm":100,"xs":100},"bottom_shape_height":"","bottom_shape_flip":false,"bottom_shape_invert":false,"bottom_shape_to_front":false,"hidden_xs":"","hidden_sm":"","hidden_md":"","animationduration":"300","animationdelay":"0","instFormId":1526627920190},"layout":"12,4,4,4,4,4,4","columns":[{"id":1526627920216,"class_name":"col-md-12","visibility":true,"settings":{"background_type":"none","background_gradient":{"color":"#00c6fb","color2":"#005bea","deg":"45","type":"linear"},"background_image":"","background_repeat":"no-repeat","background_size":"cover","background_attachment":"scroll","background_position":"0 0","items_align_center":0,"use_border":0,"border_width":"","border_radius":0,"boxshadow":"0 0 0 0 #fff","sm_col":"","xs_col":"","hidden_xs":"","hidden_sm":"","hidden_md":"","animationduration":"300","animationdelay":"0","instFormId":1518414682771},"addons":[{"id":1526627920217,"name":"heading","visibility":true,"settings":{"admin_label":"","title":"And more other great features","heading_selector":"h2","use_link":0,"title_link":"","link_new_tab":"","title_fontsize":{"md":"36","sm":"","xs":"28"},"title_lineheight":{"md":"44","sm":"","xs":"38"},"title_letterspace":"0","title_text_transform":"none","title_margin":{"md":"0px 0px 20px 0px","sm":"   ","xs":"0px 0px 10px 0px"},"title_padding":{"md":"0px 0px 0px 0px","sm":"   ","xs":"   "},"title_icon_position":"before","alignment":"sppb-text-center","title_text_shadow":"","class":"","global_background_type":"none","global_background_gradient":{"color":"#00c6fb","color2":"#005bea","deg":"45","type":"linear"},"global_use_overlay":0,"global_background_repeat":"no-repeat","global_background_size":"cover","global_background_attachment":"inherit","global_user_border":0,"global_border_width":"","global_border_radius":0,"global_margin":{"md":"0px 0px 0px 0px","sm":"   ","xs":"   "},"global_padding":{"md":"   ","sm":"   ","xs":"   "},"global_boxshadow":"0 0 0 0 #ffffff","global_use_animation":0,"global_animationduration":"300","global_animationdelay":"0","global_custom_css":"","use_global_width":"0","hidden_md":"0","hidden_sm":"0","hidden_xs":"0","acl":"","instFormId":1518431228327,"title_font_family":"Varela Round","title_font_style":{"weight":400},"global_text_color":"#fff"}},{"id":1526627920218,"name":"text_block","visibility":true,"settings":{"admin_label":"","title":"","heading_selector":"h3","title_fontsize":"","title_lineheight":"","title_letterspace":"0","text":"Start your domain name search","alignment":"sppb-text-center","text_fontsize":{"md":"18","sm":"","xs":"16"},"text_lineheight":{"md":"26","sm":"","xs":"24"},"dropcap":0,"class":"","global_background_type":"none","global_background_gradient":{"color":"#00c6fb","color2":"#005bea","deg":"45","type":"linear"},"global_use_overlay":0,"global_background_repeat":"no-repeat","global_background_size":"cover","global_background_attachment":"inherit","global_user_border":0,"global_border_width":"","global_border_radius":0,"global_margin":{"md":"0px auto 40px auto","sm":"   ","xs":"0px auto 20px auto"},"global_padding":{"md":"0px 15px 0px 15px","sm":"   ","xs":"0px 0px 0px 0px"},"global_boxshadow":"0 0 0 0 #ffffff","global_use_animation":0,"global_animationduration":"300","global_animationdelay":"0","global_custom_css":"","use_global_width":1,"hidden_md":0,"hidden_sm":0,"hidden_xs":0,"acl":"","instFormId":1526627920218,"text_font_family":"Varela Round","global_text_color":"#fff","global_width":{"md":"75","sm":"100","xs":"100"}}},{"id":1526627920219,"name":"raw_html","visibility":true,"settings":{"admin_label":"","title":"","heading_selector":"h3","title_fontsize":"","title_lineheight":"","title_letterspace":"0","html":" <form action=\"#\" class=\"domain-form\">\n            <input type=\"search\" placeholder=\"Type a domain name...\">\n            <div class=\"search-sub\">\n              <select class=\"custom-select-box\">\n                    <option value=\"com\">.com</option>\n                    <option value=\"net\">.net</option>\n                    <option value=\"biz\">.biz</option>\n                    <option value=\"org\">.org</option>\n                </select>\n              <button type=\"submit\"><i class=\"fa fa-arrow-right\"></i></button>\n            </div>\n          </form>","class":"","global_background_type":"none","global_background_gradient":{"color":"#00c6fb","color2":"#005bea","deg":"45","type":"linear"},"global_use_overlay":0,"global_background_repeat":"no-repeat","global_background_size":"cover","global_background_attachment":"inherit","global_user_border":0,"global_border_width":"","global_border_radius":0,"global_margin":{"md":"0 auto 135px auto","sm":"0 0 100px 0","xs":"0 0 60px 0"},"global_padding":{"md":"   ","sm":"   ","xs":"   "},"global_boxshadow":"0 0 0 0 #ffffff","global_use_animation":0,"global_animationduration":"300","global_animationdelay":"0","global_custom_css":".domain-form {\n  position: relative;\n}\n.domain-form input[type=\"search\"] {\n  height: 80px;\n  display: block;\n  background-color: #fff;\n  border: none;\n  width: 100%;\n  border-radius: 50px;\n  box-shadow: 20px 0 27px rgba(111, 140, 188, .15);\n  text-indent: 35px;\n  outline-offset: -2px;\n  -webkit-appearance: none;\n}\n.domain-form .search-sub {\n  position: absolute;\n  right: -1px;\n  top: 0;\n  border-left: 1px solid #ddd;\n}\n.domain-form .search-sub button {\n  padding: 0 35px 0 30px;\n  line-height: 80px;\n  background-color: #24d03c;\n  border: none;\n  font-size: 30px;\n  color: #fff;\n  border-radius: 0 50px 50px 0;\n  vertical-align: top;\n  cursor: pointer;\n}\n.domain-form .search-sub select {\n  height: 80px;\n  width: auto;\n  border: none;\n  padding: 0;\n  vertical-align: top;\n  margin: 0 10px;\n  display: inline-block;\n  background-color: transparent;\n}\n.custom-select-box {\n  position: relative;\n  cursor: pointer;\n  display: inline-block;\n}","use_global_width":1,"hidden_md":0,"hidden_sm":0,"hidden_xs":0,"acl":"","instFormId":1526627920219,"global_width":{"md":"66","sm":"100","xs":"100"}}}]},{"id":1526627920220,"class_name":"col-md-4","visibility":true,"settings":{"background_type":"none","background_gradient":{"color":"#00c6fb","color2":"#005bea","deg":"45","type":"linear"},"background_image":"","background_repeat":"no-repeat","background_size":"cover","background_attachment":"scroll","background_position":"0 0","items_align_center":0,"use_border":1,"border_width":{"md":"1","sm":"","xs":""},"border_radius":0,"boxshadow":{"ho":0,"vo":"20","blur":"25","spread":0,"color":"rgba(111, 140, 188, 0.15)","inset":false},"sm_col":"col-sm-6","xs_col":"","hidden_xs":0,"hidden_sm":0,"hidden_md":0,"animationduration":"800","animationdelay":"200","instFormId":1526627920220,"padding":{"md":"   ","sm":"   ","xs":"   "},"margin":{"md":"0px 0px 30px 0px","sm":"0px 0px 20px 0px","xs":"0px 0px 10px 0px"},"class":"single-package","boder_style":"solid","border_color":"#f5f6fa","animation":"fadeIn"},"addons":[{"id":1526627920221,"name":"pricing","visibility":true,"settings":{"admin_label":"","title":".com","heading_selector":"h1","title_fontsize":{"md":"58","xs":"40"},"title_lineheight":{"md":"68","xs":"50"},"title_letterspace":"0","title_text_color":"#1f51d4","title_margin_top":{"md":0},"title_margin_bottom":{"md":"17"},"price":"10.69/yr","price_color":"#1f51d4","price_font_size":{"md":"24","xs":""},"price_symbol":"$","price_symbol_alignment":"","price_symbol_color":"#1f51d4","price_symbol_font_size":{"md":"24","sm":"","xs":""},"duration":"","duration_color":"#1f51d4","duration_font_size":{"md":"24","sm":"","xs":""},"price_position":"before","price_margin_bottom":{"md":"35"},"pricing_content":"Get the domain that will never \ngo out of style.","pricing_content_font_size":{"md":16},"pricing_content_gap":{"md":"5"},"pricing_content_margin_bottom":{"md":"22"},"button_text":"Leran More","button_letterspace":"0","button_type":"custom","button_appearance":"","button_background_color":"#1f51d4","button_color":"#fff","button_background_color_hover":"#282e3f","button_color_hover":"#fff","alignment":"sppb-text-center","class":"","global_background_type":"color","global_background_gradient":{"color":"#00c6fb","color2":"#005bea","deg":"45","type":"linear"},"global_use_overlay":0,"global_background_repeat":"no-repeat","global_background_size":"cover","global_background_attachment":"inherit","global_user_border":0,"global_border_width":{"md":"","sm":"","xs":""},"global_border_radius":0,"global_margin":{"md":"0px 0px 0px 0px","sm":"   ","xs":"   "},"global_padding":{"md":"60px 40px 60px 40px","sm":"   ","xs":"60px 30px 60px 30px"},"global_boxshadow":{"ho":0,"vo":"0","blur":"0","spread":0,"color":"#fff","inset":false},"global_use_animation":0,"global_animationduration":"800","global_animationdelay":"200","global_custom_css":"","use_global_width":0,"hidden_md":0,"hidden_sm":0,"hidden_xs":0,"acl":"","instFormId":1526627920221,"button_padding":{"md":"16px 35px 16px 35px","sm":"   ","xs":"   "},"global_background_color":"#fff","title_font_style":{"weight":400,"uppercase":false},"title_font_family":"Varela Round","price_font_family":"Varela Round","pricing_content_font_family":"Varela Round","global_text_color":"#2b303c","button_font_family":"Varela Round","button_font_style":{"weight":"","uppercase":true},"button_url":"#","button_shape":"round","button_status":"normal","global_boder_style":"solid","global_border_color":"","global_animation":"fadeIn"}}]},{"id":1526627920222,"class_name":"col-md-4","visibility":true,"settings":{"background_type":"none","background_gradient":{"color":"#00c6fb","color2":"#005bea","deg":"45","type":"linear"},"background_image":"","background_repeat":"no-repeat","background_size":"cover","background_attachment":"scroll","background_position":"0 0","items_align_center":0,"use_border":1,"border_width":{"md":"1","sm":"","xs":""},"border_radius":0,"boxshadow":{"ho":0,"vo":"20","blur":"25","spread":0,"color":"rgba(111, 140, 188, 0.15)","inset":false},"sm_col":"col-sm-6","xs_col":"","hidden_xs":0,"hidden_sm":0,"hidden_md":0,"animationduration":"800","animationdelay":"400","instFormId":1526627920222,"padding":{"md":"   ","sm":"   ","xs":"   "},"margin":{"md":"0px 0px 30px 0px","sm":"0px 0px 20px 0px","xs":"0px 0px 10px 0px"},"boder_style":"solid","class":"single-package","border_color":"#f5f6fa","animation":"fadeIn"},"addons":[{"id":1526627920223,"name":"pricing","visibility":true,"settings":{"admin_label":"","title":".net","heading_selector":"h1","title_fontsize":{"md":"58","xs":"40"},"title_lineheight":{"md":"68","xs":"50"},"title_letterspace":"0","title_text_color":"#1f51d4","title_margin_top":{"md":0},"title_margin_bottom":{"md":"17"},"price":"10.69/yr","price_color":"#1f51d4","price_font_size":{"md":"24","xs":""},"price_symbol":"$","price_symbol_alignment":"","price_symbol_color":"#1f51d4","price_symbol_font_size":{"md":"24","sm":"","xs":""},"duration":"","duration_color":"#1f51d4","duration_font_size":{"md":"24","sm":"","xs":""},"price_position":"before","price_margin_bottom":{"md":"35"},"pricing_content":"Get the domain that will never \ngo out of style.","pricing_content_font_size":{"md":16},"pricing_content_gap":{"md":"5"},"pricing_content_margin_bottom":{"md":"22"},"button_text":"Leran More","button_letterspace":"0","button_type":"custom","button_appearance":"","button_background_color":"#1f51d4","button_color":"#fff","button_background_color_hover":"#282e3f","button_color_hover":"#fff","alignment":"sppb-text-center","class":"","global_background_type":"color","global_background_gradient":{"color":"#00c6fb","color2":"#005bea","deg":"45","type":"linear"},"global_use_overlay":0,"global_background_repeat":"no-repeat","global_background_size":"cover","global_background_attachment":"inherit","global_user_border":0,"global_border_width":{"md":"1","sm":"","xs":""},"global_border_radius":0,"global_margin":{"md":"0px 0px 0px 0px","sm":"   ","xs":"   "},"global_padding":{"md":"60px 40px 60px 40px","sm":"   ","xs":"60px 30px 60px 30px"},"global_boxshadow":{"ho":0,"vo":"0","blur":"0","spread":0,"color":"#fff","inset":false},"global_use_animation":0,"global_animationduration":"800","global_animationdelay":"400","global_custom_css":"","use_global_width":"0","hidden_md":"0","hidden_sm":"0","hidden_xs":"0","acl":"","instFormId":1526627920223,"button_padding":{"md":"16px 35px 16px 35px","sm":"   ","xs":"   "},"global_background_color":"#fff","title_font_style":{"weight":400,"uppercase":false},"title_font_family":"Varela Round","price_font_family":"Varela Round","pricing_content_font_family":"Varela Round","global_text_color":"#2b303c","button_font_family":"Varela Round","button_font_style":{"weight":"","uppercase":true},"button_url":"#","button_shape":"round","button_status":"normal","global_boder_style":"solid","global_border_color":"rgba(0, 0, 0, 0)","global_animation":"fadeIn"}}]},{"id":1526627920224,"class_name":"col-md-4","visibility":true,"settings":{"background_type":"none","background_gradient":{"color":"#00c6fb","color2":"#005bea","deg":"45","type":"linear"},"background_image":"","background_repeat":"no-repeat","background_size":"cover","background_attachment":"scroll","background_position":"0 0","items_align_center":0,"use_border":1,"border_width":{"md":"1","sm":"","xs":""},"border_radius":0,"boxshadow":{"ho":0,"vo":"20","blur":"25","spread":0,"color":"rgba(111, 140, 188, 0.15)","inset":false},"sm_col":"col-sm-6","xs_col":"","hidden_xs":0,"hidden_sm":0,"hidden_md":0,"animationduration":"800","animationdelay":"600","instFormId":1526627920224,"padding":{"md":"   ","sm":"   ","xs":"   "},"margin":{"md":"0px 0px 30px 0px","sm":"0px 0px 20px 0px","xs":"0px 0px 10px 0px"},"class":"single-package","boder_style":"solid","border_color":"#f5f6fa","animation":"fadeIn"},"addons":[{"id":1526627920225,"name":"pricing","visibility":true,"settings":{"admin_label":"","title":".org","heading_selector":"h1","title_fontsize":{"md":"58","xs":"40"},"title_lineheight":{"md":"68","xs":"50"},"title_letterspace":"0","title_text_color":"#1f51d4","title_margin_top":{"md":0},"title_margin_bottom":{"md":"17"},"price":"10.69/yr","price_color":"#1f51d4","price_font_size":{"md":"24","xs":""},"price_symbol":"$","price_symbol_alignment":"","price_symbol_color":"#1f51d4","price_symbol_font_size":{"md":"24","sm":"","xs":""},"duration":"","duration_color":"#1f51d4","duration_font_size":{"md":"24","sm":"","xs":""},"price_position":"before","price_margin_bottom":{"md":"35"},"pricing_content":"Get the domain that will never \ngo out of style.","pricing_content_font_size":{"md":16},"pricing_content_gap":{"md":"5"},"pricing_content_margin_bottom":{"md":"22"},"button_text":"Leran More","button_letterspace":"0","button_type":"custom","button_appearance":"","button_background_color":"#1f51d4","button_color":"#fff","button_background_color_hover":"#282e3f","button_color_hover":"#fff","alignment":"sppb-text-center","class":"","global_background_type":"color","global_background_gradient":{"color":"#00c6fb","color2":"#005bea","deg":"45","type":"linear"},"global_use_overlay":0,"global_background_repeat":"no-repeat","global_background_size":"cover","global_background_attachment":"inherit","global_user_border":0,"global_border_width":"","global_border_radius":0,"global_margin":{"md":"0px 0px 0px 0px","sm":"   ","xs":"   "},"global_padding":{"md":"60px 40px 60px 40px","sm":"   ","xs":"60px 30px 60px 30px"},"global_boxshadow":{"ho":0,"vo":"0","blur":"0","spread":0,"color":"#fff","inset":false},"global_use_animation":0,"global_animationduration":"300","global_animationdelay":"0","global_custom_css":"","use_global_width":"0","hidden_md":"0","hidden_sm":"0","hidden_xs":"0","acl":"","instFormId":1526627920225,"button_padding":{"md":"16px 35px 16px 35px","sm":"   ","xs":"   "},"global_background_color":"#fff","title_font_style":{"weight":400,"uppercase":false},"title_font_family":"Varela Round","price_font_family":"Varela Round","pricing_content_font_family":"Varela Round","global_text_color":"#2b303c","button_font_family":"Varela Round","button_font_style":{"weight":"","uppercase":true},"button_url":"#","button_shape":"round","button_status":"normal"}}]},{"id":1526627920226,"class_name":"col-md-4","visibility":true,"settings":{"background_type":"none","background_gradient":{"color":"#00c6fb","color2":"#005bea","deg":"45","type":"linear"},"background_image":"","background_repeat":"no-repeat","background_size":"cover","background_attachment":"scroll","background_position":"0 0","items_align_center":0,"use_border":1,"border_width":{"md":"1","sm":"","xs":""},"border_radius":0,"boxshadow":{"ho":0,"vo":"20","blur":"25","spread":0,"color":"rgba(111, 140, 188, 0.15)","inset":false},"sm_col":"col-sm-6","xs_col":"","hidden_xs":0,"hidden_sm":0,"hidden_md":0,"animationduration":"800","animationdelay":"800","instFormId":1526627920226,"padding":{"md":"   ","sm":"   ","xs":"   "},"margin":{"md":"0px 0px 30px 0px","sm":"0px 0px 20px 0px","xs":"0px 0px 10px 0px"},"boder_style":"solid","class":"single-package","border_color":"#f5f6fa","animation":"fadeIn"},"addons":[{"id":1526627920227,"name":"pricing","visibility":true,"settings":{"admin_label":"","title":".shop","heading_selector":"h1","title_fontsize":{"md":"58","xs":"40"},"title_lineheight":{"md":"68","xs":"50"},"title_letterspace":"0","title_text_color":"#1f51d4","title_margin_top":{"md":0},"title_margin_bottom":{"md":"17"},"price":"10.69/yr","price_color":"#1f51d4","price_font_size":{"md":"24","xs":""},"price_symbol":"$","price_symbol_alignment":"","price_symbol_color":"#1f51d4","price_symbol_font_size":{"md":"24","sm":"","xs":""},"duration":"","duration_color":"#1f51d4","duration_font_size":{"md":"24","sm":"","xs":""},"price_position":"before","price_margin_bottom":{"md":"35"},"pricing_content":"Get the domain that will never \ngo out of style.","pricing_content_font_size":{"md":16},"pricing_content_gap":{"md":"5"},"pricing_content_margin_bottom":{"md":"22"},"button_text":"Leran More","button_letterspace":"0","button_type":"custom","button_appearance":"","button_background_color":"#1f51d4","button_color":"#fff","button_background_color_hover":"#282e3f","button_color_hover":"#fff","alignment":"sppb-text-center","class":"","global_background_type":"color","global_background_gradient":{"color":"#00c6fb","color2":"#005bea","deg":"45","type":"linear"},"global_use_overlay":0,"global_background_repeat":"no-repeat","global_background_size":"cover","global_background_attachment":"inherit","global_user_border":0,"global_border_width":{"md":"","sm":"","xs":""},"global_border_radius":0,"global_margin":{"md":"0px 0px 0px 0px","sm":"   ","xs":"   "},"global_padding":{"md":"60px 40px 60px 40px","sm":"   ","xs":"60px 30px 60px 30px"},"global_boxshadow":{"ho":0,"vo":"0","blur":"0","spread":0,"color":"#fff","inset":false},"global_use_animation":0,"global_animationduration":"300","global_animationdelay":"0","global_custom_css":"","use_global_width":"0","hidden_md":"0","hidden_sm":"0","hidden_xs":"0","acl":"","instFormId":1526627920227,"button_padding":{"md":"16px 35px 16px 35px","sm":"   ","xs":"   "},"global_background_color":"#fff","title_font_style":{"weight":400,"uppercase":false},"title_font_family":"Varela Round","price_font_family":"Varela Round","pricing_content_font_family":"Varela Round","global_text_color":"#2b303c","button_font_family":"Varela Round","button_font_style":{"weight":"","uppercase":true},"button_url":"#","button_shape":"round","button_status":"normal","global_boder_style":"solid","global_border_color":""}}]},{"id":1526627920228,"class_name":"col-md-4","visibility":true,"settings":{"background_type":"none","background_gradient":{"color":"#00c6fb","color2":"#005bea","deg":"45","type":"linear"},"background_image":"","background_repeat":"no-repeat","background_size":"cover","background_attachment":"scroll","background_position":"0 0","items_align_center":0,"use_border":1,"border_width":{"md":"1","sm":"","xs":""},"border_radius":0,"boxshadow":{"ho":0,"vo":"20","blur":"25","spread":0,"color":"rgba(111, 140, 188, 0.15)","inset":false},"sm_col":"col-sm-6","xs_col":"","hidden_xs":0,"hidden_sm":0,"hidden_md":0,"animationduration":"800","animationdelay":"1000","instFormId":1526627920228,"padding":{"md":"   ","sm":"   ","xs":"   "},"margin":{"md":"0px 0px 30px 0px","sm":"0px 0px 20px 0px","xs":"0px 0px 10px 0px"},"boder_style":"solid","class":"single-package","border_color":"#f5f6fa","animation":"fadeIn"},"addons":[{"id":1526627920229,"name":"pricing","visibility":true,"settings":{"admin_label":"","title":".info","heading_selector":"h1","title_fontsize":{"md":"58","xs":"40"},"title_lineheight":{"md":"68","xs":"50"},"title_letterspace":"0","title_text_color":"#1f51d4","title_margin_top":{"md":0},"title_margin_bottom":{"md":"17"},"price":"10.69/yr","price_color":"#1f51d4","price_font_size":{"md":"24","xs":""},"price_symbol":"$","price_symbol_alignment":"","price_symbol_color":"#1f51d4","price_symbol_font_size":{"md":"24","sm":"","xs":""},"duration":"","duration_color":"#1f51d4","duration_font_size":{"md":"24","sm":"","xs":""},"price_position":"before","price_margin_bottom":{"md":"35"},"pricing_content":"Get the domain that will never \ngo out of style.","pricing_content_font_size":{"md":16},"pricing_content_gap":{"md":"5"},"pricing_content_margin_bottom":{"md":"22"},"button_text":"Leran More","button_letterspace":"0","button_type":"custom","button_appearance":"","button_background_color":"#1f51d4","button_color":"#fff","button_background_color_hover":"#282e3f","button_color_hover":"#fff","alignment":"sppb-text-center","class":"","global_background_type":"color","global_background_gradient":{"color":"#00c6fb","color2":"#005bea","deg":"45","type":"linear"},"global_use_overlay":0,"global_background_repeat":"no-repeat","global_background_size":"cover","global_background_attachment":"inherit","global_user_border":0,"global_border_width":{"md":"","sm":"","xs":""},"global_border_radius":0,"global_margin":{"md":"0px 0px 0px 0px","sm":"   ","xs":"   "},"global_padding":{"md":"60px 40px 60px 40px","sm":"   ","xs":"60px 30px 60px 30px"},"global_boxshadow":{"ho":0,"vo":"0","blur":"0","spread":0,"color":"#fff","inset":false},"global_use_animation":0,"global_animationduration":"300","global_animationdelay":"0","global_custom_css":"","use_global_width":"0","hidden_md":"0","hidden_sm":"0","hidden_xs":"0","acl":"","instFormId":1526627920229,"button_padding":{"md":"16px 35px 16px 35px","sm":"   ","xs":"   "},"global_background_color":"#fff","title_font_style":{"weight":400,"uppercase":false},"title_font_family":"Varela Round","price_font_family":"Varela Round","pricing_content_font_family":"Varela Round","global_text_color":"#2b303c","button_font_family":"Varela Round","button_font_style":{"weight":"","uppercase":true},"button_url":"#","button_shape":"round","button_status":"normal","global_boder_style":"solid","global_border_color":""}}]},{"id":1526627920230,"class_name":"col-md-4","visibility":true,"settings":{"background_type":"none","background_gradient":{"color":"#00c6fb","color2":"#005bea","deg":"45","type":"linear"},"background_image":"","background_repeat":"no-repeat","background_size":"cover","background_attachment":"scroll","background_position":"0 0","items_align_center":0,"use_border":1,"border_width":{"md":"1","sm":"","xs":""},"border_radius":0,"boxshadow":{"ho":0,"vo":"20","blur":"25","spread":0,"color":"rgba(111, 140, 188, 0.15)","inset":false},"sm_col":"col-sm-6","xs_col":"","hidden_xs":0,"hidden_sm":0,"hidden_md":0,"animationduration":"800","animationdelay":"1200","instFormId":1526627920230,"padding":{"md":"   ","sm":"   ","xs":"   "},"margin":{"md":"0px 0px 30px 0px","sm":"0px 0px 20px 0px","xs":"0px 0px 10px 0px"},"boder_style":"solid","class":"single-package","border_color":"#f5f6fa","animation":"fadeIn"},"addons":[{"id":1526627920231,"name":"pricing","visibility":true,"settings":{"admin_label":"","title":".me","heading_selector":"h1","title_fontsize":{"md":"58","xs":"40"},"title_lineheight":{"md":"68","xs":"50"},"title_letterspace":"0","title_text_color":"#1f51d4","title_margin_top":{"md":0},"title_margin_bottom":{"md":"17"},"price":"10.69/yr","price_color":"#1f51d4","price_font_size":{"md":"24","xs":""},"price_symbol":"$","price_symbol_alignment":"","price_symbol_color":"#1f51d4","price_symbol_font_size":{"md":"24","sm":"","xs":""},"duration":"","duration_color":"#1f51d4","duration_font_size":{"md":"24","sm":"","xs":""},"price_position":"before","price_margin_bottom":{"md":"35"},"pricing_content":"Get the domain that will never \ngo out of style.","pricing_content_font_size":{"md":16},"pricing_content_gap":{"md":"5"},"pricing_content_margin_bottom":{"md":"22"},"button_text":"Leran More","button_letterspace":"0","button_type":"custom","button_appearance":"","button_background_color":"#1f51d4","button_color":"#fff","button_background_color_hover":"#282e3f","button_color_hover":"#fff","alignment":"sppb-text-center","class":"","global_background_type":"color","global_background_gradient":{"color":"#00c6fb","color2":"#005bea","deg":"45","type":"linear"},"global_use_overlay":0,"global_background_repeat":"no-repeat","global_background_size":"cover","global_background_attachment":"inherit","global_user_border":0,"global_border_width":{"md":"","sm":"","xs":""},"global_border_radius":0,"global_margin":{"md":"0px 0px 0px 0px","sm":"   ","xs":"   "},"global_padding":{"md":"60px 40px 60px 40px","sm":"   ","xs":"60px 30px 60px 30px"},"global_boxshadow":{"ho":0,"vo":"0","blur":"0","spread":0,"color":"#fff","inset":false},"global_use_animation":0,"global_animationduration":"300","global_animationdelay":"0","global_custom_css":"","use_global_width":"0","hidden_md":"0","hidden_sm":"0","hidden_xs":"0","acl":"","instFormId":1526627920231,"button_padding":{"md":"16px 35px 16px 35px","sm":"   ","xs":"   "},"global_background_color":"#fff","title_font_style":{"weight":400,"uppercase":false},"title_font_family":"Varela Round","price_font_family":"Varela Round","pricing_content_font_family":"Varela Round","global_text_color":"#2b303c","button_font_family":"Varela Round","button_font_style":{"weight":"","uppercase":true},"button_url":"#","button_shape":"round","button_status":"normal","global_boder_style":"solid","global_border_color":""}}]}]},{"id":1526882650577,"visibility":true,"collapse":false,"settings":{"admin_label":"","title":"","heading_selector":"h3","title_fontsize":"","title_fontweight":"","title_position":"sppb-text-center","columns_align_center":0,"fullscreen":1,"no_gutter":0,"padding":{"md":"0px 0px 0px 0px","sm":"   ","xs":"   "},"margin":{"md":"0px 0px 0px 0px","sm":"   ","xs":"   "},"background_type":"none","background_gradient":{"color":"#00c6fb","color2":"#005bea","deg":"45","type":"linear"},"background_image":"","background_parallax":"0","background_repeat":"no-repeat","background_size":"cover","background_attachment":"fixed","background_position":"0 0","external_background_video":"0","show_top_shape":0,"shape_name":"clouds-flat","shape_color":"#e5e5e5","shape_width":{"md":100,"sm":100,"xs":100},"shape_height":"","shape_flip":false,"shape_invert":false,"shape_to_front":false,"show_bottom_shape":0,"bottom_shape_name":"clouds-opacity","bottom_shape_color":"#e5e5e5","bottom_shape_width":{"md":100,"sm":100,"xs":100},"bottom_shape_height":"","bottom_shape_flip":false,"bottom_shape_invert":false,"bottom_shape_to_front":false,"hidden_xs":"","hidden_sm":"","hidden_md":"","animationduration":"300","animationdelay":"0","instFormId":1518414682282},"layout":"12","columns":[{"id":1526882650583,"class_name":"col-md-12","visibility":true,"settings":{"background_type":"none","background_gradient":{"color":"#00c6fb","color2":"#005bea","deg":"45","type":"linear"},"background_image":"","background_repeat":"no-repeat","background_size":"cover","background_attachment":"scroll","background_position":"0 0","items_align_center":0,"use_border":0,"border_width":"","border_radius":0,"boxshadow":"0 0 0 0 #fff","sm_col":"","xs_col":"","hidden_xs":"","hidden_sm":"","hidden_md":"","animationduration":"300","animationdelay":"0","instFormId":1518414682771},"addons":[{"id":1526882650584,"name":"divider","visibility":true,"settings":{"admin_label":"","divider_type":"border","divider_image":"","background_repeat":"no-repeat","divider_height":"10","border_style":"solid","border_width":"1","border_color":"#d4dde4","margin_top":{"md":"1","sm":"1","xs":"1"},"margin_bottom":{"md":"1","sm":"1","xs":"1"},"class":"","global_background_type":"none","global_background_gradient":{"color":"#00c6fb","color2":"#005bea","deg":"45","type":"linear"},"global_use_overlay":0,"global_background_repeat":"no-repeat","global_background_size":"cover","global_background_attachment":"inherit","global_user_border":0,"global_border_width":"","global_border_radius":0,"global_margin":{"md":"-1px 0px -1px 0px","sm":"   ","xs":"   "},"global_padding":{"md":"   ","sm":"   ","xs":"   "},"global_boxshadow":"0 0 0 0 #ffffff","global_use_animation":0,"global_animationduration":"300","global_animationdelay":"0","global_custom_css":"","use_global_width":"0","hidden_md":"0","hidden_sm":"0","hidden_xs":"0","acl":"","instFormId":1518417134474}}]}]},{"id":1518414682369,"visibility":true,"collapse":false,"settings":{"admin_label":"","title":"","heading_selector":"h3","title_fontsize":"","title_fontweight":"","title_position":"sppb-text-center","columns_align_center":0,"fullscreen":0,"no_gutter":0,"padding":{"md":"120px 0px 95px 0px","sm":"   ","xs":"40px 0px 30px 0px"},"margin":{"md":"0px 0px 0px 0px","sm":"   ","xs":"   "},"background_type":"color","background_gradient":{"color":"#00c6fb","color2":"#005bea","deg":"45","type":"linear"},"background_image":"","background_parallax":"0","background_repeat":"no-repeat","background_size":"cover","background_attachment":"fixed","background_position":"0 0","external_background_video":"0","show_top_shape":0,"shape_name":"clouds-flat","shape_color":"#e5e5e5","shape_width":{"md":100,"sm":100,"xs":100},"shape_height":"","shape_flip":false,"shape_invert":false,"shape_to_front":false,"show_bottom_shape":0,"bottom_shape_name":"clouds-opacity","bottom_shape_color":"#e5e5e5","bottom_shape_width":{"md":100,"sm":100,"xs":100},"bottom_shape_height":"","bottom_shape_flip":false,"bottom_shape_invert":false,"bottom_shape_to_front":false,"hidden_xs":"","hidden_sm":"","hidden_md":"","animationduration":"300","animationdelay":"0","instFormId":1518414682369,"color":"#2b303c","background_color":"#f9fafa"},"layout":"12,4,4,4","columns":[{"id":1518414682363,"class_name":"col-md-12","visibility":true,"settings":{"background_type":"none","background_gradient":{"color":"#00c6fb","color2":"#005bea","deg":"45","type":"linear"},"background_image":"","background_repeat":"no-repeat","background_size":"cover","background_attachment":"scroll","background_position":"0 0","items_align_center":0,"use_border":0,"border_width":"","border_radius":0,"boxshadow":"0 0 0 0 #fff","sm_col":"","xs_col":"","hidden_xs":"","hidden_sm":"","hidden_md":"","animationduration":"300","animationdelay":"0","instFormId":1518414682771},"addons":[{"id":1526619355567,"name":"heading","visibility":true,"settings":{"admin_label":"","title":"Make every customer support interaction  more human & more helpful.","heading_selector":"h2","use_link":0,"title_link":"","link_new_tab":"","title_fontsize":{"md":"36","sm":"","xs":"28"},"title_lineheight":{"md":"44","sm":"","xs":"38"},"title_letterspace":"0","title_text_transform":"none","title_margin":{"md":"0px 0px 20px 0px","sm":"   ","xs":"0px 0px 10px 0px"},"title_padding":{"md":"0px 0px 0px 0px","sm":"   ","xs":"   "},"title_icon_position":"before","alignment":"sppb-text-center","title_text_shadow":"","class":"","global_background_type":"none","global_background_gradient":{"color":"#00c6fb","color2":"#005bea","deg":"45","type":"linear"},"global_use_overlay":0,"global_background_repeat":"no-repeat","global_background_size":"cover","global_background_attachment":"inherit","global_user_border":0,"global_border_width":"","global_border_radius":0,"global_margin":{"md":"0px auto 0px auto","sm":"   ","xs":"   "},"global_padding":{"md":"   ","sm":"   ","xs":"   "},"global_boxshadow":"0 0 0 0 #ffffff","global_use_animation":0,"global_animationduration":"300","global_animationdelay":"0","global_custom_css":"","use_global_width":1,"hidden_md":0,"hidden_sm":0,"hidden_xs":0,"acl":"","instFormId":1526619355567,"title_font_family":"Varela Round","title_font_style":{"weight":400},"global_text_color":"","global_width":{"md":"70","sm":"100","xs":"100"}}},{"id":1518414683437,"name":"text_block","visibility":true,"settings":{"admin_label":"","title":"","heading_selector":"h3","title_fontsize":"","title_lineheight":"","title_letterspace":"0","text":"Lorem ipsum dolor sit amet, consectetur adipisicing elit, sed do eiusmod tempor incididunt ut labore et dolore magna aliqua. Ut enim ad minim veniam, quis nostrud exercitation ullamco laboris nisi ut aliquip ex ea commodo consequat.","alignment":"sppb-text-center","text_fontsize":{"md":"16","sm":"","xs":"14"},"text_lineheight":{"md":"26","sm":"","xs":"24"},"dropcap":0,"class":"","global_background_type":"none","global_background_gradient":{"color":"#00c6fb","color2":"#005bea","deg":"45","type":"linear"},"global_use_overlay":0,"global_background_repeat":"no-repeat","global_background_size":"cover","global_background_attachment":"inherit","global_user_border":0,"global_border_width":"","global_border_radius":0,"global_margin":{"md":"0px auto 105px auto","sm":"   ","xs":"0px auto 35px auto"},"global_padding":{"md":"0px 15px 0px 15px","sm":"   ","xs":"0px 0px 0px 0px"},"global_boxshadow":"0 0 0 0 #ffffff","global_use_animation":0,"global_animationduration":"300","global_animationdelay":"0","global_custom_css":"","use_global_width":1,"hidden_md":0,"hidden_sm":0,"hidden_xs":0,"acl":"","instFormId":1518414683437,"text_font_family":"Varela Round","global_text_color":"#888484","global_width":{"md":"75","sm":"100","xs":"100"}}}]},{"id":1518414682364,"class_name":"col-md-4","visibility":true,"settings":{"background_type":"none","background_gradient":{"color":"#00c6fb","color2":"#005bea","deg":"45","type":"linear"},"background_image":"","background_repeat":"no-repeat","background_size":"cover","background_attachment":"scroll","background_position":"0 0","items_align_center":0,"use_border":0,"border_width":"","border_radius":0,"boxshadow":"0 0 0 0 #fff","sm_col":"col-sm-4","xs_col":"","hidden_xs":0,"hidden_sm":0,"hidden_md":0,"animationduration":"300","animationdelay":"0","instFormId":1518414682364,"padding":{"md":"   ","sm":"   ","xs":"   "},"margin":{"md":"0px 0px 30px 0px","sm":"0px 0px 20px 0px","xs":"0px 0px 10px 0px"}},"addons":[{"id":1518414682597,"name":"feature","visibility":true,"settings":{"admin_label":"","title":"Pre-sales Support and Staff","heading_selector":"h3","title_position":"after","title_fontsize":{"md":"24","xs":"20"},"title_lineheight":{"md":"34","xs":"30"},"title_letterspace":"0","title_text_color":"#2b303c","title_url":"","url_appear":"title","feature_type":"image","feature_image":"https://sppagebuilder.com/sample-data/images/2018/05/18/icon1.png","icon_name":"fa-subway","icon_size":{"md":"88","xs":"40","sm":""},"icon_color":"#1f51d4","text":"Sublattice of electrons that point in one direction, than from the.","text_fontsize":{"md":"16","sm":"","xs":""},"text_lineheight":{"md":"26","sm":"","xs":""},"alignment":"sppb-text-center","class":"service-item","global_background_type":"none","global_background_gradient":{"color":"#00c6fb","color2":"#005bea","deg":"45","type":"linear"},"global_use_overlay":0,"global_background_repeat":"no-repeat","global_background_size":"cover","global_background_attachment":"inherit","global_user_border":0,"global_border_width":"","global_border_radius":0,"global_margin":{"md":"0 0 30px 0","sm":"0 0 20px 0","xs":"0 0 30px 0"},"global_padding":{"md":"   ","sm":"   ","xs":"   "},"global_boxshadow":"0 0 0 0 #ffffff","global_use_animation":1,"global_animationduration":"800","global_animationdelay":"600","global_custom_css":"","use_global_width":"0","hidden_md":"0","hidden_sm":"0","hidden_xs":"0","acl":"","instFormId":1518414682597,"icon_padding":{"md":"   ","sm":"   ","xs":"   "},"title_font_style":{"weight":300},"title_font_family":"Varela Round","text_font_family":"Varela Round","global_text_color":"#888484","title_margin_top":{"md":"50","sm":"","xs":"10"},"title_margin_bottom":{"md":"15","sm":"","xs":"5"},"text_padding":{"md":"   ","sm":"   ","xs":"   "},"global_animation":"fadeIn","feature_image_margin":{"md":"   ","sm":"   ","xs":"   "}}}]},{"id":1518414682365,"class_name":"col-md-4","visibility":true,"settings":{"background_type":"none","background_gradient":{"color":"#00c6fb","color2":"#005bea","deg":"45","type":"linear"},"background_image":"","background_repeat":"no-repeat","background_size":"cover","background_attachment":"scroll","background_position":"0 0","items_align_center":0,"use_border":0,"border_width":"","border_radius":0,"boxshadow":"0 0 0 0 #fff","sm_col":"col-sm-4","xs_col":"","hidden_xs":0,"hidden_sm":0,"hidden_md":0,"animationduration":"300","animationdelay":"0","instFormId":1518414682365,"padding":{"md":"   ","sm":"   ","xs":"   "},"margin":{"md":"   ","sm":"   ","xs":"   "}},"addons":[{"id":1518414682600,"name":"feature","visibility":true,"settings":{"admin_label":"","title":"Ownership & Confidentiality","heading_selector":"h3","title_position":"after","title_fontsize":{"md":"24","xs":"20"},"title_lineheight":{"md":"34","xs":"30"},"title_letterspace":"0","title_text_color":"#2b303c","title_url":"","url_appear":"title","feature_type":"image","feature_image":"https://sppagebuilder.com/sample-data/images/2018/05/18/icon2.png","icon_name":"fa-rocket","icon_size":{"md":"88","xs":"40"},"icon_color":"#1f51d4","text":"Sublattice of electrons that point in one direction, than from the.","text_fontsize":{"md":"16","sm":"","xs":""},"text_lineheight":{"md":"26","sm":"","xs":""},"alignment":"sppb-text-center","class":"service-item","global_background_type":"none","global_background_gradient":{"color":"#00c6fb","color2":"#005bea","deg":"45","type":"linear"},"global_use_overlay":0,"global_background_repeat":"no-repeat","global_background_size":"cover","global_background_attachment":"inherit","global_user_border":0,"global_border_width":"","global_border_radius":0,"global_margin":{"md":"0 0 30px 0","sm":"0 0 20px 0","xs":"0 0 30px 0"},"global_padding":{"md":"   ","sm":"   ","xs":"   "},"global_boxshadow":"0 0 0 0 #ffffff","global_use_animation":1,"global_animationduration":"800","global_animationdelay":"400","global_custom_css":"","use_global_width":"0","hidden_md":"0","hidden_sm":"0","hidden_xs":"0","acl":"","instFormId":1518414682600,"icon_padding":{"md":"   ","sm":"   ","xs":"   "},"title_font_style":{"weight":300},"title_font_family":"Varela Round","text_font_family":"Varela Round","global_text_color":"#888484","title_margin_top":{"md":"50","sm":"","xs":"10"},"title_margin_bottom":{"md":"15","sm":"","xs":"5"},"text_padding":{"md":"   ","sm":"   ","xs":"   "},"global_animation":"fadeIn","feature_image_margin":{"md":"   ","sm":"   ","xs":"   "}}}]},{"id":1518414682366,"class_name":"col-md-4","visibility":true,"settings":{"background_type":"none","background_gradient":{"color":"#00c6fb","color2":"#005bea","deg":"45","type":"linear"},"background_image":"","background_repeat":"no-repeat","background_size":"cover","background_attachment":"scroll","background_position":"0 0","items_align_center":0,"use_border":0,"border_width":"","border_radius":0,"boxshadow":"0 0 0 0 #fff","sm_col":"col-sm-4","xs_col":"","hidden_xs":0,"hidden_sm":0,"hidden_md":0,"animationduration":"300","animationdelay":"0","instFormId":1518414682366,"padding":{"md":"   ","sm":"   ","xs":"   "},"margin":{"md":"   ","sm":"   ","xs":"   "}},"addons":[{"id":1518418750536,"name":"feature","visibility":true,"settings":{"admin_label":"","title":"PageTraffic Brand Name","heading_selector":"h3","title_position":"after","title_fontsize":{"md":"24","xs":"20"},"title_lineheight":{"md":"34","xs":"30"},"title_letterspace":"0","title_text_color":"#2b303c","title_url":"","url_appear":"title","feature_type":"image","feature_image":"https://sppagebuilder.com/sample-data/images/2018/05/18/icon3.png","icon_name":"fa-send-o","icon_size":{"md":"88","xs":"40"},"icon_color":"#1f51d4","text":"Sublattice of electrons that point in one direction, than from the.","text_fontsize":{"md":"16","sm":"","xs":""},"text_lineheight":{"md":"26","sm":"","xs":""},"alignment":"sppb-text-center","class":"service-item","global_background_type":"none","global_background_gradient":{"color":"#00c6fb","color2":"#005bea","deg":"45","type":"linear"},"global_use_overlay":0,"global_background_repeat":"no-repeat","global_background_size":"cover","global_background_attachment":"inherit","global_user_border":0,"global_border_width":"","global_border_radius":0,"global_margin":{"md":"0 0 30px 0","sm":"0 0 20px 0","xs":"0 0 10px 0"},"global_padding":{"md":"   ","sm":"   ","xs":"   "},"global_boxshadow":"0 0 0 0 #ffffff","global_use_animation":1,"global_animationduration":"800","global_animationdelay":"200","global_custom_css":"","use_global_width":"0","hidden_md":"0","hidden_sm":"0","hidden_xs":"0","acl":"","instFormId":1518418750536,"icon_padding":{"md":"   ","sm":"   ","xs":"   "},"title_font_style":{"weight":300},"title_font_family":"Varela Round","text_font_family":"Varela Round","global_text_color":"#888484","title_margin_top":{"md":"50","sm":"","xs":"10"},"title_margin_bottom":{"md":"15","sm":"","xs":"5"},"text_padding":{"md":"   ","sm":"   ","xs":"   "},"global_animation":"fadeIn","feature_image_margin":{"md":"   ","sm":"  10px ","xs":"   "}}}]}]},{"id":1526882650580,"visibility":true,"collapse":false,"settings":{"admin_label":"","title":"","heading_selector":"h3","title_fontsize":"","title_fontweight":"","title_position":"sppb-text-center","columns_align_center":0,"fullscreen":1,"no_gutter":0,"padding":{"md":"0px 0px 0px 0px","sm":"   ","xs":"   "},"margin":{"md":"0px 0px 0px 0px","sm":"   ","xs":"   "},"background_type":"none","background_gradient":{"color":"#00c6fb","color2":"#005bea","deg":"45","type":"linear"},"background_image":"","background_parallax":"0","background_repeat":"no-repeat","background_size":"cover","background_attachment":"fixed","background_position":"0 0","external_background_video":"0","show_top_shape":0,"shape_name":"clouds-flat","shape_color":"#e5e5e5","shape_width":{"md":100,"sm":100,"xs":100},"shape_height":"","shape_flip":false,"shape_invert":false,"shape_to_front":false,"show_bottom_shape":0,"bottom_shape_name":"clouds-opacity","bottom_shape_color":"#e5e5e5","bottom_shape_width":{"md":100,"sm":100,"xs":100},"bottom_shape_height":"","bottom_shape_flip":false,"bottom_shape_invert":false,"bottom_shape_to_front":false,"hidden_xs":"","hidden_sm":"","hidden_md":"","animationduration":"300","animationdelay":"0","instFormId":1518414682282},"layout":"12","columns":[{"id":1526882650586,"class_name":"col-md-12","visibility":true,"settings":{"background_type":"none","background_gradient":{"color":"#00c6fb","color2":"#005bea","deg":"45","type":"linear"},"background_image":"","background_repeat":"no-repeat","background_size":"cover","background_attachment":"scroll","background_position":"0 0","items_align_center":0,"use_border":0,"border_width":"","border_radius":0,"boxshadow":"0 0 0 0 #fff","sm_col":"","xs_col":"","hidden_xs":"","hidden_sm":"","hidden_md":"","animationduration":"300","animationdelay":"0","instFormId":1518414682771},"addons":[{"id":1526882650587,"name":"divider","visibility":true,"settings":{"admin_label":"","divider_type":"border","divider_image":"","background_repeat":"no-repeat","divider_height":"10","border_style":"solid","border_width":"1","border_color":"#d4dde4","margin_top":{"md":"1","sm":"1","xs":"1"},"margin_bottom":{"md":"1","sm":"1","xs":"1"},"class":"","global_background_type":"none","global_background_gradient":{"color":"#00c6fb","color2":"#005bea","deg":"45","type":"linear"},"global_use_overlay":0,"global_background_repeat":"no-repeat","global_background_size":"cover","global_background_attachment":"inherit","global_user_border":0,"global_border_width":"","global_border_radius":0,"global_margin":{"md":"-1px 0px -1px 0px","sm":"   ","xs":"   "},"global_padding":{"md":"   ","sm":"   ","xs":"   "},"global_boxshadow":"0 0 0 0 #ffffff","global_use_animation":0,"global_animationduration":"300","global_animationdelay":"0","global_custom_css":"","use_global_width":"0","hidden_md":"0","hidden_sm":"0","hidden_xs":"0","acl":"","instFormId":1518417134474}}]}]},{"id":1518421990400,"visibility":true,"collapse":false,"settings":{"admin_label":"","title":"","heading_selector":"h3","title_fontsize":"","title_fontweight":"","title_position":"sppb-text-center","columns_align_center":1,"fullscreen":0,"no_gutter":0,"padding":{"md":"20px 0px 0px 0px","sm":"   ","xs":"   "},"margin":{"md":"0px 0px 0px 0px","sm":"   ","xs":"   "},"background_type":"none","background_gradient":{"color":"#00c6fb","color2":"#005bea","deg":"45","type":"linear"},"background_image":"","background_parallax":"0","background_repeat":"no-repeat","background_size":"cover","background_attachment":"fixed","background_position":"0 0","external_background_video":"0","show_top_shape":0,"shape_name":"clouds-flat","shape_color":"#e5e5e5","shape_width":{"md":100,"sm":100,"xs":100},"shape_height":"","shape_flip":false,"shape_invert":false,"shape_to_front":false,"show_bottom_shape":0,"bottom_shape_name":"clouds-opacity","bottom_shape_color":"#e5e5e5","bottom_shape_width":{"md":100,"sm":100,"xs":100},"bottom_shape_height":"","bottom_shape_flip":false,"bottom_shape_invert":false,"bottom_shape_to_front":false,"hidden_xs":"","hidden_sm":"","hidden_md":"","animationduration":"300","animationdelay":"0","instFormId":1518421990400,"button_status":"normal"},"layout":"6,6","columns":[{"id":1518421990398,"class_name":"col-md-6","visibility":true,"settings":{"background_type":"none","background_gradient":{"color":"#00c6fb","color2":"#005bea","deg":"45","type":"linear"},"background_image":"","background_repeat":"no-repeat","background_size":"cover","background_attachment":"scroll","background_position":"0 0","items_align_center":0,"use_border":0,"border_width":"","border_radius":0,"boxshadow":"0 0 0 0 #fff","sm_col":"","xs_col":"","hidden_xs":0,"hidden_sm":0,"hidden_md":0,"animationduration":"300","animationdelay":"0","instFormId":1518421990398,"padding":{"md":"   ","sm":"   ","xs":"   "},"margin":{"md":"0px 0px 0px 0px","sm":"0px 0px 50px 0px","xs":"0px 0px 30px 0px"}},"addons":[{"id":1518427213473,"name":"image","visibility":true,"settings":{"admin_label":"","title":"","heading_selector":"h3","title_fontsize":"","title_lineheight":"","title_letterspace":"0","title_position":"top","image":"https://sppagebuilder.com/sample-data/images/2018/hosting-img/about-men.jpg","border_radius":0,"alt_text":"Image","position":"sppb-text-center","open_lightbox":0,"overlay_color":"rgba(119, 219, 31, .5)","link":"","class":"","global_background_type":"none","global_background_gradient":{"color":"#00c6fb","color2":"#005bea","deg":"45","type":"linear"},"global_use_overlay":0,"global_background_repeat":"no-repeat","global_background_size":"cover","global_background_attachment":"inherit","global_user_border":0,"global_border_width":"","global_border_radius":0,"global_margin":{"md":"0px 30px 0px 0px","sm":"0px 0px 0px 0px","xs":"0px 0px 0px 0px"},"global_padding":{"md":"   ","sm":"   ","xs":"   "},"global_boxshadow":"0 0 0 0 #ffffff","global_use_animation":0,"global_animationduration":"300","global_animationdelay":"0","global_custom_css":"","use_global_width":"0","hidden_md":"0","hidden_sm":"0","hidden_xs":"0","acl":"","instFormId":1518427213473}}]},{"id":1518421990399,"class_name":"col-md-6","visibility":true,"settings":{"background_type":"none","background_gradient":{"color":"#00c6fb","color2":"#005bea","deg":"45","type":"linear"},"background_image":"","background_repeat":"no-repeat","background_size":"cover","background_attachment":"scroll","background_position":"0 0","items_align_center":0,"use_border":0,"border_width":"","border_radius":0,"boxshadow":"0 0 0 0 #fff","sm_col":"","xs_col":"","hidden_xs":0,"hidden_sm":0,"hidden_md":0,"animationduration":"300","animationdelay":"0","instFormId":1518421990399,"padding":{"md":"   ","sm":"   ","xs":"   "},"margin":{"md":"0px 0px 0px 0px","sm":"0px 0px 50px 0px","xs":"0px 0px 30px 0px"}},"addons":[{"id":1526636573513,"name":"image","visibility":true,"settings":{"admin_label":"","title":"","heading_selector":"h3","title_fontsize":"","title_lineheight":"","title_letterspace":"0","title_position":"top","image":"https://sppagebuilder.com/sample-data/images/2018/05/18/icon7.png","border_radius":0,"alt_text":"Image","position":"sppb-text-left","open_lightbox":0,"overlay_color":"rgba(119, 219, 31, .5)","link":"","class":"","global_background_type":"none","global_background_gradient":{"color":"#00c6fb","color2":"#005bea","deg":"45","type":"linear"},"global_use_overlay":0,"global_background_repeat":"no-repeat","global_background_size":"cover","global_background_attachment":"inherit","global_user_border":0,"global_border_width":"","global_border_radius":0,"global_margin":{"md":"0 0 30px 0","sm":"0 0 20px 0","xs":"0 0 10px 0"},"global_padding":"","global_boxshadow":"0 0 0 0 #ffffff","global_use_animation":0,"global_animationduration":"300","global_animationdelay":"0","global_custom_css":"","use_global_width":"0","hidden_md":"0","hidden_sm":"0","hidden_xs":"0","acl":"","instFormId":1526636573513}},{"id":1518414682372,"name":"heading","visibility":true,"settings":{"admin_label":"","title":"24/7 Expert support.","heading_selector":"h2","use_link":0,"title_link":"","link_new_tab":"","title_fontsize":{"md":"30","sm":"","xs":"28"},"title_lineheight":{"md":"40","sm":"","xs":"38"},"title_letterspace":"0","title_text_transform":"none","title_margin":{"md":"0px 0px 25px 0px","sm":"   ","xs":"   "},"title_padding":{"md":"0px 0px 0px 0px","sm":"   ","xs":"   "},"title_icon_position":"before","alignment":"sppb-text-left","title_text_shadow":"","class":"","global_background_type":"none","global_background_gradient":{"color":"#00c6fb","color2":"#005bea","deg":"45","type":"linear"},"global_use_overlay":0,"global_background_repeat":"no-repeat","global_background_size":"cover","global_background_attachment":"inherit","global_user_border":0,"global_border_width":"","global_border_radius":0,"global_margin":{"md":"0px 0px 0px 0px","sm":"   ","xs":"   "},"global_padding":{"md":"   ","sm":"   ","xs":"   "},"global_boxshadow":"0 0 0 0 #ffffff","global_use_animation":0,"global_animationduration":"300","global_animationdelay":"0","global_custom_css":"","use_global_width":"0","hidden_md":"0","hidden_sm":"0","hidden_xs":"0","acl":"","instFormId":1518414682372,"title_font_family":"Varela Round","title_font_style":{"weight":400},"global_text_color":"#2b303c"}},{"id":1518421990471,"name":"text_block","visibility":true,"settings":{"admin_label":"","title":"","heading_selector":"h3","title_fontsize":"","title_lineheight":"","title_letterspace":"0","text":"Lorem ipsum dolor sit amet, consectetur adipisicing elit, sed do eiusmod tempor incididunt ut labore et dolore magna aliqua. Ut enim ad minim veniam, quis nostrud exercitation.","alignment":"sppb-text-left","text_fontsize":{"md":"16","sm":"","xs":"14"},"text_lineheight":{"md":"26","sm":"","xs":"24"},"dropcap":0,"class":"","global_background_type":"none","global_background_gradient":{"color":"#00c6fb","color2":"#005bea","deg":"45","type":"linear"},"global_use_overlay":0,"global_background_repeat":"no-repeat","global_background_size":"cover","global_background_attachment":"inherit","global_user_border":0,"global_border_width":"","global_border_radius":0,"global_margin":{"md":"0px 0px 30px 0px","sm":"   ","xs":"   "},"global_padding":{"md":"   ","sm":"   ","xs":"   "},"global_boxshadow":"0 0 0 0 #ffffff","global_use_animation":0,"global_animationduration":"300","global_animationdelay":"0","global_custom_css":"","use_global_width":"0","hidden_md":"0","hidden_sm":"0","hidden_xs":"0","acl":"","instFormId":1518421990471,"text_font_family":"Varela Round","global_text_color":"#888484"}},{"id":1518416460022,"name":"button","visibility":true,"settings":{"admin_label":"","text":"Learn More","alignment":"sppb-text-left","letterspace":"0","type":"custom","appearance":"flat","background_color":"#1f51d4","color":"#FFFFFF","background_color_hover":"#0b2c81","color_hover":"#FFFFFF","button_padding":{"md":"16px 35px 16px 35px","sm":"   ","xs":"   "},"icon_position":"left","class":"","global_background_type":"none","global_background_gradient":{"color":"#00c6fb","color2":"#005bea","deg":"45","type":"linear"},"global_use_overlay":0,"global_background_repeat":"no-repeat","global_background_size":"cover","global_background_attachment":"inherit","global_user_border":0,"global_border_width":"","global_border_radius":0,"global_margin":{"md":"35px 0px 0px 0px","sm":"   ","xs":"   "},"global_padding":{"md":"   ","sm":"   ","xs":"   "},"global_boxshadow":"0 0 0 0 #ffffff","global_use_animation":0,"global_animationduration":"300","global_animationdelay":"0","global_custom_css":"","use_global_width":"0","hidden_md":"0","hidden_sm":"0","hidden_xs":"0","acl":"","instFormId":1518416460022,"font_style":{"uppercase":true,"weight":""},"font_family":"Varela Round","url":"#","shape":"round","button_status":"normal"}}]}]},{"id":1518421990539,"visibility":true,"collapse":false,"settings":{"admin_label":"","title":"","heading_selector":"h3","title_fontsize":"","title_fontweight":"","title_position":"sppb-text-center","columns_align_center":0,"fullscreen":1,"no_gutter":0,"padding":{"md":"0px 0px 0px 0px","sm":"   ","xs":"   "},"margin":{"md":"0px 0px 0px 0px","sm":"   ","xs":"   "},"background_type":"none","background_gradient":{"color":"#00c6fb","color2":"#005bea","deg":"45","type":"linear"},"background_image":"","background_parallax":"0","background_repeat":"no-repeat","background_size":"cover","background_attachment":"fixed","background_position":"0 0","external_background_video":"0","show_top_shape":0,"shape_name":"clouds-flat","shape_color":"#e5e5e5","shape_width":{"md":100,"sm":100,"xs":100},"shape_height":"","shape_flip":false,"shape_invert":false,"shape_to_front":false,"show_bottom_shape":0,"bottom_shape_name":"clouds-opacity","bottom_shape_color":"#e5e5e5","bottom_shape_width":{"md":100,"sm":100,"xs":100},"bottom_shape_height":"","bottom_shape_flip":false,"bottom_shape_invert":false,"bottom_shape_to_front":false,"hidden_xs":"","hidden_sm":"","hidden_md":"","animationduration":"300","animationdelay":"0","instFormId":1518421990539},"layout":"12","columns":[{"id":1518421989973,"class_name":"col-md-12","visibility":true,"settings":{"background_type":"none","background_gradient":{"color":"#00c6fb","color2":"#005bea","deg":"45","type":"linear"},"background_image":"","background_repeat":"no-repeat","background_size":"cover","background_attachment":"scroll","background_position":"0 0","items_align_center":0,"use_border":0,"border_width":"","border_radius":0,"boxshadow":"0 0 0 0 #fff","sm_col":"","xs_col":"","hidden_xs":"","hidden_sm":"","hidden_md":"","animationduration":"300","animationdelay":"0"},"addons":[{"id":1518421989974,"name":"divider","visibility":true,"settings":{"admin_label":"","divider_type":"border","divider_image":"","background_repeat":"no-repeat","divider_height":"10","border_style":"solid","border_width":"1","border_color":"#d4dde4","margin_top":{"md":"1","sm":"1","xs":"1"},"margin_bottom":{"md":"1","sm":"1","xs":"1"},"class":"","global_background_type":"none","global_background_gradient":{"color":"#00c6fb","color2":"#005bea","deg":"45","type":"linear"},"global_use_overlay":0,"global_background_repeat":"no-repeat","global_background_size":"cover","global_background_attachment":"inherit","global_user_border":0,"global_border_width":"","global_border_radius":0,"global_margin":{"md":"-1px 0px -1px 0px","sm":"   ","xs":"   "},"global_padding":{"md":"   ","sm":"   ","xs":"   "},"global_boxshadow":"0 0 0 0 #ffffff","global_use_animation":0,"global_animationduration":"300","global_animationdelay":"0","global_custom_css":"","use_global_width":"0","hidden_md":"0","hidden_sm":"0","hidden_xs":"0","acl":"","instFormId":1518421989974}}]}]},{"id":1526636527662,"visibility":true,"collapse":false,"settings":{"admin_label":"","title":"","heading_selector":"h3","title_fontsize":"","title_fontweight":"","title_position":"sppb-text-center","columns_align_center":0,"fullscreen":0,"no_gutter":0,"padding":{"md":"35px 0px 35px 0px","sm":"   ","xs":"   "},"margin":{"md":"0px 0px 0px 0px","sm":"   ","xs":"   "},"background_type":"color","background_gradient":{"color":"#00c6fb","color2":"#005bea","deg":"45","type":"linear"},"background_image":"","background_parallax":"0","background_repeat":"no-repeat","background_size":"cover","background_attachment":"fixed","background_position":"0 0","external_background_video":"0","show_top_shape":0,"shape_name":"clouds-flat","shape_color":"#e5e5e5","shape_width":{"md":100,"sm":100,"xs":100},"shape_height":"","shape_flip":false,"shape_invert":false,"shape_to_front":false,"show_bottom_shape":0,"bottom_shape_name":"clouds-opacity","bottom_shape_color":"#e5e5e5","bottom_shape_width":{"md":100,"sm":100,"xs":100},"bottom_shape_height":"","bottom_shape_flip":false,"bottom_shape_invert":false,"bottom_shape_to_front":false,"hidden_xs":"","hidden_sm":"","hidden_md":"","animationduration":"300","animationdelay":"0","instFormId":1518421990538,"background_color":"#f9fafa"},"layout":"4,4,4","columns":[{"id":1526636527652,"class_name":"col-md-4","visibility":true,"settings":{"background_type":"none","background_gradient":{"color":"#00c6fb","color2":"#005bea","deg":"45","type":"linear"},"background_image":"","background_repeat":"no-repeat","background_size":"cover","background_attachment":"scroll","background_position":"0 0","items_align_center":0,"use_border":0,"border_width":"","border_radius":0,"boxshadow":"0 0 0 0 #fff","sm_col":"col-sm-4","xs_col":"","hidden_xs":0,"hidden_sm":0,"hidden_md":0,"animationduration":"300","animationdelay":"0","instFormId":1518421990535,"padding":{"md":"   ","sm":"   ","xs":"   "},"margin":{"md":"   ","sm":"   ","xs":"   "}},"addons":[{"id":1526636527653,"name":"feature","visibility":true,"settings":{"admin_label":"","title":"1-800-123-5678","heading_selector":"h4","title_position":"left","title_fontsize":{"md":"18","xs":"16"},"title_lineheight":{"md":"18","xs":"26"},"title_letterspace":"0","title_text_color":"#929494","title_url":"","url_appear":"title","feature_type":"image","feature_image":"https://sppagebuilder.com/sample-data/images/2018/05/18/icon8.png","icon_name":"fa-phone","icon_size":{"md":"24"},"icon_color":"#5e5e5e","text":"","text_fontsize":"","text_lineheight":"","alignment":"sppb-text-left","class":"contact-info","global_background_type":"none","global_background_gradient":{"color":"#00c6fb","color2":"#005bea","deg":"45","type":"linear"},"global_use_overlay":0,"global_background_repeat":"no-repeat","global_background_size":"cover","global_background_attachment":"inherit","global_user_border":0,"global_border_width":"","global_border_radius":0,"global_margin":{"md":"0px 0px 0px 0px","sm":"   ","xs":"0px 0px 20px 0px"},"global_padding":{"md":"   ","sm":"   ","xs":"   "},"global_boxshadow":"0 0 0 0 #ffffff","global_use_animation":0,"global_animationduration":"300","global_animationdelay":"0","global_custom_css":"","use_global_width":"0","hidden_md":"0","hidden_sm":"0","hidden_xs":"0","acl":"","instFormId":1518429324509,"icon_padding":{"md":"   ","sm":"   ","xs":"   "},"title_font_family":"Varela Round","title_font_style":{"weight":400},"title_margin_bottom":{"md":"0","sm":"","xs":""},"text_padding":{"md":"   ","sm":"   ","xs":"   "},"feature_image_margin":{"md":"   ","sm":"   ","xs":"   "}}}]},{"id":1526636527654,"class_name":"col-md-4","visibility":true,"settings":{"background_type":"none","background_gradient":{"color":"#00c6fb","color2":"#005bea","deg":"45","type":"linear"},"background_image":"","background_repeat":"no-repeat","background_size":"cover","background_attachment":"scroll","background_position":"0 0","items_align_center":0,"use_border":0,"border_width":"","border_radius":0,"boxshadow":"0 0 0 0 #fff","sm_col":"col-sm-4","xs_col":"","hidden_xs":0,"hidden_sm":0,"hidden_md":0,"animationduration":"300","animationdelay":"0","instFormId":1518421990536,"padding":{"md":"   ","sm":"   ","xs":"   "},"margin":{"md":"   ","sm":"   ","xs":"   "}},"addons":[{"id":1526636527655,"name":"feature","visibility":true,"settings":{"admin_label":"","title":"support@gohost.com","heading_selector":"h4","title_position":"left","title_fontsize":{"md":"18","xs":"16"},"title_lineheight":{"md":"18","xs":"26"},"title_letterspace":"0","title_text_color":"#929494","title_url":"","url_appear":"title","feature_type":"image","feature_image":"https://sppagebuilder.com/sample-data/images/2018/05/18/icon9.png","icon_name":"fa-envelope-o","icon_size":{"md":"24"},"icon_color":"#5e5e5e","text":"","text_fontsize":"","text_lineheight":"","alignment":"sppb-text-left","class":"contact-info","global_background_type":"none","global_background_gradient":{"color":"#00c6fb","color2":"#005bea","deg":"45","type":"linear"},"global_use_overlay":0,"global_background_repeat":"no-repeat","global_background_size":"cover","global_background_attachment":"inherit","global_user_border":0,"global_border_width":"","global_border_radius":0,"global_margin":{"md":"0px 0px 0px 0px","sm":"   ","xs":"0px 0px 20px 0px"},"global_padding":{"md":"   ","sm":"   ","xs":"   "},"global_boxshadow":"0 0 0 0 #ffffff","global_use_animation":0,"global_animationduration":"300","global_animationdelay":"0","global_custom_css":"","use_global_width":"0","hidden_md":"0","hidden_sm":"0","hidden_xs":"0","acl":"","instFormId":1518429324516,"icon_padding":{"md":"   ","sm":"   ","xs":"   "},"title_font_family":"Varela Round","title_font_style":{"weight":400},"title_margin_bottom":{"md":"0","sm":"","xs":""},"text_padding":{"md":"   ","sm":"   ","xs":"   "},"feature_image_margin":{"md":"   ","sm":"   ","xs":"   "}}}]},{"id":1526636527656,"class_name":"col-md-4","visibility":true,"settings":{"background_type":"none","background_gradient":{"color":"#00c6fb","color2":"#005bea","deg":"45","type":"linear"},"background_image":"","background_repeat":"no-repeat","background_size":"cover","background_attachment":"scroll","background_position":"0 0","items_align_center":0,"use_border":0,"border_width":"","border_radius":0,"boxshadow":"0 0 0 0 #fff","sm_col":"col-sm-4","xs_col":"","hidden_xs":0,"hidden_sm":0,"hidden_md":0,"animationduration":"300","animationdelay":"0","instFormId":1518421990537,"padding":{"md":"   ","sm":"   ","xs":"   "},"margin":{"md":"   ","sm":"   ","xs":"   "}},"addons":[{"id":1526636527657,"name":"feature","visibility":true,"settings":{"admin_label":"","title":"Victoria place, CA 3000, USA","heading_selector":"h4","title_position":"left","title_fontsize":{"md":"18","xs":"16"},"title_lineheight":{"md":"18","xs":"26"},"title_letterspace":"0","title_text_color":"#929494","title_url":"","url_appear":"title","feature_type":"image","feature_image":"https://sppagebuilder.com/sample-data/images/2018/05/18/icon10.png","icon_name":"fa-map-marker","icon_size":{"md":"24"},"icon_color":"#5e5e5e","text":"","text_fontsize":"","text_lineheight":"","alignment":"sppb-text-left","class":"contact-info","global_background_type":"none","global_background_gradient":{"color":"#00c6fb","color2":"#005bea","deg":"45","type":"linear"},"global_use_overlay":0,"global_background_repeat":"no-repeat","global_background_size":"cover","global_background_attachment":"inherit","global_user_border":0,"global_border_width":"","global_border_radius":0,"global_margin":{"md":"0px 0px 0px 0px","sm":"   ","xs":"   "},"global_padding":{"md":"   ","sm":"   ","xs":"   "},"global_boxshadow":"0 0 0 0 #ffffff","global_use_animation":0,"global_animationduration":"300","global_animationdelay":"0","global_custom_css":"","use_global_width":"0","hidden_md":"0","hidden_sm":"0","hidden_xs":"0","acl":"","instFormId":1518429199416,"icon_padding":{"md":"   ","sm":"   ","xs":"   "},"title_font_family":"Varela Round","title_font_style":{"weight":400},"title_margin_bottom":{"md":"0","sm":"","xs":""},"text_padding":{"md":"   ","sm":"   ","xs":"   "},"feature_image_margin":{"md":"   ","sm":"   ","xs":"   "}}}]}]}]