[{"id":1516169318787,"visibility":true,"collapse":false,"settings":{"admin_label":"","title":"","heading_selector":"h3","title_fontsize":"","title_fontweight":"","title_position":"sppb-text-center","columns_align_center":0,"fullscreen":0,"no_gutter":0,"padding":{"md":"300px 0px 270px 0px","sm":"100px 0px 100px 0px","xs":"70px 0px 70px 0px"},"margin":{"md":"0px 0px 0px 0px","sm":"   ","xs":"   "},"background_type":"image","background_gradient":{"color":"#00c6fb","color2":"#005bea","deg":"45","type":"linear"},"background_image":"https://sppagebuilder.com/sample-data/images/2018/01/17/interior_hero.jpg","background_parallax":0,"background_repeat":"no-repeat","background_size":"cover","background_attachment":"","background_position":"50% 50%","external_background_video":"0","show_top_shape":0,"shape_name":"clouds-flat","shape_color":"#e5e5e5","shape_width":{"md":100,"sm":100,"xs":100},"shape_height":"","shape_flip":false,"shape_invert":false,"shape_to_front":false,"show_bottom_shape":0,"bottom_shape_name":"clouds-opacity","bottom_shape_color":"#e5e5e5","bottom_shape_width":{"md":100,"sm":100,"xs":100},"bottom_shape_height":"","bottom_shape_flip":false,"bottom_shape_invert":false,"bottom_shape_to_front":false,"hidden_xs":"","hidden_sm":"","hidden_md":"","animationduration":"300","animationdelay":"0","instFormId":1516169318787,"color":"#fff"},"layout":"12","columns":[{"id":1516169318803,"class_name":"col-md-12","visibility":true,"settings":{"background_type":"none","background_gradient":{"color":"#00c6fb","color2":"#005bea","deg":"45","type":"linear"},"background_image":"","background_repeat":"no-repeat","background_size":"cover","background_attachment":"scroll","background_position":"0 0","items_align_center":0,"use_border":0,"border_width":"","border_radius":0,"boxshadow":"0 0 0 0 #fff","sm_col":"","xs_col":"","hidden_xs":"","hidden_sm":"","hidden_md":"","animationduration":"300","animationdelay":"0"},"addons":[{"id":1516169318804,"name":"heading","visibility":true,"settings":{"admin_label":"","title":"WOW GALLERY","heading_selector":"h1","use_link":0,"title_link":"","link_new_tab":"","title_fontsize":{"md":"60","sm":"","xs":"40"},"title_lineheight":{"md":"70","sm":"","xs":"50"},"title_letterspace":"10px","title_text_transform":"none","title_margin":{"md":"0px 0px 10px 0px","sm":"   ","xs":"   "},"title_padding":{"md":"0px 0px 0px 0px","sm":"   ","xs":"   "},"title_icon_position":"before","alignment":"sppb-text-center","title_text_shadow":"","class":"","global_background_type":"none","global_background_gradient":{"color":"#00c6fb","color2":"#005bea","deg":"45","type":"linear"},"global_use_overlay":0,"global_background_repeat":"no-repeat","global_background_size":"cover","global_background_attachment":"inherit","global_user_border":0,"global_border_width":"","global_border_radius":0,"global_margin":{"md":"0 0 0px 0","sm":"0 0 20px 0","xs":"0 0 10px 0"},"global_padding":{"md":"   ","sm":"   ","xs":"   "},"global_boxshadow":"0 0 0 0 #ffffff","global_use_animation":1,"global_animationduration":"","global_animationdelay":"","global_custom_css":".sppb-addon-title{\n\tletter-spacing: 20px !important;\n}","use_global_width":"0","hidden_md":"0","hidden_sm":"0","hidden_xs":"0","acl":"","instFormId":1516169318804,"title_font_family":"Roboto","title_font_style":{"weight":500},"global_animation":"fadeInLeftBig"}},{"id":1516169318805,"name":"heading","visibility":true,"settings":{"admin_label":"","title":"INTERIOR DESIGN","heading_selector":"h2","use_link":0,"title_link":"","link_new_tab":"","title_fontsize":{"md":"24","sm":"","xs":"18"},"title_lineheight":{"md":"28","sm":"","xs":"22"},"title_letterspace":"10px","title_text_transform":"uppercase","title_margin":{"md":"0px 0px 35px 0px","sm":"   ","xs":"0px 0px 10px 0px"},"title_padding":{"md":"0px 0px 0px 0px","sm":"   ","xs":"   "},"title_icon_position":"before","alignment":"sppb-text-center","title_text_shadow":"","class":"","global_background_type":"none","global_background_gradient":{"color":"#00c6fb","color2":"#005bea","deg":"45","type":"linear"},"global_use_overlay":0,"global_background_repeat":"no-repeat","global_background_size":"cover","global_background_attachment":"inherit","global_user_border":0,"global_border_width":"","global_border_radius":0,"global_margin":{"md":"0 0 10px 0","sm":"0 0 20px 0","xs":"0 0 10px 0"},"global_padding":{"md":"   ","sm":"   ","xs":"   "},"global_boxshadow":"0 0 0 0 #ffffff","global_use_animation":1,"global_animationduration":"","global_animationdelay":"200","global_custom_css":"","use_global_width":"0","hidden_md":"0","hidden_sm":"0","hidden_xs":"0","acl":"","instFormId":1516169318805,"title_font_family":"Roboto","title_font_style":{"weight":400},"global_animation":"fadeInLeftBig"}},{"id":1516169318806,"name":"button","visibility":true,"settings":{"admin_label":"","text":"Learn More","alignment":"sppb-text-center","letterspace":"5px","type":"custom","appearance":"flat","background_color":"rgba(164,138,126,1)","color":"#FFFFFF","background_color_hover":"#816d63","color_hover":"#FFFFFF","button_padding":{"md":"16px 30px 16px 30px","sm":"10px 25px 10px 25px","xs":"10px 25px 10px 25px"},"icon_position":"left","class":"","global_background_type":"none","global_background_gradient":{"color":"#00c6fb","color2":"#005bea","deg":"45","type":"linear"},"global_use_overlay":0,"global_background_repeat":"no-repeat","global_background_size":"cover","global_background_attachment":"inherit","global_user_border":0,"global_border_width":"","global_border_radius":0,"global_margin":{"md":"0 0 30px 0","sm":"0 0 20px 0","xs":"0 0 10px 0"},"global_padding":{"md":"   ","sm":"   ","xs":"   "},"global_boxshadow":"0 0 0 0 #ffffff","global_use_animation":1,"global_animationduration":"","global_animationdelay":"400","global_custom_css":"","use_global_width":"0","hidden_md":"0","hidden_sm":"0","hidden_xs":"0","acl":"","instFormId":1516169318806,"url":"#","size":"sm","font_family":"Roboto","shape":"rounded","font_style":{"weight":100,"uppercase":true},"global_animation":"fadeInLeftBig"}}]}]},{"id":1516169318925,"visibility":true,"collapse":false,"settings":{"admin_label":"","title":"","heading_selector":"h3","title_fontsize":"","title_fontweight":"","title_position":"sppb-text-center","columns_align_center":0,"fullscreen":1,"no_gutter":0,"padding":{"md":"90px 0px 70px 0px","sm":"   ","xs":"50px 0px 50px 0px"},"margin":{"md":"0px 0px 0px 0px","sm":"   ","xs":"   "},"background_type":"none","background_gradient":{"color":"#00c6fb","color2":"#005bea","deg":"45","type":"linear"},"background_image":"","background_parallax":"0","background_repeat":"no-repeat","background_size":"cover","background_attachment":"fixed","background_position":"0 0","external_background_video":"0","show_top_shape":0,"shape_name":"clouds-flat","shape_color":"#e5e5e5","shape_width":{"md":100,"sm":100,"xs":100},"shape_height":"","shape_flip":false,"shape_invert":false,"shape_to_front":false,"show_bottom_shape":0,"bottom_shape_name":"clouds-opacity","bottom_shape_color":"#e5e5e5","bottom_shape_width":{"md":100,"sm":100,"xs":100},"bottom_shape_height":"","bottom_shape_flip":false,"bottom_shape_invert":false,"bottom_shape_to_front":false,"hidden_xs":"","hidden_sm":"","hidden_md":"","animationduration":"300","animationdelay":"0","instFormId":1516169318925},"layout":"12,3,3,3,3","columns":[{"id":1516169318924,"class_name":"col-md-12","visibility":true,"settings":{"background_type":"none","background_gradient":{"color":"#00c6fb","color2":"#005bea","deg":"45","type":"linear"},"background_image":"","background_repeat":"no-repeat","background_size":"cover","background_attachment":"scroll","background_position":"0 0","items_align_center":0,"use_border":0,"border_width":"","border_radius":0,"boxshadow":"0 0 0 0 #fff","sm_col":"","xs_col":"","hidden_xs":"","hidden_sm":"","hidden_md":"","animationduration":"300","animationdelay":"0"},"addons":[{"id":1516169318936,"name":"heading","visibility":true,"settings":{"admin_label":"","title":"ABOUT US","heading_selector":"h2","use_link":0,"title_link":"","link_new_tab":"","title_fontsize":{"md":"24","sm":"","xs":"18"},"title_lineheight":{"md":"28","sm":"","xs":"22"},"title_letterspace":"10px","title_text_transform":"uppercase","title_margin":{"md":"0px 0px 8px 0px","sm":"   ","xs":"0px 0px 10px 0px"},"title_padding":{"md":"0px 0px 0px 0px","sm":"   ","xs":"   "},"title_icon_position":"before","alignment":"sppb-text-center","title_text_shadow":"","class":"","global_background_type":"none","global_background_gradient":{"color":"#00c6fb","color2":"#005bea","deg":"45","type":"linear"},"global_use_overlay":0,"global_background_repeat":"no-repeat","global_background_size":"cover","global_background_attachment":"inherit","global_user_border":0,"global_border_width":"","global_border_radius":0,"global_margin":{"md":"0 0 10px 0","sm":"0 0 20px 0","xs":"0 0 10px 0"},"global_padding":{"md":"   ","sm":"   ","xs":"   "},"global_boxshadow":"0 0 0 0 #ffffff","global_use_animation":0,"global_animationduration":"300","global_animationdelay":"0","global_custom_css":"","use_global_width":"0","hidden_md":"0","hidden_sm":"0","hidden_xs":"0","acl":"","instFormId":1516169318936,"title_font_family":"Roboto","title_font_style":{"weight":300},"global_text_color":"rgba(164,138,126,1)"}},{"id":1516182810494,"name":"text_block","visibility":true,"settings":{"admin_label":"","title":"","heading_selector":"h3","title_fontsize":"","title_lineheight":"","title_letterspace":"0","text":"Large businesses require a lot of IT infrastructure and a department to look after it. Small businesses often can&rsquo;t afford to have that sort of internal support in place, yet they need fully operational IT systems in order for the business to run properly.","alignment":"sppb-text-center","text_fontsize":{"md":"16","sm":"","xs":"14"},"text_lineheight":{"md":"26","sm":"","xs":"22"},"dropcap":0,"class":"","global_background_type":"none","global_background_gradient":{"color":"#00c6fb","color2":"#005bea","deg":"45","type":"linear"},"global_use_overlay":0,"global_background_repeat":"no-repeat","global_background_size":"cover","global_background_attachment":"inherit","global_user_border":0,"global_border_width":"","global_border_radius":0,"global_margin":{"md":"0px auto 90px auto","sm":"0px auto 50px auto","xs":"0px auto 40px auto"},"global_padding":{"md":"   ","sm":"   ","xs":"   "},"global_boxshadow":"0 0 0 0 #ffffff","global_use_animation":0,"global_animationduration":"300","global_animationdelay":"0","global_custom_css":"","use_global_width":1,"hidden_md":0,"hidden_sm":0,"hidden_xs":0,"acl":"","instFormId":1516182810494,"global_text_color":"rgba(152,152,152,1)","text_font_family":"Roboto","global_width":{"md":"39","sm":"65","xs":"90"}}}]},{"id":1516169319059,"class_name":"col-md-3","visibility":true,"settings":{"background_type":"none","background_gradient":{"color":"#00c6fb","color2":"#005bea","deg":"45","type":"linear"},"background_image":"","background_repeat":"no-repeat","background_size":"cover","background_attachment":"scroll","background_position":"0 0","items_align_center":0,"use_border":0,"border_width":"","border_radius":0,"boxshadow":"0 0 0 0 #fff","sm_col":"col-sm-6","xs_col":"","hidden_xs":0,"hidden_sm":0,"hidden_md":0,"animationduration":"300","animationdelay":"0","instFormId":1516169319059,"padding":{"md":"   ","sm":"   ","xs":"   "},"margin":{"md":"   ","sm":"   ","xs":"   "}},"addons":[{"id":1516169319411,"name":"image","visibility":true,"settings":{"admin_label":"","title":"House Interior","heading_selector":"h4","title_fontsize":{"md":"16","sm":"","xs":"18"},"title_lineheight":{"md":"30","sm":"","xs":"22"},"title_letterspace":"5px","title_position":"bottom","image":"https://sppagebuilder.com/sample-data/images/2018/01/17/interior_portfolio1.jpg","border_radius":0,"alt_text":"Image","position":"sppb-text-center","open_lightbox":1,"overlay_color":"rgba(0, 0, 0, 0.7)","link":"","class":"","global_background_type":"none","global_background_gradient":{"color":"#00c6fb","color2":"#005bea","deg":"45","type":"linear"},"global_use_overlay":0,"global_background_repeat":"no-repeat","global_background_size":"cover","global_background_attachment":"inherit","global_user_border":0,"global_border_width":"","global_border_radius":{"md":"3","sm":"","xs":""},"global_margin":{"md":"0 0 35px 0","sm":"0px 0px 30px 0px","xs":"0 0 10px 0"},"global_padding":{"md":"   ","sm":"   ","xs":"   "},"global_boxshadow":"0 0 0 0 #ffffff","global_use_animation":0,"global_animationduration":"300","global_animationdelay":"0","global_custom_css":".sppb-addon-single-image{\n\tposition: relative;\n}\n.sppb-addon-single-image:after {\n  content: \"\";\n  background: rgba(0, 0, 0, 0.8);\n  position: absolute;\n  top: 0;\n  left: 0;\n  right: 0;\n  bottom: 0;\n  z-index: 1;\n  transition: .3s;\n  opacity: 0;\n}\n.sppb-addon-title{\n  position: absolute;\n  top: 50%;\n  left: 50%;\n  transform: translate(-50%, -50%);\n  margin: 0;\n  margin-top: -20px !important;\n  right: 50%;\n  width: 100%;\n  z-index: 10;\n  transition: .3s;\n  opacity: 0;\n}\n#addonId:hover .sppb-addon-single-image:after{\n\topacity: 1;\n}\n#addonId:hover .sppb-addon-title{\n\topacity: 1;\t\t\n}\n#addonId:hover .sppb-addon-image-overlay-icon{\n  z-index: 10;\n  display: block;\n  animation: zoomIn .5s;\n  background: #fff;\n  color: #000;\n  margin-top: 0px;\n}\n  ","use_global_width":"0","hidden_md":"0","hidden_sm":"0","hidden_xs":"0","acl":"","instFormId":1516169319411,"title_font_family":"Roboto","title_text_color":"#fff","title_margin_top":{"md":"0","sm":"0","xs":"0"},"title_font_style":{"weight":400,"uppercase":true},"title_margin_bottom":{"md":"0","sm":"","xs":""}}},{"id":1516169319423,"name":"image","visibility":true,"settings":{"admin_label":"","title":"House Interior","heading_selector":"h4","title_fontsize":{"md":"16","sm":"","xs":"18"},"title_lineheight":{"md":"30","sm":"","xs":"22"},"title_letterspace":"5px","title_position":"bottom","image":"https://sppagebuilder.com/sample-data/images/2018/01/17/interior_portfolio5.jpg","border_radius":0,"alt_text":"Image","position":"sppb-text-center","open_lightbox":1,"overlay_color":"rgba(0, 0, 0, 0.7)","link":"","class":"","global_background_type":"none","global_background_gradient":{"color":"#00c6fb","color2":"#005bea","deg":"45","type":"linear"},"global_use_overlay":0,"global_background_repeat":"no-repeat","global_background_size":"cover","global_background_attachment":"inherit","global_user_border":0,"global_border_width":"","global_border_radius":{"md":"3","sm":"","xs":""},"global_margin":{"md":"0 0 35px 0","sm":"0px 0px 30px 0px","xs":"0 0 10px 0"},"global_padding":{"md":"   ","sm":"   ","xs":"   "},"global_boxshadow":"0 0 0 0 #ffffff","global_use_animation":0,"global_animationduration":"300","global_animationdelay":"0","global_custom_css":".sppb-addon-single-image{\n\tposition: relative;\n}\n.sppb-addon-single-image:after {\n  content: \"\";\n  background: rgba(0, 0, 0, 0.8);\n  position: absolute;\n  top: 0;\n  left: 0;\n  right: 0;\n  bottom: 0;\n  z-index: 1;\n  transition: .3s;\n  opacity: 0;\n}\n.sppb-addon-title{\n  position: absolute;\n  top: 50%;\n  left: 50%;\n  transform: translate(-50%, -50%);\n  margin: 0;\n  margin-top: -20px !important;\n  right: 50%;\n  width: 100%;\n  z-index: 10;\n  transition: .3s;\n  opacity: 0;\n}\n#addonId:hover .sppb-addon-single-image:after{\n\topacity: 1;\n}\n#addonId:hover .sppb-addon-title{\n\topacity: 1;\t\t\n}\n#addonId:hover .sppb-addon-image-overlay-icon{\n  z-index: 10;\n  display: block;\n  animation: zoomIn .5s;\n  background: #fff;\n  color: #000;\n  margin-top: 0px;\n}\n  ","use_global_width":"0","hidden_md":"0","hidden_sm":"0","hidden_xs":"0","acl":"","instFormId":1516169319423,"title_font_family":"Roboto","title_text_color":"#fff","title_margin_top":{"md":"0","sm":"0","xs":"0"},"title_font_style":{"weight":400,"uppercase":true},"title_margin_bottom":{"md":"0","sm":"","xs":""}}}]},{"id":1516169319060,"class_name":"col-md-3","visibility":true,"settings":{"background_type":"none","background_gradient":{"color":"#00c6fb","color2":"#005bea","deg":"45","type":"linear"},"background_image":"","background_repeat":"no-repeat","background_size":"cover","background_attachment":"scroll","background_position":"0 0","items_align_center":0,"use_border":0,"border_width":"","border_radius":0,"boxshadow":"0 0 0 0 #fff","sm_col":"col-sm-6","xs_col":"","hidden_xs":0,"hidden_sm":0,"hidden_md":0,"animationduration":"300","animationdelay":"0","instFormId":1516169319060,"padding":{"md":"   ","sm":"   ","xs":"   "},"margin":{"md":"   ","sm":"   ","xs":"   "}},"addons":[{"id":1516183017342,"name":"image","visibility":true,"settings":{"admin_label":"","title":"Full Decorate","heading_selector":"h4","title_fontsize":{"md":"16","sm":"","xs":"18"},"title_lineheight":{"md":"30","sm":"","xs":"22"},"title_letterspace":"5px","title_position":"bottom","image":"https://sppagebuilder.com/sample-data/images/2018/01/17/interior_portfolio2.jpg","border_radius":0,"alt_text":"Image","position":"sppb-text-center","open_lightbox":1,"overlay_color":"rgba(0, 0, 0, 0.7)","link":"","class":"","global_background_type":"none","global_background_gradient":{"color":"#00c6fb","color2":"#005bea","deg":"45","type":"linear"},"global_use_overlay":0,"global_background_repeat":"no-repeat","global_background_size":"cover","global_background_attachment":"inherit","global_user_border":0,"global_border_width":"","global_border_radius":{"md":"3","sm":"","xs":""},"global_margin":{"md":"0 0 35px 0","sm":"0px 0px 30px 0px","xs":"0 0 10px 0"},"global_padding":{"md":"   ","sm":"   ","xs":"   "},"global_boxshadow":"0 0 0 0 #ffffff","global_use_animation":0,"global_animationduration":"300","global_animationdelay":"0","global_custom_css":".sppb-addon-single-image{\n\tposition: relative;\n}\n.sppb-addon-single-image:after {\n  content: \"\";\n  background: rgba(0, 0, 0, 0.8);\n  position: absolute;\n  top: 0;\n  left: 0;\n  right: 0;\n  bottom: 0;\n  z-index: 1;\n  transition: .3s;\n  opacity: 0;\n}\n.sppb-addon-title{\n  position: absolute;\n  top: 50%;\n  left: 50%;\n  transform: translate(-50%, -50%);\n  margin: 0;\n  margin-top: -20px !important;\n  right: 50%;\n  width: 100%;\n  z-index: 10;\n  transition: .3s;\n  opacity: 0;\n}\n#addonId:hover .sppb-addon-single-image:after{\n\topacity: 1;\n}\n#addonId:hover .sppb-addon-title{\n\topacity: 1;\t\t\n}\n#addonId:hover .sppb-addon-image-overlay-icon{\n  z-index: 10;\n  display: block;\n  animation: zoomIn .5s;\n  background: #fff;\n  color: #000;\n  margin-top: 0px;\n}\n  ","use_global_width":"0","hidden_md":"0","hidden_sm":"0","hidden_xs":"0","acl":"","instFormId":1516183017342,"title_font_family":"Roboto","title_text_color":"#fff","title_margin_top":{"md":"0","sm":"0","xs":"0"},"title_font_style":{"weight":400,"uppercase":true},"title_margin_bottom":{"md":"0","sm":"","xs":""}}},{"id":1516169319420,"name":"image","visibility":true,"settings":{"admin_label":"","title":"Company Interior","heading_selector":"h4","title_fontsize":{"md":"16","sm":"","xs":"18"},"title_lineheight":{"md":"30","sm":"","xs":"22"},"title_letterspace":"5px","title_position":"bottom","image":"https://sppagebuilder.com/sample-data/images/2018/01/17/interior_portfolio6.jpg","border_radius":0,"alt_text":"Image","position":"sppb-text-center","open_lightbox":1,"overlay_color":"rgba(0, 0, 0, 0.7)","link":"","class":"","global_background_type":"none","global_background_gradient":{"color":"#00c6fb","color2":"#005bea","deg":"45","type":"linear"},"global_use_overlay":0,"global_background_repeat":"no-repeat","global_background_size":"cover","global_background_attachment":"inherit","global_user_border":0,"global_border_width":"","global_border_radius":{"md":"3","sm":"","xs":""},"global_margin":{"md":"0 0 35px 0","sm":"0px 0px 30px 0px","xs":"0 0 10px 0"},"global_padding":{"md":"   ","sm":"   ","xs":"   "},"global_boxshadow":"0 0 0 0 #ffffff","global_use_animation":0,"global_animationduration":"300","global_animationdelay":"0","global_custom_css":".sppb-addon-single-image{\n\tposition: relative;\n}\n.sppb-addon-single-image:after {\n  content: \"\";\n  background: rgba(0, 0, 0, 0.8);\n  position: absolute;\n  top: 0;\n  left: 0;\n  right: 0;\n  bottom: 0;\n  z-index: 1;\n  transition: .3s;\n  opacity: 0;\n}\n.sppb-addon-title{\n  position: absolute;\n  top: 50%;\n  left: 50%;\n  transform: translate(-50%, -50%);\n  margin: 0;\n  margin-top: -20px !important;\n  right: 50%;\n  width: 100%;\n  z-index: 10;\n  transition: .3s;\n  opacity: 0;\n}\n#addonId:hover .sppb-addon-single-image:after{\n\topacity: 1;\n}\n#addonId:hover .sppb-addon-title{\n\topacity: 1;\t\t\n}\n#addonId:hover .sppb-addon-image-overlay-icon{\n  z-index: 10;\n  display: block;\n  animation: zoomIn .5s;\n  background: #fff;\n  color: #000;\n  margin-top: 0px;\n}\n  ","use_global_width":"0","hidden_md":"0","hidden_sm":"0","hidden_xs":"0","acl":"","instFormId":1516169319420,"title_font_family":"Roboto","title_text_color":"#fff","title_margin_top":{"md":"0","sm":"0","xs":"0"},"title_font_style":{"weight":400,"uppercase":true},"title_margin_bottom":{"md":"0","sm":"","xs":""}}}]},{"id":1516169319061,"class_name":"col-md-3","visibility":true,"settings":{"background_type":"none","background_gradient":{"color":"#00c6fb","color2":"#005bea","deg":"45","type":"linear"},"background_image":"","background_repeat":"no-repeat","background_size":"cover","background_attachment":"scroll","background_position":"0 0","items_align_center":0,"use_border":0,"border_width":"","border_radius":0,"boxshadow":"0 0 0 0 #fff","sm_col":"col-sm-6","xs_col":"","hidden_xs":0,"hidden_sm":0,"hidden_md":0,"animationduration":"300","animationdelay":"0","instFormId":1516169319061,"padding":{"md":"   ","sm":"   ","xs":"   "},"margin":{"md":"   ","sm":"   ","xs":"   "}},"addons":[{"id":1516169319417,"name":"image","visibility":true,"settings":{"admin_label":"","title":"Desk Interior","heading_selector":"h4","title_fontsize":{"md":"16","sm":"","xs":"18"},"title_lineheight":{"md":"30","sm":"","xs":"22"},"title_letterspace":"5px","title_position":"bottom","image":"https://sppagebuilder.com/sample-data/images/2018/01/17/interior_portfolio3.jpg","border_radius":0,"alt_text":"Image","position":"sppb-text-center","open_lightbox":1,"overlay_color":"rgba(0, 0, 0, 0.7)","link":"","class":"","global_background_type":"none","global_background_gradient":{"color":"#00c6fb","color2":"#005bea","deg":"45","type":"linear"},"global_use_overlay":0,"global_background_repeat":"no-repeat","global_background_size":"cover","global_background_attachment":"inherit","global_user_border":0,"global_border_width":"","global_border_radius":{"md":"3","sm":"","xs":""},"global_margin":{"md":"0 0 35px 0","sm":"0px 0px 30px 0px","xs":"0 0 10px 0"},"global_padding":{"md":"   ","sm":"   ","xs":"   "},"global_boxshadow":"0 0 0 0 #ffffff","global_use_animation":0,"global_animationduration":"300","global_animationdelay":"0","global_custom_css":".sppb-addon-single-image{\n\tposition: relative;\n}\n.sppb-addon-single-image:after {\n  content: \"\";\n  background: rgba(0, 0, 0, 0.8);\n  position: absolute;\n  top: 0;\n  left: 0;\n  right: 0;\n  bottom: 0;\n  z-index: 1;\n  transition: .3s;\n  opacity: 0;\n}\n.sppb-addon-title{\n  position: absolute;\n  top: 50%;\n  left: 50%;\n  transform: translate(-50%, -50%);\n  margin: 0;\n  margin-top: -20px !important;\n  right: 50%;\n  width: 100%;\n  z-index: 10;\n  transition: .3s;\n  opacity: 0;\n}\n#addonId:hover .sppb-addon-single-image:after{\n\topacity: 1;\n}\n#addonId:hover .sppb-addon-title{\n\topacity: 1;\t\t\n}\n#addonId:hover .sppb-addon-image-overlay-icon{\n  z-index: 10;\n  display: block;\n  animation: zoomIn .5s;\n  background: #fff;\n  color: #000;\n  margin-top: 0px;\n}\n  ","use_global_width":"0","hidden_md":"0","hidden_sm":"0","hidden_xs":"0","acl":"","instFormId":1516169319417,"title_font_family":"Roboto","title_text_color":"#fff","title_margin_top":{"md":"0","sm":"0","xs":"0"},"title_font_style":{"weight":400,"uppercase":true},"title_margin_bottom":{"md":"0","sm":"","xs":""}}},{"id":1516169319426,"name":"image","visibility":true,"settings":{"admin_label":"","title":"Custom Interior","heading_selector":"h4","title_fontsize":{"md":"16","sm":"","xs":"18"},"title_lineheight":{"md":"30","sm":"","xs":"22"},"title_letterspace":"5px","title_position":"bottom","image":"https://sppagebuilder.com/sample-data/images/2018/01/17/interior_portfolio7.jpg","border_radius":0,"alt_text":"Image","position":"sppb-text-center","open_lightbox":1,"overlay_color":"rgba(0, 0, 0, 0.7)","link":"","class":"","global_background_type":"none","global_background_gradient":{"color":"#00c6fb","color2":"#005bea","deg":"45","type":"linear"},"global_use_overlay":0,"global_background_repeat":"no-repeat","global_background_size":"cover","global_background_attachment":"inherit","global_user_border":0,"global_border_width":"","global_border_radius":{"md":"3","sm":"","xs":""},"global_margin":{"md":"0 0 35px 0","sm":"0px 0px 30px 0px","xs":"0 0 10px 0"},"global_padding":{"md":"   ","sm":"   ","xs":"   "},"global_boxshadow":"0 0 0 0 #ffffff","global_use_animation":0,"global_animationduration":"300","global_animationdelay":"0","global_custom_css":".sppb-addon-single-image{\n\tposition: relative;\n}\n.sppb-addon-single-image:after {\n  content: \"\";\n  background: rgba(0, 0, 0, 0.8);\n  position: absolute;\n  top: 0;\n  left: 0;\n  right: 0;\n  bottom: 0;\n  z-index: 1;\n  transition: .3s;\n  opacity: 0;\n}\n.sppb-addon-title{\n  position: absolute;\n  top: 50%;\n  left: 50%;\n  transform: translate(-50%, -50%);\n  margin: 0;\n  margin-top: -20px !important;\n  right: 50%;\n  width: 100%;\n  z-index: 10;\n  transition: .3s;\n  opacity: 0;\n}\n#addonId:hover .sppb-addon-single-image:after{\n\topacity: 1;\n}\n#addonId:hover .sppb-addon-title{\n\topacity: 1;\t\t\n}\n#addonId:hover .sppb-addon-image-overlay-icon{\n  z-index: 10;\n  display: block;\n  animation: zoomIn .5s;\n  background: #fff;\n  color: #000;\n  margin-top: 0px;\n}\n  ","use_global_width":"0","hidden_md":"0","hidden_sm":"0","hidden_xs":"0","acl":"","instFormId":1516169319426,"title_font_family":"Roboto","title_text_color":"#fff","title_margin_top":{"md":"0","sm":"0","xs":"0"},"title_font_style":{"weight":400,"uppercase":true},"title_margin_bottom":{"md":"0","sm":"","xs":""}}}]},{"id":1516169319062,"class_name":"col-md-3","visibility":true,"settings":{"background_type":"none","background_gradient":{"color":"#00c6fb","color2":"#005bea","deg":"45","type":"linear"},"background_image":"","background_repeat":"no-repeat","background_size":"cover","background_attachment":"scroll","background_position":"0 0","items_align_center":0,"use_border":0,"border_width":"","border_radius":0,"boxshadow":"0 0 0 0 #fff","sm_col":"col-sm-6","xs_col":"","hidden_xs":0,"hidden_sm":0,"hidden_md":0,"animationduration":"300","animationdelay":"0","instFormId":1516169319062,"padding":{"md":"   ","sm":"   ","xs":"   "},"margin":{"md":"   ","sm":"   ","xs":"   "}},"addons":[{"id":1516169319414,"name":"image","visibility":true,"settings":{"admin_label":"","title":"Office Interior","heading_selector":"h4","title_fontsize":{"md":"16","sm":"","xs":"18"},"title_lineheight":{"md":"30","sm":"","xs":"22"},"title_letterspace":"5px","title_position":"bottom","image":"https://sppagebuilder.com/sample-data/images/2018/01/17/interior_portfolio4.jpg","border_radius":0,"alt_text":"Image","position":"sppb-text-center","open_lightbox":1,"overlay_color":"rgba(0, 0, 0, 0.7)","link":"","class":"","global_background_type":"none","global_background_gradient":{"color":"#00c6fb","color2":"#005bea","deg":"45","type":"linear"},"global_use_overlay":0,"global_background_repeat":"no-repeat","global_background_size":"cover","global_background_attachment":"inherit","global_user_border":0,"global_border_width":"","global_border_radius":{"md":"3","sm":"","xs":""},"global_margin":{"md":"0 0 35px 0","sm":"0px 0px 30px 0px","xs":"0 0 10px 0"},"global_padding":{"md":"   ","sm":"   ","xs":"   "},"global_boxshadow":"0 0 0 0 #ffffff","global_use_animation":0,"global_animationduration":"300","global_animationdelay":"0","global_custom_css":".sppb-addon-single-image{\n\tposition: relative;\n}\n.sppb-addon-single-image:after {\n  content: \"\";\n  background: rgba(0, 0, 0, 0.8);\n  position: absolute;\n  top: 0;\n  left: 0;\n  right: 0;\n  bottom: 0;\n  z-index: 1;\n  transition: .3s;\n  opacity: 0;\n}\n.sppb-addon-title{\n  position: absolute;\n  top: 50%;\n  left: 50%;\n  transform: translate(-50%, -50%);\n  margin: 0;\n  margin-top: -20px !important;\n  right: 50%;\n  width: 100%;\n  z-index: 10;\n  transition: .3s;\n  opacity: 0;\n}\n#addonId:hover .sppb-addon-single-image:after{\n\topacity: 1;\n}\n#addonId:hover .sppb-addon-title{\n\topacity: 1;\t\t\n}\n#addonId:hover .sppb-addon-image-overlay-icon{\n  z-index: 10;\n  display: block;\n  animation: zoomIn .5s;\n  background: #fff;\n  color: #000;\n  margin-top: 0px;\n}\n  ","use_global_width":"0","hidden_md":"0","hidden_sm":"0","hidden_xs":"0","acl":"","instFormId":1516169319414,"title_font_family":"Roboto","title_text_color":"#fff","title_margin_top":{"md":"0","sm":"0","xs":"0"},"title_font_style":{"weight":400,"uppercase":true},"title_margin_bottom":{"md":"0","sm":"","xs":""}}},{"id":1516169319429,"name":"image","visibility":true,"settings":{"admin_label":"","title":"House Interior","heading_selector":"h4","title_fontsize":{"md":"16","sm":"","xs":"18"},"title_lineheight":{"md":"30","sm":"","xs":"22"},"title_letterspace":"5px","title_position":"bottom","image":"https://sppagebuilder.com/sample-data/images/2018/01/17/interior_portfolio8.jpg","border_radius":0,"alt_text":"Image","position":"sppb-text-center","open_lightbox":1,"overlay_color":"rgba(0, 0, 0, 0.7)","link":"","class":"","global_background_type":"none","global_background_gradient":{"color":"#00c6fb","color2":"#005bea","deg":"45","type":"linear"},"global_use_overlay":0,"global_background_repeat":"no-repeat","global_background_size":"cover","global_background_attachment":"inherit","global_user_border":0,"global_border_width":"","global_border_radius":{"md":"3","sm":"","xs":""},"global_margin":{"md":"0 0 35px 0","sm":"0px 0px 30px 0px","xs":"0 0 10px 0"},"global_padding":{"md":"   ","sm":"   ","xs":"   "},"global_boxshadow":"0 0 0 0 #ffffff","global_use_animation":0,"global_animationduration":"300","global_animationdelay":"0","global_custom_css":".sppb-addon-single-image{\n\tposition: relative;\n}\n.sppb-addon-single-image:after {\n  content: \"\";\n  background: rgba(0, 0, 0, 0.8);\n  position: absolute;\n  top: 0;\n  left: 0;\n  right: 0;\n  bottom: 0;\n  z-index: 1;\n  transition: .3s;\n  opacity: 0;\n}\n.sppb-addon-title{\n  position: absolute;\n  top: 50%;\n  left: 50%;\n  transform: translate(-50%, -50%);\n  margin: 0;\n  margin-top: -20px !important;\n  right: 50%;\n  width: 100%;\n  z-index: 10;\n  transition: .3s;\n  opacity: 0;\n}\n#addonId:hover .sppb-addon-single-image:after{\n\topacity: 1;\n}\n#addonId:hover .sppb-addon-title{\n\topacity: 1;\t\t\n}\n#addonId:hover .sppb-addon-image-overlay-icon{\n  z-index: 10;\n  display: block;\n  animation: zoomIn .5s;\n  background: #fff;\n  color: #000;\n  margin-top: 0px;\n}\n  ","use_global_width":"0","hidden_md":"0","hidden_sm":"0","hidden_xs":"0","acl":"","instFormId":1516169319429,"title_font_family":"Roboto","title_text_color":"#fff","title_margin_top":{"md":"0","sm":"0","xs":"0"},"title_font_style":{"weight":400,"uppercase":true},"title_margin_bottom":{"md":"0","sm":"","xs":""}}}]}]},{"id":1516169319667,"visibility":true,"collapse":false,"settings":{"admin_label":"","title":"","heading_selector":"h3","title_fontsize":"","title_fontweight":"","title_position":"sppb-text-center","columns_align_center":0,"fullscreen":0,"no_gutter":0,"padding":{"md":"100px 0px 70px 0px","sm":"   ","xs":"50px 0px 20px 0px"},"margin":{"md":"0px 0px 0px 0px","sm":"   ","xs":"   "},"background_type":"color","background_gradient":{"color":"#00c6fb","color2":"#005bea","deg":"45","type":"linear"},"background_image":"","background_parallax":"0","background_repeat":"no-repeat","background_size":"cover","background_attachment":"fixed","background_position":"0 0","external_background_video":"0","show_top_shape":0,"shape_name":"clouds-flat","shape_color":"#e5e5e5","shape_width":{"md":100,"sm":100,"xs":100},"shape_height":"","shape_flip":false,"shape_invert":false,"shape_to_front":false,"show_bottom_shape":0,"bottom_shape_name":"clouds-opacity","bottom_shape_color":"#e5e5e5","bottom_shape_width":{"md":100,"sm":100,"xs":100},"bottom_shape_height":"","bottom_shape_flip":false,"bottom_shape_invert":false,"bottom_shape_to_front":false,"hidden_xs":"","hidden_sm":"","hidden_md":"","animationduration":"300","animationdelay":"0","instFormId":1516169319667,"color":"#fff","background_color":"rgba(164,138,126,1)"},"layout":"12","columns":[{"id":1516169319666,"class_name":"col-md-12","visibility":true,"settings":{"background_type":"none","background_gradient":{"color":"#00c6fb","color2":"#005bea","deg":"45","type":"linear"},"background_image":"","background_repeat":"no-repeat","background_size":"cover","background_attachment":"scroll","background_position":"0 0","items_align_center":0,"use_border":0,"border_width":"","border_radius":0,"boxshadow":"0 0 0 0 #fff","sm_col":"","xs_col":"","hidden_xs":"","hidden_sm":"","hidden_md":"","animationduration":"300","animationdelay":"0","instFormId":1516169319062},"addons":[{"id":1516169319676,"name":"heading","visibility":true,"settings":{"admin_label":"","title":"NEWSLETTER","heading_selector":"h2","use_link":0,"title_link":"","link_new_tab":"","title_fontsize":{"md":"24","sm":"","xs":"18"},"title_lineheight":{"md":"28","sm":"","xs":"22"},"title_letterspace":"10px","title_text_transform":"uppercase","title_margin":{"md":"0px 0px 8px 0px","sm":"   ","xs":"0px 0px 10px 0px"},"title_padding":{"md":"0px 0px 0px 0px","sm":"   ","xs":"   "},"title_icon_position":"before","alignment":"sppb-text-center","title_text_shadow":"","class":"","global_background_type":"none","global_background_gradient":{"color":"#00c6fb","color2":"#005bea","deg":"45","type":"linear"},"global_use_overlay":0,"global_background_repeat":"no-repeat","global_background_size":"cover","global_background_attachment":"inherit","global_user_border":0,"global_border_width":"","global_border_radius":0,"global_margin":{"md":"0 0 10px 0","sm":"0 0 20px 0","xs":"0 0 10px 0"},"global_padding":{"md":"   ","sm":"   ","xs":"   "},"global_boxshadow":"0 0 0 0 #ffffff","global_use_animation":0,"global_animationduration":"300","global_animationdelay":"0","global_custom_css":"","use_global_width":"0","hidden_md":"0","hidden_sm":"0","hidden_xs":"0","acl":"","instFormId":1516169319676,"title_font_family":"Roboto","title_font_style":{"weight":300},"global_text_color":"rgba(255, 255, 255, 0.7)"}},{"id":1516169319673,"name":"heading","visibility":true,"settings":{"admin_label":"","title":"Subscribe us for more exciting offers.","heading_selector":"h3","use_link":0,"title_link":"","link_new_tab":"","title_fontsize":{"md":"48","sm":"","xs":"30"},"title_lineheight":{"md":"58","sm":"","xs":"40"},"title_letterspace":"","title_text_transform":"none","title_margin":{"md":"0px 0px 20px 0px","sm":"   ","xs":"   "},"title_padding":{"md":"0px 0px 0px 0px","sm":"   ","xs":"   "},"title_icon_position":"before","alignment":"sppb-text-center","title_text_shadow":"","class":"","global_background_type":"none","global_background_gradient":{"color":"#00c6fb","color2":"#005bea","deg":"45","type":"linear"},"global_use_overlay":0,"global_background_repeat":"no-repeat","global_background_size":"cover","global_background_attachment":"inherit","global_user_border":0,"global_border_width":"","global_border_radius":0,"global_margin":{"md":"0 0 0px 0","sm":"0 0 20px 0","xs":"0 0 10px 0"},"global_padding":{"md":"   ","sm":"   ","xs":"   "},"global_boxshadow":"0 0 0 0 #ffffff","global_use_animation":0,"global_animationduration":"300","global_animationdelay":"0","global_custom_css":"","use_global_width":"0","hidden_md":"0","hidden_sm":"0","hidden_xs":"0","acl":"","instFormId":1516169319673,"title_font_family":"Roboto","title_font_style":{"weight":500}}},{"id":1516186216029,"name":"optin_form","visibility":true,"settings":{"admin_label":"","title":"","heading_selector":"h3","title_fontsize":"","title_lineheight":"","title_letterspace":"0","platform":"mailchimp","hide_name":1,"acymailing_listids":"","mailchimp_api":"6a57b4cfe5c69dae263c77e834405c23-us7","mailchimp_listid":"b34927d5e3","mailchimp_action":"subscribed","sendgrid_api":"","sendinblue_api":"","sendinblue_listid":"","madmimi_user":"","madmimi_api":"","madmimi_listname":"","grid":"","optin_type":"normal","optin_timein":2000,"optin_timeout":10000,"optin_width":"600","alignment":"sppb-text-center","form_inline":1,"custom_input":1,"custom_input_bgcolor":"rgba(255, 255, 255, 0)","custom_input_color":"#ffffff","custom_input_borderless":0,"custom_input_border_side":"","custom_input_border_style":"solid","custom_input_padding":"15px 15px 16px 15px","media_type":"","alt_text":"","icon_name":"","icon_size":82,"media_position":"","content":"","button_text":"Subscribe","use_custom_button":1,"button_fontstyle":["uppercase"],"button_letterspace":"0","button_type":"custom","button_appearance":"flat","button_background_color":"#fff","button_color":"#4A4A4A ","button_background_color_hover":"#ffffff","button_color_hover":"#4A4A4A ","class":"","global_background_type":"none","global_background_gradient":{"color":"#00c6fb","color2":"#005bea","deg":"45","type":"linear"},"global_use_overlay":0,"global_background_repeat":"no-repeat","global_background_size":"cover","global_background_attachment":"inherit","global_user_border":0,"global_border_width":"","global_border_radius":0,"global_margin":{"md":"auto auto auto auto","sm":"auto auto auto auto","xs":"auto auto auto auto"},"global_padding":{"md":"   ","sm":"   ","xs":"   "},"global_boxshadow":"0 0 0 0 #ffffff","global_use_animation":0,"global_animationduration":"300","global_animationdelay":"0","global_custom_css":".sppb-optin-form.form-inline .email-wrap, .sppb-optin-form.form-inline .name-wrap{\n\tpadding-right: 0px;\n}\n.sppb-optin-form input{\n\tborder-radius: 0;\n}\n.sppb-optin-form input::placeholder{\n\tcolor: #fff;\n}","use_global_width":1,"hidden_md":0,"hidden_sm":0,"hidden_xs":0,"acl":"","instFormId":1516186216029,"custom_input_bdr":"0","button_padding":"15px 25px 15px 25px","button_shape":"square","button_size":"sm","custom_input_border":"1","custom_input_border_color":"#ffffff","global_width":{"md":"45","sm":"75","xs":"100"}}}]}]},{"id":1516169319830,"visibility":true,"collapse":false,"settings":{"admin_label":"","title":"","heading_selector":"h3","title_fontsize":"","title_fontweight":"","title_position":"sppb-text-center","columns_align_center":0,"fullscreen":0,"no_gutter":0,"padding":{"md":"90px 0px 70px 0px","sm":"   ","xs":"50px 0px 50px 0px"},"margin":{"md":"0px 0px 0px 0px","sm":"   ","xs":"   "},"background_type":"none","background_gradient":{"color":"#00c6fb","color2":"#005bea","deg":"45","type":"linear"},"background_image":"","background_parallax":"0","background_repeat":"no-repeat","background_size":"cover","background_attachment":"fixed","background_position":"0 0","external_background_video":"0","show_top_shape":0,"shape_name":"clouds-flat","shape_color":"#e5e5e5","shape_width":{"md":100,"sm":100,"xs":100},"shape_height":"","shape_flip":false,"shape_invert":false,"shape_to_front":false,"show_bottom_shape":0,"bottom_shape_name":"clouds-opacity","bottom_shape_color":"#e5e5e5","bottom_shape_width":{"md":100,"sm":100,"xs":100},"bottom_shape_height":"","bottom_shape_flip":false,"bottom_shape_invert":false,"bottom_shape_to_front":false,"hidden_xs":"","hidden_sm":"","hidden_md":"","animationduration":"300","animationdelay":"0","instFormId":1516169319830},"layout":"12,4,4,4","columns":[{"id":1516169319829,"class_name":"col-md-12","visibility":true,"settings":{"background_type":"none","background_gradient":{"color":"#00c6fb","color2":"#005bea","deg":"45","type":"linear"},"background_image":"","background_repeat":"no-repeat","background_size":"cover","background_attachment":"scroll","background_position":"0 0","items_align_center":0,"use_border":0,"border_width":"","border_radius":0,"boxshadow":"0 0 0 0 #fff","sm_col":"","xs_col":"","hidden_xs":"","hidden_sm":"","hidden_md":"","animationduration":"300","animationdelay":"0","instFormId":1516169319062},"addons":[{"id":1516169319833,"name":"heading","visibility":true,"settings":{"admin_label":"","title":"TESTOMONIAL","heading_selector":"h2","use_link":0,"title_link":"","link_new_tab":"","title_fontsize":{"md":"24","sm":"","xs":"18"},"title_lineheight":{"md":"28","sm":"","xs":"22"},"title_letterspace":"10px","title_text_transform":"uppercase","title_margin":{"md":"0px 0px 8px 0px","sm":"   ","xs":"0px 0px 10px 0px"},"title_padding":{"md":"0px 0px 0px 0px","sm":"   ","xs":"   "},"title_icon_position":"before","alignment":"sppb-text-center","title_text_shadow":"","class":"","global_background_type":"none","global_background_gradient":{"color":"#00c6fb","color2":"#005bea","deg":"45","type":"linear"},"global_use_overlay":0,"global_background_repeat":"no-repeat","global_background_size":"cover","global_background_attachment":"inherit","global_user_border":0,"global_border_width":"","global_border_radius":0,"global_margin":{"md":"0 0 10px 0","sm":"0 0 20px 0","xs":"0 0 10px 0"},"global_padding":{"md":"   ","sm":"   ","xs":"   "},"global_boxshadow":"0 0 0 0 #ffffff","global_use_animation":0,"global_animationduration":"300","global_animationdelay":"0","global_custom_css":"","use_global_width":"0","hidden_md":"0","hidden_sm":"0","hidden_xs":"0","acl":"","instFormId":1516169319833,"title_font_family":"Roboto","title_font_style":{"weight":300},"global_text_color":"rgba(164,138,126,1)"}},{"id":1516169319836,"name":"text_block","visibility":true,"settings":{"admin_label":"","title":"","heading_selector":"h3","title_fontsize":"","title_lineheight":"","title_letterspace":"0","text":"Large businesses require a lot of IT infrastructure and a department to look after it.","alignment":"sppb-text-center","text_fontsize":{"md":"16","sm":"","xs":"14"},"text_lineheight":{"md":"26","sm":"","xs":"22"},"dropcap":0,"class":"","global_background_type":"none","global_background_gradient":{"color":"#00c6fb","color2":"#005bea","deg":"45","type":"linear"},"global_use_overlay":0,"global_background_repeat":"no-repeat","global_background_size":"cover","global_background_attachment":"inherit","global_user_border":0,"global_border_width":"","global_border_radius":0,"global_margin":{"md":"0px auto 70px auto","sm":"0px auto 50px auto","xs":"0px auto 40px auto"},"global_padding":{"md":"   ","sm":"   ","xs":"   "},"global_boxshadow":"0 0 0 0 #ffffff","global_use_animation":0,"global_animationduration":"300","global_animationdelay":"0","global_custom_css":"","use_global_width":1,"hidden_md":0,"hidden_sm":0,"hidden_xs":0,"acl":"","instFormId":1516169319836,"global_text_color":"rgba(152,152,152,1)","text_font_family":"Roboto","global_width":{"md":"64","sm":"65","xs":"90"}}}]},{"id":1516169319883,"class_name":"col-md-4","visibility":true,"settings":{"background_type":"none","background_gradient":{"color":"#00c6fb","color2":"#005bea","deg":"45","type":"linear"},"background_image":"","background_repeat":"no-repeat","background_size":"cover","background_attachment":"scroll","background_position":"0 0","items_align_center":0,"use_border":0,"border_width":"","border_radius":0,"boxshadow":"0 0 0 0 #fff","sm_col":"","xs_col":"","hidden_xs":"","hidden_sm":"","hidden_md":"","animationduration":"300","animationdelay":"0","instFormId":1516169319062},"addons":[{"id":1516169319900,"name":"testimonial","visibility":true,"settings":{"admin_label":"","title":"","heading_selector":"h3","title_fontsize":"","title_lineheight":"","title_letterspace":"0","title_fontweight":"","show_quote":0,"icon_size":{"md":48,"sm":48,"xs":48},"icon_color":"#EDEEF2","review":"She was bouncing away, when a cry from the two women, who had turned towards the bed, caused her to look round.","name":"Agnes McGuire","company":"Designer","avatar_width":"50","avatar_shape":"sppb-avatar-circle","link":"","alignment":"sppb-text-left","class":"","avatar":"https://sppagebuilder.com/sample-data/images/2018/01/24/1.png","global_use_background":0,"global_user_border":1,"global_margin":{"md":"0px 0px 30px 0px","sm":"   ","xs":"   "},"global_padding":{"md":"60px 30px 55px 30px","sm":"   ","xs":"30px 30px 30px 30px"},"global_use_animation":1,"global_border_width":{"md":"2","sm":"","xs":""},"global_boder_style":"solid","global_border_radius":{"md":"3","sm":"","xs":""},"global_border_color":"rgba(236,236,236,1)","review_color":"#989898","global_text_color":"#464855","instFormId":1516169319900,"global_background_type":"color","global_background_color":"#fff","review_size":{"md":"16","sm":"","xs":"14"},"review_line_height":{"md":"26","sm":"","xs":"20"},"global_animation":"fadeIn"}}]},{"id":1516169319884,"class_name":"col-md-4","visibility":true,"settings":{"background_type":"none","background_gradient":{"color":"#00c6fb","color2":"#005bea","deg":"45","type":"linear"},"background_image":"","background_repeat":"no-repeat","background_size":"cover","background_attachment":"scroll","background_position":"0 0","items_align_center":0,"use_border":0,"border_width":"","border_radius":0,"boxshadow":"0 0 0 0 #fff","sm_col":"","xs_col":"","hidden_xs":"","hidden_sm":"","hidden_md":"","animationduration":"300","animationdelay":"0","instFormId":1516169319062},"addons":[{"id":1516187520903,"name":"testimonial","visibility":true,"settings":{"admin_label":"","title":"","heading_selector":"h3","title_fontsize":"","title_lineheight":"","title_letterspace":"0","title_fontweight":"","show_quote":0,"icon_size":{"md":48,"sm":48,"xs":48},"icon_color":"#EDEEF2","review":"She was bouncing away, when a cry from the two women, who had turned towards the bed, caused her to look round.","name":"Agnes McGuire","company":"Designer","avatar_width":"50","avatar_shape":"sppb-avatar-circle","link":"","alignment":"sppb-text-left","class":"","avatar":"https://sppagebuilder.com/sample-data/images/2018/01/24/3.png","global_use_background":0,"global_user_border":1,"global_margin":{"md":"0px 0px 30px 0px","sm":"   ","xs":"   "},"global_padding":{"md":"60px 30px 55px 30px","sm":"   ","xs":"30px 30px 30px 30px"},"global_use_animation":1,"global_border_width":{"md":"2","sm":"","xs":""},"global_boder_style":"solid","global_border_radius":{"md":"3","sm":"","xs":""},"global_border_color":"rgba(236,236,236,1)","review_color":"#989898","global_text_color":"#464855","instFormId":1516187520903,"global_background_type":"color","global_background_color":"#fff","review_size":{"md":"16","sm":"","xs":"14"},"review_line_height":{"md":"26","sm":"","xs":"20"},"global_animation":"fadeIn","global_animationdelay":"200"}}]},{"id":1516169319885,"class_name":"col-md-4","visibility":true,"settings":{"background_type":"none","background_gradient":{"color":"#00c6fb","color2":"#005bea","deg":"45","type":"linear"},"background_image":"","background_repeat":"no-repeat","background_size":"cover","background_attachment":"scroll","background_position":"0 0","items_align_center":0,"use_border":0,"border_width":"","border_radius":0,"boxshadow":"0 0 0 0 #fff","sm_col":"","xs_col":"","hidden_xs":"","hidden_sm":"","hidden_md":"","animationduration":"300","animationdelay":"0","instFormId":1516169319062},"addons":[{"id":1516169319903,"name":"testimonial","visibility":true,"settings":{"admin_label":"","title":"","heading_selector":"h3","title_fontsize":"","title_lineheight":"","title_letterspace":"0","title_fontweight":"","show_quote":0,"icon_size":{"md":48,"sm":48,"xs":48},"icon_color":"#EDEEF2","review":"She was bouncing away, when a cry from the two women, who had turned towards the bed, caused her to look round.","name":"Agnes McGuire","company":"Designer","avatar_width":"50","avatar_shape":"sppb-avatar-circle","link":"","alignment":"sppb-text-left","class":"","avatar":"https://sppagebuilder.com/sample-data/images/2018/01/24/7.png","global_use_background":0,"global_user_border":1,"global_margin":{"md":"0px 0px 30px 0px","sm":"   ","xs":"   "},"global_padding":{"md":"60px 30px 55px 30px","sm":"   ","xs":"30px 30px 30px 30px"},"global_use_animation":1,"global_border_width":{"md":"2","sm":"","xs":""},"global_boder_style":"solid","global_border_radius":{"md":"3","sm":"","xs":""},"global_border_color":"rgba(236,236,236,1)","review_color":"#989898","global_text_color":"#464855","instFormId":1516169319903,"global_background_type":"color","global_background_color":"#fff","review_size":{"md":"16","sm":"","xs":"14"},"review_line_height":{"md":"26","sm":"","xs":"20"},"global_animationdelay":"400","global_animation":"fadeIn"}}]}]}]