[{"id":1515493890358,"visibility":true,"collapse":false,"settings":{"admin_label":"","title":"","heading_selector":"h3","title_fontsize":"","title_fontweight":"","title_position":"sppb-text-center","columns_align_center":0,"fullscreen":0,"no_gutter":0,"padding":{"md":"285px 0px 280px 0px","sm":"100px 0px 100px 0px","xs":"70px 0px 70px 0px"},"margin":{"md":"0px 0px 0px 0px","sm":"   ","xs":"   "},"background_type":"image","background_gradient":{"color":"#00c6fb","color2":"#005bea","deg":"45","type":"linear"},"background_image":"https://sppagebuilder.com/sample-data/images/2018/01/09/hero_music.jpg","background_parallax":1,"background_repeat":"no-repeat","background_size":"cover","background_attachment":"inherit","background_position":"50% 50%","external_background_video":"0","show_top_shape":0,"shape_name":"clouds-flat","shape_color":"#e5e5e5","shape_width":{"md":100,"sm":100,"xs":100},"shape_height":"","shape_flip":false,"shape_invert":false,"shape_to_front":false,"show_bottom_shape":0,"bottom_shape_name":"clouds-opacity","bottom_shape_color":"#e5e5e5","bottom_shape_width":{"md":100,"sm":100,"xs":100},"bottom_shape_height":"","bottom_shape_flip":false,"bottom_shape_invert":false,"bottom_shape_to_front":false,"hidden_xs":"","hidden_sm":"","hidden_md":"","animationduration":"300","animationdelay":"0","instFormId":1515493890358,"color":"#ffffff"},"layout":"12","columns":[{"id":1515493890357,"class_name":"col-md-12","visibility":true,"settings":{"background_type":"none","background_gradient":{"color":"#00c6fb","color2":"#005bea","deg":"45","type":"linear"},"background_image":"","background_repeat":"no-repeat","background_size":"cover","background_attachment":"scroll","background_position":"0 0","items_align_center":0,"use_border":0,"border_width":"","border_radius":0,"boxshadow":"0 0 0 0 #fff","sm_col":"","xs_col":"","hidden_xs":"","hidden_sm":"","hidden_md":"","animationduration":"300","animationdelay":"0"},"addons":[{"id":1515494076473,"name":"heading","visibility":true,"settings":{"admin_label":"","title":"Francisco West","heading_selector":"h1","use_link":0,"title_link":"","link_new_tab":"","title_fontsize":{"md":"82","sm":"45","xs":"35"},"title_lineheight":{"md":"120","sm":"70","xs":"55"},"title_letterspace":"0","title_text_transform":"uppercase","title_margin":{"md":"0px 0px 0px 0px","sm":"   ","xs":"   "},"title_padding":{"md":"0px 0px 0px 0px","sm":"   ","xs":"   "},"title_icon_position":"before","alignment":"sppb-text-left","title_text_shadow":{"ho":0,"vo":0,"blur":0,"spread":0,"color":"","inset":false},"class":"","global_background_type":"none","global_background_gradient":{"color":"#00c6fb","color2":"#005bea","deg":"45","type":"linear"},"global_use_overlay":0,"global_background_repeat":"no-repeat","global_background_size":"cover","global_background_attachment":"inherit","global_user_border":0,"global_border_width":"","global_border_radius":{"md":"85","sm":"","xs":""},"global_margin":{"md":"0 0 7px 0","sm":"0 0 20px 0","xs":"0 0 10px 0"},"global_padding":{"md":"   ","sm":"   ","xs":"   "},"global_boxshadow":"0 0 0 0 #ffffff","global_use_animation":1,"global_animationduration":"","global_animationdelay":"","global_custom_css":"","use_global_width":"0","hidden_md":"0","hidden_sm":"0","hidden_xs":"0","acl":"","instFormId":1515494076473,"title_font_family":"Oswald","title_font_style":{"uppercase":false},"global_animation":"fadeInRight","button_status":"normal"}},{"id":1515495600160,"name":"heading","visibility":true,"settings":{"admin_label":"","title":"Musician. Trumpet player. Composer","heading_selector":"h2","use_link":0,"title_link":"","link_new_tab":"","title_fontsize":{"md":"24","sm":"","xs":"18"},"title_lineheight":{"md":"28","sm":"","xs":"22"},"title_letterspace":"0","title_text_transform":"none","title_margin":{"md":"0px 0px 0px 0px","sm":"   ","xs":"   "},"title_padding":{"md":"0px 0px 0px 0px","sm":"   ","xs":"   "},"title_icon_position":"before","alignment":"sppb-text-left","title_text_shadow":{"ho":0,"vo":0,"blur":0,"spread":0,"color":"","inset":false},"class":"","global_background_type":"none","global_background_gradient":{"color":"#00c6fb","color2":"#005bea","deg":"45","type":"linear"},"global_use_overlay":0,"global_background_repeat":"no-repeat","global_background_size":"cover","global_background_attachment":"inherit","global_user_border":0,"global_border_width":"","global_border_radius":0,"global_margin":{"md":"0 0 38px 0","sm":"0 0 20px 0","xs":"0 0 10px 0"},"global_padding":{"md":"   ","sm":"   ","xs":"   "},"global_boxshadow":"0 0 0 0 #ffffff","global_use_animation":1,"global_animationduration":"","global_animationdelay":"200","global_custom_css":"","use_global_width":"0","hidden_md":"0","hidden_sm":"0","hidden_xs":"0","acl":"","instFormId":1515495600160,"title_font_family":"Quattrocento","global_text_color":"#b9b8b6","title_font_style":{"weight":400},"global_animation":"fadeInRight"}},{"id":1515496198178,"name":"button","visibility":true,"settings":{"admin_label":"","text":"Book Now","alignment":"sppb-text-left","letterspace":"1px","type":"custom","appearance":"flat","background_color":"#EE524E","color":"#FFFFFF","background_color_hover":"#c54542","color_hover":"#FFFFFF","button_padding":{"md":"15px 52px 15px 52px","sm":"   ","xs":"5px 25px 5px 25px"},"icon_position":"left","class":"","global_background_type":"none","global_background_gradient":{"color":"#00c6fb","color2":"#005bea","deg":"45","type":"linear"},"global_use_overlay":0,"global_background_repeat":"no-repeat","global_background_size":"cover","global_background_attachment":"inherit","global_user_border":0,"global_border_width":"","global_border_radius":0,"global_margin":{"md":"0 0 30px 0","sm":"0 0 20px 0","xs":"0 0 10px 0"},"global_padding":{"md":"   ","sm":"   ","xs":"   "},"global_boxshadow":"0 0 0 0 #ffffff","global_use_animation":1,"global_animationduration":"","global_animationdelay":"400","global_custom_css":"","use_global_width":"0","hidden_md":"0","hidden_sm":"0","hidden_xs":"0","acl":"","instFormId":1515496198178,"font_family":"Oswald","url":"#","size":"lg","global_animation":"fadeInRight","button_status":"normal","font_style":{"underline":false,"uppercase":true}}}]}]},{"id":1515496624174,"visibility":true,"collapse":false,"settings":{"admin_label":"","title":"","heading_selector":"h3","title_fontsize":"","title_fontweight":"","title_position":"sppb-text-center","columns_align_center":0,"fullscreen":0,"no_gutter":0,"padding":{"md":"50px 0px 0px 0px","sm":"   ","xs":"   "},"margin":{"md":"0px 0px 0px 0px","sm":"   ","xs":"   "},"background_type":"none","background_gradient":{"color":"#00c6fb","color2":"#005bea","deg":"45","type":"linear"},"background_image":"","background_parallax":"0","background_repeat":"no-repeat","background_size":"cover","background_attachment":"fixed","background_position":"0 0","external_background_video":"0","show_top_shape":0,"shape_name":"clouds-flat","shape_color":"#e5e5e5","shape_width":{"md":100,"sm":100,"xs":100},"shape_height":"","shape_flip":false,"shape_invert":false,"shape_to_front":false,"show_bottom_shape":0,"bottom_shape_name":"clouds-opacity","bottom_shape_color":"#e5e5e5","bottom_shape_width":{"md":100,"sm":100,"xs":100},"bottom_shape_height":"","bottom_shape_flip":false,"bottom_shape_invert":false,"bottom_shape_to_front":false,"hidden_xs":"","hidden_sm":"","hidden_md":"","animationduration":"300","animationdelay":"0","instFormId":1515496624174},"layout":"6,6","columns":[{"id":1515496624172,"class_name":"col-md-6","visibility":true,"settings":{"background_type":"none","background_gradient":{"color":"#00c6fb","color2":"#005bea","deg":"45","type":"linear"},"background_image":"","background_repeat":"no-repeat","background_size":"cover","background_attachment":"scroll","background_position":"0 0","items_align_center":0,"use_border":0,"border_width":"","border_radius":0,"boxshadow":"0 0 0 0 #fff","sm_col":"","xs_col":"","hidden_xs":"","hidden_sm":"","hidden_md":"","animationduration":"300","animationdelay":"0","instFormId":1515496624173},"addons":[{"id":1515497142331,"name":"heading","visibility":true,"settings":{"admin_label":"","title":"01","heading_selector":"h2","use_link":0,"title_link":"","link_new_tab":"","title_fontsize":{"md":"200","sm":"100","xs":"70"},"title_lineheight":"","title_letterspace":"0","title_text_transform":"none","title_margin":{"md":"20px 0px 0px -10px","sm":"   ","xs":"0px 0px 0px 0px"},"title_padding":{"md":"0px 0px 0px 0px","sm":"   ","xs":"   "},"title_icon_position":"before","alignment":"sppb-text-left","title_text_shadow":"","class":"","global_background_type":"none","global_background_gradient":{"color":"#00c6fb","color2":"#005bea","deg":"45","type":"linear"},"global_use_overlay":0,"global_background_repeat":"no-repeat","global_background_size":"cover","global_background_attachment":"inherit","global_user_border":0,"global_border_width":"","global_border_radius":0,"global_margin":{"md":"0 0 -40px 0","sm":"0 0 -38px 0","xs":"0 0 -25px 0"},"global_padding":{"md":"   ","sm":"   ","xs":"   "},"global_boxshadow":"0 0 0 0 #ffffff","global_use_animation":1,"global_animationduration":"800","global_animationdelay":"0","global_custom_css":"","use_global_width":"0","hidden_md":"0","hidden_sm":"0","hidden_xs":"0","acl":"","instFormId":1515497142331,"title_font_family":"Oswald","global_text_color":"#E9E9E9","title_font_style":{"weight":700},"global_animation":"zoomIn"}},{"id":1515497241362,"name":"heading","visibility":true,"settings":{"admin_label":"","title":"Upcoming Shows","heading_selector":"h3","use_link":0,"title_link":"","link_new_tab":"","title_fontsize":{"md":"36","sm":"","xs":"25"},"title_lineheight":"","title_letterspace":"0","title_text_transform":"none","title_margin":{"md":"0px 0px 0px 0px","sm":"   ","xs":"   "},"title_padding":{"md":"0px 0px 0px 0px","sm":"   ","xs":"   "},"title_icon_position":"before","alignment":"sppb-text-left","title_text_shadow":"","class":"","global_background_type":"none","global_background_gradient":{"color":"#00c6fb","color2":"#005bea","deg":"45","type":"linear"},"global_use_overlay":0,"global_background_repeat":"no-repeat","global_background_size":"cover","global_background_attachment":"inherit","global_user_border":0,"global_border_width":"","global_border_radius":0,"global_margin":{"md":"0 0 30px 0","sm":"0 0 20px 0","xs":"0 0 10px 0"},"global_padding":{"md":"   ","sm":"   ","xs":"   "},"global_boxshadow":"0 0 0 0 #ffffff","global_use_animation":1,"global_animationduration":"800","global_animationdelay":"200","global_custom_css":"","use_global_width":"0","hidden_md":"0","hidden_sm":"0","hidden_xs":"0","acl":"","instFormId":1515497241362,"title_font_family":"Oswald","global_text_color":"#414141","title_font_style":{"weight":700},"global_animation":"fadeInLeft"}},{"id":1515497606984,"name":"divider","visibility":true,"settings":{"admin_label":"","divider_type":"border","divider_image":"","background_repeat":"no-repeat","divider_height":"10","border_style":"solid","border_width":"2","border_color":"#EE524E","margin_top":{"md":"8","sm":20,"xs":10},"margin_bottom":{"md":"1","sm":20,"xs":10},"class":"","global_background_type":"none","global_background_gradient":{"color":"#00c6fb","color2":"#005bea","deg":"45","type":"linear"},"global_use_overlay":0,"global_background_repeat":"no-repeat","global_background_size":"cover","global_background_attachment":"inherit","global_user_border":0,"global_border_width":"","global_border_radius":0,"global_margin":{"md":"0 0 20px 0","sm":"0 0 20px 0","xs":"0 0 10px 0"},"global_padding":{"md":"   ","sm":"   ","xs":"   "},"global_boxshadow":"0 0 0 0 #ffffff","global_use_animation":0,"global_animationduration":"300","global_animationdelay":"0","global_custom_css":"","use_global_width":1,"hidden_md":0,"hidden_sm":0,"hidden_xs":0,"acl":"","instFormId":1515497606984,"global_width":{"md":"4.5","sm":"","xs":""}}},{"id":1515498027187,"name":"text_block","visibility":true,"settings":{"admin_label":"","title":"","heading_selector":"h3","title_fontsize":"","title_lineheight":"","title_letterspace":"0","text":"Many conventional colleges and universities are now offering online DVD repair courses, which are the exact same as those taught on a traditional college campus.","alignment":"","text_fontsize":{"md":"18","sm":"","xs":"14"},"text_lineheight":{"md":"32","sm":"","xs":"18"},"dropcap":0,"class":"","global_background_type":"none","global_background_gradient":{"color":"#00c6fb","color2":"#005bea","deg":"45","type":"linear"},"global_use_overlay":0,"global_background_repeat":"no-repeat","global_background_size":"cover","global_background_attachment":"inherit","global_user_border":0,"global_border_width":"","global_border_radius":0,"global_margin":{"md":"0px 100px 30px 0px","sm":"0 0 20px 0","xs":"0 0 10px 0"},"global_padding":{"md":"   ","sm":"   ","xs":"   "},"global_boxshadow":"0 0 0 0 #ffffff","global_use_animation":0,"global_animationduration":"300","global_animationdelay":"0","global_custom_css":"","use_global_width":"0","hidden_md":"0","hidden_sm":"0","hidden_xs":"0","acl":"","instFormId":1515498027187,"text_font_family":"Quattrocento","global_text_color":"#989898"}}]},{"id":1515496624173,"class_name":"col-md-6","visibility":true,"settings":{"background_type":"none","background_gradient":{"color":"#00c6fb","color2":"#005bea","deg":"45","type":"linear"},"background_image":"","background_repeat":"no-repeat","background_size":"cover","background_attachment":"scroll","background_position":"0 0","items_align_center":0,"use_border":0,"border_width":"","border_radius":0,"boxshadow":"0 0 0 0 #fff","sm_col":"","xs_col":"","hidden_xs":0,"hidden_sm":0,"hidden_md":0,"animationduration":"300","animationdelay":"0","instFormId":1515496624173,"padding":{"md":"   ","sm":"   ","xs":"   "},"margin":{"md":"   ","sm":"   ","xs":"   "},"class":"test"},"addons":[{"id":1515496625007,"type":"inner_row","settings":{"admin_label":"","title":"","heading_selector":"h3","title_fontsize":"","title_fontweight":"","title_position":"sppb-text-center","columns_align_center":0,"fullscreen":0,"no_gutter":0,"padding":{"md":"50px 0px 50px 0px","sm":"   ","xs":"   "},"margin":{"md":"0px -240px 0px 0px","sm":"0px 0px 0px 0px","xs":"0px 0px 0px 0px"},"background_type":"none","background_gradient":{"color":"#00c6fb","color2":"#005bea","deg":"45","type":"linear"},"background_image":"","background_parallax":"0","background_repeat":"no-repeat","background_size":"cover","background_attachment":"fixed","background_position":"0 0","external_background_video":"0","show_top_shape":0,"shape_name":"clouds-flat","shape_color":"#e5e5e5","shape_width":{"md":100,"sm":100,"xs":100},"shape_height":"","shape_flip":false,"shape_invert":false,"shape_to_front":false,"show_bottom_shape":0,"bottom_shape_name":"clouds-opacity","bottom_shape_color":"#e5e5e5","bottom_shape_width":{"md":100,"sm":100,"xs":100},"bottom_shape_height":"","bottom_shape_flip":false,"bottom_shape_invert":false,"bottom_shape_to_front":false,"hidden_xs":"","hidden_sm":"","hidden_md":"","animationduration":"300","animationdelay":"0","instFormId":1515496625007},"layout":"6,6,12","visibility":true,"columns":[{"id":1515496625008,"class_name":"col-md-6","visibility":true,"settings":{"background_type":"none","background_gradient":{"color":"#00c6fb","color2":"#005bea","deg":"45","type":"linear"},"background_image":"","background_repeat":"no-repeat","background_size":"cover","background_attachment":"scroll","background_position":"0 0","items_align_center":0,"use_border":0,"border_width":"","border_radius":0,"boxshadow":"0 0 0 0 #fff","sm_col":"col-sm-6","xs_col":"","hidden_xs":0,"hidden_sm":0,"hidden_md":0,"animationduration":"300","animationdelay":"0","instFormId":1515496625008,"padding":{"md":"   ","sm":"   ","xs":"   "},"margin":{"md":"   ","sm":"   ","xs":"   "}},"addons":[{"id":1515496625002,"name":"image","visibility":true,"settings":{"admin_label":"","title":"","heading_selector":"h3","title_fontsize":"","title_lineheight":"","title_letterspace":"0","title_position":"top","image":"https://sppagebuilder.com/sample-data/images/2018/01/10/show2.jpg","border_radius":"3","alt_text":"Image","position":"sppb-text-center","open_lightbox":1,"overlay_color":"rgba(0, 0, 0, 0.5)","link":"","class":"","global_background_type":"none","global_background_gradient":{"color":"#00c6fb","color2":"#005bea","deg":"45","type":"linear"},"global_use_overlay":0,"global_background_repeat":"no-repeat","global_background_size":"cover","global_background_attachment":"inherit","global_user_border":0,"global_border_width":"","global_border_radius":0,"global_margin":{"md":"0 0 30px 50px","sm":"0 0 20px 0","xs":"0px 0px 10px 0px"},"global_padding":{"md":"   ","sm":"   ","xs":"   "},"global_boxshadow":{"ho":0,"vo":"8","blur":"8","spread":0,"color":"rgba(0, 0, 0, 0.11)","inset":false},"global_use_animation":0,"global_animationduration":"300","global_animationdelay":"0","global_custom_css":".sppb-addon-image-overlay-icon{\n\tbackground: #fff;\n  color: #000;\n}","use_global_width":1,"hidden_md":0,"hidden_sm":0,"hidden_xs":0,"acl":"","instFormId":1515496625002,"global_width":{"md":"82","sm":"","xs":"100"}}}]},{"id":1515496625011,"class_name":"col-md-6","visibility":true,"settings":{"background_type":"none","background_gradient":{"color":"#00c6fb","color2":"#005bea","deg":"45","type":"linear"},"background_image":"","background_repeat":"no-repeat","background_size":"cover","background_attachment":"scroll","background_position":"0 0","items_align_center":0,"use_border":0,"border_width":"","border_radius":0,"boxshadow":"0 0 0 0 #fff","sm_col":"col-sm-6","xs_col":"","hidden_xs":0,"hidden_sm":0,"hidden_md":0,"animationduration":"300","animationdelay":"0","instFormId":1515496625011,"padding":{"md":"   ","sm":"   ","xs":"   "},"margin":{"md":"   ","sm":"   ","xs":"   "}},"addons":[{"id":1515499127451,"name":"image","visibility":true,"settings":{"admin_label":"","title":"","heading_selector":"h3","title_fontsize":"","title_lineheight":"","title_letterspace":"0","title_position":"top","image":"https://sppagebuilder.com/sample-data/images/2018/01/10/show3.jpg","border_radius":"3","alt_text":"Image","position":"sppb-text-center","open_lightbox":1,"overlay_color":"rgba(0, 0, 0, 0.5)","link":"","class":"","global_background_type":"none","global_background_gradient":{"color":"#00c6fb","color2":"#005bea","deg":"45","type":"linear"},"global_use_overlay":0,"global_background_repeat":"no-repeat","global_background_size":"cover","global_background_attachment":"inherit","global_user_border":0,"global_border_width":"","global_border_radius":0,"global_margin":{"md":"0 0 30px 0","sm":"0 0 20px 0","xs":"0 0 10px 0"},"global_padding":{"md":"   ","sm":"   ","xs":"   "},"global_boxshadow":{"ho":0,"vo":"8","blur":"8","spread":0,"color":"rgba(0, 0, 0, 0.11)","inset":false},"global_use_animation":0,"global_animationduration":"300","global_animationdelay":"0","global_custom_css":".sppb-addon-image-overlay-icon{\n\tbackground: #fff;\n  color: #000;\n}","use_global_width":1,"hidden_md":0,"hidden_sm":0,"hidden_xs":0,"acl":"","instFormId":1515499127451,"global_width":{"md":"82","sm":"","xs":"100"}}}]},{"id":1515496625034,"class_name":"col-md-12","visibility":true,"settings":{"background_type":"none","background_gradient":{"color":"#00c6fb","color2":"#005bea","deg":"45","type":"linear"},"background_image":"","background_repeat":"no-repeat","background_size":"cover","background_attachment":"scroll","background_position":"0 0","items_align_center":0,"use_border":0,"border_width":"","border_radius":0,"boxshadow":"0 0 0 0 #fff","sm_col":"","xs_col":"","hidden_xs":0,"hidden_sm":0,"hidden_md":0,"animationduration":"300","animationdelay":"0","instFormId":1515496625034,"padding":{"md":"   ","sm":"   ","xs":"   "},"margin":{"md":"   ","sm":"   ","xs":"   "}},"addons":[{"id":1515496625039,"name":"image","visibility":true,"settings":{"admin_label":"","title":"","heading_selector":"h3","title_fontsize":"","title_lineheight":"","title_letterspace":"0","title_position":"top","image":"https://sppagebuilder.com/sample-data/images/2018/01/10/show1.jpg","border_radius":"3","alt_text":"Image","position":"sppb-text-center","open_lightbox":1,"overlay_color":"rgba(0, 0, 0, 0.5)","link":"","class":"","global_background_type":"none","global_background_gradient":{"color":"#00c6fb","color2":"#005bea","deg":"45","type":"linear"},"global_use_overlay":0,"global_background_repeat":"no-repeat","global_background_size":"cover","global_background_attachment":"inherit","global_user_border":0,"global_border_width":"","global_border_radius":0,"global_margin":{"md":"-255px 0 0 235px","sm":"-150px 0px 0px 190px","xs":"0px 0px 10px 0px"},"global_padding":{"md":"   ","sm":"   ","xs":"   "},"global_boxshadow":{"ho":0,"vo":"8","blur":"8","spread":0,"color":"rgba(0, 0, 0, 0.11)","inset":false},"global_use_animation":0,"global_animationduration":"300","global_animationdelay":"0","global_custom_css":".sppb-addon-image-overlay-icon{\n\tbackground: #fff;\n  color: #000;\n}","use_global_width":1,"hidden_md":0,"hidden_sm":0,"hidden_xs":0,"acl":"","instFormId":1515496625039,"global_width":{"md":"39.5","sm":"","xs":"100"}}}]}]}]}]},{"id":1515562582533,"visibility":true,"collapse":false,"settings":{"admin_label":"","title":"","heading_selector":"h3","title_fontsize":"","title_fontweight":"","title_position":"sppb-text-center","columns_align_center":0,"fullscreen":0,"no_gutter":0,"padding":{"md":"50px 0px 50px 0px","sm":"   ","xs":"   "},"margin":{"md":"0px 0px 0px 0px","sm":"   ","xs":"   "},"background_type":"none","background_gradient":{"color":"#00c6fb","color2":"#005bea","deg":"45","type":"linear"},"background_image":"","background_parallax":"0","background_repeat":"no-repeat","background_size":"cover","background_attachment":"fixed","background_position":"0 0","external_background_video":"0","show_top_shape":0,"shape_name":"clouds-flat","shape_color":"#e5e5e5","shape_width":{"md":100,"sm":100,"xs":100},"shape_height":"","shape_flip":false,"shape_invert":false,"shape_to_front":false,"show_bottom_shape":0,"bottom_shape_name":"clouds-opacity","bottom_shape_color":"#e5e5e5","bottom_shape_width":{"md":100,"sm":100,"xs":100},"bottom_shape_height":"","bottom_shape_flip":false,"bottom_shape_invert":false,"bottom_shape_to_front":false,"hidden_xs":"","hidden_sm":"","hidden_md":"","animationduration":"300","animationdelay":"0","instFormId":1515496624174},"layout":"6,6","columns":[{"id":1515562582539,"class_name":"col-md-6","visibility":true,"settings":{"background_type":"none","background_gradient":{"color":"#00c6fb","color2":"#005bea","deg":"45","type":"linear"},"background_image":"","background_repeat":"no-repeat","background_size":"cover","background_attachment":"scroll","background_position":"0 0","items_align_center":0,"use_border":0,"border_width":"","border_radius":0,"boxshadow":"0 0 0 0 #fff","sm_col":"","xs_col":"","hidden_xs":0,"hidden_sm":0,"hidden_md":0,"animationduration":"300","animationdelay":"0","instFormId":1515496624173,"padding":{"md":"   ","sm":"   ","xs":"   "},"margin":{"md":"   ","sm":"   ","xs":"   "},"class":"test"},"addons":[{"id":1515562582542,"name":"image","visibility":true,"settings":{"admin_label":"","title":"","heading_selector":"h3","title_fontsize":"","title_lineheight":"","title_letterspace":"0","title_position":"top","image":"https://sppagebuilder.com/sample-data/images/2018/01/10/album2.jpg","border_radius":"3","alt_text":"Image","position":"sppb-text-center","open_lightbox":0,"overlay_color":"rgba(0, 0, 0, 0.5)","link":"","class":"","global_background_type":"none","global_background_gradient":{"color":"#00c6fb","color2":"#005bea","deg":"45","type":"linear"},"global_use_overlay":0,"global_background_repeat":"no-repeat","global_background_size":"cover","global_background_attachment":"inherit","global_user_border":0,"global_border_width":"","global_border_radius":0,"global_margin":{"md":"0 170px 30px -100px","sm":"0 0 20px 0","xs":"0px 0px 10px 0px"},"global_padding":{"md":"   ","sm":"   ","xs":"   "},"global_boxshadow":{"ho":0,"vo":"8","blur":"8","spread":0,"color":"rgba(0, 0, 0, 0.11)","inset":false},"global_use_animation":0,"global_animationduration":"300","global_animationdelay":"0","global_custom_css":"","use_global_width":0,"hidden_md":0,"hidden_sm":0,"hidden_xs":0,"acl":"","instFormId":1515562582542,"global_width":{"md":"82","sm":"","xs":"100"}}},{"id":1515562582627,"name":"image","visibility":true,"settings":{"admin_label":"","title":"","heading_selector":"h3","title_fontsize":"","title_lineheight":"","title_letterspace":"0","title_position":"top","image":"https://sppagebuilder.com/sample-data/images/2018/01/10/album1.jpg","border_radius":"3","alt_text":"Image","position":"sppb-text-center","open_lightbox":0,"overlay_color":"rgba(0, 0, 0, 0.5)","link":"","class":"","global_background_type":"none","global_background_gradient":{"color":"#00c6fb","color2":"#005bea","deg":"45","type":"linear"},"global_use_overlay":0,"global_background_repeat":"no-repeat","global_background_size":"cover","global_background_attachment":"inherit","global_user_border":0,"global_border_width":"","global_border_radius":0,"global_margin":{"md":"-300px 30px 30px 45px","sm":"0 0 20px 0","xs":"0px 0px 10px 0px"},"global_padding":{"md":"   ","sm":"   ","xs":"   "},"global_boxshadow":{"ho":0,"vo":"8","blur":"8","spread":0,"color":"rgba(0, 0, 0, 0.11)","inset":false},"global_use_animation":0,"global_animationduration":"300","global_animationdelay":"0","global_custom_css":"","use_global_width":0,"hidden_md":0,"hidden_sm":0,"hidden_xs":0,"acl":"","instFormId":1515562582627,"global_width":{"md":"82","sm":"","xs":"100"}}}]},{"id":1515562582534,"class_name":"col-md-6","visibility":true,"settings":{"background_type":"none","background_gradient":{"color":"#00c6fb","color2":"#005bea","deg":"45","type":"linear"},"background_image":"","background_repeat":"no-repeat","background_size":"cover","background_attachment":"scroll","background_position":"0 0","items_align_center":0,"use_border":0,"border_width":"","border_radius":0,"boxshadow":"0 0 0 0 #fff","sm_col":"","xs_col":"","hidden_xs":"","hidden_sm":"","hidden_md":"","animationduration":"300","animationdelay":"0","instFormId":1515562582534,"padding":{"md":"   ","sm":"   ","xs":"   "},"margin":{"md":"0px 0px 0px 50px","sm":"0px 0px 0px 0px","xs":"20px 0px 0px 0px"}},"addons":[{"id":1515562582535,"name":"heading","visibility":true,"settings":{"admin_label":"","title":"02","heading_selector":"h2","use_link":0,"title_link":"","link_new_tab":"","title_fontsize":{"md":"200","sm":"100","xs":"70"},"title_lineheight":"","title_letterspace":"0","title_text_transform":"none","title_margin":{"md":"70px 0px 0px -10px","sm":"   ","xs":"0px 0px 0px 0px"},"title_padding":{"md":"0px 0px 0px 0px","sm":"   ","xs":"   "},"title_icon_position":"before","alignment":"sppb-text-left","title_text_shadow":"","class":"","global_background_type":"none","global_background_gradient":{"color":"#00c6fb","color2":"#005bea","deg":"45","type":"linear"},"global_use_overlay":0,"global_background_repeat":"no-repeat","global_background_size":"cover","global_background_attachment":"inherit","global_user_border":0,"global_border_width":"","global_border_radius":0,"global_margin":{"md":"0 0 -40px 0","sm":"0 0 -38px 0","xs":"0 0 -25px 0"},"global_padding":{"md":"   ","sm":"   ","xs":"   "},"global_boxshadow":"0 0 0 0 #ffffff","global_use_animation":1,"global_animationduration":"800","global_animationdelay":"0","global_custom_css":"","use_global_width":"0","hidden_md":"0","hidden_sm":"0","hidden_xs":"0","acl":"","instFormId":1515562582535,"title_font_family":"Oswald","global_text_color":"#E9E9E9","title_font_style":{"weight":700},"global_animation":"zoomIn"}},{"id":1515562582536,"name":"heading","visibility":true,"settings":{"admin_label":"","title":"My Audio Album","heading_selector":"h3","use_link":0,"title_link":"","link_new_tab":"","title_fontsize":{"md":"36","sm":"","xs":"25"},"title_lineheight":"","title_letterspace":"0","title_text_transform":"none","title_margin":{"md":"0px 0px 0px 0px","sm":"   ","xs":"   "},"title_padding":{"md":"0px 0px 0px 0px","sm":"   ","xs":"   "},"title_icon_position":"before","alignment":"sppb-text-left","title_text_shadow":"","class":"","global_background_type":"none","global_background_gradient":{"color":"#00c6fb","color2":"#005bea","deg":"45","type":"linear"},"global_use_overlay":0,"global_background_repeat":"no-repeat","global_background_size":"cover","global_background_attachment":"inherit","global_user_border":0,"global_border_width":"","global_border_radius":0,"global_margin":{"md":"0 0 30px 0","sm":"0 0 20px 0","xs":"0 0 10px 0"},"global_padding":{"md":"   ","sm":"   ","xs":"   "},"global_boxshadow":"0 0 0 0 #ffffff","global_use_animation":1,"global_animationduration":"800","global_animationdelay":"200","global_custom_css":"","use_global_width":"0","hidden_md":"0","hidden_sm":"0","hidden_xs":"0","acl":"","instFormId":1515562582536,"title_font_family":"Oswald","global_text_color":"#414141","title_font_style":{"weight":700},"global_animation":"fadeInLeft"}},{"id":1515562582537,"name":"divider","visibility":true,"settings":{"admin_label":"","divider_type":"border","divider_image":"","background_repeat":"no-repeat","divider_height":"10","border_style":"solid","border_width":"2","border_color":"#EE524E","margin_top":{"md":"8","sm":20,"xs":10},"margin_bottom":{"md":"1","sm":20,"xs":10},"class":"","global_background_type":"none","global_background_gradient":{"color":"#00c6fb","color2":"#005bea","deg":"45","type":"linear"},"global_use_overlay":0,"global_background_repeat":"no-repeat","global_background_size":"cover","global_background_attachment":"inherit","global_user_border":0,"global_border_width":"","global_border_radius":0,"global_margin":{"md":"0 0 20px 0","sm":"0 0 20px 0","xs":"0 0 10px 0"},"global_padding":{"md":"   ","sm":"   ","xs":"   "},"global_boxshadow":"0 0 0 0 #ffffff","global_use_animation":0,"global_animationduration":"300","global_animationdelay":"0","global_custom_css":"","use_global_width":1,"hidden_md":0,"hidden_sm":0,"hidden_xs":0,"acl":"","instFormId":1515562582537,"global_width":{"md":"7","sm":"","xs":""}}},{"id":1515562582538,"name":"text_block","visibility":true,"settings":{"admin_label":"","title":"","heading_selector":"h3","title_fontsize":"","title_lineheight":"","title_letterspace":"0","text":"Many conventional colleges and universities are now offering online DVD repair courses, which are the exact same as those taught on a traditional college campus.","alignment":"","text_fontsize":{"md":"18","sm":"","xs":"14"},"text_lineheight":{"md":"32","sm":"","xs":"18"},"dropcap":0,"class":"","global_background_type":"none","global_background_gradient":{"color":"#00c6fb","color2":"#005bea","deg":"45","type":"linear"},"global_use_overlay":0,"global_background_repeat":"no-repeat","global_background_size":"cover","global_background_attachment":"inherit","global_user_border":0,"global_border_width":"","global_border_radius":0,"global_margin":{"md":"0 100px 30px 0","sm":"0 0 20px 0","xs":"0 0 10px 0"},"global_padding":{"md":"   ","sm":"   ","xs":"   "},"global_boxshadow":"0 0 0 0 #ffffff","global_use_animation":0,"global_animationduration":"300","global_animationdelay":"0","global_custom_css":"","use_global_width":"0","hidden_md":"0","hidden_sm":"0","hidden_xs":"0","acl":"","instFormId":1515498027187,"text_font_family":"Quattrocento","global_text_color":"#989898"}}]}]},{"id":1515562582804,"visibility":true,"collapse":false,"settings":{"admin_label":"","title":"","heading_selector":"h3","title_fontsize":"","title_fontweight":"","title_position":"sppb-text-center","columns_align_center":0,"fullscreen":0,"no_gutter":0,"padding":{"md":"20px 0px 70px 0px","sm":"   ","xs":"   "},"margin":{"md":"0px 0px 0px 0px","sm":"   ","xs":"   "},"background_type":"none","background_gradient":{"color":"#00c6fb","color2":"#005bea","deg":"45","type":"linear"},"background_image":"","background_parallax":"0","background_repeat":"no-repeat","background_size":"cover","background_attachment":"fixed","background_position":"0 0","external_background_video":"0","show_top_shape":0,"shape_name":"clouds-flat","shape_color":"#e5e5e5","shape_width":{"md":100,"sm":100,"xs":100},"shape_height":"","shape_flip":false,"shape_invert":false,"shape_to_front":false,"show_bottom_shape":0,"bottom_shape_name":"clouds-opacity","bottom_shape_color":"#e5e5e5","bottom_shape_width":{"md":100,"sm":100,"xs":100},"bottom_shape_height":"","bottom_shape_flip":false,"bottom_shape_invert":false,"bottom_shape_to_front":false,"hidden_xs":"","hidden_sm":"","hidden_md":"","animationduration":"300","animationdelay":"0","instFormId":1515562582804},"layout":"6,6","columns":[{"id":1515562582805,"class_name":"col-md-6","visibility":true,"settings":{"background_type":"none","background_gradient":{"color":"#00c6fb","color2":"#005bea","deg":"45","type":"linear"},"background_image":"","background_repeat":"no-repeat","background_size":"cover","background_attachment":"scroll","background_position":"0 0","items_align_center":0,"use_border":0,"border_width":"","border_radius":0,"boxshadow":"0 0 0 0 #fff","sm_col":"","xs_col":"","hidden_xs":"","hidden_sm":"","hidden_md":"","animationduration":"300","animationdelay":"0","instFormId":1515496624173},"addons":[{"id":1515562582806,"name":"heading","visibility":true,"settings":{"admin_label":"","title":"03","heading_selector":"h2","use_link":0,"title_link":"","link_new_tab":"","title_fontsize":{"md":"200","sm":"100","xs":"70"},"title_lineheight":"","title_letterspace":"0","title_text_transform":"none","title_margin":{"md":"0px 0px 0px -10px","sm":"   ","xs":"0px 0px 0px 0px"},"title_padding":{"md":"0px 0px 0px 0px","sm":"   ","xs":"   "},"title_icon_position":"before","alignment":"sppb-text-left","title_text_shadow":"","class":"","global_background_type":"none","global_background_gradient":{"color":"#00c6fb","color2":"#005bea","deg":"45","type":"linear"},"global_use_overlay":0,"global_background_repeat":"no-repeat","global_background_size":"cover","global_background_attachment":"inherit","global_user_border":0,"global_border_width":"","global_border_radius":0,"global_margin":{"md":"0 0 -40px 0","sm":"0 0 -38px 0","xs":"0 0 -25px 0"},"global_padding":{"md":"   ","sm":"   ","xs":"   "},"global_boxshadow":"0 0 0 0 #ffffff","global_use_animation":1,"global_animationduration":"800","global_animationdelay":"0","global_custom_css":"","use_global_width":"0","hidden_md":"0","hidden_sm":"0","hidden_xs":"0","acl":"","instFormId":1515562582806,"title_font_family":"Oswald","global_text_color":"#E9E9E9","title_font_style":{"weight":700},"global_animation":"zoomIn"}},{"id":1515562582807,"name":"heading","visibility":true,"settings":{"admin_label":"","title":"Watch My Concert","heading_selector":"h3","use_link":0,"title_link":"","link_new_tab":"","title_fontsize":{"md":"36","sm":"","xs":"25"},"title_lineheight":"","title_letterspace":"0","title_text_transform":"none","title_margin":{"md":"0px 0px 0px 0px","sm":"   ","xs":"   "},"title_padding":{"md":"0px 0px 0px 0px","sm":"   ","xs":"   "},"title_icon_position":"before","alignment":"sppb-text-left","title_text_shadow":"","class":"","global_background_type":"none","global_background_gradient":{"color":"#00c6fb","color2":"#005bea","deg":"45","type":"linear"},"global_use_overlay":0,"global_background_repeat":"no-repeat","global_background_size":"cover","global_background_attachment":"inherit","global_user_border":0,"global_border_width":"","global_border_radius":0,"global_margin":{"md":"0 0 30px 0","sm":"0 0 20px 0","xs":"0 0 10px 0"},"global_padding":{"md":"   ","sm":"   ","xs":"   "},"global_boxshadow":"0 0 0 0 #ffffff","global_use_animation":1,"global_animationduration":"800","global_animationdelay":"200","global_custom_css":"","use_global_width":"0","hidden_md":"0","hidden_sm":"0","hidden_xs":"0","acl":"","instFormId":1515562582807,"title_font_family":"Oswald","global_text_color":"#414141","title_font_style":{"weight":700},"global_animation":"fadeInLeft"}},{"id":1515562582808,"name":"divider","visibility":true,"settings":{"admin_label":"","divider_type":"border","divider_image":"","background_repeat":"no-repeat","divider_height":"10","border_style":"solid","border_width":"2","border_color":"#EE524E","margin_top":{"md":"8","sm":20,"xs":10},"margin_bottom":{"md":"1","sm":20,"xs":10},"class":"","global_background_type":"none","global_background_gradient":{"color":"#00c6fb","color2":"#005bea","deg":"45","type":"linear"},"global_use_overlay":0,"global_background_repeat":"no-repeat","global_background_size":"cover","global_background_attachment":"inherit","global_user_border":0,"global_border_width":"","global_border_radius":0,"global_margin":{"md":"0 0 20px 0","sm":"0 0 20px 0","xs":"0 0 10px 0"},"global_padding":{"md":"   ","sm":"   ","xs":"   "},"global_boxshadow":"0 0 0 0 #ffffff","global_use_animation":0,"global_animationduration":"300","global_animationdelay":"0","global_custom_css":"","use_global_width":1,"hidden_md":0,"hidden_sm":0,"hidden_xs":0,"acl":"","instFormId":1515562582808,"global_width":{"md":"7","sm":"","xs":""}}},{"id":1515562582809,"name":"text_block","visibility":true,"settings":{"admin_label":"","title":"","heading_selector":"h3","title_fontsize":"","title_lineheight":"","title_letterspace":"0","text":"Many conventional colleges and universities are now offering online DVD repair courses, which are the exact same as those taught on a traditional college campus.","alignment":"","text_fontsize":{"md":"18","sm":"","xs":"14"},"text_lineheight":{"md":"32","sm":"","xs":"18"},"dropcap":0,"class":"","global_background_type":"none","global_background_gradient":{"color":"#00c6fb","color2":"#005bea","deg":"45","type":"linear"},"global_use_overlay":0,"global_background_repeat":"no-repeat","global_background_size":"cover","global_background_attachment":"inherit","global_user_border":0,"global_border_width":"","global_border_radius":0,"global_margin":{"md":"0 100px 30px 0","sm":"0 0 20px 0","xs":"0 0 10px 0"},"global_padding":{"md":"   ","sm":"   ","xs":"   "},"global_boxshadow":"0 0 0 0 #ffffff","global_use_animation":0,"global_animationduration":"300","global_animationdelay":"0","global_custom_css":"","use_global_width":"0","hidden_md":"0","hidden_sm":"0","hidden_xs":"0","acl":"","instFormId":1515498027187,"text_font_family":"Quattrocento","global_text_color":"#989898"}}]},{"id":1515562582810,"class_name":"col-md-6","visibility":true,"settings":{"background_type":"none","background_gradient":{"color":"#00c6fb","color2":"#005bea","deg":"45","type":"linear"},"background_image":"","background_repeat":"no-repeat","background_size":"cover","background_attachment":"scroll","background_position":"0 0","items_align_center":0,"use_border":0,"border_width":"","border_radius":0,"boxshadow":"0 0 0 0 #fff","sm_col":"","xs_col":"","hidden_xs":0,"hidden_sm":0,"hidden_md":0,"animationduration":"300","animationdelay":"0","instFormId":1515496624173,"padding":{"md":"   ","sm":"   ","xs":"   "},"margin":{"md":"   ","sm":"   ","xs":"   "},"class":"test"},"addons":[{"id":1515567796124,"name":"modal","visibility":true,"settings":{"admin_label":"","modal_selector":"icon","button_text":"Button Text","button_type":"default","button_letterspace":"0","button_padding":"","button_background_color":"#444444","button_color":"#fff","button_background_color_hover":"#222","button_color_hover":"#fff","button_appearance":"flat","selector_icon_name":"fa-play","selector_icon_size":{"md":"18"},"selector_text":"","selector_text_weight":"","selector_text_color":"","modal_content_type":"video","modal_content_text":"Kevin chicken fatback sirloin ball tip, flank meatloaf t-bone. Meatloaf shankle swine pancetta biltong capicola ham hock meatball. Shoulder bacon andouille ground round pancetta pastrami. Sirloin beef ribs tenderloin rump corned beef filet mignon capicola kielbasa drumstick chuck turducken beef t-bone ribeye. Pork loin ground round t-bone chuck beef ribs swine pastrami cow. Venison tenderloin drumstick, filet mignon salami jowl sausage shank hamburger meatball ribeye kevin tri-tip. Swine kielbasa tenderloin fatback pork shankle andouille, flank frankfurter jerky chicken tri-tip jowl leberkas.&lt;br&gt;&lt;br&gt;Pancetta chicken pork belly beef cow kielbasa fatback sirloin biltong andouille bacon. Sirloin beef tenderloin porchetta, jerky tri-tip andouille sausage landjaeger shank bresaola short ribs tongue meatloaf fatback. Kielbasa pancetta shoulder tri-tip pastrami filet mignon ham corned beef prosciutto doner beef ribs. Doner sausage ham hock, shoulder sirloin pancetta boudin filet mignon chuck. Meatball ham hock beef, filet mignon tri-tip andouille venison ground round chuck turducken drumstick.","modal_popup_width":"760","modal_popup_height":"440","alignment":"sppb-text-center","class":"","global_background_type":"image","global_background_gradient":{"color":"#00c6fb","color2":"#005bea","deg":"45","type":"linear"},"global_use_overlay":0,"global_background_repeat":"no-repeat","global_background_size":"cover","global_background_attachment":"inherit","global_user_border":0,"global_border_width":"","global_border_radius":{"md":"3","sm":"","xs":""},"global_margin":{"md":"0 -175px 30px 100px","sm":"0px 0px 20px 0px","xs":"0px 0px 10px 0px"},"global_padding":{"md":"200px 0px 200px 0px","sm":"   ","xs":"70px 0px 70px 0px"},"global_boxshadow":{"ho":0,"vo":"8","blur":"8","spread":0,"color":"rgba(0, 0, 0, 0.11)","inset":false},"global_use_animation":0,"global_animationduration":"300","global_animationdelay":"0","global_custom_css":"","use_global_width":"0","hidden_md":"0","hidden_sm":"0","hidden_xs":"0","acl":"","instFormId":1515567796124,"selector_text_margin":"   ","global_background_image":"https://sppagebuilder.com/sample-data/images/2018/01/10/video-bg.jpg","selector_icon_color":"#FF4247","selector_icon_background":"#ffffff","selector_icon_padding":{"md":"31","sm":"","xs":"20"},"selector_icon_border_radius":{"md":"68","sm":"","xs":""},"modal_content_video_url":"https://www.youtube.com/watch?v=xGPjonxrUYc"}}]}]},{"id":1515562582132,"visibility":true,"collapse":false,"settings":{"admin_label":"","title":"","heading_selector":"h3","title_fontsize":"","title_fontweight":"","title_position":"sppb-text-center","columns_align_center":0,"fullscreen":0,"no_gutter":0,"padding":{"md":"95px 0px 55px 0px","sm":"   ","xs":"50px 0px 0px 0px"},"margin":{"md":"0px 0px 0px 0px","sm":"   ","xs":"   "},"background_type":"image","background_gradient":{"color":"#00c6fb","color2":"#005bea","deg":"45","type":"linear"},"background_image":"https://sppagebuilder.com/sample-data/images/2018/01/10/newsletter-bg.jpg","background_parallax":0,"background_repeat":"no-repeat","background_size":"cover","background_attachment":"","background_position":"50% 50%","external_background_video":"0","show_top_shape":0,"shape_name":"clouds-flat","shape_color":"#e5e5e5","shape_width":{"md":100,"sm":100,"xs":100},"shape_height":"","shape_flip":false,"shape_invert":false,"shape_to_front":false,"show_bottom_shape":0,"bottom_shape_name":"clouds-opacity","bottom_shape_color":"#e5e5e5","bottom_shape_width":{"md":100,"sm":100,"xs":100},"bottom_shape_height":"","bottom_shape_flip":false,"bottom_shape_invert":false,"bottom_shape_to_front":false,"hidden_xs":"","hidden_sm":"","hidden_md":"","animationduration":"300","animationdelay":"0","instFormId":1515562582132,"color":"#ffffff"},"layout":"12","columns":[{"id":1515562582131,"class_name":"col-md-12","visibility":true,"settings":{"background_type":"none","background_gradient":{"color":"#00c6fb","color2":"#005bea","deg":"45","type":"linear"},"background_image":"","background_repeat":"no-repeat","background_size":"cover","background_attachment":"scroll","background_position":"0 0","items_align_center":0,"use_border":0,"border_width":"","border_radius":0,"boxshadow":"0 0 0 0 #fff","sm_col":"","xs_col":"","hidden_xs":"","hidden_sm":"","hidden_md":"","animationduration":"300","animationdelay":"0"},"addons":[{"id":1515562583476,"name":"heading","visibility":true,"settings":{"admin_label":"","title":"Subscribe For Updates","heading_selector":"h2","use_link":0,"title_link":"","link_new_tab":"","title_fontsize":{"md":"36","sm":"","xs":"25"},"title_lineheight":"","title_letterspace":"0","title_text_transform":"none","title_margin":{"md":"0px 0px 0px 0px","sm":"   ","xs":"   "},"title_padding":{"md":"0px 0px 0px 0px","sm":"   ","xs":"   "},"title_icon_position":"before","alignment":"sppb-text-center","title_text_shadow":"","class":"","global_background_type":"none","global_background_gradient":{"color":"#00c6fb","color2":"#005bea","deg":"45","type":"linear"},"global_use_overlay":0,"global_background_repeat":"no-repeat","global_background_size":"cover","global_background_attachment":"inherit","global_user_border":0,"global_border_width":"","global_border_radius":0,"global_margin":{"md":"0 0 30px 0","sm":"0 0 20px 0","xs":"0 0 10px 0"},"global_padding":{"md":"   ","sm":"   ","xs":"   "},"global_boxshadow":"0 0 0 0 #ffffff","global_use_animation":0,"global_animationduration":"300","global_animationdelay":"0","global_custom_css":"","use_global_width":"0","hidden_md":"0","hidden_sm":"0","hidden_xs":"0","acl":"","instFormId":1515562583476,"title_font_family":"Oswald","global_text_color":""}},{"id":1515562583493,"name":"text_block","visibility":true,"settings":{"admin_label":"","title":"","heading_selector":"h3","title_fontsize":"","title_lineheight":"","title_letterspace":"0","text":"Many conventional colleges and universities are now offering online DVD repair courses","alignment":"sppb-text-center","text_fontsize":{"md":"18","sm":"","xs":"14"},"text_lineheight":{"md":"32","sm":"","xs":"18"},"dropcap":0,"class":"","global_background_type":"none","global_background_gradient":{"color":"#00c6fb","color2":"#005bea","deg":"45","type":"linear"},"global_use_overlay":0,"global_background_repeat":"no-repeat","global_background_size":"cover","global_background_attachment":"inherit","global_user_border":0,"global_border_width":"","global_border_radius":0,"global_margin":{"md":"0 0 22px 0","sm":"0 0 20px 0","xs":"0 0 10px 0"},"global_padding":{"md":"   ","sm":"   ","xs":"   "},"global_boxshadow":"0 0 0 0 #ffffff","global_use_animation":0,"global_animationduration":"300","global_animationdelay":"0","global_custom_css":"","use_global_width":"0","hidden_md":"0","hidden_sm":"0","hidden_xs":"0","acl":"","instFormId":1515562583493,"text_font_family":"Quattrocento","global_text_color":"rgba(255, 255, 255, 0.7)"}},{"id":1515572319337,"name":"optin_form","visibility":true,"settings":{"admin_label":"","title":"","heading_selector":"h3","title_fontsize":"","title_lineheight":"","title_letterspace":"0","platform":"mailchimp","hide_name":1,"acymailing_listids":"","mailchimp_api":"6a57b4cfe5c69dae263c77e834405c23-us7","mailchimp_listid":"b34927d5e3","mailchimp_action":"subscribed","sendgrid_api":"","sendinblue_api":"","sendinblue_listid":"","madmimi_user":"","madmimi_api":"","madmimi_listname":"","grid":"","optin_type":"normal","optin_timein":2000,"optin_timeout":10000,"optin_width":"600","alignment":"sppb-text-center","form_inline":1,"custom_input":1,"custom_input_bgcolor":"rgba(255, 255, 255, 0)","custom_input_color":"#ffffff","custom_input_borderless":0,"custom_input_border_side":"","custom_input_border_style":"solid","custom_input_padding":"15px 15px 16px 15px","media_type":"","alt_text":"","icon_name":"","icon_size":82,"media_position":"","content":"","button_text":"Subscribe","use_custom_button":1,"button_fontstyle":["uppercase"],"button_letterspace":"0","button_type":"custom","button_appearance":"flat","button_background_color":"#fff","button_color":"#4A4A4A ","button_background_color_hover":"#ffffff","button_color_hover":"#4A4A4A ","class":"","global_background_type":"none","global_background_gradient":{"color":"#00c6fb","color2":"#005bea","deg":"45","type":"linear"},"global_use_overlay":0,"global_background_repeat":"no-repeat","global_background_size":"cover","global_background_attachment":"inherit","global_user_border":0,"global_border_width":"","global_border_radius":0,"global_margin":{"md":"auto auto auto auto","sm":"auto auto auto auto","xs":"auto auto auto auto"},"global_padding":{"md":"   ","sm":"   ","xs":"   "},"global_boxshadow":"0 0 0 0 #ffffff","global_use_animation":0,"global_animationduration":"300","global_animationdelay":"0","global_custom_css":".sppb-optin-form.form-inline .email-wrap, .sppb-optin-form.form-inline .name-wrap{\n\tpadding-right: 0px;\n}\n.sppb-optin-form input{\n\tborder-radius: 0;\n}\n.sppb-optin-form input::placeholder{\n\tcolor: #fff;\n}  ","use_global_width":1,"hidden_md":0,"hidden_sm":0,"hidden_xs":0,"acl":"","instFormId":1515572319337,"custom_input_bdr":"0","button_padding":"15px 25px 15px 25px","button_shape":"square","button_size":"sm","custom_input_border":"1","custom_input_border_color":"#ffffff","global_width":{"md":"45","sm":"75","xs":"100"}}}]}]},{"id":1515573218788,"visibility":true,"collapse":false,"settings":{"admin_label":"","title":"","heading_selector":"h3","title_fontsize":"","title_fontweight":"","title_position":"sppb-text-center","columns_align_center":0,"fullscreen":0,"no_gutter":0,"padding":{"md":"95px 0px 105px 0px","sm":"   ","xs":"50px 0px 50px 0px"},"margin":{"md":"0px 0px 0px 0px","sm":"   ","xs":"   "},"background_type":"color","background_gradient":{"color":"#00c6fb","color2":"#005bea","deg":"45","type":"linear"},"background_image":"","background_parallax":"0","background_repeat":"no-repeat","background_size":"cover","background_attachment":"fixed","background_position":"0 0","external_background_video":"0","show_top_shape":0,"shape_name":"clouds-flat","shape_color":"#e5e5e5","shape_width":{"md":100,"sm":100,"xs":100},"shape_height":"","shape_flip":false,"shape_invert":false,"shape_to_front":false,"show_bottom_shape":0,"bottom_shape_name":"clouds-opacity","bottom_shape_color":"#e5e5e5","bottom_shape_width":{"md":100,"sm":100,"xs":100},"bottom_shape_height":"","bottom_shape_flip":false,"bottom_shape_invert":false,"bottom_shape_to_front":false,"hidden_xs":"","hidden_sm":"","hidden_md":"","animationduration":"300","animationdelay":"0","instFormId":1515573218788,"background_color":"#FAFCFC"},"layout":"12","columns":[{"id":1515573218787,"class_name":"col-md-12","visibility":true,"settings":{"background_type":"none","background_gradient":{"color":"#00c6fb","color2":"#005bea","deg":"45","type":"linear"},"background_image":"","background_repeat":"no-repeat","background_size":"cover","background_attachment":"scroll","background_position":"0 0","items_align_center":0,"use_border":0,"border_width":"","border_radius":0,"boxshadow":"0 0 0 0 #fff","sm_col":"","xs_col":"","hidden_xs":"","hidden_sm":"","hidden_md":"","animationduration":"300","animationdelay":"0"},"addons":[{"id":1515573218791,"name":"heading","visibility":true,"settings":{"admin_label":"","title":"Get In Touch","heading_selector":"h2","use_link":0,"title_link":"","link_new_tab":"","title_fontsize":{"md":"36","sm":"","xs":"25"},"title_lineheight":"","title_letterspace":"0","title_text_transform":"none","title_margin":{"md":"0px 0px 0px 0px","sm":"   ","xs":"   "},"title_padding":{"md":"0px 0px 0px 0px","sm":"   ","xs":"   "},"title_icon_position":"before","alignment":"sppb-text-center","title_text_shadow":"","class":"","global_background_type":"none","global_background_gradient":{"color":"#00c6fb","color2":"#005bea","deg":"45","type":"linear"},"global_use_overlay":0,"global_background_repeat":"no-repeat","global_background_size":"cover","global_background_attachment":"inherit","global_user_border":0,"global_border_width":"","global_border_radius":0,"global_margin":{"md":"0 0 30px 0","sm":"0 0 20px 0","xs":"0 0 10px 0"},"global_padding":{"md":"   ","sm":"   ","xs":"   "},"global_boxshadow":"0 0 0 0 #ffffff","global_use_animation":0,"global_animationduration":"300","global_animationdelay":"0","global_custom_css":"","use_global_width":"0","hidden_md":"0","hidden_sm":"0","hidden_xs":"0","acl":"","instFormId":1515573218791,"title_font_family":"Oswald","global_text_color":""}},{"id":1515573218794,"name":"text_block","visibility":true,"settings":{"admin_label":"","title":"","heading_selector":"h3","title_fontsize":"","title_lineheight":"","title_letterspace":"0","text":"Many conventional colleges and universities are now offering","alignment":"sppb-text-center","text_fontsize":{"md":"18","sm":"","xs":"14"},"text_lineheight":{"md":"32","sm":"","xs":"18"},"dropcap":0,"class":"","global_background_type":"none","global_background_gradient":{"color":"#00c6fb","color2":"#005bea","deg":"45","type":"linear"},"global_use_overlay":0,"global_background_repeat":"no-repeat","global_background_size":"cover","global_background_attachment":"inherit","global_user_border":0,"global_border_width":"","global_border_radius":0,"global_margin":{"md":"0 0 60px 0","sm":"0 0 50px 0","xs":"0 0 50px 0"},"global_padding":{"md":"   ","sm":"   ","xs":"   "},"global_boxshadow":"0 0 0 0 #ffffff","global_use_animation":0,"global_animationduration":"300","global_animationdelay":"0","global_custom_css":"","use_global_width":"0","hidden_md":"0","hidden_sm":"0","hidden_xs":"0","acl":"","instFormId":1515573218794,"text_font_family":"Quattrocento","global_text_color":"#9c9c9c"}},{"id":1515575817844,"name":"ajax_contact","visibility":true,"settings":{"admin_label":"","title":"","heading_selector":"h3","title_fontsize":"","title_lineheight":"","title_letterspace":"0","recipient_email":"email@yourdomain.com","from_name":"","from_email":"","formcaptcha":0,"captcha_type":"default","captcha_question":"3 + 4 = ?","captcha_input_col":"12","captcha_answer":"7","name_input_col":"12","email_input_col":"12","subject_input_col":"12","message_input_col":"12","show_label":0,"show_checkbox":0,"checkbox_title":"I am agree with your <a href=\"#\">terms & conditions</a>.","use_custom_button":1,"button_text":"Book Now","button_letterspace":"0","button_type":"custom","button_appearance":"flat","button_background_color":"#EE524E ","button_color":"#fff","button_background_color_hover":"#c14441","button_color_hover":"#fff","class":"text-center","global_background_type":"color","global_background_gradient":{"color":"#00c6fb","color2":"#005bea","deg":"45","type":"linear"},"global_use_overlay":0,"global_background_repeat":"no-repeat","global_background_size":"cover","global_background_attachment":"inherit","global_user_border":0,"global_border_width":"","global_border_radius":{"md":"3","sm":"","xs":""},"global_margin":{"md":"auto auto auto auto","sm":"auto auto auto auto","xs":"auto auto auto auto"},"global_padding":{"md":"40px 70px 50px 70px","sm":"   ","xs":"40px 40px 40px 40px"},"global_boxshadow":{"ho":"0","vo":"3","blur":"25","spread":"0","color":"rgba(0, 0, 0, 0.11)","inset":false},"global_use_animation":0,"global_animationduration":"300","global_animationdelay":"0","global_custom_css":".sppb-form-control, .sppb-form-group .sppb-form-control{\n\tborder:none;\n  border-bottom: 2px solid #eaeaea;\n  padding: 20px 0 20px 0;\n  border-radius: 0;\n}\nbutton[type=\"submit\"]{\n  padding: 15px 50px;\n  margin-top: 25px;\n}","use_global_width":1,"hidden_md":0,"hidden_sm":0,"hidden_xs":0,"acl":"","instFormId":1515575817844,"button_font_family":"Oswald","button_size":"","global_background_color":"#fff","global_width":{"md":"57","sm":"75","xs":"90"},"button_status":"normal","button_font_style":{"uppercase":true}}}]}]}]