[{"id":1516000349829,"visibility":true,"collapse":false,"settings":{"admin_label":"","title":"","heading_selector":"h3","title_fontsize":"","title_fontweight":"","title_position":"sppb-text-center","columns_align_center":0,"fullscreen":0,"no_gutter":0,"padding":{"md":"250px 0px 250px 0px","sm":"   ","xs":"80px 0px 80px 0px"},"margin":{"md":"0px 0px 0px 0px","sm":"   ","xs":"   "},"background_type":"image","background_gradient":{"color":"#00c6fb","color2":"#005bea","deg":"45","type":"linear"},"background_image":"https://sppagebuilder.com/sample-data/images/2018/01/15/hero_resort.jpg","background_parallax":0,"background_repeat":"no-repeat","background_size":"cover","background_attachment":"","background_position":"50% 50%","external_background_video":"0","show_top_shape":0,"shape_name":"clouds-flat","shape_color":"#e5e5e5","shape_width":{"md":100,"sm":100,"xs":100},"shape_height":"","shape_flip":false,"shape_invert":false,"shape_to_front":false,"show_bottom_shape":0,"bottom_shape_name":"clouds-opacity","bottom_shape_color":"#e5e5e5","bottom_shape_width":{"md":100,"sm":100,"xs":100},"bottom_shape_height":"","bottom_shape_flip":false,"bottom_shape_invert":false,"bottom_shape_to_front":false,"hidden_xs":"","hidden_sm":"","hidden_md":"","animationduration":"300","animationdelay":"0","instFormId":1516000349829,"color":"#fff"},"layout":"12","columns":[{"id":1516000349828,"class_name":"col-md-12","visibility":true,"settings":{"background_type":"none","background_gradient":{"color":"#00c6fb","color2":"#005bea","deg":"45","type":"linear"},"background_image":"","background_repeat":"no-repeat","background_size":"cover","background_attachment":"scroll","background_position":"0 0","items_align_center":0,"use_border":0,"border_width":"","border_radius":0,"boxshadow":"0 0 0 0 #fff","sm_col":"","xs_col":"","hidden_xs":"","hidden_sm":"","hidden_md":"","animationduration":"300","animationdelay":"0"},"addons":[{"id":1516000998601,"name":"heading","visibility":true,"settings":{"admin_label":"","title":"WELCOME TO","heading_selector":"h1","use_link":0,"title_link":"","link_new_tab":"","title_fontsize":{"md":"16","sm":"","xs":""},"title_lineheight":{"md":"22","sm":"","xs":""},"title_letterspace":"5px","title_text_transform":"none","title_margin":{"md":"10px 10px 10px 10px","sm":"0px 0px 0px 0px","xs":"   "},"title_padding":{"md":"0px 0px 0px 0px","sm":"   ","xs":"   "},"title_icon_position":"before","alignment":"sppb-text-center","title_text_shadow":"","class":"","global_background_type":"none","global_background_gradient":{"color":"#00c6fb","color2":"#005bea","deg":"45","type":"linear"},"global_use_overlay":0,"global_background_repeat":"no-repeat","global_background_size":"cover","global_background_attachment":"inherit","global_user_border":0,"global_border_width":"","global_border_radius":0,"global_margin":{"md":"0 0 0px 0","sm":"0 0 20px 0","xs":"0 0 10px 0"},"global_padding":{"md":"   ","sm":"   ","xs":"   "},"global_boxshadow":"0 0 0 0 #ffffff","global_use_animation":0,"global_animationduration":"300","global_animationdelay":"0","global_custom_css":"","use_global_width":"0","hidden_md":"0","hidden_sm":"0","hidden_xs":"0","acl":"","instFormId":1516000998601,"global_text_color":"","title_font_family":"Roboto","title_font_style":{"weight":400}}},{"id":1516001083147,"name":"heading","visibility":true,"settings":{"admin_label":"","title":"The Last Resort","heading_selector":"h2","use_link":0,"title_link":"","link_new_tab":"","title_fontsize":{"md":"72","sm":"","xs":"45"},"title_lineheight":{"md":"82","sm":"","xs":""},"title_letterspace":"0","title_text_transform":"none","title_margin":{"md":"0px 0px 10px 0px","sm":"0px 0px 0px 0px","xs":"   "},"title_padding":{"md":"0px 0px 0px 0px","sm":"   ","xs":"   "},"title_icon_position":"before","alignment":"sppb-text-center","title_text_shadow":"","class":"","global_background_type":"none","global_background_gradient":{"color":"#00c6fb","color2":"#005bea","deg":"45","type":"linear"},"global_use_overlay":0,"global_background_repeat":"no-repeat","global_background_size":"cover","global_background_attachment":"inherit","global_user_border":0,"global_border_width":"","global_border_radius":0,"global_margin":{"md":"0 0 30px 0","sm":"0 0 20px 0","xs":"0 0 10px 0"},"global_padding":"","global_boxshadow":"0 0 0 0 #ffffff","global_use_animation":0,"global_animationduration":"300","global_animationdelay":"0","global_custom_css":"","use_global_width":"0","hidden_md":"0","hidden_sm":"0","hidden_xs":"0","acl":"","instFormId":1516001083147,"title_font_family":"Playfair Display","title_font_style":{"weight":100}}},{"id":1516001162348,"name":"text_block","visibility":true,"settings":{"admin_label":"","title":"","heading_selector":"h3","title_fontsize":"","title_lineheight":"","title_letterspace":"0","text":"A place to experience and enjoy the life","alignment":"sppb-text-center","text_fontsize":{"md":"18","sm":"","xs":"15"},"text_lineheight":{"md":"28","sm":"","xs":""},"dropcap":0,"class":"","global_background_type":"none","global_background_gradient":{"color":"#00c6fb","color2":"#005bea","deg":"45","type":"linear"},"global_use_overlay":0,"global_background_repeat":"no-repeat","global_background_size":"cover","global_background_attachment":"inherit","global_user_border":0,"global_border_width":"","global_border_radius":0,"global_margin":{"md":"0 0 50px 0","sm":"0 0 20px 0","xs":"0 0 10px 0"},"global_padding":{"md":"   ","sm":"   ","xs":"   "},"global_boxshadow":"0 0 0 0 #ffffff","global_use_animation":0,"global_animationduration":"300","global_animationdelay":"0","global_custom_css":"","use_global_width":"0","hidden_md":"0","hidden_sm":"0","hidden_xs":"0","acl":"","instFormId":1516001162348,"text_font_family":"Roboto"}},{"id":1516001246310,"name":"raw_html","visibility":true,"settings":{"admin_label":"","title":"","heading_selector":"h3","title_fontsize":"","title_lineheight":"","title_letterspace":"0","html":"<div class=\"booking-search\">\n        <div class=\"search-box bd-right one\">\n            <i class=\"fa fa-calendar\" aria-hidden=\"true\"></i>\n            <input type=\"text\" placeholder=\"Check In\">\n        </div>\n        <div class=\"search-box bd-right two\">\n            <i class=\"fa fa-calendar\" aria-hidden=\"true\"></i>\n            <input type=\"text\" placeholder=\"Check Out\">\n        </div>\n        <div class=\"search-box three\">\n            <div class=\"dropdown\">\n                <button class=\"btn btn-secondary dropdown-toggle\" type=\"button\" id=\"dropdownMenuButton\" data-toggle=\"dropdown\" aria-haspopup=\"true\"\n                    aria-expanded=\"false\">\n            <i class=\"fa fa-user-o\" aria-hidden=\"true\"></i>\n                     Guests\n                </button>\n                <div class=\"dropdown-menu\" aria-labelledby=\"dropdownMenuButton\">\n                    <a class=\"dropdown-item\" href=\"#\">Register</a>\n                    <a class=\"dropdown-item\" href=\"#\">Author</a>\n                    <a class=\"dropdown-item\" href=\"#\">Another</a>\n                </div>\n            </div>\n        </div>\n        <div class=\"search-box submit-wrap\">\n            <i class=\"fa fa-search\" aria-hidden=\"true\"></i>\n            <input type=\"Submit\" value=\"Search\" class=\"btn btn-primary submit-btn\">\n        </div>\n    </div>","class":"","global_background_type":"none","global_background_gradient":{"color":"#00c6fb","color2":"#005bea","deg":"45","type":"linear"},"global_use_overlay":0,"global_background_repeat":"no-repeat","global_background_size":"cover","global_background_attachment":"inherit","global_user_border":0,"global_border_width":"","global_border_radius":0,"global_margin":{"md":"0px auto 30px auto","sm":"0 0 20px 0","xs":"0 0 10px 0"},"global_padding":{"md":"   ","sm":"   ","xs":"   "},"global_boxshadow":"0 0 0 0 #ffffff","global_use_animation":0,"global_animationduration":"300","global_animationdelay":"0","global_custom_css":".booking-search {\n    display: flex;\n}\n.booking-search input {\n    padding: 20px 20px 20px 55px;\n    min-height: 80px;\n    border: none;\n    border-radius: 0;\n    box-shadow: none;\n    font-size: 16px;\n    width: 100%;\n}\n.booking-search input::placeholder{\n\tcolor: #4A4A4A;\n  text-transform: uppercase;\n  font-weight: 500;\n}\n.search-box.one {\n    flex: 1;\n}\n.search-box.two {\n    flex: 1.15;\n}\n.search-box.three {\n    flex: 1.3;\n}\n.search-box.submit-wrap {\n    flex: 0.7\n}\n.search-box.one input {\n    border-radius: 5px 0 0 5px;\n}\n.search-box.two i{\n    color: #FFD012;\n}\n.search-box .dropdown-toggle i {\n    color: #FF6D4A;\n}\n.search-box.submit-wrap input {\n    border-radius: 0 5px 5px 0;\n  background: #4DA1FF;\n    text-transform: uppercase;\n}\n.search-box i {\n    position: absolute;\n    left: 30px;\n    color: #4DA1FF;\n    font-size: 16px;\n    top: 30px;\n}\n.search-box.submit-wrap i {\n    color: #fff;\n    left: 45px;\n}\n.search-box {\n    position: relative;\n}\n.bd-right {\n    border-right: 1px solid #E3E3E3;\n}\n.dropdown-toggle {\n    padding: 20px 20px 20px 55px;\n    height: 80px;\n    color: #4A4A4A;\n    border: none;\n    border-radius: 0;\n    width: 100%;\n    text-align: left;\n    font-size: 16px;\n    text-transform: uppercase;\n}\n.dropdown-menu {\n    width: 100%;\n    margin: 0;\n    border: none;\n    border-radius: 0 0 5px 5px;\n}\na.dropdown-item {\n    display: block;\n    width: 100%;\n    padding: 10px 30px;\n    clear: both;\n    font-weight: 400;\n    color: #212529;\n    text-align: inherit;\n    white-space: nowrap;\n    background-color: transparent;\n    border-bottom: 1px solid #ededed;\n}\na.dropdown-item:last-child {\n    border-bottom: none;\n}\na.dropdown-item:focus,\na.dropdown-item:hover {\n    color: #16181b;\n    text-decoration: none;\n    background-color: #f8f9fa;\n}\nbutton#dropdownMenuButton:after {\n    content: \"\\f0d7\";\n    font-family: fontawesome;\n    float: right;\n    font-size: 18px;\n    color: #a4a4a4;\n}\nbutton#dropdownMenuButton:focus {\n    outline: none;\n}\n@media (max-width: 767px){\n  .booking-search{\n  \tdisplay: block;\n  }\n  .search-box{\n  \tmargin-bottom: 10px;\n  }\n}","use_global_width":1,"hidden_md":0,"hidden_sm":0,"hidden_xs":0,"acl":"","instFormId":1516001246310,"global_width":{"md":"86","sm":"100","xs":"100"}}}]}]},{"id":1516010878388,"visibility":true,"collapse":false,"settings":{"admin_label":"","title":"","heading_selector":"h3","title_fontsize":"","title_fontweight":"","title_position":"sppb-text-center","columns_align_center":1,"fullscreen":0,"no_gutter":0,"padding":{"md":"140px 0px 110px 0px","sm":"   ","xs":"50px 0px 50px 0px"},"margin":{"md":"0px 0px 0px 0px","sm":"   ","xs":"   "},"background_type":"color","background_gradient":{"color":"#00c6fb","color2":"#005bea","deg":"45","type":"linear"},"background_image":"","background_parallax":"0","background_repeat":"no-repeat","background_size":"cover","background_attachment":"fixed","background_position":"0 0","external_background_video":"0","show_top_shape":0,"shape_name":"clouds-flat","shape_color":"#e5e5e5","shape_width":{"md":100,"sm":100,"xs":100},"shape_height":"","shape_flip":false,"shape_invert":false,"shape_to_front":false,"show_bottom_shape":0,"bottom_shape_name":"clouds-opacity","bottom_shape_color":"#e5e5e5","bottom_shape_width":{"md":100,"sm":100,"xs":100},"bottom_shape_height":"","bottom_shape_flip":false,"bottom_shape_invert":false,"bottom_shape_to_front":false,"hidden_xs":"","hidden_sm":"","hidden_md":"","animationduration":"300","animationdelay":"0","instFormId":1516010878388,"background_color":"#EAF3FF"},"layout":"5,7","columns":[{"id":1516010878387,"class_name":"col-md-5","visibility":true,"settings":{"background_type":"none","background_gradient":{"color":"#00c6fb","color2":"#005bea","deg":"45","type":"linear"},"background_image":"","background_repeat":"no-repeat","background_size":"cover","background_attachment":"scroll","background_position":"0 0","items_align_center":0,"use_border":0,"border_width":"","border_radius":0,"boxshadow":"0 0 0 0 #fff","sm_col":"","xs_col":"","hidden_xs":"","hidden_sm":"","hidden_md":"","animationduration":"300","animationdelay":"0"},"addons":[{"id":1516013651233,"name":"image","visibility":true,"settings":{"admin_label":"","title":"","heading_selector":"h3","title_fontsize":"","title_lineheight":"","title_letterspace":"0","title_position":"top","image":"https://sppagebuilder.com/sample-data/images/2018/01/15/resort_01.jpg","border_radius":0,"alt_text":"Image","position":"sppb-text-center","open_lightbox":0,"overlay_color":"rgba(119, 219, 31, .5)","link":"","class":"","global_background_type":"none","global_background_gradient":{"color":"#00c6fb","color2":"#005bea","deg":"45","type":"linear"},"global_use_overlay":0,"global_background_repeat":"no-repeat","global_background_size":"cover","global_background_attachment":"inherit","global_user_border":1,"global_border_width":{"md":"10","sm":"","xs":""},"global_border_radius":0,"global_margin":{"md":"0px 0px 30px auto","sm":"0px 0px 30px 0px","xs":"0px 0px 30px 0px"},"global_padding":{"md":"   ","sm":"   ","xs":"   "},"global_boxshadow":"0 0 0 0 #ffffff","global_use_animation":0,"global_animationduration":"300","global_animationdelay":"0","global_custom_css":"","use_global_width":1,"hidden_md":0,"hidden_sm":0,"hidden_xs":0,"acl":"","instFormId":1516013651233,"global_border_color":"#fff","global_boder_style":"solid","global_width":{"md":"85","sm":"54","xs":"90"}}}]},{"id":1516010878389,"class_name":"col-md-7","visibility":true,"settings":{"background_type":"none","background_gradient":{"color":"#00c6fb","color2":"#005bea","deg":"45","type":"linear"},"background_image":"","background_repeat":"no-repeat","background_size":"cover","background_attachment":"scroll","background_position":"0 0","items_align_center":0,"use_border":0,"border_width":"","border_radius":0,"boxshadow":"0 0 0 0 #fff","sm_col":"","xs_col":"","hidden_xs":"","hidden_sm":"","hidden_md":"","animationduration":"300","animationdelay":"0","instFormId":1516010878389,"padding":{"md":"0px 100px 0px 70px","sm":"0px 0px 0px 0px","xs":"0px 0px 0px 0px"},"margin":{"md":"0px 0px 0px 0px","sm":"   ","xs":"   "}},"addons":[{"id":1516013811310,"name":"heading","visibility":true,"settings":{"admin_label":"","title":"ABOUT US","heading_selector":"h2","use_link":0,"title_link":"","link_new_tab":"","title_fontsize":{"md":"16","sm":"","xs":"14"},"title_lineheight":{"md":"28","sm":"","xs":"22"},"title_letterspace":"5px","title_text_transform":"none","title_margin":{"md":"0px 0px 0px 0px","sm":"   ","xs":"   "},"title_padding":{"md":"0px 0px 0px 0px","sm":"   ","xs":"   "},"title_icon_position":"before","alignment":"sppb-text-left","title_text_shadow":{"ho":0,"vo":0,"blur":0,"spread":0,"color":"","inset":false},"class":"","global_background_type":"none","global_background_gradient":{"color":"#00c6fb","color2":"#005bea","deg":"45","type":"linear"},"global_use_overlay":0,"global_background_repeat":"no-repeat","global_background_size":"cover","global_background_attachment":"inherit","global_user_border":0,"global_border_width":"","global_border_radius":0,"global_margin":{"md":"0 0 10px 0","sm":"0 0 20px 0","xs":"0 0 10px 0"},"global_padding":{"md":"   ","sm":"   ","xs":"   "},"global_boxshadow":"0 0 0 0 #ffffff","global_use_animation":0,"global_animationduration":"300","global_animationdelay":"0","global_custom_css":"","use_global_width":"0","hidden_md":"0","hidden_sm":"0","hidden_xs":"0","acl":"","instFormId":1516013811310,"global_text_color":"#989898","title_font_family":"Roboto","title_font_style":{"weight":400}}},{"id":1516010878446,"name":"heading","visibility":true,"settings":{"admin_label":"","title":"A best place to enjoy your life","heading_selector":"h3","use_link":0,"title_link":"","link_new_tab":"","title_fontsize":{"md":"48","sm":"35","xs":"30"},"title_lineheight":{"md":"58","sm":"45","xs":"40"},"title_letterspace":"0","title_text_transform":"none","title_margin":{"md":"0px 0px 0px 0px","sm":"   ","xs":"   "},"title_padding":{"md":"0px 0px 0px 0px","sm":"   ","xs":"   "},"title_icon_position":"before","alignment":"sppb-text-left","title_text_shadow":"","class":"","global_background_type":"none","global_background_gradient":{"color":"#00c6fb","color2":"#005bea","deg":"45","type":"linear"},"global_use_overlay":0,"global_background_repeat":"no-repeat","global_background_size":"cover","global_background_attachment":"inherit","global_user_border":0,"global_border_width":"","global_border_radius":0,"global_margin":{"md":"0 0 30px 0","sm":"0 0 20px 0","xs":"0 0 10px 0"},"global_padding":{"md":"   ","sm":"   ","xs":"   "},"global_boxshadow":"0 0 0 0 #ffffff","global_use_animation":0,"global_animationduration":"300","global_animationdelay":"0","global_custom_css":"","use_global_width":"0","hidden_md":"0","hidden_sm":"0","hidden_xs":"0","acl":"","instFormId":1516010878446,"title_font_family":"Playfair Display","global_text_color":"#4A4A4A"}},{"id":1516014751294,"name":"text_block","visibility":true,"settings":{"admin_label":"","title":"","heading_selector":"h3","title_fontsize":"","title_lineheight":"","title_letterspace":"0","text":"Tremblant is based in Canada and has over 90 runs servicing millions of skiers each year. With 13 state-of-the-art ski lifts and a selection of choices for both snowboarders<br /><br />Skiers Tremblant attained its reputation through daring, varied runs catering for a selection of abilities and preferences.<br /><br /><strong>Ricardo Hopkins - <span style=\"color: #4da1ff;\">Managing Director</span></strong>","alignment":"","text_fontsize":{"md":"16","sm":"","xs":"14"},"text_lineheight":{"md":"28","sm":"","xs":"22"},"dropcap":0,"class":"","global_background_type":"none","global_background_gradient":{"color":"#00c6fb","color2":"#005bea","deg":"45","type":"linear"},"global_use_overlay":0,"global_background_repeat":"no-repeat","global_background_size":"cover","global_background_attachment":"inherit","global_user_border":0,"global_border_width":"","global_border_radius":0,"global_margin":{"md":"0 0 30px 0","sm":"0 0 20px 0","xs":"0 0 10px 0"},"global_padding":{"md":"   ","sm":"   ","xs":"   "},"global_boxshadow":"0 0 0 0 #ffffff","global_use_animation":0,"global_animationduration":"300","global_animationdelay":"0","global_custom_css":"","use_global_width":"0","hidden_md":"0","hidden_sm":"0","hidden_xs":"0","acl":"","instFormId":1516014751294,"global_text_color":"#989898 ","text_font_family":"Roboto"}}]}]},{"id":1516010878924,"visibility":true,"collapse":false,"settings":{"admin_label":"","title":"","heading_selector":"h3","title_fontsize":"","title_fontweight":"","title_position":"sppb-text-center","columns_align_center":1,"fullscreen":0,"no_gutter":0,"padding":{"md":"0px 0px 0px 0px","sm":"50px 0px 50px 0px","xs":"50px 0px 50px 0px"},"margin":{"md":"0px 0px 0px 0px","sm":"   ","xs":"   "},"background_type":"none","background_gradient":{"color":"#00c6fb","color2":"#005bea","deg":"45","type":"linear"},"background_image":"","background_parallax":"0","background_repeat":"no-repeat","background_size":"cover","background_attachment":"fixed","background_position":"0 0","external_background_video":"0","show_top_shape":0,"shape_name":"clouds-flat","shape_color":"#e5e5e5","shape_width":{"md":100,"sm":100,"xs":100},"shape_height":"","shape_flip":false,"shape_invert":false,"shape_to_front":false,"show_bottom_shape":0,"bottom_shape_name":"clouds-opacity","bottom_shape_color":"#e5e5e5","bottom_shape_width":{"md":100,"sm":100,"xs":100},"bottom_shape_height":"","bottom_shape_flip":false,"bottom_shape_invert":false,"bottom_shape_to_front":false,"hidden_xs":"","hidden_sm":"","hidden_md":"","animationduration":"300","animationdelay":"0","instFormId":1516010878924},"layout":"6,6","columns":[{"id":1516010878923,"class_name":"col-md-6","visibility":true,"settings":{"background_type":"none","background_gradient":{"color":"#00c6fb","color2":"#005bea","deg":"45","type":"linear"},"background_image":"","background_repeat":"no-repeat","background_size":"cover","background_attachment":"scroll","background_position":"0 0","items_align_center":0,"use_border":0,"border_width":"","border_radius":0,"boxshadow":"0 0 0 0 #fff","sm_col":"","xs_col":"","hidden_xs":"","hidden_sm":"","hidden_md":"","animationduration":"300","animationdelay":"0","instFormId":1516010878923,"padding":{"md":"   ","sm":"   ","xs":"   "},"margin":{"md":"70px 0px 70px 0px","sm":"0px 0px 30px 0px","xs":"0px 0px 30px 0px"}},"addons":[{"id":1516010879306,"name":"heading","visibility":true,"settings":{"admin_label":"","title":"DISCOVER OUR ROOMS","heading_selector":"h2","use_link":0,"title_link":"","link_new_tab":"","title_fontsize":{"md":"16","sm":"","xs":"14"},"title_lineheight":{"md":"28","sm":"","xs":"22"},"title_letterspace":"5px","title_text_transform":"none","title_margin":{"md":"0px 0px 0px 0px","sm":"   ","xs":"0px 0px 0px 0px"},"title_padding":{"md":"0px 0px 0px 0px","sm":"   ","xs":"   "},"title_icon_position":"before","alignment":"sppb-text-left","title_text_shadow":{"ho":0,"vo":0,"blur":0,"spread":0,"color":"","inset":false},"class":"","global_background_type":"none","global_background_gradient":{"color":"#00c6fb","color2":"#005bea","deg":"45","type":"linear"},"global_use_overlay":0,"global_background_repeat":"no-repeat","global_background_size":"cover","global_background_attachment":"inherit","global_user_border":0,"global_border_width":"","global_border_radius":0,"global_margin":{"md":"0 0 10px 0","sm":"0 0 20px 0","xs":"0px 0px 0px 0px"},"global_padding":{"md":"   ","sm":"   ","xs":"   "},"global_boxshadow":"0 0 0 0 #ffffff","global_use_animation":0,"global_animationduration":"300","global_animationdelay":"0","global_custom_css":"","use_global_width":"0","hidden_md":"0","hidden_sm":"0","hidden_xs":"0","acl":"","instFormId":1516010878956,"global_text_color":"#989898","title_font_family":"Roboto","title_font_style":{"weight":400}}},{"id":1516010878959,"name":"heading","visibility":true,"settings":{"admin_label":"","title":"Our Luxurious Rooms","heading_selector":"h3","use_link":0,"title_link":"","link_new_tab":"","title_fontsize":{"md":"48","sm":"35","xs":"30"},"title_lineheight":{"md":"58","sm":"45","xs":"40"},"title_letterspace":"0","title_text_transform":"none","title_margin":{"md":"0px 0px 0px 0px","sm":"   ","xs":"   "},"title_padding":{"md":"0px 0px 0px 0px","sm":"   ","xs":"   "},"title_icon_position":"before","alignment":"sppb-text-left","title_text_shadow":"","class":"","global_background_type":"none","global_background_gradient":{"color":"#00c6fb","color2":"#005bea","deg":"45","type":"linear"},"global_use_overlay":0,"global_background_repeat":"no-repeat","global_background_size":"cover","global_background_attachment":"inherit","global_user_border":0,"global_border_width":"","global_border_radius":0,"global_margin":{"md":"0 0 40px 0","sm":"0 0 20px 0","xs":"0 0 10px 0"},"global_padding":{"md":"   ","sm":"   ","xs":"   "},"global_boxshadow":"0 0 0 0 #ffffff","global_use_animation":0,"global_animationduration":"300","global_animationdelay":"0","global_custom_css":"","use_global_width":"0","hidden_md":"0","hidden_sm":"0","hidden_xs":"0","acl":"","instFormId":1516010878959,"title_font_family":"Playfair Display","global_text_color":"#4A4A4A"}},{"id":1516016008774,"name":"feature","visibility":true,"settings":{"admin_label":"","title":"Premium Double","heading_selector":"h3","title_position":"left","title_fontsize":{"md":"24","xs":"18"},"title_lineheight":{"md":"34","xs":"22"},"title_letterspace":"0","title_text_color":"#4A4A4A ","title_url":"","url_appear":"title","feature_type":"image","feature_image":"https://sppagebuilder.com/sample-data/images/2018/01/15/resort_room_thumb1.jpg","icon_name":"fa-trophy","icon_size":{"md":36},"icon_color":"#0080FE","text":"Starting from <strong>$59.00/Night</strong>","text_fontsize":{"md":"16","sm":"","xs":"14"},"text_lineheight":{"md":"26","sm":"","xs":"22"},"alignment":"sppb-text-left","class":"","global_background_type":"none","global_background_gradient":{"color":"#00c6fb","color2":"#005bea","deg":"45","type":"linear"},"global_use_overlay":0,"global_background_repeat":"no-repeat","global_background_size":"cover","global_background_attachment":"inherit","global_user_border":0,"global_border_width":"","global_border_radius":0,"global_margin":{"md":"0 0 20px 0","sm":"0 0 20px 0","xs":"0 0 10px 0"},"global_padding":{"md":"   ","sm":"   ","xs":"   "},"global_boxshadow":"0 0 0 0 #ffffff","global_use_animation":1,"global_animationduration":"","global_animationdelay":"","global_custom_css":"","use_global_width":"0","hidden_md":"0","hidden_sm":"0","hidden_xs":"0","acl":"","instFormId":1516016008774,"icon_padding":{"md":"   ","sm":"   ","xs":"   "},"title_font_family":"Playfair Display","title_font_style":{"weight":600},"text_font_family":"Roboto","global_text_color":"#989898","title_margin_top":{"md":"20","sm":"","xs":""},"global_animation":"fadeIn"}},{"id":1516010879053,"name":"feature","visibility":true,"settings":{"admin_label":"","title":"Presidential Room","heading_selector":"h3","title_position":"left","title_fontsize":{"md":"24","sm":"","xs":"18"},"title_lineheight":{"md":"34","sm":"","xs":"22"},"title_letterspace":"0","title_text_color":"#4A4A4A ","title_url":"","url_appear":"title","feature_type":"image","feature_image":"https://sppagebuilder.com/sample-data/images/2018/01/15/resort_room_thumb2.jpg","icon_name":"fa-trophy","icon_size":{"md":36},"icon_color":"#0080FE","text":"Starting from <strong>$299.00/Night</strong>","text_fontsize":{"md":"16","sm":"","xs":"14"},"text_lineheight":{"md":"26","sm":"","xs":"20"},"alignment":"sppb-text-left","class":"","global_background_type":"none","global_background_gradient":{"color":"#00c6fb","color2":"#005bea","deg":"45","type":"linear"},"global_use_overlay":0,"global_background_repeat":"no-repeat","global_background_size":"cover","global_background_attachment":"inherit","global_user_border":0,"global_border_width":"","global_border_radius":0,"global_margin":{"md":"0 0 20px 0","sm":"0 0 20px 0","xs":"0 0 10px 0"},"global_padding":{"md":"   ","sm":"   ","xs":"   "},"global_boxshadow":"0 0 0 0 #ffffff","global_use_animation":1,"global_animationduration":"","global_animationdelay":"200","global_custom_css":"","use_global_width":"0","hidden_md":"0","hidden_sm":"0","hidden_xs":"0","acl":"","instFormId":1516010879053,"icon_padding":{"md":"   ","sm":"   ","xs":"   "},"title_font_family":"Playfair Display","title_font_style":{"weight":600},"text_font_family":"Roboto","global_text_color":"#989898","title_margin_top":{"md":"20","sm":"","xs":""},"global_animation":"fadeIn"}},{"id":1516010879050,"name":"feature","visibility":true,"settings":{"admin_label":"","title":"Grand Luxury Room","heading_selector":"h3","title_position":"left","title_fontsize":{"md":"24","xs":"18"},"title_lineheight":{"md":"34","xs":"22"},"title_letterspace":"0","title_text_color":"#4A4A4A ","title_url":"","url_appear":"title","feature_type":"image","feature_image":"https://sppagebuilder.com/sample-data/images/2018/01/15/resort_room_thumb3.jpg","icon_name":"fa-trophy","icon_size":{"md":36},"icon_color":"#0080FE","text":"Starting from <strong>$110.00/Night</strong>","text_fontsize":{"md":"16","sm":"","xs":"14"},"text_lineheight":{"md":"26","sm":"","xs":"20"},"alignment":"sppb-text-left","class":"","global_background_type":"none","global_background_gradient":{"color":"#00c6fb","color2":"#005bea","deg":"45","type":"linear"},"global_use_overlay":0,"global_background_repeat":"no-repeat","global_background_size":"cover","global_background_attachment":"inherit","global_user_border":0,"global_border_width":"","global_border_radius":0,"global_margin":{"md":"0 0 20px 0","sm":"0 0 20px 0","xs":"0 0 10px 0"},"global_padding":{"md":"   ","sm":"   ","xs":"   "},"global_boxshadow":"0 0 0 0 #ffffff","global_use_animation":1,"global_animationduration":"","global_animationdelay":"400","global_custom_css":"","use_global_width":"0","hidden_md":"0","hidden_sm":"0","hidden_xs":"0","acl":"","instFormId":1516010879050,"icon_padding":{"md":"   ","sm":"   ","xs":"   "},"title_font_family":"Playfair Display","title_font_style":{"weight":600},"text_font_family":"Roboto","global_text_color":"#989898","title_margin_top":{"md":"20","sm":"","xs":""},"global_animation":"fadeIn"}}]},{"id":1516010878953,"class_name":"col-md-6","visibility":true,"settings":{"background_type":"none","background_gradient":{"color":"#00c6fb","color2":"#005bea","deg":"45","type":"linear"},"background_image":"","background_repeat":"no-repeat","background_size":"cover","background_attachment":"scroll","background_position":"0 0","items_align_center":0,"use_border":0,"border_width":"","border_radius":0,"boxshadow":"0 0 0 0 #fff","sm_col":"","xs_col":"","hidden_xs":"","hidden_sm":"","hidden_md":"","animationduration":"300","animationdelay":"0","instFormId":1516010879503},"addons":[{"id":1516016453225,"name":"image","visibility":true,"settings":{"admin_label":"","title":"","heading_selector":"h3","title_fontsize":"","title_lineheight":"","title_letterspace":"0","title_position":"top","image":"https://sppagebuilder.com/sample-data/images/2018/01/15/resort_room1.jpg","border_radius":0,"alt_text":"Image","position":"sppb-text-left","open_lightbox":0,"overlay_color":"rgba(119, 219, 31, .5)","link":"","class":"","global_background_type":"none","global_background_gradient":{"color":"#00c6fb","color2":"#005bea","deg":"45","type":"linear"},"global_use_overlay":0,"global_background_repeat":"no-repeat","global_background_size":"cover","global_background_attachment":"inherit","global_user_border":0,"global_border_width":"","global_border_radius":0,"global_margin":{"md":"0px -330px 0px 0px","sm":"0px 0px 0px 0px","xs":"0 0 10px 0"},"global_padding":{"md":"   ","sm":"   ","xs":"   "},"global_boxshadow":"0 0 0 0 #ffffff","global_use_animation":0,"global_animationduration":"300","global_animationdelay":"0","global_custom_css":"","use_global_width":"0","hidden_md":"0","hidden_sm":"0","hidden_xs":"0","acl":"","instFormId":1516016453225}}]}]},{"id":1516010879303,"visibility":true,"collapse":false,"settings":{"admin_label":"","title":"","heading_selector":"h3","title_fontsize":"","title_fontweight":"","title_position":"sppb-text-center","columns_align_center":0,"fullscreen":0,"no_gutter":0,"padding":{"md":"90px 0px 50px 0px","sm":"   ","xs":"   "},"margin":{"md":"0px 0px 0px 0px","sm":"   ","xs":"   "},"background_type":"color","background_gradient":{"color":"#00c6fb","color2":"#005bea","deg":"45","type":"linear"},"background_image":"","background_parallax":"0","background_repeat":"no-repeat","background_size":"cover","background_attachment":"fixed","background_position":"0 0","external_background_video":"0","show_top_shape":0,"shape_name":"clouds-flat","shape_color":"#e5e5e5","shape_width":{"md":100,"sm":100,"xs":100},"shape_height":"","shape_flip":false,"shape_invert":false,"shape_to_front":false,"show_bottom_shape":0,"bottom_shape_name":"clouds-opacity","bottom_shape_color":"#e5e5e5","bottom_shape_width":{"md":100,"sm":100,"xs":100},"bottom_shape_height":"","bottom_shape_flip":false,"bottom_shape_invert":false,"bottom_shape_to_front":false,"hidden_xs":"","hidden_sm":"","hidden_md":"","animationduration":"300","animationdelay":"0","instFormId":1516010879303,"background_color":"#EAF3FF"},"layout":"12,4,4,4","columns":[{"id":1516010879302,"class_name":"col-md-12","visibility":true,"settings":{"background_type":"none","background_gradient":{"color":"#00c6fb","color2":"#005bea","deg":"45","type":"linear"},"background_image":"","background_repeat":"no-repeat","background_size":"cover","background_attachment":"scroll","background_position":"0 0","items_align_center":0,"use_border":0,"border_width":"","border_radius":0,"boxshadow":"0 0 0 0 #fff","sm_col":"","xs_col":"","hidden_xs":"","hidden_sm":"","hidden_md":"","animationduration":"300","animationdelay":"0","instFormId":1516010878389},"addons":[{"id":1516010878956,"name":"heading","visibility":true,"settings":{"admin_label":"","title":"TESTIMONIAL","heading_selector":"h2","use_link":0,"title_link":"","link_new_tab":"","title_fontsize":{"md":"16","sm":"","xs":"14"},"title_lineheight":{"md":"28","sm":"","xs":"22"},"title_letterspace":"5px","title_text_transform":"none","title_margin":{"md":"0px 0px 0px 0px","sm":"   ","xs":"0px 0px 0px 0px"},"title_padding":{"md":"0px 0px 0px 0px","sm":"   ","xs":"   "},"title_icon_position":"before","alignment":"sppb-text-center","title_text_shadow":{"ho":0,"vo":0,"blur":0,"spread":0,"color":"","inset":false},"class":"","global_background_type":"none","global_background_gradient":{"color":"#00c6fb","color2":"#005bea","deg":"45","type":"linear"},"global_use_overlay":0,"global_background_repeat":"no-repeat","global_background_size":"cover","global_background_attachment":"inherit","global_user_border":0,"global_border_width":"","global_border_radius":0,"global_margin":{"md":"0 0 10px 0","sm":"0 0 20px 0","xs":"0px 0px 0px 0px"},"global_padding":{"md":"   ","sm":"   ","xs":"   "},"global_boxshadow":"0 0 0 0 #ffffff","global_use_animation":0,"global_animationduration":"300","global_animationdelay":"0","global_custom_css":"","use_global_width":"0","hidden_md":"0","hidden_sm":"0","hidden_xs":"0","acl":"","instFormId":1516010878956,"global_text_color":"#989898","title_font_family":"Roboto","title_font_style":{"weight":400}}},{"id":1516010879309,"name":"heading","visibility":true,"settings":{"admin_label":"","title":"Clients Review","heading_selector":"h3","use_link":0,"title_link":"","link_new_tab":"","title_fontsize":{"md":"48","sm":"35","xs":"30"},"title_lineheight":{"md":"58","sm":"45","xs":"40"},"title_letterspace":"0","title_text_transform":"none","title_margin":{"md":"0px 0px 0px 0px","sm":"   ","xs":"   "},"title_padding":{"md":"0px 0px 0px 0px","sm":"   ","xs":"   "},"title_icon_position":"before","alignment":"sppb-text-center","title_text_shadow":"","class":"","global_background_type":"none","global_background_gradient":{"color":"#00c6fb","color2":"#005bea","deg":"45","type":"linear"},"global_use_overlay":0,"global_background_repeat":"no-repeat","global_background_size":"cover","global_background_attachment":"inherit","global_user_border":0,"global_border_width":"","global_border_radius":0,"global_margin":{"md":"0px 0px 90px 0px","sm":"0 0 20px 0","xs":"0 0 10px 0"},"global_padding":{"md":"   ","sm":"   ","xs":"   "},"global_boxshadow":"0 0 0 0 #ffffff","global_use_animation":0,"global_animationduration":"300","global_animationdelay":"0","global_custom_css":"","use_global_width":"0","hidden_md":"0","hidden_sm":"0","hidden_xs":"0","acl":"","instFormId":1516010879309,"title_font_family":"Playfair Display","global_text_color":"#4A4A4A"}}]},{"id":1516010879338,"class_name":"col-md-4","visibility":true,"settings":{"background_type":"none","background_gradient":{"color":"#00c6fb","color2":"#005bea","deg":"45","type":"linear"},"background_image":"","background_repeat":"no-repeat","background_size":"cover","background_attachment":"scroll","background_position":"0 0","items_align_center":0,"use_border":0,"border_width":"","border_radius":0,"boxshadow":"0 0 0 0 #fff","sm_col":"","xs_col":"","hidden_xs":"","hidden_sm":"","hidden_md":"","animationduration":"300","animationdelay":"0","instFormId":1516010879503},"addons":[{"id":1516010879497,"name":"testimonial","visibility":true,"settings":{"admin_label":"","title":"","heading_selector":"h3","title_fontsize":"","title_lineheight":"","title_letterspace":"0","title_fontweight":"","show_quote":0,"icon_size":{"md":48,"sm":48,"xs":48},"icon_color":"#EDEEF2","review":"She was bouncing away, when a cry from the two women, who had turned towards the bed, caused her to look round.","name":"Agnes McGuire","company":"Designer","avatar_width":"50","avatar_shape":"sppb-avatar-circle","link":"","alignment":"sppb-text-left","class":"","avatar":"https://sppagebuilder.com/sample-data/images/2018/01/24/4.png","global_use_background":0,"global_user_border":1,"global_margin":{"md":"0px 0px 30px 0px","sm":"   ","xs":"   "},"global_padding":{"md":"60px 30px 55px 30px","sm":"   ","xs":"30px 30px 30px 30px"},"global_use_animation":1,"global_border_width":{"md":"","sm":"","xs":""},"global_boder_style":"","global_border_radius":{"md":"3","sm":"","xs":""},"global_border_color":"","review_color":"#989898","global_text_color":"#464855","instFormId":1516010879497,"global_background_type":"color","global_background_color":"","review_size":{"md":"16","sm":"","xs":"14"},"review_line_height":{"md":"26","sm":"","xs":"20"},"global_custom_css":".sppb-addon-testimonial-review{\n\tfont-family: Roboto;\n}\n#addonId{\n\ttransition: .3s;\n}\n#addonId:hover{\n  background-color: #fff;\n}","global_animation":"fadeInLeft","global_animationdelay":"400"}}]},{"id":1516010879339,"class_name":"col-md-4","visibility":true,"settings":{"background_type":"none","background_gradient":{"color":"#00c6fb","color2":"#005bea","deg":"45","type":"linear"},"background_image":"","background_repeat":"no-repeat","background_size":"cover","background_attachment":"scroll","background_position":"0 0","items_align_center":0,"use_border":0,"border_width":"","border_radius":0,"boxshadow":"0 0 0 0 #fff","sm_col":"","xs_col":"","hidden_xs":"","hidden_sm":"","hidden_md":"","animationduration":"300","animationdelay":"0","instFormId":1516010879503},"addons":[{"id":1516018011796,"name":"testimonial","visibility":true,"settings":{"admin_label":"","title":"","heading_selector":"h3","title_fontsize":"","title_lineheight":"","title_letterspace":"0","title_fontweight":"","show_quote":0,"icon_size":{"md":48,"sm":48,"xs":48},"icon_color":"#EDEEF2","review":"She was bouncing away, when a cry from the two women, who had turned towards the bed, caused her to look round.","name":"Agnes McGuire","company":"Designer","avatar_width":"50","avatar_shape":"sppb-avatar-circle","link":"","alignment":"sppb-text-left","class":"","avatar":"https://sppagebuilder.com/sample-data/images/2018/01/24/3.png","global_use_background":0,"global_user_border":1,"global_margin":{"md":"0px 0px 30px 0px","sm":"   ","xs":"   "},"global_padding":{"md":"60px 30px 55px 30px","sm":"   ","xs":"30px 30px 30px 30px"},"global_use_animation":1,"global_border_width":{"md":"","sm":"","xs":""},"global_boder_style":"","global_border_radius":{"md":"3","sm":"","xs":""},"global_border_color":"","review_color":"#989898","global_text_color":"#464855","instFormId":1516018011796,"global_background_type":"color","global_background_color":"","review_size":{"md":"16","sm":"","xs":"14"},"review_line_height":{"md":"26","sm":"","xs":"20"},"global_custom_css":".sppb-addon-testimonial-review{\n\tfont-family: Roboto;\n}\n#addonId{\n\ttransition: .3s;\n}\n#addonId:hover{\n  background-color: #fff;\n}","global_animation":"fadeInLeft","global_animationdelay":"200"}}]},{"id":1516010879340,"class_name":"col-md-4","visibility":true,"settings":{"background_type":"none","background_gradient":{"color":"#00c6fb","color2":"#005bea","deg":"45","type":"linear"},"background_image":"","background_repeat":"no-repeat","background_size":"cover","background_attachment":"scroll","background_position":"0 0","items_align_center":0,"use_border":0,"border_width":"","border_radius":0,"boxshadow":"0 0 0 0 #fff","sm_col":"","xs_col":"","hidden_xs":"","hidden_sm":"","hidden_md":"","animationduration":"300","animationdelay":"0","instFormId":1516010879503},"addons":[{"id":1516010879500,"name":"testimonial","visibility":true,"settings":{"admin_label":"","title":"","heading_selector":"h3","title_fontsize":"","title_lineheight":"","title_letterspace":"0","title_fontweight":"","show_quote":0,"icon_size":{"md":48,"sm":48,"xs":48},"icon_color":"#EDEEF2","review":"She was bouncing away, when a cry from the two women, who had turned towards the bed, caused her to look round.","name":"Agnes McGuire","company":"Designer","avatar_width":"50","avatar_shape":"sppb-avatar-circle","link":"","alignment":"sppb-text-left","class":"","avatar":"https://sppagebuilder.com/sample-data/images/2018/01/24/7.png","global_use_background":0,"global_user_border":1,"global_margin":{"md":"0px 0px 30px 0px","sm":"   ","xs":"   "},"global_padding":{"md":"60px 30px 55px 30px","sm":"   ","xs":"30px 30px 30px 30px"},"global_use_animation":1,"global_border_width":{"md":"","sm":"","xs":""},"global_boder_style":"","global_border_radius":{"md":"3","sm":"","xs":""},"global_border_color":"","review_color":"#989898","global_text_color":"#464855","instFormId":1516010879500,"global_background_type":"color","global_background_color":"","review_size":{"md":"16","sm":"","xs":"14"},"review_line_height":{"md":"26","sm":"","xs":"20"},"global_custom_css":".sppb-addon-testimonial-review{\n\tfont-family: Roboto;\n}\n#addonId{\n\ttransition: .3s;\n}\n#addonId:hover{\n  background-color: #fff;\n}","global_animation":"fadeInLeft"}}]}]},{"id":1516080078204,"visibility":true,"collapse":false,"settings":{"admin_label":"","title":"","heading_selector":"h3","title_fontsize":"","title_fontweight":"","title_position":"sppb-text-center","columns_align_center":1,"fullscreen":0,"no_gutter":0,"padding":{"md":"100px 0px 100px 0px","sm":"50px 0px 50px 0px","xs":"50px 0px 50px 0px"},"margin":{"md":"0px 0px 0px 0px","sm":"   ","xs":"   "},"background_type":"none","background_gradient":{"color":"#00c6fb","color2":"#005bea","deg":"45","type":"linear"},"background_image":"","background_parallax":"0","background_repeat":"no-repeat","background_size":"cover","background_attachment":"fixed","background_position":"0 0","external_background_video":"0","show_top_shape":0,"shape_name":"clouds-flat","shape_color":"#e5e5e5","shape_width":{"md":100,"sm":100,"xs":100},"shape_height":"","shape_flip":false,"shape_invert":false,"shape_to_front":false,"show_bottom_shape":0,"bottom_shape_name":"clouds-opacity","bottom_shape_color":"#e5e5e5","bottom_shape_width":{"md":100,"sm":100,"xs":100},"bottom_shape_height":"","bottom_shape_flip":false,"bottom_shape_invert":false,"bottom_shape_to_front":false,"hidden_xs":"","hidden_sm":"","hidden_md":"","animationduration":"300","animationdelay":"0","instFormId":1516080078204},"layout":"6,6","columns":[{"id":1516080078202,"class_name":"col-md-6","visibility":true,"settings":{"background_type":"none","background_gradient":{"color":"#00c6fb","color2":"#005bea","deg":"45","type":"linear"},"background_image":"","background_repeat":"no-repeat","background_size":"cover","background_attachment":"scroll","background_position":"0 0","items_align_center":0,"use_border":0,"border_width":"","border_radius":0,"boxshadow":"0 0 0 0 #fff","sm_col":"","xs_col":"","hidden_xs":"","hidden_sm":"","hidden_md":"","animationduration":"300","animationdelay":"0","instFormId":1516080078202,"padding":{"md":"0px 100px 0px 0px","sm":"0px 0px 0px 0px","xs":"0px 0px 0px 0px"},"margin":{"md":"   ","sm":"   ","xs":"   "}},"addons":[{"id":1516010879506,"name":"heading","visibility":true,"settings":{"admin_label":"","title":"SPECIAL OFFER","heading_selector":"h2","use_link":0,"title_link":"","link_new_tab":"","title_fontsize":{"md":"16","sm":"","xs":"14"},"title_lineheight":{"md":"28","sm":"","xs":"22"},"title_letterspace":"5px","title_text_transform":"none","title_margin":{"md":"0px 0px 0px 0px","sm":"   ","xs":"0px 0px 0px 0px"},"title_padding":{"md":"0px 0px 0px 0px","sm":"   ","xs":"   "},"title_icon_position":"before","alignment":"sppb-text-left","title_text_shadow":{"ho":0,"vo":0,"blur":0,"spread":0,"color":"","inset":false},"class":"","global_background_type":"none","global_background_gradient":{"color":"#00c6fb","color2":"#005bea","deg":"45","type":"linear"},"global_use_overlay":0,"global_background_repeat":"no-repeat","global_background_size":"cover","global_background_attachment":"inherit","global_user_border":0,"global_border_width":"","global_border_radius":0,"global_margin":{"md":"0 0 10px 0","sm":"0 0 20px 0","xs":"0px 0px 0px 0px"},"global_padding":{"md":"   ","sm":"   ","xs":"   "},"global_boxshadow":"0 0 0 0 #ffffff","global_use_animation":0,"global_animationduration":"300","global_animationdelay":"0","global_custom_css":"","use_global_width":"0","hidden_md":"0","hidden_sm":"0","hidden_xs":"0","acl":"","instFormId":1516010879506,"global_text_color":"#989898","title_font_family":"Roboto","title_font_style":{"weight":400}}},{"id":1516010879509,"name":"heading","visibility":true,"settings":{"admin_label":"","title":"Get <strong style=\"font-size: 72px;\">30</strong>% off on your first booking","heading_selector":"h3","use_link":0,"title_link":"","link_new_tab":"","title_fontsize":{"md":"48","sm":"35","xs":"30"},"title_lineheight":{"md":"58","sm":"45","xs":"40"},"title_letterspace":"0","title_text_transform":"none","title_margin":{"md":"0px 0px 0px 0px","sm":"   ","xs":"   "},"title_padding":{"md":"0px 0px 0px 0px","sm":"   ","xs":"   "},"title_icon_position":"before","alignment":"sppb-text-left","title_text_shadow":"","class":"","global_background_type":"none","global_background_gradient":{"color":"#00c6fb","color2":"#005bea","deg":"45","type":"linear"},"global_use_overlay":0,"global_background_repeat":"no-repeat","global_background_size":"cover","global_background_attachment":"inherit","global_user_border":0,"global_border_width":"","global_border_radius":0,"global_margin":{"md":"0 0 40px 0","sm":"0 0 20px 0","xs":"0 0 10px 0"},"global_padding":{"md":"   ","sm":"   ","xs":"   "},"global_boxshadow":"0 0 0 0 #ffffff","global_use_animation":0,"global_animationduration":"300","global_animationdelay":"0","global_custom_css":"","use_global_width":"0","hidden_md":"0","hidden_sm":"0","hidden_xs":"0","acl":"","instFormId":1516010879509,"title_font_family":"Playfair Display","global_text_color":"#4A4A4A"}},{"id":1516010879528,"name":"text_block","visibility":true,"settings":{"admin_label":"","title":"","heading_selector":"h3","title_fontsize":"","title_lineheight":"","title_letterspace":"0","text":"Tremblant is based in Canada and has over 90 runs servicing millions of skiers each year. With 13 state-of-the-art ski lifts and a selection of choices for both snowboarders","alignment":"","text_fontsize":{"md":"16","sm":"","xs":"14"},"text_lineheight":{"md":"28","sm":"","xs":"22"},"dropcap":0,"class":"","global_background_type":"none","global_background_gradient":{"color":"#00c6fb","color2":"#005bea","deg":"45","type":"linear"},"global_use_overlay":0,"global_background_repeat":"no-repeat","global_background_size":"cover","global_background_attachment":"inherit","global_user_border":0,"global_border_width":"","global_border_radius":0,"global_margin":{"md":"0 0 30px 0","sm":"0 0 20px 0","xs":"0 0 10px 0"},"global_padding":{"md":"   ","sm":"   ","xs":"   "},"global_boxshadow":"0 0 0 0 #ffffff","global_use_animation":0,"global_animationduration":"300","global_animationdelay":"0","global_custom_css":"","use_global_width":"0","hidden_md":"0","hidden_sm":"0","hidden_xs":"0","acl":"","instFormId":1516010879528,"global_text_color":"#989898 ","text_font_family":"Roboto"}},{"id":1516018375686,"name":"button","visibility":true,"settings":{"admin_label":"","text":"Book A Room","alignment":"sppb-text-left","letterspace":"0","type":"custom","appearance":"flat","background_color":"#4DA1FF","color":"#FFFFFF","background_color_hover":"#3c75b7","color_hover":"#FFFFFF","button_padding":{"md":"14px 40px 14px 40px","sm":"10px 25px 10px 25px","xs":"10px 25px 10px 25px"},"icon_position":"left","class":"","global_background_type":"none","global_background_gradient":{"color":"#00c6fb","color2":"#005bea","deg":"45","type":"linear"},"global_use_overlay":0,"global_background_repeat":"no-repeat","global_background_size":"cover","global_background_attachment":"inherit","global_user_border":0,"global_border_width":"","global_border_radius":0,"global_margin":{"md":"0px 0px 20px 0px","sm":"0 0 20px 0","xs":"0 0 10px 0"},"global_padding":{"md":"   ","sm":"   ","xs":"   "},"global_boxshadow":"0 0 0 0 #ffffff","global_use_animation":0,"global_animationduration":"300","global_animationdelay":"0","global_custom_css":"","use_global_width":"0","hidden_md":"0","hidden_sm":"0","hidden_xs":"0","acl":"","instFormId":1516018375686,"url":"#","size":"","font_family":"Roboto","font_style":{"weight":100}}}]},{"id":1516080078203,"class_name":"col-md-6","visibility":true,"settings":{"background_type":"image","background_gradient":{"color":"#00c6fb","color2":"#005bea","deg":"45","type":"linear"},"background_image":"","background_repeat":"no-repeat","background_size":"cover","background_attachment":"","background_position":"50% 50%","items_align_center":0,"use_border":0,"border_width":"","border_radius":0,"boxshadow":"0 0 0 0 #fff","sm_col":"","xs_col":"","hidden_xs":"","hidden_sm":"","hidden_md":"","animationduration":"300","animationdelay":"0","instFormId":1516080078203,"padding":{"md":"0px 0px 0px 0px","sm":"   ","xs":"   "},"margin":{"md":"   ","sm":"   ","xs":"   "}},"addons":[{"id":1516018702388,"name":"modal","visibility":true,"settings":{"admin_label":"","modal_selector":"icon","button_text":"Button Text","button_type":"default","button_letterspace":"0","button_padding":"","button_background_color":"#444444","button_color":"#fff","button_background_color_hover":"#222","button_color_hover":"#fff","button_appearance":"flat","selector_icon_name":"fa-play","selector_icon_size":{"md":"18"},"selector_text":"","selector_text_weight":"","selector_text_color":"","modal_content_type":"video","modal_content_text":"Kevin chicken fatback sirloin ball tip, flank meatloaf t-bone. Meatloaf shankle swine pancetta biltong capicola ham hock meatball. Shoulder bacon andouille ground round pancetta pastrami. Sirloin beef ribs tenderloin rump corned beef filet mignon capicola kielbasa drumstick chuck turducken beef t-bone ribeye. Pork loin ground round t-bone chuck beef ribs swine pastrami cow. Venison tenderloin drumstick, filet mignon salami jowl sausage shank hamburger meatball ribeye kevin tri-tip. Swine kielbasa tenderloin fatback pork shankle andouille, flank frankfurter jerky chicken tri-tip jowl leberkas.&lt;br&gt;&lt;br&gt;Pancetta chicken pork belly beef cow kielbasa fatback sirloin biltong andouille bacon. Sirloin beef tenderloin porchetta, jerky tri-tip andouille sausage landjaeger shank bresaola short ribs tongue meatloaf fatback. Kielbasa pancetta shoulder tri-tip pastrami filet mignon ham corned beef prosciutto doner beef ribs. Doner sausage ham hock, shoulder sirloin pancetta boudin filet mignon chuck. Meatball ham hock beef, filet mignon tri-tip andouille venison ground round chuck turducken drumstick.","modal_popup_width":"760","modal_popup_height":"440","alignment":"sppb-text-center","class":"","global_background_type":"image","global_background_gradient":{"color":"#00c6fb","color2":"#005bea","deg":"45","type":"linear"},"global_use_overlay":0,"global_background_repeat":"no-repeat","global_background_size":"cover","global_background_attachment":"","global_user_border":0,"global_border_width":"","global_border_radius":0,"global_margin":{"md":"0px 0px 0px 0px","sm":"0 0 20px 0","xs":"0 0 10px 0"},"global_padding":{"md":"200px 0px 200px 0px","sm":"   ","xs":"70px 0px 70px 0px"},"global_boxshadow":"0 0 0 0 #ffffff","global_use_animation":0,"global_animationduration":"300","global_animationdelay":"0","global_custom_css":"","use_global_width":"0","hidden_md":"0","hidden_sm":"0","hidden_xs":"0","acl":"","instFormId":1516018702388,"selector_text_margin":"   ","selector_icon_background":"#fff","selector_icon_padding":{"md":"26","sm":"","xs":""},"selector_icon_border_radius":{"md":"52","sm":"","xs":""},"modal_content_video_url":"https://www.youtube.com/watch?v=up9t5flDteg","global_background_image":"https://sppagebuilder.com/sample-data/images/2018/01/15/resort_img1.jpg"}}]}]}]