[{"id":1515576869063,"visibility":true,"collapse":false,"settings":{"admin_label":"Hero Section 01","separator1":"","title":"","heading_selector":"h3","title_fontsize":"","title_fontweight":"","title_text_color":"","title_margin_top":"","title_margin_bottom":"","separator2":"","subtitle":"","subtitle_fontsize":"","title_position":"sppb-text-center","columns_equal_height":0,"fullscreen":0,"no_gutter":0,"id":"","class":"","padding":{"md":"310px 0px 300px 0px","sm":"100px 0px 100px 0px","xs":"80px 0px 80px 0px"},"margin":{"md":"   ","sm":"   ","xs":"   "},"color":"rgba(255, 255, 255, 1)","background_color":"","background_image":"https://sppagebuilder.com/sample-data/images/2018/01/10/hero_food.jpg","background_parallax":1,"overlay":"","background_repeat":"no-repeat","background_size":"cover","background_attachment":"inherit","background_position":"50% 50%","background_video":0,"external_background_video":"0","background_video_mp4":"","background_video_ogv":"","background_external_video":"","hidden_xs":"","hidden_sm":"","hidden_md":"","animation":"","animationduration":"300","animationdelay":"0","instFormId":1515576869063,"columns_align_center":0,"show_top_shape":0,"show_bottom_shape":0,"background_type":"image"},"layout":"12","columns":[{"id":1515576869137,"class_name":"col-md-12","visibility":true,"settings":{},"addons":[{"id":1515576869139,"name":"heading","visibility":true,"settings":{"admin_label":"","title":"Taste Your Food","heading_selector":"h1","use_link":0,"title_link":"","link_new_tab":"","title_fontsize":{"md":"100","sm":"55","xs":"45"},"title_fontstyle":["bold"],"title_fontweight":"","title_lineheight":{"md":"120","sm":"75","xs":"55"},"title_letterspace":"0","title_margin":{"md":"  10px ","sm":"  20px ","xs":"  15px "},"title_padding":{"md":"0px 0px 0px 0px","sm":"   ","xs":"   "},"alignment":"sppb-text-center","class":"","global_use_background":0,"global_user_border":0,"global_margin":{"md":"0px 0px 0px 0px","sm":"40px   ","xs":"20px   "},"global_padding":{"md":"   ","sm":"   ","xs":"   "},"global_use_animation":1,"global_animation":"fadeInUp","global_animationdelay":"","instFormId":1515576869139,"title_font_family":"Lobster Two","title_font_style":{"weight":100,"italic":true}}},{"id":1515577131737,"name":"heading","visibility":true,"settings":{"admin_label":"","title":"Best Indian Restaurant In Town","heading_selector":"h2","use_link":0,"title_link":"","link_new_tab":"","title_fontsize":{"md":"24","sm":"","xs":"20"},"title_lineheight":{"md":"35","sm":"","xs":"24"},"title_letterspace":"0","title_text_transform":"none","title_margin":{"md":"0px 0px 0px 0px","sm":"   ","xs":"   "},"title_padding":{"md":"0px 0px 0px 0px","sm":"   ","xs":"   "},"title_icon_position":"before","alignment":"sppb-text-center","title_text_shadow":"","class":"","global_background_type":"none","global_background_gradient":{"color":"#00c6fb","color2":"#005bea","deg":"45","type":"linear"},"global_use_overlay":0,"global_background_repeat":"no-repeat","global_background_size":"cover","global_background_attachment":"inherit","global_user_border":0,"global_border_width":"","global_border_radius":0,"global_margin":{"md":"0 0 30px 0","sm":"0 0 20px 0","xs":"0 0 10px 0"},"global_padding":{"md":"   ","sm":"   ","xs":"   "},"global_boxshadow":"0 0 0 0 #ffffff","global_use_animation":1,"global_animationduration":"","global_animationdelay":"200","global_custom_css":"","use_global_width":"0","hidden_md":"0","hidden_sm":"0","hidden_xs":"0","acl":"","instFormId":1515577131737,"title_font_family":"Cabin","title_font_style":{"weight":400},"global_animation":"fadeInUp"}},{"id":1515579732024,"name":"button","visibility":true,"settings":{"admin_label":"","text":"Book Now","alignment":"sppb-text-center","letterspace":"0","type":"custom","appearance":"flat","background_color":"#66AD35 ","color":"#FFFFFF","background_color_hover":"#4c8128","color_hover":"#FFFFFF","button_padding":{"md":"14px 55px 14px 55px","sm":"12px 30px 12px 30px","xs":"8px 20px 8px 20px"},"icon_position":"left","class":"","global_background_type":"none","global_background_gradient":{"color":"#00c6fb","color2":"#005bea","deg":"45","type":"linear"},"global_use_overlay":0,"global_background_repeat":"no-repeat","global_background_size":"cover","global_background_attachment":"inherit","global_user_border":0,"global_border_width":"","global_border_radius":0,"global_margin":{"md":"0 0 30px 0","sm":"0 0 20px 0","xs":"0 0 10px 0"},"global_padding":{"md":"   ","sm":"   ","xs":"   "},"global_boxshadow":"0 0 0 0 #ffffff","global_use_animation":1,"global_animationduration":"","global_animationdelay":"400","global_custom_css":"","use_global_width":"0","hidden_md":"0","hidden_sm":"0","hidden_xs":"0","acl":"","instFormId":1515579732024,"font_family":"Cabin","size":"lg","shape":"round","global_animation":"fadeInUp"}}]}]},{"id":1515576671804,"visibility":true,"collapse":false,"settings":{"admin_label":"","title":"","heading_selector":"h3","title_fontsize":"","title_fontweight":"","title_position":"sppb-text-center","columns_align_center":0,"fullscreen":0,"no_gutter":0,"padding":{"md":"90px 0px 60px 0px","sm":"   ","xs":"50px 0px 50px 0px"},"margin":{"md":"0px 0px 0px 0px","sm":"   ","xs":"   "},"background_type":"none","background_gradient":{"color":"#00c6fb","color2":"#005bea","deg":"45","type":"linear"},"background_image":"","background_parallax":"0","background_repeat":"no-repeat","background_size":"cover","background_attachment":"fixed","background_position":"0 0","external_background_video":"0","show_top_shape":0,"shape_name":"clouds-flat","shape_color":"#e5e5e5","shape_width":{"md":100,"sm":100,"xs":100},"shape_height":"","shape_flip":false,"shape_invert":false,"shape_to_front":false,"show_bottom_shape":0,"bottom_shape_name":"clouds-opacity","bottom_shape_color":"#e5e5e5","bottom_shape_width":{"md":100,"sm":100,"xs":100},"bottom_shape_height":"","bottom_shape_flip":false,"bottom_shape_invert":false,"bottom_shape_to_front":false,"hidden_xs":"","hidden_sm":"","hidden_md":"","animationduration":"300","animationdelay":"0","instFormId":1515576671804},"layout":"4,4,4","columns":[{"id":1515576671803,"class_name":"col-md-4","visibility":true,"settings":{"background_type":"none","background_gradient":{"color":"#00c6fb","color2":"#005bea","deg":"45","type":"linear"},"background_image":"","background_repeat":"no-repeat","background_size":"cover","background_attachment":"scroll","background_position":"0 0","items_align_center":0,"use_border":0,"border_width":"","border_radius":0,"boxshadow":"0 0 0 0 #fff","sm_col":"","xs_col":"","hidden_xs":"","hidden_sm":"","hidden_md":"","animationduration":"300","animationdelay":"0"},"addons":[{"id":1515580021663,"name":"heading","visibility":true,"settings":{"admin_label":"","title":"- Location -","heading_selector":"h2","use_link":0,"title_link":"","link_new_tab":"","title_fontsize":{"md":"24","sm":"","xs":"20"},"title_lineheight":{"md":"35","sm":"","xs":"28"},"title_letterspace":"0","title_text_transform":"uppercase","title_margin":{"md":"0px 0px 20px 0px","sm":"   ","xs":"   "},"title_padding":{"md":"0px 0px 0px 0px","sm":"   ","xs":"   "},"title_icon_position":"before","alignment":"sppb-text-center","title_text_shadow":"","class":"","global_background_type":"none","global_background_gradient":{"color":"#00c6fb","color2":"#005bea","deg":"45","type":"linear"},"global_use_overlay":0,"global_background_repeat":"no-repeat","global_background_size":"cover","global_background_attachment":"inherit","global_user_border":0,"global_border_width":"","global_border_radius":0,"global_margin":{"md":"0 0 0px 0","sm":"0 0 0px 0","xs":"0 0 0px 0"},"global_padding":{"md":"   ","sm":"   ","xs":"   "},"global_boxshadow":"0 0 0 0 #ffffff","global_use_animation":0,"global_animationduration":"300","global_animationdelay":"0","global_custom_css":"","use_global_width":"0","hidden_md":"0","hidden_sm":"0","hidden_xs":"0","acl":"","instFormId":1515580021663,"global_text_color":"#4A4A4A ","title_font_style":{"uppercase":false}}},{"id":1515580192427,"name":"text_block","visibility":true,"settings":{"admin_label":"","title":"","heading_selector":"h3","title_fontsize":"","title_lineheight":"","title_letterspace":"0","text":"500 Terry Francois Dt.<br />San Francisco, CA 94158","alignment":"sppb-text-center","text_fontsize":{"md":"16","sm":"","xs":""},"text_lineheight":{"md":"26","sm":"","xs":""},"dropcap":0,"class":"","global_background_type":"none","global_background_gradient":{"color":"#00c6fb","color2":"#005bea","deg":"45","type":"linear"},"global_use_overlay":0,"global_background_repeat":"no-repeat","global_background_size":"cover","global_background_attachment":"inherit","global_user_border":0,"global_border_width":"","global_border_radius":0,"global_margin":{"md":"0 0 30px 0","sm":"0 0 20px 0","xs":"0 0 10px 0"},"global_padding":{"md":"   ","sm":"   ","xs":"   "},"global_boxshadow":"0 0 0 0 #ffffff","global_use_animation":0,"global_animationduration":"300","global_animationdelay":"0","global_custom_css":"","use_global_width":"0","hidden_md":"0","hidden_sm":"0","hidden_xs":"0","acl":"","instFormId":1515580192427,"global_text_color":"#989898","text_font_family":"Cabin"}}]},{"id":1515576869242,"class_name":"col-md-4","visibility":true,"settings":{"background_type":"none","background_gradient":{"color":"#00c6fb","color2":"#005bea","deg":"45","type":"linear"},"background_image":"","background_repeat":"no-repeat","background_size":"cover","background_attachment":"scroll","background_position":"0 0","items_align_center":0,"use_border":0,"border_width":"","border_radius":0,"boxshadow":"0 0 0 0 #fff","sm_col":"","xs_col":"","hidden_xs":"","hidden_sm":"","hidden_md":"","animationduration":"300","animationdelay":"0"},"addons":[{"id":1515576869391,"name":"heading","visibility":true,"settings":{"admin_label":"","title":"- hours -","heading_selector":"h2","use_link":0,"title_link":"","link_new_tab":"","title_fontsize":{"md":"24","sm":"","xs":"20"},"title_lineheight":{"md":"35","sm":"","xs":"28"},"title_letterspace":"0","title_text_transform":"uppercase","title_margin":{"md":"0px 0px 20px 0px","sm":"   ","xs":"   "},"title_padding":{"md":"0px 0px 0px 0px","sm":"   ","xs":"   "},"title_icon_position":"before","alignment":"sppb-text-center","title_text_shadow":"","class":"","global_background_type":"none","global_background_gradient":{"color":"#00c6fb","color2":"#005bea","deg":"45","type":"linear"},"global_use_overlay":0,"global_background_repeat":"no-repeat","global_background_size":"cover","global_background_attachment":"inherit","global_user_border":0,"global_border_width":"","global_border_radius":0,"global_margin":{"md":"0 0 0px 0","sm":"0 0 0px 0","xs":"0 0 0px 0"},"global_padding":{"md":"   ","sm":"   ","xs":"   "},"global_boxshadow":"0 0 0 0 #ffffff","global_use_animation":0,"global_animationduration":"300","global_animationdelay":"0","global_custom_css":"","use_global_width":"0","hidden_md":"0","hidden_sm":"0","hidden_xs":"0","acl":"","instFormId":1515576869391,"global_text_color":"#4A4A4A ","title_font_style":{"uppercase":false}}},{"id":1515576869397,"name":"text_block","visibility":true,"settings":{"admin_label":"","title":"","heading_selector":"h3","title_fontsize":"","title_lineheight":"","title_letterspace":"0","text":"Every day 11 am - 11 pm.<br />Happy Hour Mon - Thurs 6 pm - 8 pm","alignment":"sppb-text-center","text_fontsize":{"md":"16","sm":"","xs":""},"text_lineheight":{"md":"26","sm":"","xs":""},"dropcap":0,"class":"","global_background_type":"none","global_background_gradient":{"color":"#00c6fb","color2":"#005bea","deg":"45","type":"linear"},"global_use_overlay":0,"global_background_repeat":"no-repeat","global_background_size":"cover","global_background_attachment":"inherit","global_user_border":0,"global_border_width":"","global_border_radius":0,"global_margin":{"md":"0 0 30px 0","sm":"0 0 20px 0","xs":"0 0 10px 0"},"global_padding":{"md":"   ","sm":"   ","xs":"   "},"global_boxshadow":"0 0 0 0 #ffffff","global_use_animation":0,"global_animationduration":"300","global_animationdelay":"0","global_custom_css":"","use_global_width":"0","hidden_md":"0","hidden_sm":"0","hidden_xs":"0","acl":"","instFormId":1515576869397,"global_text_color":"#989898","text_font_family":"Cabin"}}]},{"id":1515576869243,"class_name":"col-md-4","visibility":true,"settings":{"background_type":"none","background_gradient":{"color":"#00c6fb","color2":"#005bea","deg":"45","type":"linear"},"background_image":"","background_repeat":"no-repeat","background_size":"cover","background_attachment":"scroll","background_position":"0 0","items_align_center":0,"use_border":0,"border_width":"","border_radius":0,"boxshadow":"0 0 0 0 #fff","sm_col":"","xs_col":"","hidden_xs":"","hidden_sm":"","hidden_md":"","animationduration":"300","animationdelay":"0"},"addons":[{"id":1515576869388,"name":"heading","visibility":true,"settings":{"admin_label":"","title":"- events -","heading_selector":"h2","use_link":0,"title_link":"","link_new_tab":"","title_fontsize":{"md":"24","sm":"","xs":"20"},"title_lineheight":{"md":"35","sm":"","xs":"28"},"title_letterspace":"0","title_text_transform":"uppercase","title_margin":{"md":"0px 0px 20px 0px","sm":"   ","xs":"   "},"title_padding":{"md":"0px 0px 0px 0px","sm":"   ","xs":"   "},"title_icon_position":"before","alignment":"sppb-text-center","title_text_shadow":"","class":"","global_background_type":"none","global_background_gradient":{"color":"#00c6fb","color2":"#005bea","deg":"45","type":"linear"},"global_use_overlay":0,"global_background_repeat":"no-repeat","global_background_size":"cover","global_background_attachment":"inherit","global_user_border":0,"global_border_width":"","global_border_radius":0,"global_margin":{"md":"0 0 0px 0","sm":"0 0 0px 0","xs":"0 0 0px 0"},"global_padding":{"md":"   ","sm":"   ","xs":"   "},"global_boxshadow":"0 0 0 0 #ffffff","global_use_animation":0,"global_animationduration":"300","global_animationdelay":"0","global_custom_css":"","use_global_width":"0","hidden_md":"0","hidden_sm":"0","hidden_xs":"0","acl":"","instFormId":1515576869388,"global_text_color":"#4A4A4A ","title_font_style":{"uppercase":false}}},{"id":1515576869394,"name":"text_block","visibility":true,"settings":{"admin_label":"","title":"","heading_selector":"h3","title_fontsize":"","title_lineheight":"","title_letterspace":"0","text":"I am a paragraph. Click here to addd <br />your own text and edit me.","alignment":"sppb-text-center","text_fontsize":{"md":"16","sm":"","xs":""},"text_lineheight":{"md":"26","sm":"","xs":""},"dropcap":0,"class":"","global_background_type":"none","global_background_gradient":{"color":"#00c6fb","color2":"#005bea","deg":"45","type":"linear"},"global_use_overlay":0,"global_background_repeat":"no-repeat","global_background_size":"cover","global_background_attachment":"inherit","global_user_border":0,"global_border_width":"","global_border_radius":0,"global_margin":{"md":"0 0 30px 0","sm":"0 0 20px 0","xs":"0 0 10px 0"},"global_padding":{"md":"   ","sm":"   ","xs":"   "},"global_boxshadow":"0 0 0 0 #ffffff","global_use_animation":0,"global_animationduration":"300","global_animationdelay":"0","global_custom_css":"","use_global_width":"0","hidden_md":"0","hidden_sm":"0","hidden_xs":"0","acl":"","instFormId":1515576869394,"global_text_color":"#989898","text_font_family":"Cabin"}}]}]},{"id":1515647816143,"visibility":true,"collapse":false,"settings":{"admin_label":"","title":"","heading_selector":"h3","title_fontsize":"","title_fontweight":"","title_position":"sppb-text-center","columns_align_center":0,"fullscreen":0,"no_gutter":0,"padding":{"md":"70px 0px 30px 0px","sm":"   ","xs":"50px 0px 30px 0px"},"margin":{"md":"0px 0px 0px 0px","sm":"   ","xs":"   "},"background_type":"color","background_gradient":{"color":"#00c6fb","color2":"#005bea","deg":"45","type":"linear"},"background_image":"","background_parallax":"0","background_repeat":"no-repeat","background_size":"cover","background_attachment":"fixed","background_position":"0 0","external_background_video":"0","show_top_shape":0,"shape_name":"clouds-flat","shape_color":"#e5e5e5","shape_width":{"md":100,"sm":100,"xs":100},"shape_height":"","shape_flip":false,"shape_invert":false,"shape_to_front":false,"show_bottom_shape":0,"bottom_shape_name":"clouds-opacity","bottom_shape_color":"#e5e5e5","bottom_shape_width":{"md":100,"sm":100,"xs":100},"bottom_shape_height":"","bottom_shape_flip":false,"bottom_shape_invert":false,"bottom_shape_to_front":false,"hidden_xs":"","hidden_sm":"","hidden_md":"","animationduration":"300","animationdelay":"0","instFormId":1515647816143,"background_color":"#66AD35","color":"#fff"},"layout":"12","columns":[{"id":1515647816142,"class_name":"col-md-12","visibility":true,"settings":{"background_type":"none","background_gradient":{"color":"#00c6fb","color2":"#005bea","deg":"45","type":"linear"},"background_image":"","background_repeat":"no-repeat","background_size":"cover","background_attachment":"scroll","background_position":"0 0","items_align_center":0,"use_border":0,"border_width":"","border_radius":0,"boxshadow":"0 0 0 0 #fff","sm_col":"","xs_col":"","hidden_xs":"","hidden_sm":"","hidden_md":"","animationduration":"300","animationdelay":"0"},"addons":[{"id":1515580974182,"name":"heading","visibility":true,"settings":{"admin_label":"","title":"Reservation","heading_selector":"h2","use_link":0,"title_link":"","link_new_tab":"","title_fontsize":{"md":"48","sm":"","xs":"30"},"title_lineheight":{"md":"60","sm":"","xs":"40"},"title_letterspace":"0","title_text_transform":"none","title_margin":{"md":"0px 0px 0px 0px","sm":"   ","xs":"   "},"title_padding":{"md":"0px 0px 0px 0px","sm":"   ","xs":"   "},"title_icon_position":"before","alignment":"sppb-text-center","title_text_shadow":{"ho":0,"vo":0,"blur":0,"spread":0,"color":"","inset":false},"class":"","global_background_type":"none","global_background_gradient":{"color":"#00c6fb","color2":"#005bea","deg":"45","type":"linear"},"global_use_overlay":0,"global_background_repeat":"no-repeat","global_background_size":"cover","global_background_attachment":"inherit","global_user_border":0,"global_border_width":"","global_border_radius":0,"global_margin":{"md":"0 0 20px 0","sm":"0 0 20px 0","xs":"0 0 10px 0"},"global_padding":{"md":"   ","sm":"   ","xs":"   "},"global_boxshadow":"0 0 0 0 #ffffff","global_use_animation":0,"global_animationduration":"300","global_animationdelay":"0","global_custom_css":"","use_global_width":0,"hidden_md":0,"hidden_sm":0,"hidden_xs":0,"acl":"","instFormId":1515580974182,"title_font_family":"Lobster Two","title_font_style":{"italic":true,"weight":100},"global_text_color":""}},{"id":1515582515389,"name":"text_block","visibility":true,"settings":{"admin_label":"","title":"","heading_selector":"h3","title_fontsize":"","title_lineheight":"","title_letterspace":"0","text":"The refrigerated dairy aisle of your local grocery store can be a great source for tasty, convenient selections for your outdoor gatherings, such as cheeses","alignment":"sppb-text-center","text_fontsize":{"md":"16","sm":"","xs":"14"},"text_lineheight":{"md":"26","sm":"","xs":"22"},"dropcap":0,"class":"","global_background_type":"none","global_background_gradient":{"color":"#00c6fb","color2":"#005bea","deg":"45","type":"linear"},"global_use_overlay":0,"global_background_repeat":"no-repeat","global_background_size":"cover","global_background_attachment":"inherit","global_user_border":0,"global_border_width":"","global_border_radius":0,"global_margin":{"md":"0px auto 50px auto","sm":"0px auto 40px auto","xs":"0px auto 40px auto"},"global_padding":{"md":"   ","sm":"   ","xs":"   "},"global_boxshadow":"0 0 0 0 #ffffff","global_use_animation":0,"global_animationduration":"300","global_animationdelay":"0","global_custom_css":"","use_global_width":1,"hidden_md":0,"hidden_sm":0,"hidden_xs":0,"acl":"","instFormId":1515582515389,"global_text_color":"rgba(255, 255, 255, 0.7)","global_width":{"md":"62","sm":"75","xs":"100"},"text_font_family":"Cabin"}},{"id":1516788858276,"name":"raw_html","visibility":true,"settings":{"admin_label":"","title":"","heading_selector":"h3","title_fontsize":"","title_lineheight":"","title_letterspace":"0","html":"<div class=\"booking-search\">\n        <div class=\"search-box bd-right one\">\n            <input type=\"text\" placeholder=\"Date\">\n            <i class=\"fa fa-angle-down\" aria-hidden=\"true\"></i>\n        </div>\n        <div class=\"search-box bd-right two\">\n            <input type=\"text\" placeholder=\"Time\">\n            <i class=\"fa fa-angle-down\" aria-hidden=\"true\"></i>\n        </div>\n        <div class=\"search-box three\">\n            <div class=\"dropdown\">\n                <button class=\"btn btn-secondary dropdown-toggle\" type=\"button\" id=\"dropdownMenuButton\" data-toggle=\"dropdown\" aria-haspopup=\"true\"\n                    aria-expanded=\"false\">\n            <i class=\"fa fa-angle-down\" aria-hidden=\"true\"></i>\n                     Peoples\n                </button>\n                <div class=\"dropdown-menu\" aria-labelledby=\"dropdownMenuButton\">\n                    <a class=\"dropdown-item\" href=\"#\">2 Persons</a>\n                    <a class=\"dropdown-item\" href=\"#\">4 Persons</a>\n                    <a class=\"dropdown-item\" href=\"#\">6 Persons</a>\n                    <a class=\"dropdown-item\" href=\"#\">10 Persons</a>\n                </div>\n            </div>\n        </div>\n        <div class=\"search-box submit-wrap\">\n            <input type=\"Submit\" value=\"Reserve Now\" class=\"btn btn-primary submit-btn\">\n        </div>\n    </div>","class":"","global_background_type":"none","global_background_gradient":{"color":"#00c6fb","color2":"#005bea","deg":"45","type":"linear"},"global_use_overlay":0,"global_background_repeat":"no-repeat","global_background_size":"cover","global_background_attachment":"inherit","global_user_border":0,"global_border_width":"","global_border_radius":0,"global_margin":{"md":"0px auto 30px auto","sm":"0 0 20px 0","xs":"0 0 10px 0"},"global_padding":{"md":"   ","sm":"   ","xs":"   "},"global_boxshadow":"0 0 0 0 #ffffff","global_use_animation":0,"global_animationduration":"300","global_animationdelay":"0","global_custom_css":".booking-search {\n    display: flex;\n}\n.booking-search>div{\n\tflex: 1;\n  margin-right: 30px;\n}\n.booking-search input {\n    padding: 10px 20px;\n  \tborder: 2px solid #fff;\n    min-height: 45px;\n    border-radius: 30px;\n    box-shadow: none;\n    font-size: 15px;\n    width: 100%;\n\t\tbackground: none;\n  \tcolor: #fff;\n}\n.booking-search input::placeholder{\n\tcolor: #fff;\n  font-weight: 500;\n}\n.search-box.submit-wrap input {\n  background: #fff;\n  color: rgba(102,173,53,1);\n  padding: 10px 50px;\n}\n.search-box i {\n    position: absolute;\n    right: 20px;\n    color: #fff;\n    font-size: 22px;\n    font-weight: 700;\n    top: 10px;\n}\n.search-box {\n    position: relative;\n}\n.dropdown-toggle {\n    padding: 10px 20px;\n    height: 46px;\n    background-color: transparent;\n    color: #fff;\n    border: 2px solid #fff;\n    border-radius: 30px;\n    width: 100%;\n    text-align: left;\n    font-size: 15px;\n}\n.dropdown-menu {\n    width: 100%;\n    margin: 0;\n    border: none;\n    border-radius: 0 0 5px 5px;\n}\na.dropdown-item {\n    display: block;\n    width: 100%;\n    padding: 3px 20px;\n    clear: both;\n    font-weight: 400;\n    color: #4a4a4a;\n    text-align: inherit;\n    white-space: nowrap;\n    background-color: transparent;\n    border-bottom: 1px solid #ededed;\n}\na.dropdown-item:last-child {\n    border-bottom: none;\n}\na.dropdown-item:focus,\na.dropdown-item:hover {\n    color: #16181b;\n    text-decoration: none;\n    background-color: #f8f9fa;\n}\nbutton#dropdownMenuButton:after {\n    content: \"\\f0d7\";\n    font-family: fontawesome;\n    float: right;\n    font-size: 18px;\n    color: #a4a4a4;\n}\nbutton#dropdownMenuButton:focus {\n    outline: none;\n}\n@media (max-width: 767px){\n  .booking-search{\n  \tdisplay: block;\n  }\n  .search-box{\n  \tmargin-bottom: 10px;\n  }\n}","use_global_width":1,"hidden_md":0,"hidden_sm":0,"hidden_xs":0,"acl":"","instFormId":1516788858276,"global_width":{"md":"86","sm":"100","xs":"100"}}}]}]},{"id":1515576869461,"visibility":true,"collapse":false,"settings":{"admin_label":"","title":"","heading_selector":"h3","title_fontsize":"","title_fontweight":"","title_position":"sppb-text-center","columns_align_center":1,"fullscreen":0,"no_gutter":0,"padding":{"md":"100px 0px 50px 0px","sm":"50px 0px 0px 0px","xs":"50px 0px 50px 0px"},"margin":{"md":"0px 0px 0px 0px","sm":"   ","xs":"   "},"background_type":"none","background_gradient":{"color":"#00c6fb","color2":"#005bea","deg":"45","type":"linear"},"background_image":"","background_parallax":"0","background_repeat":"no-repeat","background_size":"cover","background_attachment":"fixed","background_position":"0 0","external_background_video":"0","show_top_shape":0,"shape_name":"clouds-flat","shape_color":"#e5e5e5","shape_width":{"md":100,"sm":100,"xs":100},"shape_height":"","shape_flip":false,"shape_invert":false,"shape_to_front":false,"show_bottom_shape":0,"bottom_shape_name":"clouds-opacity","bottom_shape_color":"#e5e5e5","bottom_shape_width":{"md":100,"sm":100,"xs":100},"bottom_shape_height":"","bottom_shape_flip":false,"bottom_shape_invert":false,"bottom_shape_to_front":false,"hidden_xs":"","hidden_sm":"","hidden_md":"","animationduration":"300","animationdelay":"0","instFormId":1515576869461},"layout":"6,6","columns":[{"id":1515576869460,"class_name":"col-md-6","visibility":true,"settings":{"background_type":"none","background_gradient":{"color":"#00c6fb","color2":"#005bea","deg":"45","type":"linear"},"background_image":"","background_repeat":"no-repeat","background_size":"cover","background_attachment":"scroll","background_position":"0 0","items_align_center":0,"use_border":0,"border_width":"","border_radius":0,"boxshadow":"0 0 0 0 #fff","sm_col":"","xs_col":"","hidden_xs":0,"hidden_sm":0,"hidden_md":0,"animationduration":"300","animationdelay":"0","instFormId":1515576869460,"padding":{"md":"0px 130px 0px 0px","sm":"0px 50px 0px 0px","xs":"0px 0px 0px 0px"},"margin":{"md":"   ","sm":"   ","xs":"   "}},"addons":[{"id":1516788800817,"name":"heading","visibility":true,"settings":{"admin_label":"","title":"Our Story","heading_selector":"h2","use_link":0,"title_link":"","link_new_tab":"","title_fontsize":{"md":"64","sm":"","xs":"30"},"title_lineheight":{"md":"75","sm":"","xs":"40"},"title_letterspace":"0","title_text_transform":"none","title_margin":{"md":"0px 0px 0px 0px","sm":"   ","xs":"   "},"title_padding":{"md":"0px 0px 0px 0px","sm":"   ","xs":"   "},"title_icon_position":"before","alignment":"sppb-text-left","title_text_shadow":{"ho":0,"vo":0,"blur":0,"spread":0,"color":"","inset":false},"class":"","global_background_type":"none","global_background_gradient":{"color":"#00c6fb","color2":"#005bea","deg":"45","type":"linear"},"global_use_overlay":0,"global_background_repeat":"no-repeat","global_background_size":"cover","global_background_attachment":"inherit","global_user_border":0,"global_border_width":"","global_border_radius":0,"global_margin":{"md":"0 0 20px 0","sm":"0 0 20px 0","xs":"0 0 10px 0"},"global_padding":{"md":"   ","sm":"   ","xs":"   "},"global_boxshadow":"0 0 0 0 #ffffff","global_use_animation":0,"global_animationduration":"300","global_animationdelay":"0","global_custom_css":"","use_global_width":0,"hidden_md":0,"hidden_sm":0,"hidden_xs":0,"acl":"","instFormId":1515580974182,"title_font_family":"Lobster Two","title_font_style":{"italic":true,"weight":100},"global_text_color":"#4A4A4A "}},{"id":1516788800820,"name":"text_block","visibility":true,"settings":{"admin_label":"","title":"","heading_selector":"h3","title_fontsize":"","title_lineheight":"","title_letterspace":"0","text":"Beryl Cook is one of Britain&rsquo;s most talented and amusing artists .Beryl&rsquo;s pictures feature women of all shapes and sizes enjoying themselves .","alignment":"","text_fontsize":{"md":"16","sm":"","xs":"14"},"text_lineheight":{"md":"26","sm":"","xs":"22"},"dropcap":0,"class":"","global_background_type":"none","global_background_gradient":{"color":"#00c6fb","color2":"#005bea","deg":"45","type":"linear"},"global_use_overlay":0,"global_background_repeat":"no-repeat","global_background_size":"cover","global_background_attachment":"inherit","global_user_border":0,"global_border_width":"","global_border_radius":0,"global_margin":{"md":"0 0 30px 0","sm":"0 0 20px 0","xs":"0 0 10px 0"},"global_padding":{"md":"   ","sm":"   ","xs":"   "},"global_boxshadow":"0 0 0 0 #ffffff","global_use_animation":0,"global_animationduration":"300","global_animationdelay":"0","global_custom_css":"","use_global_width":"0","hidden_md":"0","hidden_sm":"0","hidden_xs":"0","acl":"","instFormId":1515582515389,"global_text_color":"#989898"}},{"id":1515582924253,"name":"button","visibility":true,"settings":{"admin_label":"","text":"About Us","alignment":"sppb-text-left","letterspace":"0","type":"custom","appearance":"outline","background_color":"#66AD35 ","color":"#66AD35 ","background_color_hover":"#66AD35 ","color_hover":"#FFFFFF","button_padding":{"md":"14px 50px 14px 50px","sm":"10px 25px 10px 25px","xs":"10px 25px 10px 25px"},"icon_position":"left","class":"","global_background_type":"none","global_background_gradient":{"color":"#00c6fb","color2":"#005bea","deg":"45","type":"linear"},"global_use_overlay":0,"global_background_repeat":"no-repeat","global_background_size":"cover","global_background_attachment":"inherit","global_user_border":0,"global_border_width":"","global_border_radius":0,"global_margin":{"md":"0 0 30px 0","sm":"0 0 20px 0","xs":"0 0 10px 0"},"global_padding":"","global_boxshadow":"0 0 0 0 #ffffff","global_use_animation":0,"global_animationduration":"300","global_animationdelay":"0","global_custom_css":"","use_global_width":"0","hidden_md":"0","hidden_sm":"0","hidden_xs":"0","acl":"","instFormId":1515582924253,"url":"#","font_family":"Cabin","shape":"round"}}]},{"id":1515576869488,"class_name":"col-md-6","visibility":true,"settings":{"background_type":"none","background_gradient":{"color":"#00c6fb","color2":"#005bea","deg":"45","type":"linear"},"background_image":"","background_repeat":"no-repeat","background_size":"cover","background_attachment":"scroll","background_position":"0 0","items_align_center":0,"use_border":0,"border_width":"","border_radius":0,"boxshadow":"0 0 0 0 #fff","sm_col":"","xs_col":"","hidden_xs":"","hidden_sm":"","hidden_md":"","animationduration":"300","animationdelay":"0"},"addons":[{"id":1515580902205,"name":"modal","visibility":true,"settings":{"admin_label":"","modal_selector":"icon","button_text":"Button Text","button_type":"default","button_letterspace":"0","button_padding":"","button_background_color":"#444444","button_color":"#fff","button_background_color_hover":"#222","button_color_hover":"#fff","button_appearance":"flat","selector_icon_name":"fa-play","selector_icon_size":{"md":"18"},"selector_text":"","selector_text_weight":"","selector_text_color":"","modal_content_type":"video","modal_content_text":"Kevin chicken fatback sirloin ball tip, flank meatloaf t-bone. Meatloaf shankle swine pancetta biltong capicola ham hock meatball. Shoulder bacon andouille ground round pancetta pastrami. Sirloin beef ribs tenderloin rump corned beef filet mignon capicola kielbasa drumstick chuck turducken beef t-bone ribeye. Pork loin ground round t-bone chuck beef ribs swine pastrami cow. Venison tenderloin drumstick, filet mignon salami jowl sausage shank hamburger meatball ribeye kevin tri-tip. Swine kielbasa tenderloin fatback pork shankle andouille, flank frankfurter jerky chicken tri-tip jowl leberkas.&lt;br&gt;&lt;br&gt;Pancetta chicken pork belly beef cow kielbasa fatback sirloin biltong andouille bacon. Sirloin beef tenderloin porchetta, jerky tri-tip andouille sausage landjaeger shank bresaola short ribs tongue meatloaf fatback. Kielbasa pancetta shoulder tri-tip pastrami filet mignon ham corned beef prosciutto doner beef ribs. Doner sausage ham hock, shoulder sirloin pancetta boudin filet mignon chuck. Meatball ham hock beef, filet mignon tri-tip andouille venison ground round chuck turducken drumstick.","modal_popup_width":"760","modal_popup_height":"440","alignment":"sppb-text-center","class":"","global_background_type":"image","global_background_gradient":{"color":"#00c6fb","color2":"#005bea","deg":"45","type":"linear"},"global_use_overlay":0,"global_background_repeat":"no-repeat","global_background_size":"cover","global_background_attachment":"inherit","global_user_border":0,"global_border_width":"","global_border_radius":{"md":"3","sm":"","xs":""},"global_margin":{"md":"0px 0px 0px 0px","sm":"0px 0px 0px 0px","xs":"20px 0px 0px 0px"},"global_padding":{"md":"200px 0px 200px 0px","sm":"   ","xs":"70px 0px 70px 0px"},"global_boxshadow":{"ho":0,"vo":"0","blur":"0","spread":0,"color":"","inset":false},"global_use_animation":0,"global_animationduration":"300","global_animationdelay":"0","global_custom_css":"","use_global_width":"0","hidden_md":"0","hidden_sm":"0","hidden_xs":"0","acl":"","instFormId":1515580902205,"selector_text_margin":"   ","global_background_image":"https://sppagebuilder.com/sample-data/images/2018/01/10/video-bg2.jpg","selector_icon_color":"#66AD35","selector_icon_background":"#ffffff","selector_icon_padding":{"md":"31","sm":"","xs":"20"},"selector_icon_border_radius":{"md":"68","sm":"","xs":""},"modal_content_video_url":"https://www.youtube.com/watch?v=xGPjonxrUYc"}}]}]},{"id":1515576869703,"visibility":true,"collapse":false,"settings":{"admin_label":"","title":"","heading_selector":"h3","title_fontsize":"","title_fontweight":"","title_position":"sppb-text-center","columns_align_center":1,"fullscreen":0,"no_gutter":0,"padding":{"md":"50px 0px 70px 0px","sm":"   ","xs":"0px 0px 50px 0px"},"margin":{"md":"0px 0px 0px 0px","sm":"   ","xs":"   "},"background_type":"none","background_gradient":{"color":"#00c6fb","color2":"#005bea","deg":"45","type":"linear"},"background_image":"","background_parallax":"0","background_repeat":"no-repeat","background_size":"cover","background_attachment":"fixed","background_position":"0 0","external_background_video":"0","show_top_shape":0,"shape_name":"clouds-flat","shape_color":"#e5e5e5","shape_width":{"md":100,"sm":100,"xs":100},"shape_height":"","shape_flip":false,"shape_invert":false,"shape_to_front":false,"show_bottom_shape":0,"bottom_shape_name":"clouds-opacity","bottom_shape_color":"#e5e5e5","bottom_shape_width":{"md":100,"sm":100,"xs":100},"bottom_shape_height":"","bottom_shape_flip":false,"bottom_shape_invert":false,"bottom_shape_to_front":false,"hidden_xs":"","hidden_sm":"","hidden_md":"","animationduration":"300","animationdelay":"0","instFormId":1515576869703},"layout":"6,6","columns":[{"id":1515576869708,"class_name":"col-md-6","visibility":true,"settings":{"background_type":"none","background_gradient":{"color":"#00c6fb","color2":"#005bea","deg":"45","type":"linear"},"background_image":"","background_repeat":"no-repeat","background_size":"cover","background_attachment":"scroll","background_position":"0 0","items_align_center":0,"use_border":0,"border_width":"","border_radius":0,"boxshadow":"0 0 0 0 #fff","sm_col":"","xs_col":"","hidden_xs":"","hidden_sm":"","hidden_md":"","animationduration":"300","animationdelay":"0"},"addons":[{"id":1515586620191,"type":"inner_row","settings":{"admin_label":"","title":"","heading_selector":"h3","title_fontsize":"","title_fontweight":"","title_position":"sppb-text-center","columns_align_center":0,"fullscreen":0,"no_gutter":0,"padding":{"md":"0px 0px 0px 0px","sm":"   ","xs":"   "},"margin":{"md":"0px 0px 0px 0px","sm":"   ","xs":"   "},"background_type":"none","background_gradient":{"color":"#00c6fb","color2":"#005bea","deg":"45","type":"linear"},"background_image":"","background_parallax":"0","background_repeat":"no-repeat","background_size":"cover","background_attachment":"fixed","background_position":"0 0","external_background_video":"0","show_top_shape":0,"shape_name":"clouds-flat","shape_color":"#e5e5e5","shape_width":{"md":100,"sm":100,"xs":100},"shape_height":"","shape_flip":false,"shape_invert":false,"shape_to_front":false,"show_bottom_shape":0,"bottom_shape_name":"clouds-opacity","bottom_shape_color":"#e5e5e5","bottom_shape_width":{"md":100,"sm":100,"xs":100},"bottom_shape_height":"","bottom_shape_flip":false,"bottom_shape_invert":false,"bottom_shape_to_front":false,"hidden_xs":"","hidden_sm":"","hidden_md":"","animationduration":"300","animationdelay":"0","instFormId":1515586620191},"layout":"6,6","visibility":true,"columns":[{"id":1515586620192,"class_name":"col-md-6","visibility":true,"settings":{"background_type":"none","background_gradient":{"color":"#00c6fb","color2":"#005bea","deg":"45","type":"linear"},"background_image":"","background_repeat":"no-repeat","background_size":"cover","background_attachment":"scroll","background_position":"0 0","items_align_center":0,"use_border":0,"border_width":"","border_radius":0,"boxshadow":"0 0 0 0 #fff","sm_col":"col-sm-6","xs_col":"col-xs-6","hidden_xs":0,"hidden_sm":0,"hidden_md":0,"animationduration":"300","animationdelay":"0","instFormId":1515586620192,"padding":{"md":"   ","sm":"   ","xs":"   "},"margin":{"md":"   ","sm":"   ","xs":"   "}},"addons":[{"id":1515586620205,"name":"image","visibility":true,"settings":{"admin_label":"","title":"","heading_selector":"h3","title_fontsize":"","title_lineheight":"","title_letterspace":"0","title_position":"top","image":"https://sppagebuilder.com/sample-data/images/2018/01/10/food4.jpg","border_radius":0,"alt_text":"Image","position":"sppb-text-center","open_lightbox":1,"overlay_color":"rgba(119, 219, 31, .8)","link":"","class":"","global_background_type":"none","global_background_gradient":{"color":"#00c6fb","color2":"#005bea","deg":"45","type":"linear"},"global_use_overlay":0,"global_background_repeat":"no-repeat","global_background_size":"cover","global_background_attachment":"inherit","global_user_border":0,"global_border_width":"","global_border_radius":0,"global_margin":{"md":"0 0 30px 0","sm":"0 0 30px 0","xs":"0 0 30px 0"},"global_padding":{"md":"   ","sm":"   ","xs":"   "},"global_boxshadow":"0 0 0 0 #ffffff","global_use_animation":0,"global_animationduration":"300","global_animationdelay":"0","global_custom_css":"","use_global_width":"0","hidden_md":"0","hidden_sm":"0","hidden_xs":"0","acl":"","instFormId":1515586620205}},{"id":1515586620200,"name":"image","visibility":true,"settings":{"admin_label":"","title":"","heading_selector":"h3","title_fontsize":"","title_lineheight":"","title_letterspace":"0","title_position":"top","image":"https://sppagebuilder.com/sample-data/images/2018/01/10/food1.jpg","border_radius":0,"alt_text":"Image","position":"sppb-text-center","open_lightbox":1,"overlay_color":"rgba(119, 219, 31, .8)","link":"","class":"","global_background_type":"none","global_background_gradient":{"color":"#00c6fb","color2":"#005bea","deg":"45","type":"linear"},"global_use_overlay":0,"global_background_repeat":"no-repeat","global_background_size":"cover","global_background_attachment":"inherit","global_user_border":0,"global_border_width":"","global_border_radius":0,"global_margin":{"md":"0 0 30px 0","sm":"0 0 20px 0","xs":"0 0 10px 0"},"global_padding":"","global_boxshadow":"0 0 0 0 #ffffff","global_use_animation":0,"global_animationduration":"300","global_animationdelay":"0","global_custom_css":"","use_global_width":"0","hidden_md":"0","hidden_sm":"0","hidden_xs":"0","acl":"","instFormId":1515586620200}}]},{"id":1515586620195,"class_name":"col-md-6","visibility":true,"settings":{"background_type":"none","background_gradient":{"color":"#00c6fb","color2":"#005bea","deg":"45","type":"linear"},"background_image":"","background_repeat":"no-repeat","background_size":"cover","background_attachment":"scroll","background_position":"0 0","items_align_center":0,"use_border":0,"border_width":"","border_radius":0,"boxshadow":"0 0 0 0 #fff","sm_col":"col-sm-6","xs_col":"col-xs-6","hidden_xs":0,"hidden_sm":0,"hidden_md":0,"animationduration":"300","animationdelay":"0","instFormId":1515586620195,"padding":{"md":"   ","sm":"   ","xs":"   "},"margin":{"md":"   ","sm":"   ","xs":"   "}},"addons":[{"id":1515586644354,"name":"image","visibility":true,"settings":{"admin_label":"","title":"","heading_selector":"h3","title_fontsize":"","title_lineheight":"","title_letterspace":"0","title_position":"top","image":"https://sppagebuilder.com/sample-data/images/2018/01/10/food3.jpg","border_radius":0,"alt_text":"Image","position":"sppb-text-center","open_lightbox":1,"overlay_color":"rgba(119, 219, 31, .8)","link":"","class":"","global_background_type":"none","global_background_gradient":{"color":"#00c6fb","color2":"#005bea","deg":"45","type":"linear"},"global_use_overlay":0,"global_background_repeat":"no-repeat","global_background_size":"cover","global_background_attachment":"inherit","global_user_border":0,"global_border_width":"","global_border_radius":0,"global_margin":{"md":"0 0 30px 0","sm":"0 0 30px 0","xs":"0 0 30px 0"},"global_padding":{"md":"   ","sm":"   ","xs":"   "},"global_boxshadow":"0 0 0 0 #ffffff","global_use_animation":0,"global_animationduration":"300","global_animationdelay":"0","global_custom_css":"","use_global_width":"0","hidden_md":"0","hidden_sm":"0","hidden_xs":"0","acl":"","instFormId":1515586644354}},{"id":1515586620210,"name":"image","visibility":true,"settings":{"admin_label":"","title":"","heading_selector":"h3","title_fontsize":"","title_lineheight":"","title_letterspace":"0","title_position":"top","image":"https://sppagebuilder.com/sample-data/images/2018/01/10/food2.jpg","border_radius":0,"alt_text":"Image","position":"sppb-text-center","open_lightbox":1,"overlay_color":"rgba(119, 219, 31, .8)","link":"","class":"","global_background_type":"none","global_background_gradient":{"color":"#00c6fb","color2":"#005bea","deg":"45","type":"linear"},"global_use_overlay":0,"global_background_repeat":"no-repeat","global_background_size":"cover","global_background_attachment":"inherit","global_user_border":0,"global_border_width":"","global_border_radius":0,"global_margin":{"md":"0 0 30px 0","sm":"0 0 20px 0","xs":"0 0 10px 0"},"global_padding":"","global_boxshadow":"0 0 0 0 #ffffff","global_use_animation":0,"global_animationduration":"300","global_animationdelay":"0","global_custom_css":"","use_global_width":"0","hidden_md":"0","hidden_sm":"0","hidden_xs":"0","acl":"","instFormId":1515586620210}}]}]}]},{"id":1515576869704,"class_name":"col-md-6","visibility":true,"settings":{"background_type":"none","background_gradient":{"color":"#00c6fb","color2":"#005bea","deg":"45","type":"linear"},"background_image":"","background_repeat":"no-repeat","background_size":"cover","background_attachment":"scroll","background_position":"0 0","items_align_center":0,"use_border":0,"border_width":"","border_radius":0,"boxshadow":"0 0 0 0 #fff","sm_col":"","xs_col":"","hidden_xs":"","hidden_sm":"","hidden_md":"","animationduration":"300","animationdelay":"0","instFormId":1515576869704,"padding":{"md":"0px 0px 0px 100px","sm":"0px 0px 0px 0px","xs":"0px 0px 0px 0px"},"margin":{"md":"   ","sm":"   ","xs":"   "}},"addons":[{"id":1515576869705,"name":"heading","visibility":true,"settings":{"admin_label":"","title":"Discover Menu","heading_selector":"h2","use_link":0,"title_link":"","link_new_tab":"","title_fontsize":{"md":"64","sm":"","xs":"30"},"title_lineheight":{"md":"75","sm":"","xs":"40"},"title_letterspace":"0","title_text_transform":"none","title_margin":{"md":"0px 0px 0px 0px","sm":"   ","xs":"   "},"title_padding":{"md":"0px 0px 0px 0px","sm":"   ","xs":"   "},"title_icon_position":"before","alignment":"sppb-text-left","title_text_shadow":{"ho":0,"vo":0,"blur":0,"spread":0,"color":"","inset":false},"class":"","global_background_type":"none","global_background_gradient":{"color":"#00c6fb","color2":"#005bea","deg":"45","type":"linear"},"global_use_overlay":0,"global_background_repeat":"no-repeat","global_background_size":"cover","global_background_attachment":"inherit","global_user_border":0,"global_border_width":"","global_border_radius":0,"global_margin":{"md":"0 0 20px 0","sm":"0 0 20px 0","xs":"0 0 10px 0"},"global_padding":{"md":"   ","sm":"   ","xs":"   "},"global_boxshadow":"0 0 0 0 #ffffff","global_use_animation":0,"global_animationduration":"300","global_animationdelay":"0","global_custom_css":"","use_global_width":0,"hidden_md":0,"hidden_sm":0,"hidden_xs":0,"acl":"","instFormId":1515576869705,"title_font_family":"Lobster Two","title_font_style":{"italic":true,"weight":100},"global_text_color":"#4A4A4A "}},{"id":1515576869706,"name":"text_block","visibility":true,"settings":{"admin_label":"","title":"","heading_selector":"h3","title_fontsize":"","title_lineheight":"","title_letterspace":"0","text":"Beryl Cook is one of Britain&rsquo;s most talented and amusing artists .Beryl&rsquo;s pictures feature women of all shapes and sizes enjoying themselves .","alignment":"","text_fontsize":{"md":"16","sm":"","xs":"14"},"text_lineheight":{"md":"26","sm":"","xs":"22"},"dropcap":0,"class":"","global_background_type":"none","global_background_gradient":{"color":"#00c6fb","color2":"#005bea","deg":"45","type":"linear"},"global_use_overlay":0,"global_background_repeat":"no-repeat","global_background_size":"cover","global_background_attachment":"inherit","global_user_border":0,"global_border_width":"","global_border_radius":0,"global_margin":{"md":"0 0 30px 0","sm":"0 0 20px 0","xs":"0 0 10px 0"},"global_padding":{"md":"   ","sm":"   ","xs":"   "},"global_boxshadow":"0 0 0 0 #ffffff","global_use_animation":0,"global_animationduration":"300","global_animationdelay":"0","global_custom_css":"","use_global_width":"0","hidden_md":"0","hidden_sm":"0","hidden_xs":"0","acl":"","instFormId":1515582515389,"global_text_color":"#989898"}},{"id":1515576869707,"name":"button","visibility":true,"settings":{"admin_label":"","text":"See All Menu","alignment":"sppb-text-left","letterspace":"0","type":"custom","appearance":"outline","background_color":"#66AD35 ","color":"#66AD35 ","background_color_hover":"#66AD35 ","color_hover":"#FFFFFF","button_padding":{"md":"14px 50px 14px 50px","sm":"10px 25px 10px 25px","xs":"10px 25px 10px 25px"},"icon_position":"left","class":"","global_background_type":"none","global_background_gradient":{"color":"#00c6fb","color2":"#005bea","deg":"45","type":"linear"},"global_use_overlay":0,"global_background_repeat":"no-repeat","global_background_size":"cover","global_background_attachment":"inherit","global_user_border":0,"global_border_width":"","global_border_radius":0,"global_margin":{"md":"0 0 30px 0","sm":"0 0 20px 0","xs":"0 0 10px 0"},"global_padding":"","global_boxshadow":"0 0 0 0 #ffffff","global_use_animation":0,"global_animationduration":"300","global_animationdelay":"0","global_custom_css":"","use_global_width":"0","hidden_md":"0","hidden_sm":"0","hidden_xs":"0","acl":"","instFormId":1515576869707,"url":"#","font_family":"Cabin","shape":"round"}}]}]},{"id":1515586620264,"visibility":true,"collapse":false,"settings":{"admin_label":"","title":"","heading_selector":"h3","title_fontsize":"","title_fontweight":"","title_position":"sppb-text-center","columns_align_center":0,"fullscreen":0,"no_gutter":0,"padding":{"md":"220px 0px 160px 0px","sm":"   ","xs":"50px 0px 50px 0px"},"margin":{"md":"0px 0px 0px 0px","sm":"   ","xs":"   "},"background_type":"image","background_gradient":{"color":"#00c6fb","color2":"#005bea","deg":"45","type":"linear"},"background_image":"https://sppagebuilder.com/sample-data/images/2018/01/10/cta-bg.jpg","background_parallax":0,"background_repeat":"no-repeat","background_size":"cover","background_attachment":"","background_position":"50% 50%","external_background_video":"0","show_top_shape":0,"shape_name":"clouds-flat","shape_color":"#e5e5e5","shape_width":{"md":100,"sm":100,"xs":100},"shape_height":"","shape_flip":false,"shape_invert":false,"shape_to_front":false,"show_bottom_shape":0,"bottom_shape_name":"clouds-opacity","bottom_shape_color":"#e5e5e5","bottom_shape_width":{"md":100,"sm":100,"xs":100},"bottom_shape_height":"","bottom_shape_flip":false,"bottom_shape_invert":false,"bottom_shape_to_front":false,"hidden_xs":"","hidden_sm":"","hidden_md":"","animationduration":"300","animationdelay":"0","instFormId":1515586620264,"color":"#fff"},"layout":"12","columns":[{"id":1515586620263,"class_name":"col-md-12","visibility":true,"settings":{"background_type":"none","background_gradient":{"color":"#00c6fb","color2":"#005bea","deg":"45","type":"linear"},"background_image":"","background_repeat":"no-repeat","background_size":"cover","background_attachment":"scroll","background_position":"0 0","items_align_center":0,"use_border":0,"border_width":"","border_radius":0,"boxshadow":"0 0 0 0 #fff","sm_col":"","xs_col":"","hidden_xs":"","hidden_sm":"","hidden_md":"","animationduration":"300","animationdelay":"0"},"addons":[{"id":1515586620267,"name":"heading","visibility":true,"settings":{"admin_label":"","title":"- Green Tea -","heading_selector":"h2","use_link":0,"title_link":"","link_new_tab":"","title_fontsize":{"md":"64","sm":"","xs":"30"},"title_lineheight":{"md":"75","sm":"","xs":"40"},"title_letterspace":"0","title_text_transform":"none","title_margin":{"md":"0px 0px 0px 0px","sm":"   ","xs":"   "},"title_padding":{"md":"0px 0px 0px 0px","sm":"   ","xs":"   "},"title_icon_position":"before","alignment":"sppb-text-center","title_text_shadow":{"ho":0,"vo":0,"blur":0,"spread":0,"color":"","inset":false},"class":"","global_background_type":"none","global_background_gradient":{"color":"#00c6fb","color2":"#005bea","deg":"45","type":"linear"},"global_use_overlay":0,"global_background_repeat":"no-repeat","global_background_size":"cover","global_background_attachment":"inherit","global_user_border":0,"global_border_width":"","global_border_radius":0,"global_margin":{"md":"0 0 10px 0","sm":"0 0 20px 0","xs":"0 0 10px 0"},"global_padding":{"md":"   ","sm":"   ","xs":"   "},"global_boxshadow":"0 0 0 0 #ffffff","global_use_animation":0,"global_animationduration":"300","global_animationdelay":"0","global_custom_css":"","use_global_width":0,"hidden_md":0,"hidden_sm":0,"hidden_xs":0,"acl":"","instFormId":1515586620267,"title_font_family":"Lobster Two","title_font_style":{"italic":true,"weight":100},"global_text_color":""}},{"id":1515587030208,"name":"heading","visibility":true,"settings":{"admin_label":"","title":"Today’s Special","heading_selector":"h3","use_link":0,"title_link":"","link_new_tab":"","title_fontsize":{"md":"24","sm":"","xs":""},"title_lineheight":{"md":"35","sm":"","xs":""},"title_letterspace":"0","title_text_transform":"none","title_margin":{"md":"0px 0px 30px 0px","sm":"   ","xs":"   "},"title_padding":{"md":"0px 0px 0px 0px","sm":"   ","xs":"   "},"title_icon_position":"before","alignment":"sppb-text-center","title_text_shadow":"","class":"","global_background_type":"none","global_background_gradient":{"color":"#00c6fb","color2":"#005bea","deg":"45","type":"linear"},"global_use_overlay":0,"global_background_repeat":"no-repeat","global_background_size":"cover","global_background_attachment":"inherit","global_user_border":0,"global_border_width":"","global_border_radius":0,"global_margin":{"md":"0 0 30px 0","sm":"0 0 20px 0","xs":"0 0 10px 0"},"global_padding":"","global_boxshadow":"0 0 0 0 #ffffff","global_use_animation":0,"global_animationduration":"300","global_animationdelay":"0","global_custom_css":"","use_global_width":"0","hidden_md":"0","hidden_sm":"0","hidden_xs":"0","acl":"","instFormId":1515587030208,"title_font_style":{"weight":""}}}]}]},{"id":1515586620333,"visibility":true,"collapse":false,"settings":{"admin_label":"","title":"","heading_selector":"h3","title_fontsize":"","title_fontweight":"","title_position":"sppb-text-center","columns_align_center":0,"fullscreen":0,"no_gutter":0,"padding":{"md":"90px 0px 70px 0px","sm":"   ","xs":"50px 0px 50px 0px"},"margin":{"md":"0px 0px 0px 0px","sm":"   ","xs":"   "},"background_type":"none","background_gradient":{"color":"#00c6fb","color2":"#005bea","deg":"45","type":"linear"},"background_image":"","background_parallax":"0","background_repeat":"no-repeat","background_size":"cover","background_attachment":"fixed","background_position":"0 0","external_background_video":"0","show_top_shape":0,"shape_name":"clouds-flat","shape_color":"#e5e5e5","shape_width":{"md":100,"sm":100,"xs":100},"shape_height":"","shape_flip":false,"shape_invert":false,"shape_to_front":false,"show_bottom_shape":0,"bottom_shape_name":"clouds-opacity","bottom_shape_color":"#e5e5e5","bottom_shape_width":{"md":100,"sm":100,"xs":100},"bottom_shape_height":"","bottom_shape_flip":false,"bottom_shape_invert":false,"bottom_shape_to_front":false,"hidden_xs":"","hidden_sm":"","hidden_md":"","animationduration":"300","animationdelay":"0","instFormId":1515586620333},"layout":"12,6,6","columns":[{"id":1515586620332,"class_name":"col-md-12","visibility":true,"settings":{"background_type":"none","background_gradient":{"color":"#00c6fb","color2":"#005bea","deg":"45","type":"linear"},"background_image":"","background_repeat":"no-repeat","background_size":"cover","background_attachment":"scroll","background_position":"0 0","items_align_center":0,"use_border":0,"border_width":"","border_radius":0,"boxshadow":"0 0 0 0 #fff","sm_col":"","xs_col":"","hidden_xs":"","hidden_sm":"","hidden_md":"","animationduration":"300","animationdelay":"0"},"addons":[{"id":1515586620336,"name":"heading","visibility":true,"settings":{"admin_label":"","title":"Special Menu","heading_selector":"h2","use_link":0,"title_link":"","link_new_tab":"","title_fontsize":{"md":"64","sm":"","xs":"30"},"title_lineheight":{"md":"75","sm":"","xs":"40"},"title_letterspace":"0","title_text_transform":"none","title_margin":{"md":"0px 0px 0px 0px","sm":"   ","xs":"   "},"title_padding":{"md":"0px 0px 0px 0px","sm":"   ","xs":"   "},"title_icon_position":"before","alignment":"sppb-text-center","title_text_shadow":{"ho":0,"vo":0,"blur":0,"spread":0,"color":"","inset":false},"class":"","global_background_type":"none","global_background_gradient":{"color":"#00c6fb","color2":"#005bea","deg":"45","type":"linear"},"global_use_overlay":0,"global_background_repeat":"no-repeat","global_background_size":"cover","global_background_attachment":"inherit","global_user_border":0,"global_border_width":"","global_border_radius":0,"global_margin":{"md":"0 0 20px 0","sm":"0 0 20px 0","xs":"0 0 10px 0"},"global_padding":{"md":"   ","sm":"   ","xs":"   "},"global_boxshadow":"0 0 0 0 #ffffff","global_use_animation":0,"global_animationduration":"300","global_animationdelay":"0","global_custom_css":"","use_global_width":0,"hidden_md":0,"hidden_sm":0,"hidden_xs":0,"acl":"","instFormId":1515586620336,"title_font_family":"Lobster Two","title_font_style":{"italic":true,"weight":100},"global_text_color":"#4A4A4A "}},{"id":1515586620339,"name":"text_block","visibility":true,"settings":{"admin_label":"","title":"","heading_selector":"h3","title_fontsize":"","title_lineheight":"","title_letterspace":"0","text":"Beryl Cook is one of Britain&rsquo;s most talented and amusing artists .Beryl&rsquo;s pictures feature women of all shapes and sizes enjoying themselves .","alignment":"sppb-text-center","text_fontsize":{"md":"16","sm":"","xs":"14"},"text_lineheight":{"md":"26","sm":"","xs":"22"},"dropcap":0,"class":"","global_background_type":"none","global_background_gradient":{"color":"#00c6fb","color2":"#005bea","deg":"45","type":"linear"},"global_use_overlay":0,"global_background_repeat":"no-repeat","global_background_size":"cover","global_background_attachment":"inherit","global_user_border":0,"global_border_width":"","global_border_radius":0,"global_margin":{"md":"0px auto 80px auto","sm":" auto 50px auto","xs":" auto 30px auto"},"global_padding":{"md":"   ","sm":"   ","xs":"   "},"global_boxshadow":"0 0 0 0 #ffffff","global_use_animation":0,"global_animationduration":"300","global_animationdelay":"0","global_custom_css":"","use_global_width":1,"hidden_md":0,"hidden_sm":0,"hidden_xs":0,"acl":"","instFormId":1515586620339,"global_text_color":"#989898","global_width":{"md":"56","sm":"75","xs":"100"}}}]},{"id":1515754787431,"class_name":"col-md-6","visibility":true,"settings":{"background_type":"none","background_gradient":{"color":"#00c6fb","color2":"#005bea","deg":"45","type":"linear"},"background_image":"","background_repeat":"no-repeat","background_size":"cover","background_attachment":"scroll","background_position":"0 0","items_align_center":0,"use_border":0,"border_width":"","border_radius":0,"boxshadow":"0 0 0 0 #fff","sm_col":"col-sm-6","xs_col":"","hidden_xs":0,"hidden_sm":0,"hidden_md":0,"animationduration":"300","animationdelay":"0","instFormId":1515754787431,"padding":{"md":"   ","sm":"   ","xs":"   "},"margin":{"md":"   ","sm":"   ","xs":"   "}},"addons":[{"id":1515647815879,"name":"text_block","visibility":true,"settings":{"admin_label":"","title":"Sweet and Sour Pork","heading_selector":"h3","title_fontsize":{"md":"24","sm":"","xs":"20"},"title_lineheight":{"md":"35","sm":"","xs":""},"title_letterspace":"0","text":"<strong style=\"color: rgba(102,173,53,1);\">$49</strong>","alignment":"","text_fontsize":{"md":"24","sm":"","xs":"14"},"text_lineheight":{"md":"32","sm":"","xs":"20"},"dropcap":0,"class":"","global_background_type":"color","global_background_gradient":{"color":"#00c6fb","color2":"#005bea","deg":"45","type":"linear"},"global_use_overlay":0,"global_background_repeat":"no-repeat","global_background_size":"cover","global_background_attachment":"inherit","global_user_border":0,"global_border_width":"","global_border_radius":{"md":"3","sm":"","xs":""},"global_margin":{"md":"0 0 30px 0","sm":"0 0 20px 0","xs":"0 0 10px 0"},"global_padding":{"md":"30px 30px 30px 30px","sm":"   ","xs":"   "},"global_boxshadow":"0 0 0 0 #ffffff","global_use_animation":1,"global_animationduration":"","global_animationdelay":"","global_custom_css":"#addonId,.sppb-addon-title{\n\ttransition: .3s;\n}\n.sppb-addon-title{\n\tmargin-bottom: 0px !important;\n}\n#addonId:hover{\n\tbackground-color: #66AD35;\n  color: #fff;\n}\n#addonId:hover .sppb-addon-title{\n  color: #fff;\n}\n#addonId:hover .sppb-addon-content *{\n\tcolor: #fff !important;\n}\n.sppb-addon{\n\tdisplay: flex;\n  justify-content: space-between;\n  align-items: center;\n}\n\n  ","use_global_width":"0","hidden_md":"0","hidden_sm":"0","hidden_xs":"0","acl":"","instFormId":1515647815879,"title_text_color":"#4A4A4A ","font_family":"Lobster Two","global_background_color":"#eff6ea","title_margin_top":{"md":"0","sm":"","xs":""},"title_margin_bottom":{"md":"7","sm":"","xs":""},"global_text_color":"#989898","text_font_family":"Cabin","global_animation":"fadeIn"}},{"id":1516871781352,"name":"text_block","visibility":true,"settings":{"admin_label":"","title":"Ma Po Tofu","heading_selector":"h3","title_fontsize":{"md":"24","sm":"","xs":"20"},"title_lineheight":{"md":"35","sm":"","xs":""},"title_letterspace":"0","text":"<strong style=\"color: rgba(102,173,53,1);\">$54</strong>","alignment":"","text_fontsize":{"md":"24","sm":"","xs":"14"},"text_lineheight":{"md":"32","sm":"","xs":"20"},"dropcap":0,"class":"","global_background_type":"color","global_background_gradient":{"color":"#00c6fb","color2":"#005bea","deg":"45","type":"linear"},"global_use_overlay":0,"global_background_repeat":"no-repeat","global_background_size":"cover","global_background_attachment":"inherit","global_user_border":0,"global_border_width":"","global_border_radius":{"md":"3","sm":"","xs":""},"global_margin":{"md":"0 0 30px 0","sm":"0 0 20px 0","xs":"0 0 10px 0"},"global_padding":{"md":"30px 30px 30px 30px","sm":"   ","xs":"   "},"global_boxshadow":"0 0 0 0 #ffffff","global_use_animation":1,"global_animationduration":"","global_animationdelay":"400","global_custom_css":"#addonId,.sppb-addon-title{\n\ttransition: .3s;\n}\n.sppb-addon-title{\n\tmargin-bottom: 0px !important;\n}\n#addonId:hover{\n\tbackground-color: #66AD35;\n  color: #fff;\n}\n#addonId:hover .sppb-addon-title{\n  color: #fff;\n}\n#addonId:hover .sppb-addon-content *{\n\tcolor: #fff !important;\n}\n.sppb-addon{\n\tdisplay: flex;\n  justify-content: space-between;\n  align-items: center;\n}\n\n  ","use_global_width":"0","hidden_md":"0","hidden_sm":"0","hidden_xs":"0","acl":"","instFormId":1516871781352,"title_text_color":"#4A4A4A ","font_family":"Lobster Two","global_background_color":"#eff6ea","title_margin_top":{"md":"0","sm":"","xs":""},"title_margin_bottom":{"md":"7","sm":"","xs":""},"global_text_color":"#989898","text_font_family":"Cabin","global_animation":"fadeIn"}},{"id":1516871781349,"name":"text_block","visibility":true,"settings":{"admin_label":"","title":"Dumplings","heading_selector":"h3","title_fontsize":{"md":"24","sm":"","xs":"20"},"title_lineheight":{"md":"35","sm":"","xs":""},"title_letterspace":"0","text":"<strong style=\"color: rgba(102,173,53,1);\">$37</strong>","alignment":"","text_fontsize":{"md":"24","sm":"","xs":"14"},"text_lineheight":{"md":"32","sm":"","xs":"20"},"dropcap":0,"class":"","global_background_type":"color","global_background_gradient":{"color":"#00c6fb","color2":"#005bea","deg":"45","type":"linear"},"global_use_overlay":0,"global_background_repeat":"no-repeat","global_background_size":"cover","global_background_attachment":"inherit","global_user_border":0,"global_border_width":"","global_border_radius":{"md":"3","sm":"","xs":""},"global_margin":{"md":"0 0 30px 0","sm":"0 0 20px 0","xs":"0 0 10px 0"},"global_padding":{"md":"30px 30px 30px 30px","sm":"   ","xs":"   "},"global_boxshadow":"0 0 0 0 #ffffff","global_use_animation":1,"global_animationduration":"","global_animationdelay":"800","global_custom_css":"#addonId,.sppb-addon-title{\n\ttransition: .3s;\n}\n.sppb-addon-title{\n\tmargin-bottom: 0px !important;\n}\n#addonId:hover{\n\tbackground-color: #66AD35;\n  color: #fff;\n}\n#addonId:hover .sppb-addon-title{\n  color: #fff;\n}\n#addonId:hover .sppb-addon-content *{\n\tcolor: #fff !important;\n}\n.sppb-addon{\n\tdisplay: flex;\n  justify-content: space-between;\n  align-items: center;\n}\n\n  ","use_global_width":"0","hidden_md":"0","hidden_sm":"0","hidden_xs":"0","acl":"","instFormId":1516871781349,"title_text_color":"#4A4A4A ","font_family":"Lobster Two","global_background_color":"#eff6ea","title_margin_top":{"md":"0","sm":"","xs":""},"title_margin_bottom":{"md":"7","sm":"","xs":""},"global_text_color":"#989898","text_font_family":"Cabin","global_animation":"fadeIn"}},{"id":1516871781346,"name":"text_block","visibility":true,"settings":{"admin_label":"","title":"Peking Roasted Duck\n","heading_selector":"h3","title_fontsize":{"md":"24","sm":"","xs":"20"},"title_lineheight":{"md":"35","sm":"","xs":""},"title_letterspace":"0","text":"<strong style=\"color: rgba(102,173,53,1);\">$88</strong>","alignment":"","text_fontsize":{"md":"24","sm":"","xs":"14"},"text_lineheight":{"md":"32","sm":"","xs":"20"},"dropcap":0,"class":"","global_background_type":"color","global_background_gradient":{"color":"#00c6fb","color2":"#005bea","deg":"45","type":"linear"},"global_use_overlay":0,"global_background_repeat":"no-repeat","global_background_size":"cover","global_background_attachment":"inherit","global_user_border":0,"global_border_width":"","global_border_radius":{"md":"3","sm":"","xs":""},"global_margin":{"md":"0 0 30px 0","sm":"0 0 20px 0","xs":"0 0 10px 0"},"global_padding":{"md":"30px 30px 30px 30px","sm":"   ","xs":"   "},"global_boxshadow":"0 0 0 0 #ffffff","global_use_animation":1,"global_animationduration":"","global_animationdelay":"1200","global_custom_css":"#addonId,.sppb-addon-title{\n\ttransition: .3s;\n}\n.sppb-addon-title{\n\tmargin-bottom: 0px !important;\n}\n#addonId:hover{\n\tbackground-color: #66AD35;\n  color: #fff;\n}\n#addonId:hover .sppb-addon-title{\n  color: #fff;\n}\n#addonId:hover .sppb-addon-content *{\n\tcolor: #fff !important;\n}\n.sppb-addon{\n\tdisplay: flex;\n  justify-content: space-between;\n  align-items: center;\n}\n\n  ","use_global_width":"0","hidden_md":"0","hidden_sm":"0","hidden_xs":"0","acl":"","instFormId":1516871781346,"title_text_color":"#4A4A4A ","font_family":"Lobster Two","global_background_color":"#eff6ea","title_margin_top":{"md":"0","sm":"","xs":""},"title_margin_bottom":{"md":"7","sm":"","xs":""},"global_text_color":"#989898","text_font_family":"Cabin","global_animation":"fadeIn"}}]},{"id":1515754787432,"class_name":"col-md-6","visibility":true,"settings":{"background_type":"none","background_gradient":{"color":"#00c6fb","color2":"#005bea","deg":"45","type":"linear"},"background_image":"","background_repeat":"no-repeat","background_size":"cover","background_attachment":"scroll","background_position":"0 0","items_align_center":0,"use_border":0,"border_width":"","border_radius":0,"boxshadow":"0 0 0 0 #fff","sm_col":"col-sm-6","xs_col":"","hidden_xs":0,"hidden_sm":0,"hidden_md":0,"animationduration":"300","animationdelay":"0","instFormId":1515754787432,"padding":{"md":"   ","sm":"   ","xs":"   "},"margin":{"md":"   ","sm":"   ","xs":"   "}},"addons":[{"id":1516871781355,"name":"text_block","visibility":true,"settings":{"admin_label":"","title":"Sweet and Sour Pork","heading_selector":"h3","title_fontsize":{"md":"24","sm":"","xs":"20"},"title_lineheight":{"md":"35","sm":"","xs":""},"title_letterspace":"0","text":"<strong style=\"color: rgba(102,173,53,1);\">$77</strong>","alignment":"","text_fontsize":{"md":"24","sm":"","xs":"14"},"text_lineheight":{"md":"32","sm":"","xs":"20"},"dropcap":0,"class":"","global_background_type":"color","global_background_gradient":{"color":"#00c6fb","color2":"#005bea","deg":"45","type":"linear"},"global_use_overlay":0,"global_background_repeat":"no-repeat","global_background_size":"cover","global_background_attachment":"inherit","global_user_border":0,"global_border_width":"","global_border_radius":{"md":"3","sm":"","xs":""},"global_margin":{"md":"0 0 30px 0","sm":"0 0 20px 0","xs":"0 0 10px 0"},"global_padding":{"md":"30px 30px 30px 30px","sm":"   ","xs":"   "},"global_boxshadow":"0 0 0 0 #ffffff","global_use_animation":1,"global_animationduration":"","global_animationdelay":"200","global_custom_css":"#addonId,.sppb-addon-title{\n\ttransition: .3s;\n}\n.sppb-addon-title{\n\tmargin-bottom: 0px !important;\n}\n#addonId:hover{\n\tbackground-color: #66AD35;\n  color: #fff;\n}\n#addonId:hover .sppb-addon-title{\n  color: #fff;\n}\n#addonId:hover .sppb-addon-content *{\n\tcolor: #fff !important;\n}\n.sppb-addon{\n\tdisplay: flex;\n  justify-content: space-between;\n  align-items: center;\n}\n\n  ","use_global_width":"0","hidden_md":"0","hidden_sm":"0","hidden_xs":"0","acl":"","instFormId":1516871781355,"title_text_color":"#4A4A4A ","font_family":"Lobster Two","global_background_color":"#eff6ea","title_margin_top":{"md":"0","sm":"","xs":""},"title_margin_bottom":{"md":"7","sm":"","xs":""},"global_text_color":"#989898","text_font_family":"Cabin","global_animation":"fadeIn"}},{"id":1516871781424,"name":"text_block","visibility":true,"settings":{"admin_label":"","title":"Gong Bao Chicken","heading_selector":"h3","title_fontsize":{"md":"24","sm":"","xs":"20"},"title_lineheight":{"md":"35","sm":"","xs":""},"title_letterspace":"0","text":"<strong style=\"color: rgba(102,173,53,1);\">$22</strong>","alignment":"","text_fontsize":{"md":"24","sm":"","xs":"14"},"text_lineheight":{"md":"32","sm":"","xs":"20"},"dropcap":0,"class":"","global_background_type":"color","global_background_gradient":{"color":"#00c6fb","color2":"#005bea","deg":"45","type":"linear"},"global_use_overlay":0,"global_background_repeat":"no-repeat","global_background_size":"cover","global_background_attachment":"inherit","global_user_border":0,"global_border_width":"","global_border_radius":{"md":"3","sm":"","xs":""},"global_margin":{"md":"0 0 30px 0","sm":"0 0 20px 0","xs":"0 0 10px 0"},"global_padding":{"md":"30px 30px 30px 30px","sm":"   ","xs":"   "},"global_boxshadow":"0 0 0 0 #ffffff","global_use_animation":1,"global_animationduration":"","global_animationdelay":"600","global_custom_css":"#addonId,.sppb-addon-title{\n\ttransition: .3s;\n}\n.sppb-addon-title{\n\tmargin-bottom: 0px !important;\n}\n#addonId:hover{\n\tbackground-color: #66AD35;\n  color: #fff;\n}\n#addonId:hover .sppb-addon-title{\n  color: #fff;\n}\n#addonId:hover .sppb-addon-content *{\n\tcolor: #fff !important;\n}\n.sppb-addon{\n\tdisplay: flex;\n  justify-content: space-between;\n  align-items: center;\n}\n\n  ","use_global_width":"0","hidden_md":"0","hidden_sm":"0","hidden_xs":"0","acl":"","instFormId":1516871781424,"title_text_color":"#4A4A4A ","font_family":"Lobster Two","global_background_color":"#eff6ea","title_margin_top":{"md":"0","sm":"","xs":""},"title_margin_bottom":{"md":"7","sm":"","xs":""},"global_text_color":"#989898","text_font_family":"Cabin","global_animation":"fadeIn"}},{"id":1516871781421,"name":"text_block","visibility":true,"settings":{"admin_label":"","title":"Wontons","heading_selector":"h3","title_fontsize":{"md":"24","sm":"","xs":"20"},"title_lineheight":{"md":"35","sm":"","xs":""},"title_letterspace":"0","text":"<strong style=\"color: rgba(102,173,53,1);\">$34</strong>","alignment":"","text_fontsize":{"md":"24","sm":"","xs":"14"},"text_lineheight":{"md":"32","sm":"","xs":"20"},"dropcap":0,"class":"","global_background_type":"color","global_background_gradient":{"color":"#00c6fb","color2":"#005bea","deg":"45","type":"linear"},"global_use_overlay":0,"global_background_repeat":"no-repeat","global_background_size":"cover","global_background_attachment":"inherit","global_user_border":0,"global_border_width":"","global_border_radius":{"md":"3","sm":"","xs":""},"global_margin":{"md":"0 0 30px 0","sm":"0 0 20px 0","xs":"0 0 10px 0"},"global_padding":{"md":"30px 30px 30px 30px","sm":"   ","xs":"   "},"global_boxshadow":"0 0 0 0 #ffffff","global_use_animation":1,"global_animationduration":"","global_animationdelay":"1000","global_custom_css":"#addonId,.sppb-addon-title{\n\ttransition: .3s;\n}\n.sppb-addon-title{\n\tmargin-bottom: 0px !important;\n}\n#addonId:hover{\n\tbackground-color: #66AD35;\n  color: #fff;\n}\n#addonId:hover .sppb-addon-title{\n  color: #fff;\n}\n#addonId:hover .sppb-addon-content *{\n\tcolor: #fff !important;\n}\n.sppb-addon{\n\tdisplay: flex;\n  justify-content: space-between;\n  align-items: center;\n}\n\n  ","use_global_width":"0","hidden_md":"0","hidden_sm":"0","hidden_xs":"0","acl":"","instFormId":1516871781421,"title_text_color":"#4A4A4A ","font_family":"Lobster Two","global_background_color":"#eff6ea","title_margin_top":{"md":"0","sm":"","xs":""},"title_margin_bottom":{"md":"7","sm":"","xs":""},"global_text_color":"#989898","text_font_family":"Cabin","global_animation":"fadeIn"}},{"id":1516871781418,"name":"text_block","visibility":true,"settings":{"admin_label":"","title":"Chow Mein","heading_selector":"h3","title_fontsize":{"md":"24","sm":"","xs":"20"},"title_lineheight":{"md":"35","sm":"","xs":""},"title_letterspace":"0","text":"<strong style=\"color: rgba(102,173,53,1);\">$49</strong>","alignment":"","text_fontsize":{"md":"24","sm":"","xs":"14"},"text_lineheight":{"md":"32","sm":"","xs":"20"},"dropcap":0,"class":"","global_background_type":"color","global_background_gradient":{"color":"#00c6fb","color2":"#005bea","deg":"45","type":"linear"},"global_use_overlay":0,"global_background_repeat":"no-repeat","global_background_size":"cover","global_background_attachment":"inherit","global_user_border":0,"global_border_width":"","global_border_radius":{"md":"3","sm":"","xs":""},"global_margin":{"md":"0 0 30px 0","sm":"0 0 20px 0","xs":"0 0 10px 0"},"global_padding":{"md":"30px 30px 30px 30px","sm":"   ","xs":"   "},"global_boxshadow":"0 0 0 0 #ffffff","global_use_animation":1,"global_animationduration":"","global_animationdelay":"1400","global_custom_css":"#addonId,.sppb-addon-title{\n\ttransition: .3s;\n}\n.sppb-addon-title{\n\tmargin-bottom: 0px !important;\n}\n#addonId:hover{\n\tbackground-color: #66AD35;\n  color: #fff;\n}\n#addonId:hover .sppb-addon-title{\n  color: #fff;\n}\n#addonId:hover .sppb-addon-content *{\n\tcolor: #fff !important;\n}\n.sppb-addon{\n\tdisplay: flex;\n  justify-content: space-between;\n  align-items: center;\n}\n\n  ","use_global_width":"0","hidden_md":"0","hidden_sm":"0","hidden_xs":"0","acl":"","instFormId":1516871781418,"title_text_color":"#4A4A4A ","font_family":"Lobster Two","global_background_color":"#eff6ea","title_margin_top":{"md":"0","sm":"","xs":""},"title_margin_bottom":{"md":"7","sm":"","xs":""},"global_text_color":"#989898","text_font_family":"Cabin","global_animation":"fadeIn"}}]}]}]