[{"id":1517223397029,"visibility":true,"collapse":false,"settings":{"admin_label":"","title":"","heading_selector":"h3","title_fontsize":"","title_fontweight":"","title_position":"sppb-text-center","columns_align_center":1,"fullscreen":0,"no_gutter":0,"padding":{"md":"100px 0px 100px 0px","sm":"   ","xs":"50px 0px 50px 0px"},"margin":{"md":"0px 0px 0px 0px","sm":"   ","xs":"   "},"background_type":"none","background_gradient":{"color":"#00c6fb","color2":"#005bea","deg":"45","type":"linear"},"background_image":"","background_parallax":"0","background_repeat":"no-repeat","background_size":"cover","background_attachment":"fixed","background_position":"0 0","external_background_video":"0","show_top_shape":0,"shape_name":"clouds-flat","shape_color":"#e5e5e5","shape_width":{"md":100,"sm":100,"xs":100},"shape_height":"","shape_flip":false,"shape_invert":false,"shape_to_front":false,"show_bottom_shape":0,"bottom_shape_name":"clouds-opacity","bottom_shape_color":"#e5e5e5","bottom_shape_width":{"md":100,"sm":100,"xs":100},"bottom_shape_height":"","bottom_shape_flip":false,"bottom_shape_invert":false,"bottom_shape_to_front":false,"hidden_xs":"","hidden_sm":"","hidden_md":"","animationduration":"300","animationdelay":"0","instFormId":1517223397029},"layout":"6,6","columns":[{"id":1517223397027,"class_name":"col-md-6","visibility":true,"settings":{"background_type":"none","background_gradient":{"color":"#00c6fb","color2":"#005bea","deg":"45","type":"linear"},"background_image":"","background_repeat":"no-repeat","background_size":"cover","background_attachment":"scroll","background_position":"0 0","items_align_center":0,"use_border":0,"border_width":"","border_radius":0,"boxshadow":"0 0 0 0 #fff","sm_col":"","xs_col":"","hidden_xs":"","hidden_sm":"","hidden_md":"","animationduration":"300","animationdelay":"0","instFormId":1517223397424},"addons":[{"id":1517223547283,"name":"image","visibility":true,"settings":{"admin_label":"","title":"","heading_selector":"h3","title_fontsize":"","title_lineheight":"","title_letterspace":"0","title_position":"top","image":"https://sppagebuilder.com/sample-data/images/2018/seo-img/about-top.png","border_radius":0,"alt_text":"Image","position":"sppb-text-center","open_lightbox":0,"overlay_color":"rgba(119, 219, 31, .5)","link":"","class":"","global_background_type":"none","global_background_gradient":{"color":"#00c6fb","color2":"#005bea","deg":"45","type":"linear"},"global_use_overlay":0,"global_background_repeat":"no-repeat","global_background_size":"cover","global_background_attachment":"inherit","global_user_border":0,"global_border_width":"","global_border_radius":0,"global_margin":{"md":"0px 0px 0px 0px","sm":"0 0 20px 0","xs":"0 0 10px 0"},"global_padding":{"md":"   ","sm":"   ","xs":"   "},"global_boxshadow":"0 0 0 0 #ffffff","global_use_animation":0,"global_animationduration":"300","global_animationdelay":"0","global_custom_css":"","use_global_width":"0","hidden_md":"0","hidden_sm":"0","hidden_xs":"0","acl":"","instFormId":1517223547283}}]},{"id":1517223397028,"class_name":"col-md-6","visibility":true,"settings":{"background_type":"none","background_gradient":{"color":"#00c6fb","color2":"#005bea","deg":"45","type":"linear"},"background_image":"","background_repeat":"no-repeat","background_size":"cover","background_attachment":"scroll","background_position":"0 0","items_align_center":0,"use_border":0,"border_width":"","border_radius":0,"boxshadow":"0 0 0 0 #fff","sm_col":"","xs_col":"","hidden_xs":"","hidden_sm":"","hidden_md":"","animationduration":"300","animationdelay":"0","instFormId":1517223397424},"addons":[{"id":1517223397356,"name":"heading","visibility":true,"settings":{"admin_label":"","title":"Word Mountains From The Countries","heading_selector":"h2","use_link":0,"title_link":"","link_new_tab":"","title_fontsize":{"md":"44","sm":"","xs":"30"},"title_lineheight":{"md":"50","sm":"","xs":"33"},"title_letterspace":"0","title_text_transform":"none","title_margin":{"md":"30px 0px 30px 0px","sm":"   ","xs":"10px 0px 5px 0px"},"title_padding":{"md":"0px 0px 0px 0px","sm":"   ","xs":"   "},"title_icon_position":"before","alignment":"sppb-text-left","title_text_shadow":"","class":"","global_background_type":"none","global_background_gradient":{"color":"#00c6fb","color2":"#005bea","deg":"45","type":"linear"},"global_use_overlay":0,"global_background_repeat":"no-repeat","global_background_size":"cover","global_background_attachment":"inherit","global_user_border":0,"global_border_width":"","global_border_radius":0,"global_margin":{"md":"0px 0px 0px 0px","sm":"   ","xs":"   "},"global_padding":{"md":"   ","sm":"   ","xs":"   "},"global_boxshadow":"0 0 0 0 #ffffff","global_use_animation":0,"global_animationduration":"300","global_animationdelay":"0","global_custom_css":"","use_global_width":"0","hidden_md":"0","hidden_sm":"0","hidden_xs":"0","acl":"","instFormId":1517223397356,"title_font_family":"Varela Round","title_font_style":{"weight":400},"global_text_color":"#000"}},{"id":1517223397365,"name":"text_block","visibility":true,"settings":{"admin_label":"","title":"","heading_selector":"h3","title_fontsize":"","title_lineheight":"","title_letterspace":"0","text":"Lorem ipsum dolor sit amet, consectetur adipisicing elit, sed do eiusmod tempor incididunt ut labore et dolore magna aliqua. Ut enim ad minim veniam, quis nostrud exercitation ullamco laboris ex ea commodo consequat. Duis aute irure dolor in reprehenderit in voluptate velit esse cillum dolore eu fugiat nulla pariatur. t ut labore et dolore.","alignment":"","text_fontsize":{"md":"16","sm":"","xs":"14"},"text_lineheight":{"md":"26","sm":"","xs":"20"},"dropcap":0,"class":"","global_background_type":"none","global_background_gradient":{"color":"#00c6fb","color2":"#005bea","deg":"45","type":"linear"},"global_use_overlay":0,"global_background_repeat":"no-repeat","global_background_size":"cover","global_background_attachment":"inherit","global_user_border":0,"global_border_width":"","global_border_radius":0,"global_margin":{"md":"0 0 55px 0","sm":"0 0 20px 0","xs":"0 0 25px 0"},"global_padding":{"md":"   ","sm":"   ","xs":"   "},"global_boxshadow":"0 0 0 0 #ffffff","global_use_animation":0,"global_animationduration":"300","global_animationdelay":"0","global_custom_css":"","use_global_width":"0","hidden_md":"0","hidden_sm":"0","hidden_xs":"0","acl":"","instFormId":1517223397365,"text_font_family":"Varela","global_text_color":"#989898"}},{"id":1517223799566,"name":"button","visibility":true,"settings":{"admin_label":"","text":"See News","alignment":"sppb-text-left","letterspace":"0","type":"custom","appearance":"","background_color":"","color":"#007bff","background_color_hover":"","color_hover":"#00dd4b","button_padding":{"md":"0px 0px 0px 0px","sm":"   ","xs":"   "},"icon_position":"left","class":"","global_background_type":"none","global_background_gradient":{"color":"#00c6fb","color2":"#005bea","deg":"45","type":"linear"},"global_use_overlay":0,"global_background_repeat":"no-repeat","global_background_size":"cover","global_background_attachment":"inherit","global_user_border":0,"global_border_width":"","global_border_radius":0,"global_margin":{"md":"0 0 30px 0","sm":"0 0 20px 0","xs":"0 0 10px 0"},"global_padding":"","global_boxshadow":"0 0 0 0 #ffffff","global_use_animation":0,"global_animationduration":"300","global_animationdelay":"0","global_custom_css":"","use_global_width":"0","hidden_md":"0","hidden_sm":"0","hidden_xs":"0","acl":"","instFormId":1517223799566,"font_family":"Varela Round","font_style":{"weight":400,"uppercase":true},"url":"#"}}]}]},{"id":1517223397170,"visibility":true,"collapse":false,"settings":{"admin_label":"","title":"","heading_selector":"h3","title_fontsize":"","title_fontweight":"","title_position":"sppb-text-center","columns_align_center":0,"fullscreen":0,"no_gutter":0,"padding":{"md":"100px 0px 125px 0px","sm":"   ","xs":"60px 0px 60px 0px"},"margin":{"md":"0px 0px 0px 0px","sm":"   ","xs":"   "},"background_type":"image","background_gradient":{"color":"#00c6fb","color2":"#005bea","deg":"45","type":"linear"},"background_image":"https://sppagebuilder.com/sample-data/images/2018/seo-img/score-bg.png","background_parallax":0,"background_repeat":"no-repeat","background_size":"cover","background_attachment":"inherit","background_position":"50% 50%","external_background_video":"0","show_top_shape":0,"shape_name":"clouds-flat","shape_color":"#e5e5e5","shape_width":{"md":100,"sm":100,"xs":100},"shape_height":"","shape_flip":false,"shape_invert":false,"shape_to_front":false,"show_bottom_shape":0,"bottom_shape_name":"clouds-opacity","bottom_shape_color":"#e5e5e5","bottom_shape_width":{"md":100,"sm":100,"xs":100},"bottom_shape_height":"","bottom_shape_flip":false,"bottom_shape_invert":false,"bottom_shape_to_front":false,"hidden_xs":"","hidden_sm":"","hidden_md":"","animationduration":"300","animationdelay":"0","instFormId":1517223397170,"background_color":"#98abd1","class":"item-cover"},"layout":"12,12","columns":[{"id":1517223397138,"class_name":"col-md-12","visibility":true,"settings":{"background_type":"none","background_gradient":{"color":"#00c6fb","color2":"#005bea","deg":"45","type":"linear"},"background_image":"","background_repeat":"no-repeat","background_size":"cover","background_attachment":"scroll","background_position":"0 0","items_align_center":0,"use_border":0,"border_width":"","border_radius":0,"boxshadow":"0 0 0 0 #fff","sm_col":"","xs_col":"","hidden_xs":"","hidden_sm":"","hidden_md":"","animationduration":"300","animationdelay":"0"},"addons":[{"id":1517223397133,"name":"heading","visibility":true,"settings":{"admin_label":"","title":"We provide expert advice for Degital Service","heading_selector":"h2","use_link":0,"title_link":"","link_new_tab":"","title_fontsize":{"md":"44","sm":"","xs":"30"},"title_lineheight":{"md":"52","sm":"","xs":"33"},"title_letterspace":"0","title_text_transform":"none","title_margin":{"md":"0px 0px 12px 0px","sm":"   ","xs":"   "},"title_padding":{"md":"0px 0px 0px 0px","sm":"   ","xs":"   "},"title_icon_position":"before","alignment":"sppb-text-center","title_text_shadow":"","class":"","global_background_type":"none","global_background_gradient":{"color":"#00c6fb","color2":"#005bea","deg":"45","type":"linear"},"global_use_overlay":0,"global_background_repeat":"no-repeat","global_background_size":"cover","global_background_attachment":"inherit","global_user_border":0,"global_border_width":"","global_border_radius":0,"global_margin":{"md":"0px 0px 0px 0px","sm":"   ","xs":"   "},"global_padding":{"md":"   ","sm":"   ","xs":"   "},"global_boxshadow":"0 0 0 0 #ffffff","global_use_animation":0,"global_animationduration":"300","global_animationdelay":"0","global_custom_css":"","use_global_width":"0","hidden_md":"0","hidden_sm":"0","hidden_xs":"0","acl":"","instFormId":1517223397133,"title_font_family":"Varela Round","title_font_style":{"weight":400},"global_text_color":"#fff"}},{"id":1517223397134,"name":"text_block","visibility":true,"settings":{"admin_label":"","title":"","heading_selector":"h3","title_fontsize":"","title_lineheight":"","title_letterspace":"0","text":"Choose your level of private labeling","alignment":"sppb-text-center","text_fontsize":{"md":"18","sm":"","xs":"16"},"text_lineheight":{"md":"28","sm":"","xs":"26"},"dropcap":0,"class":"","global_background_type":"none","global_background_gradient":{"color":"#00c6fb","color2":"#005bea","deg":"45","type":"linear"},"global_use_overlay":0,"global_background_repeat":"no-repeat","global_background_size":"cover","global_background_attachment":"inherit","global_user_border":0,"global_border_width":"","global_border_radius":0,"global_margin":{"md":"0 0 42px 0","sm":"   ","xs":"0 0 15px 0"},"global_padding":{"md":"   ","sm":"   ","xs":"   "},"global_boxshadow":"0 0 0 0 #ffffff","global_use_animation":0,"global_animationduration":"300","global_animationdelay":"0","global_custom_css":"","use_global_width":"0","hidden_md":"0","hidden_sm":"0","hidden_xs":"0","acl":"","instFormId":1517223397134,"text_font_family":"Varela","global_text_color":"#fff"}}]},{"id":1517223397141,"class_name":"col-md-12","visibility":true,"settings":{"background_type":"none","background_gradient":{"color":"#00c6fb","color2":"#005bea","deg":"45","type":"linear"},"background_image":"","background_repeat":"no-repeat","background_size":"cover","background_attachment":"scroll","background_position":"0 0","items_align_center":0,"use_border":0,"border_width":"","border_radius":0,"boxshadow":"0 0 0 0 #fff","sm_col":"","xs_col":"","hidden_xs":"","hidden_sm":"","hidden_md":"","animationduration":"300","animationdelay":"0"},"addons":[{"id":1517224526170,"name":"modal","visibility":true,"settings":{"admin_label":"","modal_selector":"icon","button_text":"Button Text","button_type":"default","button_letterspace":"0","button_padding":"","button_background_color":"#444444","button_color":"#fff","button_background_color_hover":"#222","button_color_hover":"#fff","button_appearance":"flat","selector_icon_name":"fa-youtube-play","selector_icon_size":{"md":"60","xs":"40"},"selector_text":"","selector_text_weight":"","selector_text_color":"","modal_content_type":"video","modal_content_text":"","modal_popup_width":"760","modal_popup_height":"440","alignment":"sppb-text-center","class":"","global_background_type":"image","global_background_gradient":{"color":"#00c6fb","color2":"#005bea","deg":"45","type":"linear"},"global_use_overlay":0,"global_background_repeat":"no-repeat","global_background_size":"cover","global_background_attachment":"inherit","global_user_border":0,"global_border_width":"","global_border_radius":{"md":"10","sm":"","xs":""},"global_margin":{"md":"0px auto 0px auto","sm":"   ","xs":"   "},"global_padding":{"md":"130px 0px 130px 0px","sm":"   ","xs":"50px 0px 50px 0px"},"global_boxshadow":"0 0 0 0 #ffffff","global_use_animation":0,"global_animationduration":"300","global_animationdelay":"0","global_custom_css":"","use_global_width":1,"hidden_md":0,"hidden_sm":0,"hidden_xs":0,"acl":"","instFormId":1517224526170,"selector_text_margin":"   ","selector_icon_color":"#fff","selector_icon_border_width":{"md":"","sm":"","xs":""},"selector_icon_border_radius":{"md":"100","sm":"","xs":""},"selector_icon_background":"#00dd4b","selector_icon_border_color":"#00dd4b","selector_icon_padding":{"md":"30","sm":"","xs":"15"},"global_background_image":"https://sppagebuilder.com/sample-data/images/2018/seo-img/video-bg.jpg","global_width":{"md":"66","sm":"100","xs":"100"},"modal_content_video_url":"https://www.youtube.com/watch?time_continue=1&v=EWkYsbhCvlA"}}]}]},{"id":1517223397353,"visibility":true,"collapse":false,"settings":{"admin_label":"","title":"","heading_selector":"h3","title_fontsize":"","title_fontweight":"","title_position":"sppb-text-center","columns_align_center":0,"fullscreen":0,"no_gutter":0,"padding":{"md":"110px 0px 95px 0px","sm":"   ","xs":"60px 0px 50px 0px"},"margin":{"md":"0px 0px 0px 0px","sm":"   ","xs":"   "},"background_type":"none","background_gradient":{"color":"#00c6fb","color2":"#005bea","deg":"45","type":"linear"},"background_image":"","background_parallax":"0","background_repeat":"no-repeat","background_size":"cover","background_attachment":"fixed","background_position":"0 0","external_background_video":"0","show_top_shape":0,"shape_name":"clouds-flat","shape_color":"#e5e5e5","shape_width":{"md":100,"sm":100,"xs":100},"shape_height":"","shape_flip":false,"shape_invert":false,"shape_to_front":false,"show_bottom_shape":0,"bottom_shape_name":"clouds-opacity","bottom_shape_color":"#e5e5e5","bottom_shape_width":{"md":100,"sm":100,"xs":100},"bottom_shape_height":"","bottom_shape_flip":false,"bottom_shape_invert":false,"bottom_shape_to_front":false,"hidden_xs":"","hidden_sm":"","hidden_md":"","animationduration":"300","animationdelay":"0","instFormId":1517223397353},"layout":"12,4,4,4","columns":[{"id":1517223397347,"class_name":"col-md-12","visibility":true,"settings":{"background_type":"none","background_gradient":{"color":"#00c6fb","color2":"#005bea","deg":"45","type":"linear"},"background_image":"","background_repeat":"no-repeat","background_size":"cover","background_attachment":"scroll","background_position":"0 0","items_align_center":0,"use_border":0,"border_width":"","border_radius":0,"boxshadow":"0 0 0 0 #fff","sm_col":"","xs_col":"","hidden_xs":"","hidden_sm":"","hidden_md":"","animationduration":"300","animationdelay":"0","instFormId":1517223397424},"addons":[{"id":1517223397122,"name":"heading","visibility":true,"settings":{"admin_label":"","title":"Meet Our Experience Team","heading_selector":"h2","use_link":0,"title_link":"","link_new_tab":"","title_fontsize":{"md":"44","sm":"","xs":"30"},"title_lineheight":{"md":"50","sm":"","xs":"38"},"title_letterspace":"0","title_text_transform":"none","title_margin":{"md":"0px 0px 20px 0px","sm":"   ","xs":"   "},"title_padding":{"md":"0px 0px 0px 0px","sm":"   ","xs":"   "},"title_icon_position":"before","alignment":"sppb-text-center","title_text_shadow":"","class":"","global_background_type":"none","global_background_gradient":{"color":"#00c6fb","color2":"#005bea","deg":"45","type":"linear"},"global_use_overlay":0,"global_background_repeat":"no-repeat","global_background_size":"cover","global_background_attachment":"inherit","global_user_border":0,"global_border_width":"","global_border_radius":0,"global_margin":{"md":"0px 0px 0px 0px","sm":"   ","xs":"   "},"global_padding":{"md":"   ","sm":"   ","xs":"   "},"global_boxshadow":"0 0 0 0 #ffffff","global_use_animation":0,"global_animationduration":"300","global_animationdelay":"0","global_custom_css":"","use_global_width":"0","hidden_md":"0","hidden_sm":"0","hidden_xs":"0","acl":"","instFormId":1517223397122,"title_font_family":"Varela Round","title_font_style":{"weight":400},"global_text_color":"#000"}},{"id":1517223713619,"name":"text_block","visibility":true,"settings":{"admin_label":"","title":"","heading_selector":"h3","title_fontsize":"","title_lineheight":"","title_letterspace":"0","text":"We provide specialist advice, representation and training around the housing benefit scheme in relation to UK supported accommodation","alignment":"sppb-text-center","text_fontsize":{"md":"16","sm":"","xs":"14"},"text_lineheight":{"md":"28","sm":"","xs":"20"},"dropcap":0,"class":"","global_background_type":"none","global_background_gradient":{"color":"#00c6fb","color2":"#005bea","deg":"45","type":"linear"},"global_use_overlay":0,"global_background_repeat":"no-repeat","global_background_size":"cover","global_background_attachment":"inherit","global_user_border":0,"global_border_width":"","global_border_radius":0,"global_margin":{"md":"0 auto 70px auto","sm":"0 auto 60px auto","xs":"0 auto 30px auto"},"global_padding":{"md":"   ","sm":"   ","xs":"   "},"global_boxshadow":"0 0 0 0 #ffffff","global_use_animation":0,"global_animationduration":"300","global_animationdelay":"0","global_custom_css":"","use_global_width":1,"hidden_md":0,"hidden_sm":0,"hidden_xs":0,"acl":"","instFormId":1517223713619,"text_font_family":"Varela Round","global_text_color":"#989898","global_width":{"md":"68","sm":"100","xs":"100"}}}]},{"id":1517223397348,"class_name":"col-md-4","visibility":true,"settings":{"background_type":"none","background_gradient":{"color":"#00c6fb","color2":"#005bea","deg":"45","type":"linear"},"background_image":"","background_repeat":"no-repeat","background_size":"cover","background_attachment":"scroll","background_position":"0 0","items_align_center":0,"use_border":0,"border_width":"","border_radius":0,"boxshadow":"0 0 0 0 #fff","sm_col":"col-sm-6","xs_col":"","hidden_xs":0,"hidden_sm":0,"hidden_md":0,"animationduration":"300","animationdelay":"0","instFormId":1517223397348,"padding":{"md":"   ","sm":"   ","xs":"   "},"margin":{"md":"   ","sm":"   ","xs":"   "}},"addons":[{"id":1520311495654,"name":"person","visibility":true,"settings":{"admin_label":"","image":"https://sppagebuilder.com/sample-data/images/2018/seo-img/team-1.jpg","image_border_radius":0,"name":"Hayden Bleasel","designation":"Founder","email":"","introtext":"","facebook":"#","twitter":"#","google_plus":"#","social_position":"after","alignment":"sppb-text-left","class":"","global_background_type":"color","global_background_gradient":{"color":"#00c6fb","color2":"#005bea","deg":"45","type":"linear"},"global_use_overlay":0,"global_background_repeat":"no-repeat","global_background_size":"cover","global_background_attachment":"inherit","global_user_border":1,"global_border_width":{"md":"1","sm":"","xs":""},"global_border_radius":0,"global_margin":{"md":"0 0 30px 0","sm":"   ","xs":"0 0 30px 0"},"global_padding":{"md":"0p 0p 0p 0p","sm":"   ","xs":"   "},"global_boxshadow":{"ho":0,"vo":"20","blur":"27","spread":0,"color":"rgba(152, 170, 198, 0.15)","inset":false},"global_use_animation":1,"global_animationduration":"800","global_animationdelay":"","global_custom_css":"#addonId{\n\tdisplay: inline-block;\n}\n.sppb-person-information {\n  padding: 15px 30px 20px;\n}\n.sppb-addon-person .sppb-person-image {\n  background-color: #00dd4b;\n  overflow: hidden;\n  margin: 0;\n}\n.sppb-addon-person .sppb-person-image img {\n  -webkit-transition: all 0.3s ease-in-out;\n  transition: all 0.3s ease-in-out;\n}\n.sppb-addon-person .sppb-person-information > span.sppb-person-name {\n  font-size: 20px;\n  font-weight: 300;\n  line-height: 1.8;\n}\n.sppb-addon-person .sppb-person-information > span.sppb-person-designation {\n  font-size: 14px;\n  font-weight: 300;\n  line-height: 1.4;\n  margin-top: 0;\n}\n.sppb-addon-person .sppb-person-social-icons {\n  position: absolute;\n  width: 100%;\n  height: auto;\n  top: 38%;\n  left: 0;\n  margin: 0;\n  transform: translateY(-50%) scale(0.8);\n  text-align: center;\n  opacity: 0;\n  -webkit-transition: all 0.3s ease-in-out;\n  transition: all 0.3s ease-in-out;\n}\n.sppb-addon-person .sppb-person-social-icons .sppb-person-social > li > a {\n  width: 40px;\n  height: 40px;\n  padding: 0;\n  border-radius: 100%;\n  display: block;\n  font-size: 22px;\n  color: #fff;\n  line-height: 2;\n  text-align: center;\n  background-color: transparent;\n}\n.sppb-addon-person .sppb-person-social-icons .sppb-person-social > li > a:hover {\n  background-color: #00dd4b;\n}\n.sppb-addon-person:hover .sppb-person-image img {\n  opacity: 0.15;\n  -webkit-transform: scale(1.2);\n  transform: scale(1.2);\n}\n.sppb-addon-person:hover .sppb-person-social-icons {\n  opacity: 1;\n  transform: translateY(-50%) scale(1);\n}","use_global_width":"0","hidden_md":"0","hidden_sm":"0","hidden_xs":"0","acl":"","instFormId":1520311495654,"name_font_family":"Varela Round","designation_font_family":"Varela Round","name_color":"#505050","designation_color":"#505050","global_background_color":"#fff","global_border_color":"#f5f6fa","global_boder_style":"solid","instagram":"#","global_animation":"fadeIn"}}]},{"id":1517223397349,"class_name":"col-md-4","visibility":true,"settings":{"background_type":"none","background_gradient":{"color":"#00c6fb","color2":"#005bea","deg":"45","type":"linear"},"background_image":"","background_repeat":"no-repeat","background_size":"cover","background_attachment":"scroll","background_position":"0 0","items_align_center":0,"use_border":0,"border_width":"","border_radius":0,"boxshadow":"0 0 0 0 #fff","sm_col":"col-sm-6","xs_col":"","hidden_xs":0,"hidden_sm":0,"hidden_md":0,"animationduration":"300","animationdelay":"0","instFormId":1517223397349,"padding":{"md":"   ","sm":"   ","xs":"   "},"margin":{"md":"   ","sm":"   ","xs":"   "}},"addons":[{"id":1520311045717,"name":"person","visibility":true,"settings":{"admin_label":"","image":"https://sppagebuilder.com/sample-data/images/2018/seo-img/team-2.jpg","image_border_radius":0,"name":"Hayden Bleasel","designation":"CTO","email":"","introtext":"","facebook":"#","twitter":"#","google_plus":"#","social_position":"after","alignment":"sppb-text-left","class":"","global_background_type":"color","global_background_gradient":{"color":"#00c6fb","color2":"#005bea","deg":"45","type":"linear"},"global_use_overlay":0,"global_background_repeat":"no-repeat","global_background_size":"cover","global_background_attachment":"inherit","global_user_border":1,"global_border_width":{"md":"1","sm":"","xs":""},"global_border_radius":0,"global_margin":{"md":"0 0 30px 0","sm":"   ","xs":"0 auto 30px auto"},"global_padding":{"md":"   ","sm":"   ","xs":"   "},"global_boxshadow":{"ho":0,"vo":"20","blur":"27","spread":0,"color":"rgba(152, 170, 198, 0.15)","inset":false},"global_use_animation":1,"global_animationduration":"800","global_animationdelay":"200","global_custom_css":"#addonId{\n\tdisplay: inline-block;\n}\n.sppb-person-information {\n  padding: 15px 30px 20px;\n}\n.sppb-addon-person .sppb-person-image {\n  background-color: #00dd4b;\n  overflow: hidden;\n  margin: 0;\n}\n.sppb-addon-person .sppb-person-image img {\n  -webkit-transition: all 0.3s ease-in-out;\n  transition: all 0.3s ease-in-out;\n}\n.sppb-addon-person .sppb-person-information > span.sppb-person-name {\n  font-size: 20px;\n  font-weight: 300;\n  line-height: 1.8;\n}\n.sppb-addon-person .sppb-person-information > span.sppb-person-designation {\n  font-size: 14px;\n  font-weight: 300;\n  line-height: 1.4;\n  margin-top: 0;\n}\n.sppb-addon-person .sppb-person-social-icons {\n  position: absolute;\n  width: 100%;\n  height: auto;\n  top: 38%;\n  left: 0;\n  margin: 0;\n  transform: translateY(-50%) scale(0.8);\n  text-align: center;\n  opacity: 0;\n  -webkit-transition: all 0.3s ease-in-out;\n  transition: all 0.3s ease-in-out;\n}\n.sppb-addon-person .sppb-person-social-icons .sppb-person-social > li > a {\n  width: 40px;\n  height: 40px;\n  padding: 0;\n  border-radius: 100%;\n  display: block;\n  font-size: 22px;\n  color: #fff;\n  line-height: 2;\n  text-align: center;\n  background-color: transparent;\n}\n.sppb-addon-person .sppb-person-social-icons .sppb-person-social > li > a:hover {\n  background-color: #00dd4b;\n}\n.sppb-addon-person:hover .sppb-person-image img {\n  opacity: 0.15;\n  -webkit-transform: scale(1.2);\n  transform: scale(1.2);\n}\n.sppb-addon-person:hover .sppb-person-social-icons {\n  opacity: 1;\n  transform: translateY(-50%) scale(1);\n}","use_global_width":0,"hidden_md":0,"hidden_sm":0,"hidden_xs":0,"acl":"","instFormId":1520311045717,"name_font_family":"Varela Round","designation_font_family":"Varela Round","name_color":"#505050","designation_color":"#505050","global_background_color":"#fff","global_border_color":"#f5f6fa","global_boder_style":"solid","instagram":"#","global_animation":"fadeIn","global_width":{"md":"","sm":"","xs":"59"}}}]},{"id":1517223397350,"class_name":"col-md-4","visibility":true,"settings":{"background_type":"none","background_gradient":{"color":"#00c6fb","color2":"#005bea","deg":"45","type":"linear"},"background_image":"","background_repeat":"no-repeat","background_size":"cover","background_attachment":"scroll","background_position":"0 0","items_align_center":0,"use_border":0,"border_width":"","border_radius":0,"boxshadow":"0 0 0 0 #fff","sm_col":"col-sm-6","xs_col":"","hidden_xs":0,"hidden_sm":0,"hidden_md":0,"animationduration":"300","animationdelay":"0","instFormId":1517223397350,"padding":{"md":"   ","sm":"   ","xs":"   "},"margin":{"md":"   ","sm":"   ","xs":"   "}},"addons":[{"id":1520311045706,"name":"person","visibility":true,"settings":{"admin_label":"","image":"https://sppagebuilder.com/sample-data/images/2018/seo-img/team-3.jpg","image_border_radius":0,"name":"Hayden Bleasel","designation":"Creative Director","email":"","introtext":"","facebook":"#","twitter":"#","google_plus":"#","social_position":"after","alignment":"sppb-text-left","class":"","global_background_type":"color","global_background_gradient":{"color":"#00c6fb","color2":"#005bea","deg":"45","type":"linear"},"global_use_overlay":0,"global_background_repeat":"no-repeat","global_background_size":"cover","global_background_attachment":"inherit","global_user_border":1,"global_border_width":{"md":"1","sm":"","xs":""},"global_border_radius":0,"global_margin":{"md":"0 0 30px 0","sm":"0px 0px 0px 0px","xs":"0 0 10px 0"},"global_padding":{"md":"   ","sm":"   ","xs":"   "},"global_boxshadow":{"ho":0,"vo":"20","blur":"27","spread":0,"color":"rgba(152, 170, 198, 0.15)","inset":false},"global_use_animation":1,"global_animationduration":"800","global_animationdelay":"400","global_custom_css":"#addonId{\n\tdisplay: inline-block;\n}\n.sppb-person-information {\n  padding: 15px 30px 20px;\n}\n.sppb-addon-person .sppb-person-image {\n  background-color: #00dd4b;\n  overflow: hidden;\n  margin: 0;\n}\n.sppb-addon-person .sppb-person-image img {\n  -webkit-transition: all 0.3s ease-in-out;\n  transition: all 0.3s ease-in-out;\n}\n.sppb-addon-person .sppb-person-information > span.sppb-person-name {\n  font-size: 20px;\n  font-weight: 300;\n  line-height: 1.8;\n}\n.sppb-addon-person .sppb-person-information > span.sppb-person-designation {\n  font-size: 14px;\n  font-weight: 300;\n  line-height: 1.4;\n  margin-top: 0;\n}\n.sppb-addon-person .sppb-person-social-icons {\n  position: absolute;\n  width: 100%;\n  height: auto;\n  top: 38%;\n  left: 0;\n  margin: 0;\n  transform: translateY(-50%) scale(0.8);\n  text-align: center;\n  opacity: 0;\n  -webkit-transition: all 0.3s ease-in-out;\n  transition: all 0.3s ease-in-out;\n}\n.sppb-addon-person .sppb-person-social-icons .sppb-person-social > li > a {\n  width: 40px;\n  height: 40px;\n  padding: 0;\n  border-radius: 100%;\n  display: block;\n  font-size: 22px;\n  color: #fff;\n  line-height: 2;\n  text-align: center;\n  background-color: transparent;\n}\n.sppb-addon-person .sppb-person-social-icons .sppb-person-social > li > a:hover {\n  background-color: #00dd4b;\n}\n.sppb-addon-person:hover .sppb-person-image img {\n  opacity: 0.15;\n  -webkit-transform: scale(1.2);\n  transform: scale(1.2);\n}\n.sppb-addon-person:hover .sppb-person-social-icons {\n  opacity: 1;\n  transform: translateY(-50%) scale(1);\n}","use_global_width":0,"hidden_md":0,"hidden_sm":0,"hidden_xs":0,"acl":"","instFormId":1520311045706,"name_font_family":"Varela Round","designation_font_family":"Varela Round","name_color":"#505050","designation_color":"#505050","global_background_color":"#fff","global_border_color":"#f5f6fa","global_boder_style":"solid","instagram":"#","global_animation":"fadeIn","global_width":{"md":"","sm":"59","xs":""}}}]}]},{"id":1517223397884,"visibility":true,"collapse":false,"settings":{"admin_label":"","title":"","heading_selector":"h3","title_fontsize":"","title_fontweight":"","title_position":"sppb-text-center","columns_align_center":0,"fullscreen":0,"no_gutter":0,"padding":{"md":"80px 0px 80px 0px","sm":"   ","xs":"60px 0px 30px 0px"},"margin":{"md":"0px 0px 0px 0px","sm":"   ","xs":"   "},"background_type":"image","background_gradient":{"color":"#00c6fb","color2":"#005bea","deg":"45","type":"linear"},"background_image":"https://sppagebuilder.com/sample-data/images/2018/seo-img/score-bg.png","background_parallax":0,"background_repeat":"no-repeat","background_size":"cover","background_attachment":"inherit","background_position":"50% 50%","external_background_video":"0","show_top_shape":0,"shape_name":"clouds-flat","shape_color":"#e5e5e5","shape_width":{"md":100,"sm":100,"xs":100},"shape_height":"","shape_flip":false,"shape_invert":false,"shape_to_front":false,"show_bottom_shape":0,"bottom_shape_name":"clouds-opacity","bottom_shape_color":"#e5e5e5","bottom_shape_width":{"md":100,"sm":100,"xs":100},"bottom_shape_height":"","bottom_shape_flip":false,"bottom_shape_invert":false,"bottom_shape_to_front":false,"hidden_xs":"","hidden_sm":"","hidden_md":"","animationduration":"300","animationdelay":"0","instFormId":1517223397884,"background_color":"#00dd4b"},"layout":"3,3,3,3","columns":[{"id":1517223397880,"class_name":"col-md-3","visibility":true,"settings":{"background_type":"none","background_gradient":{"color":"#00c6fb","color2":"#005bea","deg":"45","type":"linear"},"background_image":"","background_repeat":"no-repeat","background_size":"cover","background_attachment":"scroll","background_position":"0 0","items_align_center":0,"use_border":0,"border_width":"","border_radius":0,"boxshadow":"0 0 0 0 #fff","sm_col":"col-sm-6","xs_col":"","hidden_xs":0,"hidden_sm":0,"hidden_md":0,"animationduration":"300","animationdelay":"0","instFormId":1517223397880,"padding":{"md":"   ","sm":"   ","xs":"   "},"margin":{"md":"   ","sm":"0px 0px 30px 0px","xs":"0px 0px 30px 0px"}},"addons":[{"id":1517223398006,"name":"icon","visibility":true,"settings":{"admin_label":"","name":"fa-users","link":"","size":{"md":"50","xs":"40"},"width":{"md":""},"height":{"md":""},"use_hover":0,"hover_effect":"","alignment":"sppb-text-center","class":"","global_background_type":"none","global_background_gradient":{"color":"#00c6fb","color2":"#005bea","deg":"45","type":"linear"},"global_use_overlay":0,"global_background_repeat":"no-repeat","global_background_size":"cover","global_background_attachment":"inherit","global_user_border":0,"global_border_width":"","global_border_radius":0,"global_margin":{"md":"0 0 20px 0","sm":"   ","xs":"   "},"global_padding":{"md":"   ","sm":"   ","xs":"   "},"global_boxshadow":"0 0 0 0 #ffffff","global_use_animation":0,"global_animationduration":"300","global_animationdelay":"0","global_custom_css":"","use_global_width":"0","hidden_md":"0","hidden_sm":"0","hidden_xs":"0","acl":"","instFormId":1517223398006,"margin":{"md":"   ","sm":"   ","xs":"   "},"color":"#fff"}},{"id":1517223398009,"name":"animated_number","visibility":true,"settings":{"admin_label":"","number":"967","duration":"967","font_size":{"md":"48","xs":"30"},"counter_title":"satisfied clients","title_font_size":{"md":"16"},"alignment":"sppb-text-center","class":"","global_background_type":"none","global_background_gradient":{"color":"#00c6fb","color2":"#005bea","deg":"45","type":"linear"},"global_use_overlay":0,"global_background_repeat":"no-repeat","global_background_size":"cover","global_background_attachment":"inherit","global_user_border":0,"global_border_width":"","global_border_radius":0,"global_margin":{"md":"0 0 0px 0","sm":"0 0 20px 0","xs":"0 0 10px 0"},"global_padding":{"md":"   ","sm":"   ","xs":"   "},"global_boxshadow":"0 0 0 0 #ffffff","global_use_animation":0,"global_animationduration":"300","global_animationdelay":"0","global_custom_css":".sppb-animated-number{\n\tfont-weight: 600;\n}\n.sppb-animated-number-title{\n\ttext-transform: uppercase;\n}","use_global_width":"0","hidden_md":"0","hidden_sm":"0","hidden_xs":"0","acl":"","instFormId":1517223398009,"color":"#fff","global_text_color":"#fff"}}]},{"id":1517223397881,"class_name":"col-md-3","visibility":true,"settings":{"background_type":"none","background_gradient":{"color":"#00c6fb","color2":"#005bea","deg":"45","type":"linear"},"background_image":"","background_repeat":"no-repeat","background_size":"cover","background_attachment":"scroll","background_position":"0 0","items_align_center":0,"use_border":0,"border_width":"","border_radius":0,"boxshadow":"0 0 0 0 #fff","sm_col":"col-sm-6","xs_col":"","hidden_xs":0,"hidden_sm":0,"hidden_md":0,"animationduration":"300","animationdelay":"0","instFormId":1517223397881,"padding":{"md":"   ","sm":"   ","xs":"   "},"margin":{"md":"   ","sm":"0px 0px 30px 0px","xs":"0px 0px 30px 0px"}},"addons":[{"id":1517223398057,"name":"icon","visibility":true,"settings":{"admin_label":"","name":"fa-rocket","link":"","size":{"md":"50","xs":"40"},"width":{"md":""},"height":{"md":""},"use_hover":0,"hover_effect":"","alignment":"sppb-text-center","class":"","global_background_type":"none","global_background_gradient":{"color":"#00c6fb","color2":"#005bea","deg":"45","type":"linear"},"global_use_overlay":0,"global_background_repeat":"no-repeat","global_background_size":"cover","global_background_attachment":"inherit","global_user_border":0,"global_border_width":"","global_border_radius":0,"global_margin":{"md":"0 0 20px 0","sm":"   ","xs":"   "},"global_padding":{"md":"   ","sm":"   ","xs":"   "},"global_boxshadow":"0 0 0 0 #ffffff","global_use_animation":0,"global_animationduration":"300","global_animationdelay":"0","global_custom_css":"","use_global_width":"0","hidden_md":"0","hidden_sm":"0","hidden_xs":"0","acl":"","instFormId":1517223397991,"margin":{"md":"   ","sm":"   ","xs":"   "},"color":"#fff"}},{"id":1517223398034,"name":"animated_number","visibility":true,"settings":{"admin_label":"","number":"321","duration":"321","font_size":{"md":"44","xs":"30"},"counter_title":"Completed Project","title_font_size":{"md":"16"},"alignment":"sppb-text-center","class":"","global_background_type":"none","global_background_gradient":{"color":"#00c6fb","color2":"#005bea","deg":"45","type":"linear"},"global_use_overlay":0,"global_background_repeat":"no-repeat","global_background_size":"cover","global_background_attachment":"inherit","global_user_border":0,"global_border_width":"","global_border_radius":0,"global_margin":{"md":"0 0 0px 0","sm":"0 0 20px 0","xs":"0 0 10px 0"},"global_padding":{"md":"   ","sm":"   ","xs":"   "},"global_boxshadow":"0 0 0 0 #ffffff","global_use_animation":0,"global_animationduration":"300","global_animationdelay":"0","global_custom_css":".sppb-animated-number{\n\tfont-weight: 600;\n}\n.sppb-animated-number-title{\n\ttext-transform: uppercase;\n}","use_global_width":"0","hidden_md":"0","hidden_sm":"0","hidden_xs":"0","acl":"","instFormId":1517223398034,"color":"#fff","global_text_color":"#fff"}}]},{"id":1517223397882,"class_name":"col-md-3","visibility":true,"settings":{"background_type":"none","background_gradient":{"color":"#00c6fb","color2":"#005bea","deg":"45","type":"linear"},"background_image":"","background_repeat":"no-repeat","background_size":"cover","background_attachment":"scroll","background_position":"0 0","items_align_center":0,"use_border":0,"border_width":"","border_radius":0,"boxshadow":"0 0 0 0 #fff","sm_col":"col-sm-6","xs_col":"","hidden_xs":0,"hidden_sm":0,"hidden_md":0,"animationduration":"300","animationdelay":"0","instFormId":1517223397882,"padding":{"md":"   ","sm":"   ","xs":"   "},"margin":{"md":"   ","sm":"0px 0px 30px 0px","xs":"0px 0px 30px 0px"}},"addons":[{"id":1517223398066,"name":"icon","visibility":true,"settings":{"admin_label":"","name":"fa-paint-brush","link":"","size":{"md":"50","xs":"40"},"width":{"md":""},"height":{"md":""},"use_hover":0,"hover_effect":"","alignment":"sppb-text-center","class":"","global_background_type":"none","global_background_gradient":{"color":"#00c6fb","color2":"#005bea","deg":"45","type":"linear"},"global_use_overlay":0,"global_background_repeat":"no-repeat","global_background_size":"cover","global_background_attachment":"inherit","global_user_border":0,"global_border_width":"","global_border_radius":0,"global_margin":{"md":"0 0 20px 0","sm":"   ","xs":"   "},"global_padding":{"md":"   ","sm":"   ","xs":"   "},"global_boxshadow":"0 0 0 0 #ffffff","global_use_animation":0,"global_animationduration":"300","global_animationdelay":"0","global_custom_css":"","use_global_width":"0","hidden_md":"0","hidden_sm":"0","hidden_xs":"0","acl":"","instFormId":1517223397991,"margin":{"md":"   ","sm":"   ","xs":"   "},"color":"#fff"}},{"id":1517223398069,"name":"animated_number","visibility":true,"settings":{"admin_label":"","number":"2145","duration":"2145","font_size":{"md":"44","xs":"30"},"counter_title":"Total Elements","title_font_size":{"md":"16"},"alignment":"sppb-text-center","class":"","global_background_type":"none","global_background_gradient":{"color":"#00c6fb","color2":"#005bea","deg":"45","type":"linear"},"global_use_overlay":0,"global_background_repeat":"no-repeat","global_background_size":"cover","global_background_attachment":"inherit","global_user_border":0,"global_border_width":"","global_border_radius":0,"global_margin":{"md":"0 0 0px 0","sm":"0 0 20px 0","xs":"0 0 10px 0"},"global_padding":{"md":"   ","sm":"   ","xs":"   "},"global_boxshadow":"0 0 0 0 #ffffff","global_use_animation":0,"global_animationduration":"300","global_animationdelay":"0","global_custom_css":".sppb-animated-number{\n\tfont-weight: 600;\n}\n.sppb-animated-number-title{\n\ttext-transform: uppercase;\n}","use_global_width":"0","hidden_md":"0","hidden_sm":"0","hidden_xs":"0","acl":"","instFormId":1517223398069,"color":"#fff","global_text_color":"#fff"}}]},{"id":1517223397883,"class_name":"col-md-3","visibility":true,"settings":{"background_type":"none","background_gradient":{"color":"#00c6fb","color2":"#005bea","deg":"45","type":"linear"},"background_image":"","background_repeat":"no-repeat","background_size":"cover","background_attachment":"scroll","background_position":"0 0","items_align_center":0,"use_border":0,"border_width":"","border_radius":0,"boxshadow":"0 0 0 0 #fff","sm_col":"col-sm-6","xs_col":"","hidden_xs":0,"hidden_sm":0,"hidden_md":0,"animationduration":"300","animationdelay":"0","instFormId":1517223397883,"padding":{"md":"   ","sm":"   ","xs":"   "},"margin":{"md":"   ","sm":"   ","xs":"   "}},"addons":[{"id":1517223397991,"name":"icon","visibility":true,"settings":{"admin_label":"","name":"fa-bookmark","link":"","size":{"md":"50","xs":"40"},"width":{"md":""},"height":{"md":""},"use_hover":0,"hover_effect":"","alignment":"sppb-text-center","class":"","global_background_type":"none","global_background_gradient":{"color":"#00c6fb","color2":"#005bea","deg":"45","type":"linear"},"global_use_overlay":0,"global_background_repeat":"no-repeat","global_background_size":"cover","global_background_attachment":"inherit","global_user_border":0,"global_border_width":"","global_border_radius":0,"global_margin":{"md":"0 0 20px 0","sm":"   ","xs":"   "},"global_padding":{"md":"   ","sm":"   ","xs":"   "},"global_boxshadow":"0 0 0 0 #ffffff","global_use_animation":0,"global_animationduration":"300","global_animationdelay":"0","global_custom_css":"","use_global_width":"0","hidden_md":"0","hidden_sm":"0","hidden_xs":"0","acl":"","instFormId":1517223397991,"margin":{"md":"   ","sm":"   ","xs":"   "},"color":"#fff"}},{"id":1517227713290,"name":"animated_number","visibility":true,"settings":{"admin_label":"","number":"58","duration":"58","font_size":{"md":"44","xs":"30"},"counter_title":"Total Awards Won","title_font_size":{"md":"16"},"alignment":"sppb-text-center","class":"","global_background_type":"none","global_background_gradient":{"color":"#00c6fb","color2":"#005bea","deg":"45","type":"linear"},"global_use_overlay":0,"global_background_repeat":"no-repeat","global_background_size":"cover","global_background_attachment":"inherit","global_user_border":0,"global_border_width":"","global_border_radius":0,"global_margin":{"md":"0 0 0px 0","sm":"0 0 20px 0","xs":"0 0 10px 0"},"global_padding":{"md":"   ","sm":"   ","xs":"   "},"global_boxshadow":"0 0 0 0 #ffffff","global_use_animation":0,"global_animationduration":"300","global_animationdelay":"0","global_custom_css":".sppb-animated-number{\n\tfont-weight: 600;\n}\n.sppb-animated-number-title{\n\ttext-transform: uppercase;\n}","use_global_width":"0","hidden_md":"0","hidden_sm":"0","hidden_xs":"0","acl":"","instFormId":1517227713290,"color":"#fff","global_text_color":"#fff"}}]}]},{"id":1526965724561,"visibility":true,"collapse":false,"settings":{"admin_label":"","title":"","heading_selector":"h3","title_fontsize":"","title_fontweight":"","title_position":"sppb-text-center","columns_align_center":0,"fullscreen":0,"no_gutter":0,"padding":{"md":"130px 0px 90px 0px","sm":"   ","xs":"20px 0px 20px 0px"},"margin":{"md":"0px 0px 0px 0px","sm":"   ","xs":"   "},"background_type":"none","background_gradient":{"color":"#00c6fb","color2":"#005bea","deg":"45","type":"linear"},"background_image":"","background_parallax":"0","background_repeat":"no-repeat","background_size":"cover","background_attachment":"fixed","background_position":"0 0","external_background_video":"0","show_top_shape":0,"shape_name":"clouds-flat","shape_color":"#e5e5e5","shape_width":{"md":100,"sm":100,"xs":100},"shape_height":"","shape_flip":false,"shape_invert":false,"shape_to_front":false,"show_bottom_shape":0,"bottom_shape_name":"clouds-opacity","bottom_shape_color":"#e5e5e5","bottom_shape_width":{"md":100,"sm":100,"xs":100},"bottom_shape_height":"","bottom_shape_flip":false,"bottom_shape_invert":false,"bottom_shape_to_front":false,"hidden_xs":"","hidden_sm":"","hidden_md":"","animationduration":"300","animationdelay":"0","instFormId":1526965724561,"color":"#414141"},"layout":"12","columns":[{"id":1526965724574,"class_name":"col-md-12","visibility":true,"settings":{"background_type":"none","background_gradient":{"color":"#00c6fb","color2":"#005bea","deg":"45","type":"linear"},"background_image":"","background_repeat":"no-repeat","background_size":"cover","background_attachment":"scroll","background_position":"0 0","items_align_center":0,"use_border":0,"border_width":"","border_radius":0,"boxshadow":"0 0 0 0 #fff","sm_col":"","xs_col":"","hidden_xs":"","hidden_sm":"","hidden_md":"","animationduration":"300","animationdelay":"0","instFormId":1516946870960},"addons":[{"id":1526965724575,"name":"image","visibility":true,"settings":{"admin_label":"","title":"","heading_selector":"h3","title_fontsize":"","title_lineheight":"","title_letterspace":"0","title_position":"top","image":"https://sppagebuilder.com/sample-data/images/2018/seo-img/testominial-icon.png","border_radius":0,"alt_text":"Image","position":"sppb-text-center","open_lightbox":0,"overlay_color":"rgba(119, 219, 31, .5)","link":"","class":"","global_background_type":"none","global_background_gradient":{"color":"#00c6fb","color2":"#005bea","deg":"45","type":"linear"},"global_use_overlay":0,"global_background_repeat":"no-repeat","global_background_size":"cover","global_background_attachment":"inherit","global_user_border":0,"global_border_width":"","global_border_radius":0,"global_margin":{"md":"0 0 55px 0","sm":"   ","xs":"30px 30px 30px 30px"},"global_padding":{"md":"   ","sm":"   ","xs":"   "},"global_boxshadow":"0 0 0 0 #ffffff","global_use_animation":0,"global_animationduration":"300","global_animationdelay":"0","global_custom_css":"","use_global_width":"0","hidden_md":"0","hidden_sm":"0","hidden_xs":"0","acl":"","instFormId":1516952616812}},{"id":1526965724576,"name":"text_block","visibility":true,"settings":{"admin_label":"","title":"","heading_selector":"h3","title_fontsize":"","title_lineheight":"","title_letterspace":"0","text":"<em>Claritas est etiam processus dynamicus, qui sequitur mutationem consuetudium lectorum.</em>","alignment":"sppb-text-center","text_fontsize":{"md":"30","sm":"","xs":"18"},"text_lineheight":{"md":"38","sm":"","xs":"24"},"dropcap":0,"class":"","global_background_type":"none","global_background_gradient":{"color":"#00c6fb","color2":"#005bea","deg":"45","type":"linear"},"global_use_overlay":0,"global_background_repeat":"no-repeat","global_background_size":"cover","global_background_attachment":"inherit","global_user_border":0,"global_border_width":"","global_border_radius":0,"global_margin":{"md":"0 auto 12px auto","sm":"   ","xs":"   "},"global_padding":{"md":"   ","sm":"   ","xs":"   "},"global_boxshadow":"0 0 0 0 #ffffff","global_use_animation":0,"global_animationduration":"300","global_animationdelay":"0","global_custom_css":"","use_global_width":1,"hidden_md":0,"hidden_sm":0,"hidden_xs":0,"acl":"","instFormId":1526965724576,"text_font_family":"Varela Round","global_width":{"md":"80","sm":"100","xs":"100"}}},{"id":1526965724577,"name":"heading","visibility":true,"settings":{"admin_label":"","title":"<a href=\"#\">HandCraft</a>","heading_selector":"h5","use_link":0,"title_link":"","link_new_tab":"","title_fontsize":{"md":"20","sm":"","xs":"16"},"title_lineheight":{"md":"30","sm":"","xs":"26"},"title_letterspace":"0","title_text_transform":"none","title_margin":{"md":"0px 0px 30px 0px","sm":"   ","xs":"0px 0px 15px 0px"},"title_padding":{"md":"0px 0px 0px 0px","sm":"   ","xs":"   "},"title_icon_position":"before","alignment":"sppb-text-center","title_text_shadow":"","class":"","global_background_type":"none","global_background_gradient":{"color":"#00c6fb","color2":"#005bea","deg":"45","type":"linear"},"global_use_overlay":0,"global_background_repeat":"no-repeat","global_background_size":"cover","global_background_attachment":"inherit","global_user_border":0,"global_border_width":"","global_border_radius":0,"global_margin":{"md":"0px 0px 0px 0px","sm":"   ","xs":"   "},"global_padding":{"md":"   ","sm":"   ","xs":"   "},"global_boxshadow":"0 0 0 0 #ffffff","global_use_animation":0,"global_animationduration":"300","global_animationdelay":"0","global_custom_css":"","use_global_width":"0","hidden_md":"0","hidden_sm":"0","hidden_xs":"0","acl":"","instFormId":1516952732241,"title_font_family":"Varela Round","title_font_style":{"weight":400},"global_link_color":"#00dd4b"}}]}]},{"id":1526965724562,"visibility":true,"collapse":false,"settings":{"admin_label":"","title":"","heading_selector":"h3","title_fontsize":"","title_fontweight":"","title_position":"sppb-text-center","columns_align_center":0,"fullscreen":0,"no_gutter":0,"padding":{"md":"50px 0px 50px 0px","sm":"   ","xs":"15px 0px 15px 0px"},"margin":{"md":"0px 0px 0px 0px","sm":"   ","xs":"   "},"background_type":"color","background_gradient":{"color":"#00c6fb","color2":"#005bea","deg":"45","type":"linear"},"background_image":"","background_parallax":"0","background_repeat":"no-repeat","background_size":"cover","background_attachment":"fixed","background_position":"0 0","external_background_video":"0","show_top_shape":0,"shape_name":"clouds-flat","shape_color":"#e5e5e5","shape_width":{"md":100,"sm":100,"xs":100},"shape_height":"","shape_flip":false,"shape_invert":false,"shape_to_front":false,"show_bottom_shape":0,"bottom_shape_name":"clouds-opacity","bottom_shape_color":"#e5e5e5","bottom_shape_width":{"md":100,"sm":100,"xs":100},"bottom_shape_height":"","bottom_shape_flip":false,"bottom_shape_invert":false,"bottom_shape_to_front":false,"hidden_xs":"","hidden_sm":"","hidden_md":"","animationduration":"300","animationdelay":"0","instFormId":1516946871187,"background_color":"#f1f6ff"},"layout":"12","columns":[{"id":1526965724579,"class_name":"col-md-12","visibility":true,"settings":{"background_type":"none","background_gradient":{"color":"#00c6fb","color2":"#005bea","deg":"45","type":"linear"},"background_image":"","background_repeat":"no-repeat","background_size":"cover","background_attachment":"scroll","background_position":"0 0","items_align_center":0,"use_border":0,"border_width":"","border_radius":0,"boxshadow":"0 0 0 0 #fff","sm_col":"","xs_col":"","hidden_xs":0,"hidden_sm":0,"hidden_md":0,"animationduration":"300","animationdelay":"0","instFormId":1516946871183,"padding":{"md":"   ","sm":"   ","xs":"   "},"margin":{"md":"   ","sm":"   ","xs":"   "}},"addons":[{"id":1526965724580,"name":"clients","visibility":true,"settings":{"admin_label":"","title":"","heading_selector":"h3","title_fontsize":"","title_lineheight":"","title_letterspace":"0","count":"sppb-col-sm-3","alignment":"sppb-text-center","class":"","sp_clients_item":[{"title":"Client 1","image":"https://sppagebuilder.com/sample-data/images/2018/seo-img/cl-1.png","url":"#"},{"title":"Client 2","image":"https://sppagebuilder.com/sample-data/images/2018/seo-img/cl-2.png","url":"#"},{"title":"Client 3","image":"https://sppagebuilder.com/sample-data/images/2018/seo-img/cl-3.png","url":"#"},{"title":"Client 4","image":"https://sppagebuilder.com/sample-data/images/2018/seo-img/cl-4.png","url":"#"}],"global_background_type":"none","global_background_gradient":{"color":"#00c6fb","color2":"#005bea","deg":"45","type":"linear"},"global_use_overlay":0,"global_background_repeat":"no-repeat","global_background_size":"cover","global_background_attachment":"inherit","global_user_border":0,"global_border_width":"","global_border_radius":0,"global_margin":{"md":"0px 0px 0px 0px","sm":"   ","xs":"   "},"global_padding":{"md":"   ","sm":"   ","xs":"   "},"global_boxshadow":"0 0 0 0 #ffffff","global_use_animation":0,"global_animationduration":"300","global_animationdelay":"0","global_custom_css":"img{\n\topacity: .3;\n  transition: .5s;\n}\nimg:hover{\n\topacity: 1;\n}","use_global_width":"0","hidden_md":"0","hidden_sm":"0","hidden_xs":"0","acl":"","instFormId":1526965724580}}]}]},{"id":1526965724563,"visibility":true,"collapse":false,"settings":{"admin_label":"","title":"","heading_selector":"h3","title_fontsize":"","title_fontweight":"","title_position":"sppb-text-center","columns_align_center":0,"fullscreen":0,"no_gutter":0,"padding":{"md":"100px 0px 100px 0px","sm":"   ","xs":"50px 0px 50px 0px"},"margin":{"md":"0px 0px 0px 0px","sm":"   ","xs":"   "},"background_type":"image","background_gradient":{"color":"#00c6fb","color2":"#005bea","deg":"45","type":"linear"},"background_image":"https://sppagebuilder.com/sample-data/images/2018/seo-img/notific.png","background_parallax":0,"background_repeat":"no-repeat","background_size":"cover","background_attachment":"inherit","background_position":"50% 50%","external_background_video":"0","show_top_shape":0,"shape_name":"clouds-flat","shape_color":"#e5e5e5","shape_width":{"md":100,"sm":100,"xs":100},"shape_height":"","shape_flip":false,"shape_invert":false,"shape_to_front":false,"show_bottom_shape":0,"bottom_shape_name":"clouds-opacity","bottom_shape_color":"#e5e5e5","bottom_shape_width":{"md":100,"sm":100,"xs":100},"bottom_shape_height":"","bottom_shape_flip":false,"bottom_shape_invert":false,"bottom_shape_to_front":false,"hidden_xs":"","hidden_sm":"","hidden_md":"","animationduration":"300","animationdelay":"0","instFormId":1516957151888,"background_color":"#008aff","class":""},"layout":"12","columns":[{"id":1526965724582,"class_name":"col-md-12","visibility":true,"settings":{"background_type":"none","background_gradient":{"color":"#00c6fb","color2":"#005bea","deg":"45","type":"linear"},"background_image":"","background_repeat":"no-repeat","background_size":"cover","background_attachment":"scroll","background_position":"0 0","items_align_center":0,"use_border":0,"border_width":"","border_radius":0,"boxshadow":"0 0 0 0 #fff","sm_col":"","xs_col":"","hidden_xs":"","hidden_sm":"","hidden_md":"","animationduration":"300","animationdelay":"0"},"addons":[{"id":1526965724583,"name":"heading","visibility":true,"settings":{"admin_label":"","title":"Search engine Optimization","heading_selector":"h2","use_link":0,"title_link":"","link_new_tab":"","title_fontsize":{"md":"44","sm":"","xs":"30"},"title_lineheight":{"md":"52","sm":"","xs":"38"},"title_letterspace":"0","title_text_transform":"none","title_margin":{"md":"0px 0px 10px 0px","sm":"   ","xs":"   "},"title_padding":{"md":"0px 0px 0px 0px","sm":"   ","xs":"   "},"title_icon_position":"before","alignment":"sppb-text-center","title_text_shadow":"","class":"","global_background_type":"none","global_background_gradient":{"color":"#00c6fb","color2":"#005bea","deg":"45","type":"linear"},"global_use_overlay":0,"global_background_repeat":"no-repeat","global_background_size":"cover","global_background_attachment":"inherit","global_user_border":0,"global_border_width":"","global_border_radius":0,"global_margin":{"md":"0px 0px 0px 0px","sm":"   ","xs":"   "},"global_padding":{"md":"   ","sm":"   ","xs":"   "},"global_boxshadow":"0 0 0 0 #ffffff","global_use_animation":0,"global_animationduration":"300","global_animationdelay":"0","global_custom_css":"","use_global_width":"0","hidden_md":"0","hidden_sm":"0","hidden_xs":"0","acl":"","instFormId":1516957151852,"title_font_family":"Varela Round","title_font_style":{"weight":400},"global_text_color":"#fff"}},{"id":1526965724584,"name":"text_block","visibility":true,"settings":{"admin_label":"","title":"","heading_selector":"h3","title_fontsize":"","title_lineheight":"","title_letterspace":"0","text":"Workflow is winning over the robustness of Photoshop.","alignment":"sppb-text-center","text_fontsize":{"md":"18","sm":"","xs":"16"},"text_lineheight":{"md":"28","sm":"","xs":"26"},"dropcap":0,"class":"","global_background_type":"none","global_background_gradient":{"color":"#00c6fb","color2":"#005bea","deg":"45","type":"linear"},"global_use_overlay":0,"global_background_repeat":"no-repeat","global_background_size":"cover","global_background_attachment":"inherit","global_user_border":0,"global_border_width":"","global_border_radius":0,"global_margin":{"md":"0 0 33px 0","sm":"   ","xs":"0 0 15px 0"},"global_padding":{"md":"   ","sm":"   ","xs":"   "},"global_boxshadow":"0 0 0 0 #ffffff","global_use_animation":0,"global_animationduration":"300","global_animationdelay":"0","global_custom_css":"","use_global_width":"0","hidden_md":"0","hidden_sm":"0","hidden_xs":"0","acl":"","instFormId":1516957151853,"text_font_family":"Varela","global_text_color":"#fff"}},{"id":1526965724585,"name":"button","visibility":true,"settings":{"admin_label":"","text":"Learn More","alignment":"sppb-text-center","letterspace":"0","type":"custom","appearance":"flat","background_color":"#00dd4b","color":"#FFFFFF","background_color_hover":"#415e6c","color_hover":"#FFFFFF","button_padding":{"md":"13px 35px 13px 35px","sm":"   ","xs":"10px 20px 10px 20px"},"icon_position":"left","class":"","global_background_type":"none","global_background_gradient":{"color":"#00c6fb","color2":"#005bea","deg":"45","type":"linear"},"global_use_overlay":0,"global_background_repeat":"no-repeat","global_background_size":"cover","global_background_attachment":"inherit","global_user_border":0,"global_border_width":"","global_border_radius":0,"global_margin":{"md":"   ","sm":"   ","xs":"   "},"global_padding":{"md":"   ","sm":"   ","xs":"   "},"global_boxshadow":"0 0 0 0 #ffffff","global_use_animation":0,"global_animationduration":"300","global_animationdelay":"0","global_custom_css":"","use_global_width":"0","hidden_md":"0","hidden_sm":"0","hidden_xs":"0","acl":"","instFormId":1526965724585,"font_family":"Lato","font_style":{"weight":400,"uppercase":true},"url":"#","shape":"round","button_status":"normal","fontsize":{"md":"","sm":"","xs":"12"}}}]}]}]