[{"id":1516966829988,"visibility":true,"collapse":false,"settings":{"admin_label":"","title":"","heading_selector":"h3","title_fontsize":"","title_fontweight":"","title_position":"sppb-text-center","columns_align_center":0,"fullscreen":0,"no_gutter":0,"padding":{"md":"100px 0px 100px 0px","sm":"   ","xs":"50px 0px 50px 0px"},"margin":{"md":"0px 0px 0px 0px","sm":"   ","xs":"   "},"background_type":"none","background_gradient":{"color":"#00c6fb","color2":"#005bea","deg":"45","type":"linear"},"background_image":"","background_parallax":"0","background_repeat":"no-repeat","background_size":"cover","background_attachment":"fixed","background_position":"0 0","external_background_video":"0","show_top_shape":0,"shape_name":"clouds-flat","shape_color":"#e5e5e5","shape_width":{"md":100,"sm":100,"xs":100},"shape_height":"","shape_flip":false,"shape_invert":false,"shape_to_front":false,"show_bottom_shape":0,"bottom_shape_name":"clouds-opacity","bottom_shape_color":"#e5e5e5","bottom_shape_width":{"md":100,"sm":100,"xs":100},"bottom_shape_height":"","bottom_shape_flip":false,"bottom_shape_invert":false,"bottom_shape_to_front":false,"hidden_xs":"","hidden_sm":"","hidden_md":"","animationduration":"300","animationdelay":"0","instFormId":1516966829988},"layout":"12","columns":[{"id":1516966829985,"class_name":"col-md-12","visibility":true,"settings":{"background_type":"none","background_gradient":{"color":"#00c6fb","color2":"#005bea","deg":"45","type":"linear"},"background_image":"","background_repeat":"no-repeat","background_size":"cover","background_attachment":"scroll","background_position":"0 0","items_align_center":0,"use_border":0,"border_width":"","border_radius":0,"boxshadow":"0 0 0 0 #fff","sm_col":"","xs_col":"","hidden_xs":"","hidden_sm":"","hidden_md":"","animationduration":"300","animationdelay":"0"},"addons":[{"id":1516966938490,"name":"image","visibility":true,"settings":{"admin_label":"","title":"","heading_selector":"h3","title_fontsize":"","title_lineheight":"","title_letterspace":"0","title_position":"top","image":"https://sppagebuilder.com/sample-data/images/2018/seo-img/service-details.png","border_radius":0,"alt_text":"Image","position":"sppb-text-center","open_lightbox":0,"overlay_color":"rgba(119, 219, 31, .5)","link":"","class":"","global_background_type":"none","global_background_gradient":{"color":"#00c6fb","color2":"#005bea","deg":"45","type":"linear"},"global_use_overlay":0,"global_background_repeat":"no-repeat","global_background_size":"cover","global_background_attachment":"inherit","global_user_border":0,"global_border_width":"","global_border_radius":0,"global_margin":{"md":"0 0 30px 0","sm":"   ","xs":"0 0 15px 0"},"global_padding":{"md":"   ","sm":"   ","xs":"   "},"global_boxshadow":"0 0 0 0 #ffffff","global_use_animation":0,"global_animationduration":"300","global_animationdelay":"0","global_custom_css":"","use_global_width":"0","hidden_md":"0","hidden_sm":"0","hidden_xs":"0","acl":"","instFormId":1516966938490}},{"id":1516966830047,"name":"heading","visibility":true,"settings":{"admin_label":"","title":"Always in the right Marketing for Everyone","heading_selector":"h2","use_link":0,"title_link":"","link_new_tab":"","title_fontsize":{"md":"44","sm":"","xs":"30"},"title_lineheight":{"md":"52","sm":"","xs":"38"},"title_letterspace":"0","title_text_transform":"none","title_margin":{"md":"0px 0px 30px 0px","sm":"   ","xs":"0px 0px 5px 0px"},"title_padding":{"md":"0px 0px 0px 0px","sm":"   ","xs":"   "},"title_icon_position":"before","alignment":"sppb-text-center","title_text_shadow":"","class":"","global_background_type":"none","global_background_gradient":{"color":"#00c6fb","color2":"#005bea","deg":"45","type":"linear"},"global_use_overlay":0,"global_background_repeat":"no-repeat","global_background_size":"cover","global_background_attachment":"inherit","global_user_border":0,"global_border_width":"","global_border_radius":0,"global_margin":{"md":"0px 0px 0px 0px","sm":"   ","xs":"   "},"global_padding":{"md":"   ","sm":"   ","xs":"   "},"global_boxshadow":"0 0 0 0 #ffffff","global_use_animation":0,"global_animationduration":"300","global_animationdelay":"0","global_custom_css":"","use_global_width":"0","hidden_md":"0","hidden_sm":"0","hidden_xs":"0","acl":"","instFormId":1516966830047,"title_font_family":"Varela Round","title_font_style":{"weight":400},"global_text_color":"#000"}},{"id":1516967047192,"name":"text_block","visibility":true,"settings":{"admin_label":"","title":"","heading_selector":"h3","title_fontsize":"","title_lineheight":"","title_letterspace":"0","text":"Lorem ipsum dolor sit amet, consectetur adipisicing elit, sed do eiusmod tempor incididunt ut labore et dolore magna aliqua. Ut enim ad minim veniam, quis nostrud exercitation ullamco laboris nisi ut aliquip ex ea commodo consequat. Duis aute irure dolor in reprehenderit. in voluptate velit esse cillum dolore eu fugiat nulla pariatur.<br /><br />Excepteur sint occaecat cupidatat non proident, sunt in culpa qui officia deserunt mollit anim id est laborum. Sed ut perspiciatis unde omnis iste natus error sit voluptatem accusantium doloremque laudantium, totam rem aperiam, eaque ipsa quae ab illo inventore veritatis et quasi architecto beatae vitae dicta sunt explicabo. Nemo enim ipsam voluptatem quia voluptas sit aspernatur aut odit aut fugit, sed quia consequuntur magni dolores eos qui ratione voluptatem sequi nesciunt. Neque porro quisquam est, qui dolorem ipsum quia.","alignment":"sppb-text-center","text_fontsize":{"md":"16","sm":"","xs":"14"},"text_lineheight":{"md":"24","sm":"","xs":""},"dropcap":0,"class":"","global_background_type":"none","global_background_gradient":{"color":"#00c6fb","color2":"#005bea","deg":"45","type":"linear"},"global_use_overlay":0,"global_background_repeat":"no-repeat","global_background_size":"cover","global_background_attachment":"inherit","global_user_border":0,"global_border_width":"","global_border_radius":0,"global_margin":{"md":"0 auto 70px auto","sm":"   ","xs":"0px 0px 15px 0px"},"global_padding":{"md":"   ","sm":"   ","xs":"   "},"global_boxshadow":"0 0 0 0 #ffffff","global_use_animation":0,"global_animationduration":"300","global_animationdelay":"0","global_custom_css":"","use_global_width":1,"hidden_md":0,"hidden_sm":0,"hidden_xs":0,"acl":"","instFormId":1516967047192,"text_font_family":"Varela Round","global_text_color":"#989898","global_width":{"md":"82","sm":"100","xs":"100"}}},{"id":1516966830060,"name":"button","visibility":true,"settings":{"admin_label":"","text":"Learn More","alignment":"sppb-text-center","letterspace":"0","type":"custom","appearance":"flat","background_color":"#00dd4b","color":"#FFFFFF","background_color_hover":"#00dd4b","color_hover":"#FFFFFF","button_padding":{"md":"13px 35px 13px 35px","sm":"   ","xs":"10px 20px 10px 20px"},"icon_position":"left","class":"","global_background_type":"none","global_background_gradient":{"color":"#00c6fb","color2":"#005bea","deg":"45","type":"linear"},"global_use_overlay":0,"global_background_repeat":"no-repeat","global_background_size":"cover","global_background_attachment":"inherit","global_user_border":0,"global_border_width":"","global_border_radius":0,"global_margin":{"md":"   ","sm":"   ","xs":"   "},"global_padding":{"md":"   ","sm":"   ","xs":"   "},"global_boxshadow":"0 0 0 0 #ffffff","global_use_animation":0,"global_animationduration":"300","global_animationdelay":"0","global_custom_css":"","use_global_width":"0","hidden_md":"0","hidden_sm":"0","hidden_xs":"0","acl":"","instFormId":1516966830060,"font_family":"Varela Round","font_style":{"weight":400,"uppercase":false},"url":"#","shape":"round","button_status":"normal","fontsize":{"md":"","sm":"","xs":"12"}}}]}]},{"id":1516968039380,"visibility":true,"collapse":false,"settings":{"admin_label":"","title":"","heading_selector":"h3","title_fontsize":"","title_fontweight":"","title_position":"sppb-text-center","columns_align_center":0,"fullscreen":0,"no_gutter":0,"padding":{"md":"110px 0px 100px 0px","sm":"   ","xs":"60px 0px 60px 0px"},"margin":{"md":"0px 0px 0px 0px","sm":"   ","xs":"   "},"background_type":"image","background_gradient":{"color":"#00c6fb","color2":"#005bea","deg":"45","type":"linear"},"background_image":"https://sppagebuilder.com/sample-data/images/2018/seo-img/score-bg.png","background_parallax":0,"background_repeat":"no-repeat","background_size":"cover","background_attachment":"inherit","background_position":"50% 50%","external_background_video":"0","show_top_shape":0,"shape_name":"clouds-flat","shape_color":"#e5e5e5","shape_width":{"md":100,"sm":100,"xs":100},"shape_height":"","shape_flip":false,"shape_invert":false,"shape_to_front":false,"show_bottom_shape":0,"bottom_shape_name":"clouds-opacity","bottom_shape_color":"#e5e5e5","bottom_shape_width":{"md":100,"sm":100,"xs":100},"bottom_shape_height":"","bottom_shape_flip":false,"bottom_shape_invert":false,"bottom_shape_to_front":false,"hidden_xs":"","hidden_sm":"","hidden_md":"","animationduration":"300","animationdelay":"0","instFormId":1516968039380,"background_color":"#008aff","class":"item-cover"},"layout":"12,4,4,4","columns":[{"id":1516968039434,"class_name":"col-md-12","visibility":true,"settings":{"background_type":"none","background_gradient":{"color":"#00c6fb","color2":"#005bea","deg":"45","type":"linear"},"background_image":"","background_repeat":"no-repeat","background_size":"cover","background_attachment":"scroll","background_position":"0 0","items_align_center":0,"use_border":0,"border_width":"","border_radius":0,"boxshadow":"0 0 0 0 #fff","sm_col":"","xs_col":"","hidden_xs":"","hidden_sm":"","hidden_md":"","animationduration":"300","animationdelay":"0"},"addons":[{"id":1516968039435,"name":"heading","visibility":true,"settings":{"admin_label":"","title":"And more other great features","heading_selector":"h2","use_link":0,"title_link":"","link_new_tab":"","title_fontsize":{"md":"44","sm":"","xs":"30"},"title_lineheight":{"md":"52","sm":"","xs":"38"},"title_letterspace":"0","title_text_transform":"none","title_margin":{"md":"0px 0px 10px 0px","sm":"   ","xs":"0px 0px 5px 0px"},"title_padding":{"md":"0px 0px 0px 0px","sm":"   ","xs":"   "},"title_icon_position":"before","alignment":"sppb-text-center","title_text_shadow":"","class":"","global_background_type":"none","global_background_gradient":{"color":"#00c6fb","color2":"#005bea","deg":"45","type":"linear"},"global_use_overlay":0,"global_background_repeat":"no-repeat","global_background_size":"cover","global_background_attachment":"inherit","global_user_border":0,"global_border_width":"","global_border_radius":0,"global_margin":{"md":"0px 0px 0px 0px","sm":"   ","xs":"   "},"global_padding":{"md":"   ","sm":"   ","xs":"   "},"global_boxshadow":"0 0 0 0 #ffffff","global_use_animation":0,"global_animationduration":"300","global_animationdelay":"0","global_custom_css":"","use_global_width":"0","hidden_md":"0","hidden_sm":"0","hidden_xs":"0","acl":"","instFormId":1516968039435,"title_font_family":"Varela Round","title_font_style":{"weight":400},"global_text_color":"#fff"}},{"id":1516968039436,"name":"text_block","visibility":true,"settings":{"admin_label":"","title":"","heading_selector":"h3","title_fontsize":"","title_lineheight":"","title_letterspace":"0","text":"Choose your level of private labeling:","alignment":"sppb-text-center","text_fontsize":{"md":"18","sm":"","xs":"16"},"text_lineheight":{"md":"28","sm":"","xs":"26"},"dropcap":0,"class":"","global_background_type":"none","global_background_gradient":{"color":"#00c6fb","color2":"#005bea","deg":"45","type":"linear"},"global_use_overlay":0,"global_background_repeat":"no-repeat","global_background_size":"cover","global_background_attachment":"inherit","global_user_border":0,"global_border_width":"","global_border_radius":0,"global_margin":{"md":"0 0 75px 0","sm":"   ","xs":"0px 0px 30px 0px"},"global_padding":{"md":"   ","sm":"   ","xs":"   "},"global_boxshadow":"0 0 0 0 #ffffff","global_use_animation":0,"global_animationduration":"300","global_animationdelay":"0","global_custom_css":"","use_global_width":"0","hidden_md":"0","hidden_sm":"0","hidden_xs":"0","acl":"","instFormId":1516968039436,"text_font_family":"Varela","global_text_color":"#fff"}}]},{"id":1516968039437,"class_name":"col-md-4","visibility":true,"settings":{"background_type":"none","background_gradient":{"color":"#00c6fb","color2":"#005bea","deg":"45","type":"linear"},"background_image":"","background_repeat":"no-repeat","background_size":"cover","background_attachment":"scroll","background_position":"0 0","items_align_center":0,"use_border":0,"border_width":"","border_radius":0,"boxshadow":"0 0 0 0 #fff","sm_col":"col-sm-4","xs_col":"","hidden_xs":0,"hidden_sm":0,"hidden_md":0,"animationduration":"300","animationdelay":"0","instFormId":1516968039437,"padding":{"md":"   ","sm":"   ","xs":"   "},"margin":{"md":"   ","sm":"0px 0px 20px 0px","xs":"0px 0px 10px 0px"}},"addons":[{"id":1516968039488,"name":"feature","visibility":true,"settings":{"admin_label":"","title":"Local Search Strategy","heading_selector":"h4","title_position":"after","title_fontsize":{"md":"24","xs":"18"},"title_lineheight":{"md":"34","xs":"28"},"title_letterspace":"0","title_text_color":"#fff","title_url":"#","url_appear":"title","feature_type":"image","feature_image":"https://sppagebuilder.com/sample-data/images/2018/seo-img/service-icon-1.png","icon_name":"fa-trophy","icon_size":{"md":36},"icon_color":"#0080FE","text":"Sublattice of electrons that point in one direction, than from the.","text_fontsize":{"md":"16","sm":"","xs":"14"},"text_lineheight":{"md":"24","sm":"","xs":"24"},"alignment":"sppb-text-center","class":"","global_background_type":"none","global_background_gradient":{"color":"#00c6fb","color2":"#005bea","deg":"45","type":"linear"},"global_use_overlay":0,"global_background_repeat":"no-repeat","global_background_size":"cover","global_background_attachment":"inherit","global_user_border":0,"global_border_width":{"md":"","sm":"","xs":""},"global_border_radius":0,"global_margin":{"md":"20px 0px 20px 0px","sm":"   ","xs":"10px 0 10px 0"},"global_padding":{"md":"0px 0px 0px 0px","sm":"   ","xs":"   "},"global_boxshadow":{"ho":"0","vo":"0","blur":"0","spread":0,"color":"","inset":false},"global_use_animation":1,"global_animationduration":"800","global_animationdelay":"","global_custom_css":"","use_global_width":"0","hidden_md":"0","hidden_sm":"0","hidden_xs":"0","acl":"","instFormId":1516968039488,"icon_padding":{"md":"   ","sm":"   ","xs":"   "},"title_font_family":"Varela Round","title_font_style":{"weight":400},"text_font_family":"Varela","global_text_color":"#fff","title_margin_bottom":{"md":"8","sm":"","xs":"0"},"title_margin_top":{"md":"28","sm":"","xs":"10"},"global_link_color":"#fff","global_border_color":"","global_boder_style":"solid","feature_image_margin":{"md":"   ","sm":"   ","xs":"   "},"text_padding":{"md":"   ","sm":"   ","xs":"   "},"global_animation":"fadeInDown"}}]},{"id":1516968039442,"class_name":"col-md-4","visibility":true,"settings":{"background_type":"none","background_gradient":{"color":"#00c6fb","color2":"#005bea","deg":"45","type":"linear"},"background_image":"","background_repeat":"no-repeat","background_size":"cover","background_attachment":"scroll","background_position":"0 0","items_align_center":0,"use_border":0,"border_width":"","border_radius":0,"boxshadow":"0 0 0 0 #fff","sm_col":"col-sm-4","xs_col":"","hidden_xs":0,"hidden_sm":0,"hidden_md":0,"animationduration":"300","animationdelay":"0","instFormId":1516968039442,"padding":{"md":"   ","sm":"   ","xs":"   "},"margin":{"md":"   ","sm":"0px 0px 20px 0px","xs":"0px 0px 10px 0px"}},"addons":[{"id":1516968039491,"name":"feature","visibility":true,"settings":{"admin_label":"","title":"Social Media Marketing","heading_selector":"h4","title_position":"after","title_fontsize":{"md":"24","xs":"18"},"title_lineheight":{"md":"34","xs":"28"},"title_letterspace":"0","title_text_color":"#fff","title_url":"#","url_appear":"title","feature_type":"image","feature_image":"https://sppagebuilder.com/sample-data/images/2018/seo-img/service-icon-2.png","icon_name":"fa-trophy","icon_size":{"md":36},"icon_color":"#0080FE","text":"Sublattice of electrons that point in one direction, than from the.","text_fontsize":{"md":"16","sm":"","xs":"14"},"text_lineheight":{"md":"24","sm":"","xs":"24"},"alignment":"sppb-text-center","class":"","global_background_type":"none","global_background_gradient":{"color":"#00c6fb","color2":"#005bea","deg":"45","type":"linear"},"global_use_overlay":0,"global_background_repeat":"no-repeat","global_background_size":"cover","global_background_attachment":"inherit","global_user_border":0,"global_border_width":{"md":"","sm":"","xs":""},"global_border_radius":0,"global_margin":{"md":"20px 0px 20px 0px","sm":"   ","xs":"10px 0 10px 0"},"global_padding":{"md":"0px 0px 0px 0px","sm":"   ","xs":"   "},"global_boxshadow":{"ho":"0","vo":"0","blur":"0","spread":0,"color":"","inset":false},"global_use_animation":1,"global_animationduration":"800","global_animationdelay":"200","global_custom_css":"","use_global_width":"0","hidden_md":"0","hidden_sm":"0","hidden_xs":"0","acl":"","instFormId":1516968039491,"icon_padding":{"md":"   ","sm":"   ","xs":"   "},"title_font_family":"Varela Round","title_font_style":{"weight":400},"text_font_family":"Varela","global_text_color":"#fff","title_margin_bottom":{"md":"8","sm":"","xs":"0"},"title_margin_top":{"md":"28","sm":"","xs":"10"},"global_link_color":"#fff","global_border_color":"","global_boder_style":"solid","feature_image_margin":{"md":"   ","sm":"   ","xs":"   "},"text_padding":{"md":"   ","sm":"   ","xs":"   "},"global_animation":"fadeInDown"}}]},{"id":1516968039447,"class_name":"col-md-4","visibility":true,"settings":{"background_type":"none","background_gradient":{"color":"#00c6fb","color2":"#005bea","deg":"45","type":"linear"},"background_image":"","background_repeat":"no-repeat","background_size":"cover","background_attachment":"scroll","background_position":"0 0","items_align_center":0,"use_border":0,"border_width":"","border_radius":0,"boxshadow":"0 0 0 0 #fff","sm_col":"col-sm-4","xs_col":"","hidden_xs":0,"hidden_sm":0,"hidden_md":0,"animationduration":"300","animationdelay":"0","instFormId":1516968039447,"padding":{"md":"   ","sm":"   ","xs":"   "},"margin":{"md":"   ","sm":"   ","xs":"   "}},"addons":[{"id":1516966830050,"name":"feature","visibility":true,"settings":{"admin_label":"","title":"Link Building & Content","heading_selector":"h4","title_position":"after","title_fontsize":{"md":"24","xs":"18"},"title_lineheight":{"md":"34","xs":"28"},"title_letterspace":"0","title_text_color":"#fff","title_url":"#","url_appear":"title","feature_type":"image","feature_image":"https://sppagebuilder.com/sample-data/images/2018/seo-img/service-icon-3.png","icon_name":"fa-trophy","icon_size":{"md":36},"icon_color":"#0080FE","text":"Sublattice of electrons that point in one direction, than from the.","text_fontsize":{"md":"16","sm":"","xs":"14"},"text_lineheight":{"md":"24","sm":"","xs":"24"},"alignment":"sppb-text-center","class":"","global_background_type":"none","global_background_gradient":{"color":"#00c6fb","color2":"#005bea","deg":"45","type":"linear"},"global_use_overlay":0,"global_background_repeat":"no-repeat","global_background_size":"cover","global_background_attachment":"inherit","global_user_border":0,"global_border_width":{"md":"","sm":"","xs":""},"global_border_radius":0,"global_margin":{"md":"20px 0px 20px 0px","sm":"   ","xs":"10px 0 10px 0"},"global_padding":{"md":"0px 0px 0px 0px","sm":"   ","xs":"   "},"global_boxshadow":{"ho":"0","vo":"0","blur":"0","spread":0,"color":"","inset":false},"global_use_animation":1,"global_animationduration":"800","global_animationdelay":"400","global_custom_css":"","use_global_width":"0","hidden_md":"0","hidden_sm":"0","hidden_xs":"0","acl":"","instFormId":1516966830050,"icon_padding":{"md":"   ","sm":"   ","xs":"   "},"title_font_family":"Varela Round","title_font_style":{"weight":400},"text_font_family":"Varela","global_text_color":"#fff","title_margin_bottom":{"md":"8","sm":"","xs":"0"},"title_margin_top":{"md":"28","sm":"","xs":"10"},"global_link_color":"#fff","global_border_color":"","global_boder_style":"solid","feature_image_margin":{"md":"   ","sm":"   ","xs":"   "},"text_padding":{"md":"   ","sm":"   ","xs":"   "},"global_animation":"fadeInDown"}}]}]},{"id":1517213089478,"visibility":true,"collapse":false,"settings":{"admin_label":"","title":"","heading_selector":"h3","title_fontsize":"","title_fontweight":"","title_position":"sppb-text-center","columns_align_center":0,"fullscreen":0,"no_gutter":0,"padding":{"md":"110px 0px 125px 0px","sm":"   ","xs":"60px 0px 60px 0px"},"margin":{"md":"0px 0px 0px 0px","sm":"   ","xs":"   "},"background_type":"color","background_gradient":{"color":"#00c6fb","color2":"#005bea","deg":"45","type":"linear"},"background_image":"","background_parallax":0,"background_repeat":"no-repeat","background_size":"cover","background_attachment":"inherit","background_position":"50% 50%","external_background_video":"0","show_top_shape":0,"shape_name":"clouds-flat","shape_color":"#e5e5e5","shape_width":{"md":100,"sm":100,"xs":100},"shape_height":"","shape_flip":false,"shape_invert":false,"shape_to_front":false,"show_bottom_shape":0,"bottom_shape_name":"clouds-opacity","bottom_shape_color":"#e5e5e5","bottom_shape_width":{"md":100,"sm":100,"xs":100},"bottom_shape_height":"","bottom_shape_flip":false,"bottom_shape_invert":false,"bottom_shape_to_front":false,"hidden_xs":"","hidden_sm":"","hidden_md":"","animationduration":"300","animationdelay":"0","instFormId":1517213089478,"background_color":"#98abd1","class":"item-cover","button_status":"normal"},"layout":"12,4,4,4","columns":[{"id":1517213089479,"class_name":"col-md-12","visibility":true,"settings":{"background_type":"none","background_gradient":{"color":"#00c6fb","color2":"#005bea","deg":"45","type":"linear"},"background_image":"","background_repeat":"no-repeat","background_size":"cover","background_attachment":"scroll","background_position":"0 0","items_align_center":0,"use_border":0,"border_width":"","border_radius":0,"boxshadow":"0 0 0 0 #fff","sm_col":"","xs_col":"","hidden_xs":"","hidden_sm":"","hidden_md":"","animationduration":"300","animationdelay":"0"},"addons":[{"id":1517213089480,"name":"heading","visibility":true,"settings":{"admin_label":"","title":"And more other great features","heading_selector":"h2","use_link":0,"title_link":"","link_new_tab":"","title_fontsize":{"md":"44","sm":"","xs":"30"},"title_lineheight":{"md":"52","sm":"","xs":"38"},"title_letterspace":"0","title_text_transform":"none","title_margin":{"md":"0px 0px 10px 0px","sm":"   ","xs":"0px 0px 5px 0px"},"title_padding":{"md":"0px 0px 0px 0px","sm":"   ","xs":"   "},"title_icon_position":"before","alignment":"sppb-text-center","title_text_shadow":"","class":"","global_background_type":"none","global_background_gradient":{"color":"#00c6fb","color2":"#005bea","deg":"45","type":"linear"},"global_use_overlay":0,"global_background_repeat":"no-repeat","global_background_size":"cover","global_background_attachment":"inherit","global_user_border":0,"global_border_width":"","global_border_radius":0,"global_margin":{"md":"0px 0px 0px 0px","sm":"   ","xs":"   "},"global_padding":{"md":"   ","sm":"   ","xs":"   "},"global_boxshadow":"0 0 0 0 #ffffff","global_use_animation":0,"global_animationduration":"300","global_animationdelay":"0","global_custom_css":"","use_global_width":"0","hidden_md":"0","hidden_sm":"0","hidden_xs":"0","acl":"","instFormId":1517213089480,"title_font_family":"Varela Round","title_font_style":{"weight":400},"global_text_color":"#fff"}},{"id":1517213089481,"name":"text_block","visibility":true,"settings":{"admin_label":"","title":"","heading_selector":"h3","title_fontsize":"","title_lineheight":"","title_letterspace":"0","text":"Choose your level of private labeling:","alignment":"sppb-text-center","text_fontsize":{"md":"18","sm":"","xs":"16"},"text_lineheight":{"md":"28","sm":"","xs":"26"},"dropcap":0,"class":"","global_background_type":"none","global_background_gradient":{"color":"#00c6fb","color2":"#005bea","deg":"45","type":"linear"},"global_use_overlay":0,"global_background_repeat":"no-repeat","global_background_size":"cover","global_background_attachment":"inherit","global_user_border":0,"global_border_width":"","global_border_radius":0,"global_margin":{"md":"0 0 65px 0","sm":"   ","xs":"0px 0px 30px 0px"},"global_padding":{"md":"   ","sm":"   ","xs":"   "},"global_boxshadow":"0 0 0 0 #ffffff","global_use_animation":0,"global_animationduration":"300","global_animationdelay":"0","global_custom_css":"","use_global_width":"0","hidden_md":"0","hidden_sm":"0","hidden_xs":"0","acl":"","instFormId":1517213089481,"text_font_family":"Varela","global_text_color":"#fff"}}]},{"id":1517213089482,"class_name":"col-md-4","visibility":true,"settings":{"background_type":"color","background_gradient":{"color":"#00c6fb","color2":"#005bea","deg":"45","type":"linear"},"background_image":"","background_repeat":"no-repeat","background_size":"cover","background_attachment":"scroll","background_position":"0 0","items_align_center":0,"use_border":0,"border_width":"","border_radius":{"md":"10","sm":"","xs":""},"boxshadow":"0 0 0 0 #fff","sm_col":"col-sm-6","xs_col":"","hidden_xs":0,"hidden_sm":0,"hidden_md":0,"animationduration":"800","animationdelay":"0","instFormId":1517213089482,"padding":{"md":"70px 30px 70px 30px","sm":"   ","xs":"30px 30px 30px 30px"},"margin":{"md":"   ","sm":"0px 0px 30px 0px","xs":"0px 0px 30px 0px"},"background":"#fff","animation":"fadeInLeft"},"addons":[{"id":1517213089870,"name":"image","visibility":true,"settings":{"admin_label":"","title":"","heading_selector":"h3","title_fontsize":"","title_lineheight":"","title_letterspace":"0","title_position":"top","image":"https://sppagebuilder.com/sample-data/images/2018/seo-img/price-1.png","border_radius":0,"alt_text":"Image","position":"sppb-text-center","open_lightbox":0,"overlay_color":"rgba(119, 219, 31, .5)","link":"","class":"","global_background_type":"none","global_background_gradient":{"color":"#00c6fb","color2":"#005bea","deg":"45","type":"linear"},"global_use_overlay":0,"global_background_repeat":"no-repeat","global_background_size":"cover","global_background_attachment":"inherit","global_user_border":0,"global_border_width":"","global_border_radius":0,"global_margin":{"md":"0px 0px 0px 0px","sm":"   ","xs":"   "},"global_padding":{"md":"   ","sm":"   ","xs":"   "},"global_boxshadow":"0 0 0 0 #ffffff","global_use_animation":0,"global_animationduration":"300","global_animationdelay":"0","global_custom_css":"","use_global_width":"0","hidden_md":"0","hidden_sm":"0","hidden_xs":"0","acl":"","instFormId":1517213089870,"global_background_color":""}},{"id":1517213089877,"name":"pricing","visibility":true,"settings":{"admin_label":"","title":"Professional","heading_selector":"h4","title_fontsize":{"md":"20","xs":"16"},"title_lineheight":{"md":"30","xs":"26"},"title_letterspace":"0","title_text_color":"#000","title_margin_top":{"md":"20"},"title_margin_bottom":{"md":"15"},"price":"19","price_color":"#0097ff","price_font_size":{"md":"100","xs":"50"},"price_symbol":"$","price_symbol_alignment":"super","price_symbol_color":"#0097ff","price_symbol_font_size":{"md":"35","sm":"","xs":"25"},"duration":"/mo","duration_color":"#0097ff","duration_font_size":{"md":"35","sm":"","xs":"25"},"price_position":"after","price_margin_bottom":{"md":30},"pricing_content":"Even the all-powerful\nPointing has no control About\nthe blind texts","pricing_content_font_size":{"md":"16","xs":"14"},"pricing_content_gap":{"md":"17"},"pricing_content_margin_bottom":{"md":"70","xs":"25"},"button_text":"Leran More","button_letterspace":"0","button_type":"custom","button_appearance":"","button_background_color":"#415e6c","button_color":"#fff","button_background_color_hover":"#00dd4b","button_color_hover":"#fff","alignment":"sppb-text-center","class":"","global_background_type":"color","global_background_gradient":{"color":"#00c6fb","color2":"#005bea","deg":"45","type":"linear"},"global_use_overlay":0,"global_background_repeat":"no-repeat","global_background_size":"cover","global_background_attachment":"inherit","global_user_border":0,"global_border_width":"","global_border_radius":0,"global_margin":{"md":"   ","sm":"   ","xs":"   "},"global_padding":{"md":"20px 0px 0px 0px","sm":"   ","xs":"20px 0px 0px 0px"},"global_boxshadow":"0 0 0 0 #ffffff","global_use_animation":0,"global_animationduration":"300","global_animationdelay":"0","global_custom_css":"","use_global_width":"0","hidden_md":"0","hidden_sm":"0","hidden_xs":"0","acl":"","instFormId":1517213089877,"button_padding":{"md":"12px 30px 12px 30px","sm":"   ","xs":"10px 20px 10px 20px"},"title_font_family":"Varela Round","title_font_style":{"weight":400,"uppercase":true},"price_font_family":"Varela Round","pricing_content_font_family":"Varela","global_text_color":"#4c4c4c","global_background_color":"#fff","button_font_family":"Varela Round","button_font_style":{"weight":400,"uppercase":true},"button_url":"#","button_shape":"round","button_status":"normal"}}]},{"id":1517213089484,"class_name":"col-md-4","visibility":true,"settings":{"background_type":"color","background_gradient":{"color":"#00c6fb","color2":"#005bea","deg":"45","type":"linear"},"background_image":"","background_repeat":"no-repeat","background_size":"cover","background_attachment":"scroll","background_position":"0 0","items_align_center":0,"use_border":0,"border_width":"","border_radius":{"md":"10","sm":"","xs":""},"boxshadow":"0 0 0 0 #fff","sm_col":"col-sm-6","xs_col":"","hidden_xs":0,"hidden_sm":0,"hidden_md":0,"animationduration":"800","animationdelay":"200","instFormId":1517213089484,"padding":{"md":"70px 30px 70px 30px","sm":"   ","xs":"30px 30px 30px 30px"},"margin":{"md":"   ","sm":"0px 0px 30px 0px","xs":"0px 0px 30px 0px"},"background":"#fff","animation":"fadeInLeft"},"addons":[{"id":1517213089883,"name":"image","visibility":true,"settings":{"admin_label":"","title":"","heading_selector":"h3","title_fontsize":"","title_lineheight":"","title_letterspace":"0","title_position":"top","image":"https://sppagebuilder.com/sample-data/images/2018/seo-img/price-2.png","border_radius":0,"alt_text":"Image","position":"sppb-text-center","open_lightbox":0,"overlay_color":"rgba(119, 219, 31, .5)","link":"","class":"","global_background_type":"none","global_background_gradient":{"color":"#00c6fb","color2":"#005bea","deg":"45","type":"linear"},"global_use_overlay":0,"global_background_repeat":"no-repeat","global_background_size":"cover","global_background_attachment":"inherit","global_user_border":0,"global_border_width":"","global_border_radius":0,"global_margin":{"md":"0px 0px 0px 0px","sm":"   ","xs":"   "},"global_padding":{"md":"   ","sm":"   ","xs":"   "},"global_boxshadow":"0 0 0 0 #ffffff","global_use_animation":0,"global_animationduration":"300","global_animationdelay":"0","global_custom_css":"","use_global_width":"0","hidden_md":"0","hidden_sm":"0","hidden_xs":"0","acl":"","instFormId":1517213089883,"global_background_color":"","button_status":"normal"}},{"id":1517213089880,"name":"pricing","visibility":true,"settings":{"admin_label":"","title":"Business","heading_selector":"h4","title_fontsize":{"md":"20","xs":"16"},"title_lineheight":{"md":"30","xs":"26"},"title_letterspace":"0","title_text_color":"#000","title_margin_top":{"md":"20"},"title_margin_bottom":{"md":"15"},"price":"49","price_color":"#0097ff","price_font_size":{"md":"100","xs":"50"},"price_symbol":"$","price_symbol_alignment":"super","price_symbol_color":"#0097ff","price_symbol_font_size":{"md":"35","sm":"","xs":"25"},"duration":"/mo","duration_color":"#0097ff","duration_font_size":{"md":"35","sm":"","xs":"25"},"price_position":"after","price_margin_bottom":{"md":30},"pricing_content":"Even the all-powerful\nPointing has no control About\nthe blind texts","pricing_content_font_size":{"md":"16","xs":"14"},"pricing_content_gap":{"md":"18"},"pricing_content_margin_bottom":{"md":"70"},"button_text":"Leran More","button_letterspace":"0","button_type":"custom","button_appearance":"","button_background_color":"#415e6c","button_color":"#fff","button_background_color_hover":"#00dd4b","button_color_hover":"#fff","alignment":"sppb-text-center","class":"","global_background_type":"none","global_background_gradient":{"color":"#00c6fb","color2":"#005bea","deg":"45","type":"linear"},"global_use_overlay":0,"global_background_repeat":"no-repeat","global_background_size":"cover","global_background_attachment":"inherit","global_user_border":0,"global_border_width":"","global_border_radius":0,"global_margin":{"md":"   ","sm":"   ","xs":"   "},"global_padding":{"md":"20px 0px 0px 0px","sm":"   ","xs":"20px 0px 0px 0px"},"global_boxshadow":"0 0 0 0 #ffffff","global_use_animation":0,"global_animationduration":"300","global_animationdelay":"0","global_custom_css":"","use_global_width":"0","hidden_md":"0","hidden_sm":"0","hidden_xs":"0","acl":"","instFormId":1517213089880,"button_padding":{"md":"12px 30px 12px 30px","sm":"   ","xs":"10px 20px 10px 20px"},"title_font_family":"Varela Round","title_font_style":{"weight":400,"uppercase":true},"price_font_family":"Varela Round","pricing_content_font_family":"Varela","global_text_color":"#4c4c4c","global_background_color":"","button_font_family":"Varela Round","button_font_style":{"weight":400,"uppercase":true},"button_url":"#","button_shape":"round","button_status":"normal"}}]},{"id":1517213089486,"class_name":"col-md-4","visibility":true,"settings":{"background_type":"color","background_gradient":{"color":"#00c6fb","color2":"#005bea","deg":"45","type":"linear"},"background_image":"","background_repeat":"no-repeat","background_size":"cover","background_attachment":"scroll","background_position":"0 0","items_align_center":0,"use_border":0,"border_width":"","border_radius":{"md":"10","sm":"","xs":""},"boxshadow":"0 0 0 0 #fff","sm_col":"","xs_col":"","hidden_xs":0,"hidden_sm":0,"hidden_md":0,"animationduration":"800","animationdelay":"400","instFormId":1517213089486,"padding":{"md":"70px 30px 70px 30px","sm":"   ","xs":"30px 30px 30px 30px"},"margin":{"md":"   ","sm":"0px 0px 30px 0px","xs":"0px 0px 10px 0px"},"button_status":"normal","background":"#fff","animation":"fadeInLeft"},"addons":[{"id":1517219635364,"name":"image","visibility":true,"settings":{"admin_label":"","title":"","heading_selector":"h3","title_fontsize":"","title_lineheight":"","title_letterspace":"0","title_position":"top","image":"https://sppagebuilder.com/sample-data/images/2018/seo-img/price-3.png","border_radius":0,"alt_text":"Image","position":"sppb-text-center","open_lightbox":0,"overlay_color":"rgba(119, 219, 31, .5)","link":"","class":"","global_background_type":"none","global_background_gradient":{"color":"#00c6fb","color2":"#005bea","deg":"45","type":"linear"},"global_use_overlay":0,"global_background_repeat":"no-repeat","global_background_size":"cover","global_background_attachment":"inherit","global_user_border":0,"global_border_width":"","global_border_radius":0,"global_margin":{"md":"0px 0px 0px 0px","sm":"   ","xs":"0px 0px 0px 0px"},"global_padding":{"md":"   ","sm":"   ","xs":"0px 30px 0px 30px"},"global_boxshadow":"0 0 0 0 #ffffff","global_use_animation":0,"global_animationduration":"300","global_animationdelay":"0","global_custom_css":"","use_global_width":"0","hidden_md":"0","hidden_sm":"0","hidden_xs":"0","acl":"","instFormId":1517219635364,"global_background_color":"#fff"}},{"id":1517218176021,"name":"pricing","visibility":true,"settings":{"admin_label":"","title":"Enterprice","heading_selector":"h4","title_fontsize":{"md":"20","xs":"16"},"title_lineheight":{"md":"30","xs":"26"},"title_letterspace":"0","title_text_color":"#000","title_margin_top":{"md":"20"},"title_margin_bottom":{"md":"15"},"price":"99","price_color":"#0097ff","price_font_size":{"md":"100","xs":"50"},"price_symbol":"$","price_symbol_alignment":"super","price_symbol_color":"#0097ff","price_symbol_font_size":{"md":"35","sm":"","xs":"25"},"duration":"/mo","duration_color":"#0097ff","duration_font_size":{"md":"35","sm":"","xs":"25"},"price_position":"after","price_margin_bottom":{"md":30},"pricing_content":"Even the all-powerful\nPointing has no control About\nthe blind texts","pricing_content_font_size":{"md":"16","xs":"14"},"pricing_content_gap":{"md":"18"},"pricing_content_margin_bottom":{"md":"70"},"button_text":"Leran More","button_letterspace":"0","button_type":"custom","button_appearance":"","button_background_color":"#415e6c","button_color":"#fff","button_background_color_hover":"#00dd4b","button_color_hover":"#fff","alignment":"sppb-text-center","class":"","global_background_type":"none","global_background_gradient":{"color":"#00c6fb","color2":"#005bea","deg":"45","type":"linear"},"global_use_overlay":0,"global_background_repeat":"no-repeat","global_background_size":"cover","global_background_attachment":"inherit","global_user_border":0,"global_border_width":"","global_border_radius":0,"global_margin":{"md":"0px 0px 10px 0px","sm":"0 0 20px 0","xs":"0 0 10px 0"},"global_padding":{"md":"20px 0px 0px 0px","sm":"   ","xs":"20px 0px 0px 0px"},"global_boxshadow":"0 0 0 0 #ffffff","global_use_animation":0,"global_animationduration":"300","global_animationdelay":"0","global_custom_css":"","use_global_width":"0","hidden_md":"0","hidden_sm":"0","hidden_xs":"0","acl":"","instFormId":1517218176021,"button_padding":{"md":"12px 30px 12px 30px","sm":"   ","xs":"10px 20px 10px 20px"},"title_font_family":"Varela Round","title_font_style":{"weight":400,"uppercase":true},"price_font_family":"Varela Round","pricing_content_font_family":"Varela","global_text_color":"#4c4c4c","global_background_color":"#fff","button_font_family":"Varela Round","button_font_style":{"weight":400,"uppercase":true},"button_url":"#","button_shape":"round","button_status":"normal"}}]}]},{"id":1526963360735,"visibility":true,"collapse":false,"settings":{"admin_label":"","title":"","heading_selector":"h3","title_fontsize":"","title_fontweight":"","title_position":"sppb-text-center","columns_align_center":0,"fullscreen":0,"no_gutter":0,"padding":{"md":"120px 0px 100px 0px","sm":"   ","xs":"45px 0px 30px 0px"},"margin":{"md":"0px 0px 0px 0px","sm":"   ","xs":"   "},"background_type":"none","background_gradient":{"color":"#00c6fb","color2":"#005bea","deg":"45","type":"linear"},"background_image":"","background_parallax":"0","background_repeat":"no-repeat","background_size":"cover","background_attachment":"fixed","background_position":"0 0","external_background_video":"0","show_top_shape":0,"shape_name":"clouds-flat","shape_color":"#e5e5e5","shape_width":{"md":100,"sm":100,"xs":100},"shape_height":"","shape_flip":false,"shape_invert":false,"shape_to_front":false,"show_bottom_shape":0,"bottom_shape_name":"clouds-opacity","bottom_shape_color":"#e5e5e5","bottom_shape_width":{"md":100,"sm":100,"xs":100},"bottom_shape_height":"","bottom_shape_flip":false,"bottom_shape_invert":false,"bottom_shape_to_front":false,"hidden_xs":"","hidden_sm":"","hidden_md":"","animationduration":"300","animationdelay":"0","instFormId":1526963360735},"layout":"12,4,4,4","columns":[{"id":1526963360438,"class_name":"col-md-12","visibility":true,"settings":{"background_type":"none","background_gradient":{"color":"#00c6fb","color2":"#005bea","deg":"45","type":"linear"},"background_image":"","background_repeat":"no-repeat","background_size":"cover","background_attachment":"scroll","background_position":"0 0","items_align_center":0,"use_border":0,"border_width":"","border_radius":0,"boxshadow":"0 0 0 0 #fff","sm_col":"","xs_col":"","hidden_xs":"","hidden_sm":"","hidden_md":"","animationduration":"300","animationdelay":"0"},"addons":[{"id":1526963360439,"name":"heading","visibility":true,"settings":{"admin_label":"","title":"Why Choose Our Service","heading_selector":"h2","use_link":0,"title_link":"","link_new_tab":"","title_fontsize":{"md":"44","sm":"","xs":"30"},"title_lineheight":{"md":"52","sm":"","xs":"38"},"title_letterspace":"0","title_text_transform":"none","title_margin":{"md":"0px 0px 10px 0px","sm":"   ","xs":"0px 0px 5px 0px"},"title_padding":{"md":"0px 0px 0px 0px","sm":"   ","xs":"   "},"title_icon_position":"before","alignment":"sppb-text-center","title_text_shadow":"","class":"","global_background_type":"none","global_background_gradient":{"color":"#00c6fb","color2":"#005bea","deg":"45","type":"linear"},"global_use_overlay":0,"global_background_repeat":"no-repeat","global_background_size":"cover","global_background_attachment":"inherit","global_user_border":0,"global_border_width":"","global_border_radius":0,"global_margin":{"md":"0px 0px 0px 0px","sm":"   ","xs":"   "},"global_padding":{"md":"   ","sm":"   ","xs":"   "},"global_boxshadow":"0 0 0 0 #ffffff","global_use_animation":0,"global_animationduration":"300","global_animationdelay":"0","global_custom_css":"","use_global_width":"0","hidden_md":"0","hidden_sm":"0","hidden_xs":"0","acl":"","instFormId":1516961859705,"title_font_family":"Varela Round","title_font_style":{"weight":400},"global_text_color":"#000"}},{"id":1526963360440,"name":"text_block","visibility":true,"settings":{"admin_label":"","title":"","heading_selector":"h3","title_fontsize":"","title_lineheight":"","title_letterspace":"0","text":"Choose your level of private labeling","alignment":"sppb-text-center","text_fontsize":{"md":"18","sm":"","xs":"16"},"text_lineheight":{"md":"28","sm":"","xs":"26"},"dropcap":0,"class":"","global_background_type":"none","global_background_gradient":{"color":"#00c6fb","color2":"#005bea","deg":"45","type":"linear"},"global_use_overlay":0,"global_background_repeat":"no-repeat","global_background_size":"cover","global_background_attachment":"inherit","global_user_border":0,"global_border_width":"","global_border_radius":0,"global_margin":{"md":"0 0 60px 0","sm":"   ","xs":"0px 0px 20px 0px"},"global_padding":{"md":"   ","sm":"   ","xs":"   "},"global_boxshadow":"0 0 0 0 #ffffff","global_use_animation":0,"global_animationduration":"300","global_animationdelay":"0","global_custom_css":"","use_global_width":"0","hidden_md":"0","hidden_sm":"0","hidden_xs":"0","acl":"","instFormId":1526963360440,"text_font_family":"Varela","global_text_color":"#000"}}]},{"id":1526963360441,"class_name":"col-md-4","visibility":true,"settings":{"background_type":"none","background_gradient":{"color":"#00c6fb","color2":"#005bea","deg":"45","type":"linear"},"background_image":"","background_repeat":"no-repeat","background_size":"cover","background_attachment":"scroll","background_position":"0 0","items_align_center":0,"use_border":0,"border_width":"","border_radius":0,"boxshadow":"0 0 0 0 #fff","sm_col":"col-sm-4","xs_col":"","hidden_xs":0,"hidden_sm":0,"hidden_md":0,"animationduration":"300","animationdelay":"0","instFormId":1526963360441,"padding":{"md":"   ","sm":"   ","xs":"   "},"margin":{"md":"   ","sm":"0px 0px 20px 0px","xs":"0px 0px 10px 0px"}},"addons":[{"id":1526963360442,"name":"feature","visibility":true,"settings":{"admin_label":"","title":"Pre-sales Support","heading_selector":"h4","title_position":"after","title_fontsize":{"md":"24","xs":"18"},"title_lineheight":{"md":"34","xs":"28"},"title_letterspace":"0","title_text_color":"#000","title_url":"#","url_appear":"title","feature_type":"image","feature_image":"https://sppagebuilder.com/sample-data/images/2018/seo-img/why-1.png","icon_name":"fa-trophy","icon_size":{"md":36},"icon_color":"#0080FE","text":"Sublattice of electrons that point in one direction, than from the.","text_fontsize":{"md":"16","sm":"","xs":"14"},"text_lineheight":{"md":"24","sm":"","xs":"24"},"alignment":"sppb-text-center","class":"","global_background_type":"none","global_background_gradient":{"color":"#00c6fb","color2":"#005bea","deg":"45","type":"linear"},"global_use_overlay":0,"global_background_repeat":"no-repeat","global_background_size":"cover","global_background_attachment":"inherit","global_user_border":0,"global_border_width":{"md":"","sm":"","xs":""},"global_border_radius":0,"global_margin":{"md":"20px 0px 20px 0px","sm":"   ","xs":"10px 0 10px 0"},"global_padding":{"md":"0px 0px 5px 0px","sm":"   ","xs":"   "},"global_boxshadow":{"ho":"0","vo":"0","blur":"0","spread":0,"color":"","inset":false},"global_use_animation":1,"global_animationduration":"800","global_animationdelay":"0","global_custom_css":"","use_global_width":"0","hidden_md":"0","hidden_sm":"0","hidden_xs":"0","acl":"","instFormId":1526963360442,"icon_padding":{"md":"   ","sm":"   ","xs":"   "},"title_font_family":"Varela Round","title_font_style":{"weight":400},"text_font_family":"Varela Round","global_text_color":"#989898","title_margin_bottom":{"md":"8","sm":"","xs":"0"},"title_margin_top":{"md":"28","sm":"","xs":"10"},"global_link_color":"#000","global_border_color":"","global_boder_style":"solid","feature_image_margin":{"md":"   ","sm":"   ","xs":"   "},"text_padding":{"md":"   ","sm":"   ","xs":"   "},"global_animation":"fadeInDown"}}]},{"id":1526963360443,"class_name":"col-md-4","visibility":true,"settings":{"background_type":"none","background_gradient":{"color":"#00c6fb","color2":"#005bea","deg":"45","type":"linear"},"background_image":"","background_repeat":"no-repeat","background_size":"cover","background_attachment":"scroll","background_position":"0 0","items_align_center":0,"use_border":0,"border_width":"","border_radius":0,"boxshadow":"0 0 0 0 #fff","sm_col":"col-sm-4","xs_col":"","hidden_xs":0,"hidden_sm":0,"hidden_md":0,"animationduration":"300","animationdelay":"0","instFormId":1526963360443,"padding":{"md":"   ","sm":"   ","xs":"   "},"margin":{"md":"   ","sm":"0px 0px 20px 0px","xs":"0px 0px 10px 0px"}},"addons":[{"id":1526963360444,"name":"feature","visibility":true,"settings":{"admin_label":"","title":"Ownership & Confidentiality","heading_selector":"h4","title_position":"after","title_fontsize":{"md":"24","xs":"18"},"title_lineheight":{"md":"34","xs":"28"},"title_letterspace":"0","title_text_color":"#000","title_url":"#","url_appear":"title","feature_type":"image","feature_image":"https://sppagebuilder.com/sample-data/images/2018/seo-img/why-2.png","icon_name":"fa-trophy","icon_size":{"md":36},"icon_color":"#0080FE","text":"Sublattice of electrons that point in one direction, than from the.","text_fontsize":{"md":"16","sm":"","xs":"14"},"text_lineheight":{"md":"24","sm":"","xs":"24"},"alignment":"sppb-text-center","class":"","global_background_type":"none","global_background_gradient":{"color":"#00c6fb","color2":"#005bea","deg":"45","type":"linear"},"global_use_overlay":0,"global_background_repeat":"no-repeat","global_background_size":"cover","global_background_attachment":"inherit","global_user_border":0,"global_border_width":{"md":"","sm":"","xs":""},"global_border_radius":0,"global_margin":{"md":"20px 0px 20px 0px","sm":"   ","xs":"10px 0 10px 0"},"global_padding":{"md":"0px 0px 5px 0px","sm":"   ","xs":"   "},"global_boxshadow":{"ho":"0","vo":"0","blur":"0","spread":0,"color":"","inset":false},"global_use_animation":1,"global_animationduration":"800","global_animationdelay":"200","global_custom_css":"","use_global_width":"0","hidden_md":"0","hidden_sm":"0","hidden_xs":"0","acl":"","instFormId":1526963360444,"icon_padding":{"md":"   ","sm":"   ","xs":"   "},"title_font_family":"Varela Round","title_font_style":{"weight":400},"text_font_family":"Varela Round","global_text_color":"#989898","title_margin_bottom":{"md":"8","sm":"","xs":"0"},"title_margin_top":{"md":"28","sm":"","xs":"10"},"global_link_color":"#000","global_border_color":"","global_boder_style":"solid","feature_image_margin":{"md":"   ","sm":"   ","xs":"   "},"text_padding":{"md":"   ","sm":"   ","xs":"   "},"global_animation":"fadeInDown"}}]},{"id":1526963360445,"class_name":"col-md-4","visibility":true,"settings":{"background_type":"none","background_gradient":{"color":"#00c6fb","color2":"#005bea","deg":"45","type":"linear"},"background_image":"","background_repeat":"no-repeat","background_size":"cover","background_attachment":"scroll","background_position":"0 0","items_align_center":0,"use_border":0,"border_width":"","border_radius":0,"boxshadow":"0 0 0 0 #fff","sm_col":"col-sm-4","xs_col":"","hidden_xs":0,"hidden_sm":0,"hidden_md":0,"animationduration":"300","animationdelay":"0","instFormId":1526963360445,"padding":{"md":"   ","sm":"   ","xs":"   "},"margin":{"md":"   ","sm":"0px 0px 20px 0px","xs":"0px 0px 10px 0px"}},"addons":[{"id":1526963360446,"name":"feature","visibility":true,"settings":{"admin_label":"","title":"PageTraffic Brand Name","heading_selector":"h4","title_position":"after","title_fontsize":{"md":"24","xs":"18"},"title_lineheight":{"md":"34","xs":"28"},"title_letterspace":"0","title_text_color":"#000","title_url":"#","url_appear":"title","feature_type":"image","feature_image":"https://sppagebuilder.com/sample-data/images/2018/seo-img/why-3.png","icon_name":"fa-trophy","icon_size":{"md":36},"icon_color":"#0080FE","text":"Sublattice of electrons that point in one direction, than from the.","text_fontsize":{"md":"16","sm":"","xs":"14"},"text_lineheight":{"md":"24","sm":"","xs":"24"},"alignment":"sppb-text-center","class":"","global_background_type":"none","global_background_gradient":{"color":"#00c6fb","color2":"#005bea","deg":"45","type":"linear"},"global_use_overlay":0,"global_background_repeat":"no-repeat","global_background_size":"cover","global_background_attachment":"inherit","global_user_border":0,"global_border_width":{"md":"","sm":"","xs":""},"global_border_radius":0,"global_margin":{"md":"20px 0px 20px 0px","sm":"   ","xs":"10px 0 10px 0"},"global_padding":{"md":"0px 0px 5px 0px","sm":"   ","xs":"   "},"global_boxshadow":{"ho":"0","vo":"0","blur":"0","spread":0,"color":"","inset":false},"global_use_animation":1,"global_animationduration":"800","global_animationdelay":"400","global_custom_css":"","use_global_width":"0","hidden_md":"0","hidden_sm":"0","hidden_xs":"0","acl":"","instFormId":1526963360446,"icon_padding":{"md":"   ","sm":"   ","xs":"   "},"title_font_family":"Varela Round","title_font_style":{"weight":400},"text_font_family":"Varela Round","global_text_color":"#989898","title_margin_bottom":{"md":"8","sm":"","xs":"0"},"title_margin_top":{"md":"28","sm":"","xs":"10"},"global_link_color":"#000","global_border_color":"","global_boder_style":"solid","feature_image_margin":{"md":"   ","sm":"   ","xs":"   "},"text_padding":{"md":"   ","sm":"   ","xs":"   "},"global_animation":"fadeInDown"}}]}]},{"id":1526963360736,"visibility":true,"collapse":false,"settings":{"admin_label":"","title":"","heading_selector":"h3","title_fontsize":"","title_fontweight":"","title_position":"sppb-text-center","columns_align_center":0,"fullscreen":0,"no_gutter":0,"padding":{"md":"100px 0px 100px 0px","sm":"   ","xs":"50px 0px 50px 0px"},"margin":{"md":"0px 0px 0px 0px","sm":"   ","xs":"   "},"background_type":"image","background_gradient":{"color":"#00c6fb","color2":"#005bea","deg":"45","type":"linear"},"background_image":"https://sppagebuilder.com/sample-data/images/2018/seo-img/notific.png","background_parallax":0,"background_repeat":"no-repeat","background_size":"cover","background_attachment":"inherit","background_position":"50% 50%","external_background_video":"0","show_top_shape":0,"shape_name":"clouds-flat","shape_color":"#e5e5e5","shape_width":{"md":100,"sm":100,"xs":100},"shape_height":"","shape_flip":false,"shape_invert":false,"shape_to_front":false,"show_bottom_shape":0,"bottom_shape_name":"clouds-opacity","bottom_shape_color":"#e5e5e5","bottom_shape_width":{"md":100,"sm":100,"xs":100},"bottom_shape_height":"","bottom_shape_flip":false,"bottom_shape_invert":false,"bottom_shape_to_front":false,"hidden_xs":"","hidden_sm":"","hidden_md":"","animationduration":"300","animationdelay":"0","instFormId":1516961859841,"background_color":"#008aff","class":""},"layout":"12","columns":[{"id":1526963360448,"class_name":"col-md-12","visibility":true,"settings":{"background_type":"none","background_gradient":{"color":"#00c6fb","color2":"#005bea","deg":"45","type":"linear"},"background_image":"","background_repeat":"no-repeat","background_size":"cover","background_attachment":"scroll","background_position":"0 0","items_align_center":0,"use_border":0,"border_width":"","border_radius":0,"boxshadow":"0 0 0 0 #fff","sm_col":"","xs_col":"","hidden_xs":"","hidden_sm":"","hidden_md":"","animationduration":"300","animationdelay":"0"},"addons":[{"id":1526963360449,"name":"heading","visibility":true,"settings":{"admin_label":"","title":"Search engine Optimization","heading_selector":"h2","use_link":0,"title_link":"","link_new_tab":"","title_fontsize":{"md":"44","sm":"","xs":"30"},"title_lineheight":{"md":"52","sm":"","xs":"38"},"title_letterspace":"0","title_text_transform":"none","title_margin":{"md":"0px 0px 10px 0px","sm":"   ","xs":"   "},"title_padding":{"md":"0px 0px 0px 0px","sm":"   ","xs":"   "},"title_icon_position":"before","alignment":"sppb-text-center","title_text_shadow":"","class":"","global_background_type":"none","global_background_gradient":{"color":"#00c6fb","color2":"#005bea","deg":"45","type":"linear"},"global_use_overlay":0,"global_background_repeat":"no-repeat","global_background_size":"cover","global_background_attachment":"inherit","global_user_border":0,"global_border_width":"","global_border_radius":0,"global_margin":{"md":"0px 0px 0px 0px","sm":"   ","xs":"   "},"global_padding":{"md":"   ","sm":"   ","xs":"   "},"global_boxshadow":"0 0 0 0 #ffffff","global_use_animation":0,"global_animationduration":"300","global_animationdelay":"0","global_custom_css":"","use_global_width":"0","hidden_md":"0","hidden_sm":"0","hidden_xs":"0","acl":"","instFormId":1516961858511,"title_font_family":"Varela Round","title_font_style":{"weight":400},"global_text_color":"#fff"}},{"id":1526963360450,"name":"text_block","visibility":true,"settings":{"admin_label":"","title":"","heading_selector":"h3","title_fontsize":"","title_lineheight":"","title_letterspace":"0","text":"Workflow is winning over the robustness of Photoshop.","alignment":"sppb-text-center","text_fontsize":{"md":"18","sm":"","xs":"16"},"text_lineheight":{"md":"28","sm":"","xs":"26"},"dropcap":0,"class":"","global_background_type":"none","global_background_gradient":{"color":"#00c6fb","color2":"#005bea","deg":"45","type":"linear"},"global_use_overlay":0,"global_background_repeat":"no-repeat","global_background_size":"cover","global_background_attachment":"inherit","global_user_border":0,"global_border_width":"","global_border_radius":0,"global_margin":{"md":"0 0 33px 0","sm":"   ","xs":"0 0 15px 0"},"global_padding":{"md":"   ","sm":"   ","xs":"   "},"global_boxshadow":"0 0 0 0 #ffffff","global_use_animation":0,"global_animationduration":"300","global_animationdelay":"0","global_custom_css":"","use_global_width":"0","hidden_md":"0","hidden_sm":"0","hidden_xs":"0","acl":"","instFormId":1516961858512,"text_font_family":"Varela Round","global_text_color":"#fff"}},{"id":1526963360451,"name":"button","visibility":true,"settings":{"admin_label":"","text":"Learn More","alignment":"sppb-text-center","letterspace":"0","type":"custom","appearance":"flat","background_color":"#00dd4b","color":"#FFFFFF","background_color_hover":"#415e6c","color_hover":"#FFFFFF","button_padding":{"md":"13px 35px 13px 35px","sm":"   ","xs":"10px 20px 10px 20px"},"icon_position":"left","class":"","global_background_type":"none","global_background_gradient":{"color":"#00c6fb","color2":"#005bea","deg":"45","type":"linear"},"global_use_overlay":0,"global_background_repeat":"no-repeat","global_background_size":"cover","global_background_attachment":"inherit","global_user_border":0,"global_border_width":"","global_border_radius":0,"global_margin":{"md":"   ","sm":"   ","xs":"   "},"global_padding":{"md":"   ","sm":"   ","xs":"   "},"global_boxshadow":"0 0 0 0 #ffffff","global_use_animation":0,"global_animationduration":"300","global_animationdelay":"0","global_custom_css":"","use_global_width":"0","hidden_md":"0","hidden_sm":"0","hidden_xs":"0","acl":"","instFormId":1526963360451,"font_family":"Lato","font_style":{"weight":400,"uppercase":true},"url":"#","shape":"round","button_status":"normal","fontsize":{"md":"","sm":"","xs":"12"}}}]}]}]