[{"id":1524131508348,"visibility":true,"collapse":false,"settings":{"admin_label":"","title":"","heading_selector":"h3","title_fontsize":"","title_fontweight":"","title_position":"sppb-text-center","columns_align_center":0,"fullscreen":0,"no_gutter":0,"padding":{"md":"120px 0px 100px 0px","sm":"   ","xs":"30px 0px 30px 0px"},"margin":{"md":"0px 0px 0px 0px","sm":"   ","xs":"   "},"background_type":"none","background_gradient":{"color":"#00c6fb","color2":"#005bea","deg":"45","type":"linear"},"background_image":"","background_parallax":"0","background_repeat":"no-repeat","background_size":"cover","background_attachment":"fixed","background_position":"0 0","external_background_video":"0","show_top_shape":0,"shape_name":"clouds-flat","shape_color":"#e5e5e5","shape_width":{"md":100,"sm":100,"xs":100},"shape_height":"","shape_flip":false,"shape_invert":false,"shape_to_front":false,"show_bottom_shape":0,"bottom_shape_name":"clouds-opacity","bottom_shape_color":"#e5e5e5","bottom_shape_width":{"md":100,"sm":100,"xs":100},"bottom_shape_height":"","bottom_shape_flip":false,"bottom_shape_invert":false,"bottom_shape_to_front":false,"hidden_xs":"","hidden_sm":"","hidden_md":"","animationduration":"300","animationdelay":"0","instFormId":1524131508348},"layout":"4,4,4,4,4,4","columns":[{"id":1524131508349,"class_name":"col-md-4","visibility":true,"settings":{"background_type":"color","background_gradient":{"color":"#00c6fb","color2":"#005bea","deg":"45","type":"linear"},"background_image":"","background_repeat":"no-repeat","background_size":"cover","background_attachment":"scroll","background_position":"0 0","items_align_center":0,"use_border":1,"border_width":{"md":"1","sm":"","xs":""},"border_radius":{"md":"5","sm":"","xs":""},"boxshadow":{"ho":0,"vo":"20","blur":"27","spread":0,"color":"rgba(152, 170, 198, 0.15)","inset":false},"sm_col":"col-sm-6","xs_col":"","hidden_xs":0,"hidden_sm":0,"hidden_md":0,"animationduration":"800","animationdelay":"","instFormId":1524131508349,"padding":{"md":"60px 30px 60px 30px","sm":"   ","xs":"30px 30px 30px 30px"},"margin":{"md":"0px 0px 30px 0px","sm":"   ","xs":"   "},"background":"#fff","boder_style":"solid","border_color":"rgb(245, 246, 250)","class":"single-service-block","button_status":"normal","animation":"fadeInLeft"},"addons":[{"id":1524131508352,"name":"feature","visibility":true,"settings":{"admin_label":"","title":"Local Search Strategy","heading_selector":"h4","title_position":"after","title_fontsize":{"md":"24","xs":"18"},"title_lineheight":{"md":"34","xs":"28"},"title_letterspace":"0","title_text_color":"#000","title_url":"#","url_appear":"title","feature_type":"image","feature_image":"https://sppagebuilder.com/sample-data/images/2018/seo-img/service-icon-1.png","icon_name":"fa-trophy","icon_size":{"md":36},"icon_color":"#0080FE","text":"Sublattice of electrons that point in one direction, than from the.","text_fontsize":{"md":"16","sm":"","xs":"14"},"text_lineheight":{"md":"26","sm":"","xs":"24"},"alignment":"sppb-text-center","class":"","global_background_type":"none","global_background_gradient":{"color":"#00c6fb","color2":"#005bea","deg":"45","type":"linear"},"global_use_overlay":0,"global_background_repeat":"no-repeat","global_background_size":"cover","global_background_attachment":"inherit","global_user_border":0,"global_border_width":{"md":"","sm":"","xs":""},"global_border_radius":0,"global_margin":{"md":"0px 0px 28px 0px","sm":"   ","xs":"   "},"global_padding":{"md":"0px 0px 0px 0px","sm":"   ","xs":"   "},"global_boxshadow":{"ho":"0","vo":"0","blur":"0","spread":0,"color":"","inset":false},"global_use_animation":0,"global_animationduration":"300","global_animationdelay":"0","global_custom_css":"","use_global_width":"0","hidden_md":"0","hidden_sm":"0","hidden_xs":"0","acl":"","instFormId":1524131508352,"icon_padding":{"md":"   ","sm":"   ","xs":"   "},"title_font_family":"Varela Round","title_font_style":{"weight":400},"text_font_family":"Varela Round","global_text_color":"#989898","title_margin_bottom":{"md":"8","sm":"","xs":""},"title_margin_top":{"md":"28","sm":"","xs":""},"global_link_color":"#414141","global_border_color":"","global_boder_style":"","feature_image_margin":{"md":"   ","sm":"   ","xs":"   "},"text_padding":{"md":"   ","sm":"   ","xs":"   "}}},{"id":1524131508353,"name":"text_block","visibility":true,"settings":{"admin_label":"","title":"","heading_selector":"h3","title_fontsize":"","title_lineheight":"","title_letterspace":"0","text":"Dedicated Account Managers","alignment":"sppb-text-center","text_fontsize":{"md":"16","sm":"","xs":"14"},"text_lineheight":{"md":"35","sm":"","xs":"30"},"dropcap":0,"class":"","global_background_type":"none","global_background_gradient":{"color":"#00c6fb","color2":"#005bea","deg":"45","type":"linear"},"global_use_overlay":0,"global_background_repeat":"no-repeat","global_background_size":"cover","global_background_attachment":"inherit","global_user_border":0,"global_border_width":"","global_border_radius":0,"global_margin":{"md":"0px 0px 0px 0px","sm":"   ","xs":"   "},"global_padding":{"md":"   ","sm":"   ","xs":"   "},"global_boxshadow":"0 0 0 0 #ffffff","global_use_animation":0,"global_animationduration":"300","global_animationdelay":"0","global_custom_css":"","use_global_width":"0","hidden_md":"0","hidden_sm":"0","hidden_xs":"0","acl":"","instFormId":1524131508353,"text_font_family":"Varela Round","global_text_color":"#3c3c3c"}},{"id":1524131508354,"name":"text_block","visibility":true,"settings":{"admin_label":"","title":"","heading_selector":"h3","title_fontsize":"","title_lineheight":"","title_letterspace":"0","text":"Online Project Management System","alignment":"sppb-text-center","text_fontsize":{"md":"16","sm":"","xs":"14"},"text_lineheight":{"md":"35","sm":"","xs":"30"},"dropcap":0,"class":"","global_background_type":"none","global_background_gradient":{"color":"#00c6fb","color2":"#005bea","deg":"45","type":"linear"},"global_use_overlay":0,"global_background_repeat":"no-repeat","global_background_size":"cover","global_background_attachment":"inherit","global_user_border":0,"global_border_width":"","global_border_radius":0,"global_margin":{"md":"0px 0px 0px 0px","sm":"   ","xs":"   "},"global_padding":{"md":"   ","sm":"   ","xs":"   "},"global_boxshadow":"0 0 0 0 #ffffff","global_use_animation":0,"global_animationduration":"300","global_animationdelay":"0","global_custom_css":"","use_global_width":"0","hidden_md":"0","hidden_sm":"0","hidden_xs":"0","acl":"","instFormId":1516961858973,"text_font_family":"Varela Round","global_text_color":"#3c3c3c"}},{"id":1524131508355,"name":"text_block","visibility":true,"settings":{"admin_label":"","title":"","heading_selector":"h3","title_fontsize":"","title_lineheight":"","title_letterspace":"0","text":"Extensive Reporting","alignment":"sppb-text-center","text_fontsize":{"md":"16","sm":"","xs":"14"},"text_lineheight":{"md":"35","sm":"","xs":"30"},"dropcap":0,"class":"","global_background_type":"none","global_background_gradient":{"color":"#00c6fb","color2":"#005bea","deg":"45","type":"linear"},"global_use_overlay":0,"global_background_repeat":"no-repeat","global_background_size":"cover","global_background_attachment":"inherit","global_user_border":0,"global_border_width":"","global_border_radius":0,"global_margin":{"md":"0px 0px 0px 0px","sm":"   ","xs":"   "},"global_padding":{"md":"   ","sm":"   ","xs":"   "},"global_boxshadow":"0 0 0 0 #ffffff","global_use_animation":0,"global_animationduration":"300","global_animationdelay":"0","global_custom_css":"","use_global_width":"0","hidden_md":"0","hidden_sm":"0","hidden_xs":"0","acl":"","instFormId":1516961858974,"text_font_family":"Varela Round","global_text_color":"#3c3c3c"}},{"id":1524131508356,"name":"text_block","visibility":true,"settings":{"admin_label":"","title":"","heading_selector":"h3","title_fontsize":"","title_lineheight":"","title_letterspace":"0","text":"Quality Links","alignment":"sppb-text-center","text_fontsize":{"md":"16","sm":"","xs":"14"},"text_lineheight":{"md":"35","sm":"","xs":"30"},"dropcap":0,"class":"","global_background_type":"none","global_background_gradient":{"color":"#00c6fb","color2":"#005bea","deg":"45","type":"linear"},"global_use_overlay":0,"global_background_repeat":"no-repeat","global_background_size":"cover","global_background_attachment":"inherit","global_user_border":0,"global_border_width":"","global_border_radius":0,"global_margin":{"md":"0px 0px 0px 0px","sm":"   ","xs":"   "},"global_padding":{"md":"   ","sm":"   ","xs":"   "},"global_boxshadow":"0 0 0 0 #ffffff","global_use_animation":0,"global_animationduration":"300","global_animationdelay":"0","global_custom_css":"","use_global_width":"0","hidden_md":"0","hidden_sm":"0","hidden_xs":"0","acl":"","instFormId":1516961858975,"text_font_family":"Varela Round","global_text_color":"#3c3c3c"}},{"id":1524131508357,"name":"text_block","visibility":true,"settings":{"admin_label":"","title":"","heading_selector":"h3","title_fontsize":"","title_lineheight":"","title_letterspace":"0","text":"Longer Lasting Results","alignment":"sppb-text-center","text_fontsize":{"md":"16","sm":"","xs":"14"},"text_lineheight":{"md":"35","sm":"","xs":"30"},"dropcap":0,"class":"","global_background_type":"none","global_background_gradient":{"color":"#00c6fb","color2":"#005bea","deg":"45","type":"linear"},"global_use_overlay":0,"global_background_repeat":"no-repeat","global_background_size":"cover","global_background_attachment":"inherit","global_user_border":0,"global_border_width":"","global_border_radius":0,"global_margin":{"md":"0px 0px 0px 0px","sm":"   ","xs":"   "},"global_padding":{"md":"   ","sm":"   ","xs":"   "},"global_boxshadow":"0 0 0 0 #ffffff","global_use_animation":0,"global_animationduration":"300","global_animationdelay":"0","global_custom_css":"","use_global_width":"0","hidden_md":"0","hidden_sm":"0","hidden_xs":"0","acl":"","instFormId":1516961858976,"text_font_family":"Varela Round","global_text_color":"#3c3c3c"}},{"id":1524131508358,"name":"text_block","visibility":true,"settings":{"admin_label":"","title":"","heading_selector":"h3","title_fontsize":"","title_lineheight":"","title_letterspace":"0","text":"Award Winning SEO Agency","alignment":"sppb-text-center","text_fontsize":{"md":"16","sm":"","xs":"14"},"text_lineheight":{"md":"35","sm":"","xs":"30"},"dropcap":0,"class":"","global_background_type":"none","global_background_gradient":{"color":"#00c6fb","color2":"#005bea","deg":"45","type":"linear"},"global_use_overlay":0,"global_background_repeat":"no-repeat","global_background_size":"cover","global_background_attachment":"inherit","global_user_border":0,"global_border_width":"","global_border_radius":0,"global_margin":{"md":"0px 0px 0px 0px","sm":"   ","xs":"   "},"global_padding":{"md":"   ","sm":"   ","xs":"   "},"global_boxshadow":"0 0 0 0 #ffffff","global_use_animation":0,"global_animationduration":"300","global_animationdelay":"0","global_custom_css":"","use_global_width":"0","hidden_md":"0","hidden_sm":"0","hidden_xs":"0","acl":"","instFormId":1516961858977,"text_font_family":"Varela Round","global_text_color":"#3c3c3c"}},{"id":1524131508359,"name":"button","visibility":true,"settings":{"admin_label":"","text":"Learn More","alignment":"sppb-text-center","letterspace":"0","type":"custom","appearance":"flat","background_color":"#00dd4b","color":"#FFFFFF","background_color_hover":"#415e6c","color_hover":"#FFFFFF","button_padding":{"md":"14px 30px 14px 30px","sm":"   ","xs":"10px 20px 10px 20px"},"icon_position":"left","class":"","global_background_type":"none","global_background_gradient":{"color":"#00c6fb","color2":"#005bea","deg":"45","type":"linear"},"global_use_overlay":0,"global_background_repeat":"no-repeat","global_background_size":"cover","global_background_attachment":"inherit","global_user_border":0,"global_border_width":"","global_border_radius":0,"global_margin":{"md":"25px 0px 0px 0px","sm":"   ","xs":"   "},"global_padding":{"md":"   ","sm":"   ","xs":"   "},"global_boxshadow":"0 0 0 0 #ffffff","global_use_animation":0,"global_animationduration":"300","global_animationdelay":"0","global_custom_css":"","use_global_width":"0","hidden_md":"0","hidden_sm":"0","hidden_xs":"0","acl":"","instFormId":1524131508359,"font_family":"Varela Round","font_style":{"weight":400,"uppercase":true},"url":"#","shape":"round","button_status":"normal","fontsize":{"md":"","sm":"","xs":"12"}}}]},{"id":1524131508360,"class_name":"col-md-4","visibility":true,"settings":{"background_type":"color","background_gradient":{"color":"#00c6fb","color2":"#005bea","deg":"45","type":"linear"},"background_image":"","background_repeat":"no-repeat","background_size":"cover","background_attachment":"scroll","background_position":"0 0","items_align_center":0,"use_border":1,"border_width":{"md":"1","sm":"","xs":""},"border_radius":{"md":"5","sm":"","xs":""},"boxshadow":{"ho":0,"vo":"20","blur":"27","spread":0,"color":"rgba(152, 170, 198, 0.15)","inset":false},"sm_col":"col-sm-6","xs_col":"","hidden_xs":0,"hidden_sm":0,"hidden_md":0,"animationduration":"800","animationdelay":"200","instFormId":1524131508360,"padding":{"md":"60px 30px 60px 30px","sm":"   ","xs":"30px 30px 30px 30px"},"margin":{"md":"0px 0px 30px 0px","sm":"   ","xs":"   "},"background":"#fff","boder_style":"solid","border_color":"rgb(245, 246, 250)","class":"single-service-block","animation":"fadeInLeft"},"addons":[{"id":1524131508363,"name":"feature","visibility":true,"settings":{"admin_label":"","title":"Social Media Marketing","heading_selector":"h4","title_position":"after","title_fontsize":{"md":"24","xs":"18"},"title_lineheight":{"md":"34","xs":"28"},"title_letterspace":"0","title_text_color":"#000","title_url":"#","url_appear":"title","feature_type":"image","feature_image":"https://sppagebuilder.com/sample-data/images/2018/seo-img/service-icon-2.png","icon_name":"fa-trophy","icon_size":{"md":36},"icon_color":"#0080FE","text":"Sublattice of electrons that point in one direction, than from the.","text_fontsize":{"md":"16","sm":"","xs":"14"},"text_lineheight":{"md":"26","sm":"","xs":"24"},"alignment":"sppb-text-center","class":"","global_background_type":"none","global_background_gradient":{"color":"#00c6fb","color2":"#005bea","deg":"45","type":"linear"},"global_use_overlay":0,"global_background_repeat":"no-repeat","global_background_size":"cover","global_background_attachment":"inherit","global_user_border":0,"global_border_width":{"md":"","sm":"","xs":""},"global_border_radius":0,"global_margin":{"md":"0px 0px 28px 0px","sm":"   ","xs":"   "},"global_padding":{"md":"0px 0px 0px 0px","sm":"   ","xs":"   "},"global_boxshadow":{"ho":"0","vo":"0","blur":"0","spread":0,"color":"","inset":false},"global_use_animation":0,"global_animationduration":"300","global_animationdelay":"0","global_custom_css":"","use_global_width":"0","hidden_md":"0","hidden_sm":"0","hidden_xs":"0","acl":"","instFormId":1524131508363,"icon_padding":{"md":"   ","sm":"   ","xs":"   "},"title_font_family":"Varela Round","title_font_style":{"weight":400},"text_font_family":"Varela Round","global_text_color":"#989898","title_margin_bottom":{"md":"8","sm":"","xs":""},"title_margin_top":{"md":"28","sm":"","xs":""},"global_link_color":"#414141","global_border_color":"","global_boder_style":"","feature_image_margin":{"md":"   ","sm":"   ","xs":"   "},"text_padding":{"md":"   ","sm":"   ","xs":"   "}}},{"id":1524131508364,"name":"text_block","visibility":true,"settings":{"admin_label":"","title":"","heading_selector":"h3","title_fontsize":"","title_lineheight":"","title_letterspace":"0","text":"Dedicated Account Managers","alignment":"sppb-text-center","text_fontsize":{"md":"16","sm":"","xs":"14"},"text_lineheight":{"md":"35","sm":"","xs":"30"},"dropcap":0,"class":"","global_background_type":"none","global_background_gradient":{"color":"#00c6fb","color2":"#005bea","deg":"45","type":"linear"},"global_use_overlay":0,"global_background_repeat":"no-repeat","global_background_size":"cover","global_background_attachment":"inherit","global_user_border":0,"global_border_width":"","global_border_radius":0,"global_margin":{"md":"0px 0px 0px 0px","sm":"   ","xs":"   "},"global_padding":{"md":"   ","sm":"   ","xs":"   "},"global_boxshadow":"0 0 0 0 #ffffff","global_use_animation":0,"global_animationduration":"300","global_animationdelay":"0","global_custom_css":"","use_global_width":"0","hidden_md":"0","hidden_sm":"0","hidden_xs":"0","acl":"","instFormId":1516961858984,"text_font_family":"Varela Round","global_text_color":"#3c3c3c"}},{"id":1524131508365,"name":"text_block","visibility":true,"settings":{"admin_label":"","title":"","heading_selector":"h3","title_fontsize":"","title_lineheight":"","title_letterspace":"0","text":"Online Project Management System","alignment":"sppb-text-center","text_fontsize":{"md":"16","sm":"","xs":"14"},"text_lineheight":{"md":"35","sm":"","xs":"30"},"dropcap":0,"class":"","global_background_type":"none","global_background_gradient":{"color":"#00c6fb","color2":"#005bea","deg":"45","type":"linear"},"global_use_overlay":0,"global_background_repeat":"no-repeat","global_background_size":"cover","global_background_attachment":"inherit","global_user_border":0,"global_border_width":"","global_border_radius":0,"global_margin":{"md":"0px 0px 0px 0px","sm":"   ","xs":"   "},"global_padding":{"md":"   ","sm":"   ","xs":"   "},"global_boxshadow":"0 0 0 0 #ffffff","global_use_animation":0,"global_animationduration":"300","global_animationdelay":"0","global_custom_css":"","use_global_width":"0","hidden_md":"0","hidden_sm":"0","hidden_xs":"0","acl":"","instFormId":1516961858985,"text_font_family":"Varela Round","global_text_color":"#3c3c3c"}},{"id":1524131508366,"name":"text_block","visibility":true,"settings":{"admin_label":"","title":"","heading_selector":"h3","title_fontsize":"","title_lineheight":"","title_letterspace":"0","text":"Extensive Reporting","alignment":"sppb-text-center","text_fontsize":{"md":"16","sm":"","xs":"14"},"text_lineheight":{"md":"35","sm":"","xs":"30"},"dropcap":0,"class":"","global_background_type":"none","global_background_gradient":{"color":"#00c6fb","color2":"#005bea","deg":"45","type":"linear"},"global_use_overlay":0,"global_background_repeat":"no-repeat","global_background_size":"cover","global_background_attachment":"inherit","global_user_border":0,"global_border_width":"","global_border_radius":0,"global_margin":{"md":"0px 0px 0px 0px","sm":"   ","xs":"   "},"global_padding":{"md":"   ","sm":"   ","xs":"   "},"global_boxshadow":"0 0 0 0 #ffffff","global_use_animation":0,"global_animationduration":"300","global_animationdelay":"0","global_custom_css":"","use_global_width":"0","hidden_md":"0","hidden_sm":"0","hidden_xs":"0","acl":"","instFormId":1516961858986,"text_font_family":"Varela Round","global_text_color":"#3c3c3c"}},{"id":1524131508367,"name":"text_block","visibility":true,"settings":{"admin_label":"","title":"","heading_selector":"h3","title_fontsize":"","title_lineheight":"","title_letterspace":"0","text":"Quality Links","alignment":"sppb-text-center","text_fontsize":{"md":"16","sm":"","xs":"14"},"text_lineheight":{"md":"35","sm":"","xs":"30"},"dropcap":0,"class":"","global_background_type":"none","global_background_gradient":{"color":"#00c6fb","color2":"#005bea","deg":"45","type":"linear"},"global_use_overlay":0,"global_background_repeat":"no-repeat","global_background_size":"cover","global_background_attachment":"inherit","global_user_border":0,"global_border_width":"","global_border_radius":0,"global_margin":{"md":"0px 0px 0px 0px","sm":"   ","xs":"   "},"global_padding":{"md":"   ","sm":"   ","xs":"   "},"global_boxshadow":"0 0 0 0 #ffffff","global_use_animation":0,"global_animationduration":"300","global_animationdelay":"0","global_custom_css":"","use_global_width":"0","hidden_md":"0","hidden_sm":"0","hidden_xs":"0","acl":"","instFormId":1524131508367,"text_font_family":"Varela Round","global_text_color":"#3c3c3c","button_status":"normal"}},{"id":1524131508368,"name":"button","visibility":true,"settings":{"admin_label":"","text":"Learn More","alignment":"sppb-text-center","letterspace":"0","type":"custom","appearance":"flat","background_color":"#00dd4b","color":"#FFFFFF","background_color_hover":"#415e6c","color_hover":"#FFFFFF","button_padding":{"md":"14px 30px 14px 30px","sm":"   ","xs":"10px 20px 10px 20px"},"icon_position":"left","class":"","global_background_type":"none","global_background_gradient":{"color":"#00c6fb","color2":"#005bea","deg":"45","type":"linear"},"global_use_overlay":0,"global_background_repeat":"no-repeat","global_background_size":"cover","global_background_attachment":"inherit","global_user_border":0,"global_border_width":"","global_border_radius":0,"global_margin":{"md":"95px 0px 0px 0px","sm":"   ","xs":"30px 0px 0px 0px"},"global_padding":{"md":"   ","sm":"   ","xs":"   "},"global_boxshadow":"0 0 0 0 #ffffff","global_use_animation":0,"global_animationduration":"300","global_animationdelay":"0","global_custom_css":"","use_global_width":"0","hidden_md":"0","hidden_sm":"0","hidden_xs":"0","acl":"","instFormId":1524131508368,"font_family":"Varela Round","font_style":{"weight":400,"uppercase":true},"url":"#","shape":"round","button_status":"normal","fontsize":{"md":"","sm":"","xs":"12"}}}]},{"id":1524131508369,"class_name":"col-md-4","visibility":true,"settings":{"background_type":"color","background_gradient":{"color":"#00c6fb","color2":"#005bea","deg":"45","type":"linear"},"background_image":"","background_repeat":"no-repeat","background_size":"cover","background_attachment":"scroll","background_position":"0 0","items_align_center":0,"use_border":1,"border_width":{"md":"1","sm":"","xs":""},"border_radius":{"md":"5","sm":"","xs":""},"boxshadow":{"ho":0,"vo":"20","blur":"27","spread":0,"color":"rgba(152, 170, 198, 0.15)","inset":false},"sm_col":"col-sm-6","xs_col":"","hidden_xs":0,"hidden_sm":0,"hidden_md":0,"animationduration":"800","animationdelay":"400","instFormId":1524131508369,"padding":{"md":"60px 30px 60px 30px","sm":"   ","xs":"30px 30px 30px 30px"},"margin":{"md":"0px 0px 30px 0px","sm":"   ","xs":"   "},"background":"#fff","boder_style":"solid","border_color":"rgb(245, 246, 250)","class":"single-service-block","animation":"fadeInLeft"},"addons":[{"id":1524131508372,"name":"feature","visibility":true,"settings":{"admin_label":"","title":"Link Building & Content","heading_selector":"h4","title_position":"after","title_fontsize":{"md":"24","xs":"18"},"title_lineheight":{"md":"34","xs":"28"},"title_letterspace":"0","title_text_color":"#000","title_url":"#","url_appear":"title","feature_type":"image","feature_image":"https://sppagebuilder.com/sample-data/images/2018/seo-img/service-icon-3.png","icon_name":"fa-trophy","icon_size":{"md":36},"icon_color":"#0080FE","text":"Sublattice of electrons that point in one direction, than from the.","text_fontsize":{"md":"16","sm":"","xs":"14"},"text_lineheight":{"md":"26","sm":"","xs":"24"},"alignment":"sppb-text-center","class":"","global_background_type":"none","global_background_gradient":{"color":"#00c6fb","color2":"#005bea","deg":"45","type":"linear"},"global_use_overlay":0,"global_background_repeat":"no-repeat","global_background_size":"cover","global_background_attachment":"inherit","global_user_border":0,"global_border_width":{"md":"","sm":"","xs":""},"global_border_radius":0,"global_margin":{"md":"0px 0px 28px 0px","sm":"   ","xs":"   "},"global_padding":{"md":"0px 0px 0px 0px","sm":"   ","xs":"   "},"global_boxshadow":{"ho":"0","vo":"0","blur":"0","spread":0,"color":"","inset":false},"global_use_animation":0,"global_animationduration":"300","global_animationdelay":"0","global_custom_css":"","use_global_width":"0","hidden_md":"0","hidden_sm":"0","hidden_xs":"0","acl":"","instFormId":1524131508372,"icon_padding":{"md":"   ","sm":"   ","xs":"   "},"title_font_family":"Varela Round","title_font_style":{"weight":400},"text_font_family":"Varela Round","global_text_color":"#989898","title_margin_bottom":{"md":"8","sm":"","xs":""},"title_margin_top":{"md":"28","sm":"","xs":""},"global_link_color":"#414141","global_border_color":"","global_boder_style":"","feature_image_margin":{"md":"   ","sm":"   ","xs":"   "},"text_padding":{"md":"   ","sm":"   ","xs":"   "}}},{"id":1524131508373,"name":"text_block","visibility":true,"settings":{"admin_label":"","title":"","heading_selector":"h3","title_fontsize":"","title_lineheight":"","title_letterspace":"0","text":"Dedicated Account Managers","alignment":"sppb-text-center","text_fontsize":{"md":"16","sm":"","xs":"14"},"text_lineheight":{"md":"35","sm":"","xs":"30"},"dropcap":0,"class":"","global_background_type":"none","global_background_gradient":{"color":"#00c6fb","color2":"#005bea","deg":"45","type":"linear"},"global_use_overlay":0,"global_background_repeat":"no-repeat","global_background_size":"cover","global_background_attachment":"inherit","global_user_border":0,"global_border_width":"","global_border_radius":0,"global_margin":{"md":"0px 0px 0px 0px","sm":"   ","xs":"   "},"global_padding":{"md":"   ","sm":"   ","xs":"   "},"global_boxshadow":"0 0 0 0 #ffffff","global_use_animation":0,"global_animationduration":"300","global_animationdelay":"0","global_custom_css":"","use_global_width":"0","hidden_md":"0","hidden_sm":"0","hidden_xs":"0","acl":"","instFormId":1516962063477,"text_font_family":"Varela Round","global_text_color":"#3c3c3c"}},{"id":1524131508374,"name":"text_block","visibility":true,"settings":{"admin_label":"","title":"","heading_selector":"h3","title_fontsize":"","title_lineheight":"","title_letterspace":"0","text":"Online Project Management System","alignment":"sppb-text-center","text_fontsize":{"md":"16","sm":"","xs":"14"},"text_lineheight":{"md":"35","sm":"","xs":"30"},"dropcap":0,"class":"","global_background_type":"none","global_background_gradient":{"color":"#00c6fb","color2":"#005bea","deg":"45","type":"linear"},"global_use_overlay":0,"global_background_repeat":"no-repeat","global_background_size":"cover","global_background_attachment":"inherit","global_user_border":0,"global_border_width":"","global_border_radius":0,"global_margin":{"md":"0px 0px 0px 0px","sm":"   ","xs":"   "},"global_padding":{"md":"   ","sm":"   ","xs":"   "},"global_boxshadow":"0 0 0 0 #ffffff","global_use_animation":0,"global_animationduration":"300","global_animationdelay":"0","global_custom_css":"","use_global_width":"0","hidden_md":"0","hidden_sm":"0","hidden_xs":"0","acl":"","instFormId":1516961858664,"text_font_family":"Varela Round","global_text_color":"#3c3c3c"}},{"id":1524131508375,"name":"text_block","visibility":true,"settings":{"admin_label":"","title":"","heading_selector":"h3","title_fontsize":"","title_lineheight":"","title_letterspace":"0","text":"Extensive Reporting","alignment":"sppb-text-center","text_fontsize":{"md":"16","sm":"","xs":"14"},"text_lineheight":{"md":"35","sm":"","xs":"30"},"dropcap":0,"class":"","global_background_type":"none","global_background_gradient":{"color":"#00c6fb","color2":"#005bea","deg":"45","type":"linear"},"global_use_overlay":0,"global_background_repeat":"no-repeat","global_background_size":"cover","global_background_attachment":"inherit","global_user_border":0,"global_border_width":"","global_border_radius":0,"global_margin":{"md":"0px 0px 0px 0px","sm":"   ","xs":"   "},"global_padding":{"md":"   ","sm":"   ","xs":"   "},"global_boxshadow":"0 0 0 0 #ffffff","global_use_animation":0,"global_animationduration":"300","global_animationdelay":"0","global_custom_css":"","use_global_width":"0","hidden_md":"0","hidden_sm":"0","hidden_xs":"0","acl":"","instFormId":1516961858659,"text_font_family":"Varela Round","global_text_color":"#3c3c3c"}},{"id":1524131508376,"name":"text_block","visibility":true,"settings":{"admin_label":"","title":"","heading_selector":"h3","title_fontsize":"","title_lineheight":"","title_letterspace":"0","text":"Quality Links","alignment":"sppb-text-center","text_fontsize":{"md":"16","sm":"","xs":"14"},"text_lineheight":{"md":"35","sm":"","xs":"30"},"dropcap":0,"class":"","global_background_type":"none","global_background_gradient":{"color":"#00c6fb","color2":"#005bea","deg":"45","type":"linear"},"global_use_overlay":0,"global_background_repeat":"no-repeat","global_background_size":"cover","global_background_attachment":"inherit","global_user_border":0,"global_border_width":"","global_border_radius":0,"global_margin":{"md":"0px 0px 0px 0px","sm":"   ","xs":"   "},"global_padding":{"md":"   ","sm":"   ","xs":"   "},"global_boxshadow":"0 0 0 0 #ffffff","global_use_animation":0,"global_animationduration":"300","global_animationdelay":"0","global_custom_css":"","use_global_width":"0","hidden_md":"0","hidden_sm":"0","hidden_xs":"0","acl":"","instFormId":1516961858654,"text_font_family":"Varela Round","global_text_color":"#3c3c3c"}},{"id":1524131508377,"name":"text_block","visibility":true,"settings":{"admin_label":"","title":"","heading_selector":"h3","title_fontsize":"","title_lineheight":"","title_letterspace":"0","text":"Longer Lasting Results","alignment":"sppb-text-center","text_fontsize":{"md":"16","sm":"","xs":"14"},"text_lineheight":{"md":"35","sm":"","xs":"30"},"dropcap":0,"class":"","global_background_type":"none","global_background_gradient":{"color":"#00c6fb","color2":"#005bea","deg":"45","type":"linear"},"global_use_overlay":0,"global_background_repeat":"no-repeat","global_background_size":"cover","global_background_attachment":"inherit","global_user_border":0,"global_border_width":"","global_border_radius":0,"global_margin":{"md":"0px 0px 0px 0px","sm":"   ","xs":"   "},"global_padding":{"md":"   ","sm":"   ","xs":"   "},"global_boxshadow":"0 0 0 0 #ffffff","global_use_animation":0,"global_animationduration":"300","global_animationdelay":"0","global_custom_css":"","use_global_width":"0","hidden_md":"0","hidden_sm":"0","hidden_xs":"0","acl":"","instFormId":1516961858649,"text_font_family":"Varela Round","global_text_color":"#3c3c3c"}},{"id":1524131508378,"name":"text_block","visibility":true,"settings":{"admin_label":"","title":"","heading_selector":"h3","title_fontsize":"","title_lineheight":"","title_letterspace":"0","text":"Award Winning SEO Agency","alignment":"sppb-text-center","text_fontsize":{"md":"16","sm":"","xs":"14"},"text_lineheight":{"md":"35","sm":"","xs":"30"},"dropcap":0,"class":"","global_background_type":"none","global_background_gradient":{"color":"#00c6fb","color2":"#005bea","deg":"45","type":"linear"},"global_use_overlay":0,"global_background_repeat":"no-repeat","global_background_size":"cover","global_background_attachment":"inherit","global_user_border":0,"global_border_width":"","global_border_radius":0,"global_margin":{"md":"0px 0px 0px 0px","sm":"   ","xs":"   "},"global_padding":{"md":"   ","sm":"   ","xs":"   "},"global_boxshadow":"0 0 0 0 #ffffff","global_use_animation":0,"global_animationduration":"300","global_animationdelay":"0","global_custom_css":"","use_global_width":"0","hidden_md":"0","hidden_sm":"0","hidden_xs":"0","acl":"","instFormId":1516961858729,"text_font_family":"Varela Round","global_text_color":"#3c3c3c"}},{"id":1524131508379,"name":"button","visibility":true,"settings":{"admin_label":"","text":"Learn More","alignment":"sppb-text-center","letterspace":"0","type":"custom","appearance":"flat","background_color":"#00dd4b","color":"#FFFFFF","background_color_hover":"#415e6c","color_hover":"#FFFFFF","button_padding":{"md":"14px 30px 14px 30px","sm":"   ","xs":"10px 20px 10px 20px"},"icon_position":"left","class":"","global_background_type":"none","global_background_gradient":{"color":"#00c6fb","color2":"#005bea","deg":"45","type":"linear"},"global_use_overlay":0,"global_background_repeat":"no-repeat","global_background_size":"cover","global_background_attachment":"inherit","global_user_border":0,"global_border_width":"","global_border_radius":0,"global_margin":{"md":"25px 0px 0px 0px","sm":"   ","xs":"   "},"global_padding":{"md":"   ","sm":"   ","xs":"   "},"global_boxshadow":"0 0 0 0 #ffffff","global_use_animation":0,"global_animationduration":"300","global_animationdelay":"0","global_custom_css":"","use_global_width":"0","hidden_md":"0","hidden_sm":"0","hidden_xs":"0","acl":"","instFormId":1524131508379,"font_family":"Varela Round","font_style":{"weight":400,"uppercase":true},"url":"#","shape":"round","button_status":"normal","fontsize":{"md":"","sm":"","xs":"12"}}}]},{"id":1524131508380,"class_name":"col-md-4","visibility":true,"settings":{"background_type":"color","background_gradient":{"color":"#00c6fb","color2":"#005bea","deg":"45","type":"linear"},"background_image":"","background_repeat":"no-repeat","background_size":"cover","background_attachment":"scroll","background_position":"0 0","items_align_center":0,"use_border":1,"border_width":{"md":"1","sm":"","xs":""},"border_radius":{"md":"5","sm":"","xs":""},"boxshadow":{"ho":0,"vo":"20","blur":"27","spread":0,"color":"rgba(152, 170, 198, 0.15)","inset":false},"sm_col":"col-sm-6","xs_col":"","hidden_xs":0,"hidden_sm":0,"hidden_md":0,"animationduration":"800","animationdelay":"600","instFormId":1524131508380,"padding":{"md":"60px 30px 60px 30px","sm":"   ","xs":"30px 30px 30px 30px"},"margin":{"md":"0px 0px 30px 0px","sm":"   ","xs":"   "},"background":"#fff","border_color":"rgb(245, 246, 250)","boder_style":"solid","class":"single-service-block","animation":"fadeInRight"},"addons":[{"id":1524131508381,"name":"feature","visibility":true,"settings":{"admin_label":"","title":"Google Panalty Recovery","heading_selector":"h4","title_position":"after","title_fontsize":{"md":"24","xs":"18"},"title_lineheight":{"md":"34","xs":"28"},"title_letterspace":"0","title_text_color":"#000","title_url":"#","url_appear":"title","feature_type":"image","feature_image":"https://sppagebuilder.com/sample-data/images/2018/seo-img/service-icon-4.png","icon_name":"fa-trophy","icon_size":{"md":36},"icon_color":"#0080FE","text":"Sublattice of electrons that point in one direction, than from the.","text_fontsize":{"md":"16","sm":"","xs":"14"},"text_lineheight":{"md":"26","sm":"","xs":"24"},"alignment":"sppb-text-center","class":"","global_background_type":"none","global_background_gradient":{"color":"#00c6fb","color2":"#005bea","deg":"45","type":"linear"},"global_use_overlay":0,"global_background_repeat":"no-repeat","global_background_size":"cover","global_background_attachment":"inherit","global_user_border":0,"global_border_width":{"md":"","sm":"","xs":""},"global_border_radius":0,"global_margin":{"md":"0px 0px 28px 0px","sm":"   ","xs":"   "},"global_padding":{"md":"0px 0px 0px 0px","sm":"   ","xs":"   "},"global_boxshadow":{"ho":"0","vo":"0","blur":"0","spread":0,"color":"","inset":false},"global_use_animation":0,"global_animationduration":"300","global_animationdelay":"0","global_custom_css":"","use_global_width":"0","hidden_md":"0","hidden_sm":"0","hidden_xs":"0","acl":"","instFormId":1516961859001,"icon_padding":{"md":"   ","sm":"   ","xs":"   "},"title_font_family":"Varela Round","title_font_style":{"weight":400},"text_font_family":"Varela Round","global_text_color":"#989898","title_margin_bottom":{"md":"8","sm":"","xs":""},"title_margin_top":{"md":"28","sm":"","xs":""},"global_link_color":"#000","global_border_color":"","global_boder_style":""}},{"id":1524131508382,"name":"text_block","visibility":true,"settings":{"admin_label":"","title":"","heading_selector":"h3","title_fontsize":"","title_lineheight":"","title_letterspace":"0","text":"Dedicated Account Managers","alignment":"sppb-text-center","text_fontsize":{"md":"16","sm":"","xs":"14"},"text_lineheight":{"md":"35","sm":"","xs":"30"},"dropcap":0,"class":"","global_background_type":"none","global_background_gradient":{"color":"#00c6fb","color2":"#005bea","deg":"45","type":"linear"},"global_use_overlay":0,"global_background_repeat":"no-repeat","global_background_size":"cover","global_background_attachment":"inherit","global_user_border":0,"global_border_width":"","global_border_radius":0,"global_margin":{"md":"0px 0px 0px 0px","sm":"   ","xs":"   "},"global_padding":{"md":"   ","sm":"   ","xs":"   "},"global_boxshadow":"0 0 0 0 #ffffff","global_use_animation":0,"global_animationduration":"300","global_animationdelay":"0","global_custom_css":"","use_global_width":"0","hidden_md":"0","hidden_sm":"0","hidden_xs":"0","acl":"","instFormId":1516961859002,"text_font_family":"Varela Round","global_text_color":"#3c3c3c"}},{"id":1524131508383,"name":"text_block","visibility":true,"settings":{"admin_label":"","title":"","heading_selector":"h3","title_fontsize":"","title_lineheight":"","title_letterspace":"0","text":"Online Project Management System","alignment":"sppb-text-center","text_fontsize":{"md":"16","sm":"","xs":"14"},"text_lineheight":{"md":"35","sm":"","xs":"30"},"dropcap":0,"class":"","global_background_type":"none","global_background_gradient":{"color":"#00c6fb","color2":"#005bea","deg":"45","type":"linear"},"global_use_overlay":0,"global_background_repeat":"no-repeat","global_background_size":"cover","global_background_attachment":"inherit","global_user_border":0,"global_border_width":"","global_border_radius":0,"global_margin":{"md":"0px 0px 0px 0px","sm":"   ","xs":"   "},"global_padding":{"md":"   ","sm":"   ","xs":"   "},"global_boxshadow":"0 0 0 0 #ffffff","global_use_animation":0,"global_animationduration":"300","global_animationdelay":"0","global_custom_css":"","use_global_width":"0","hidden_md":"0","hidden_sm":"0","hidden_xs":"0","acl":"","instFormId":1516961859003,"text_font_family":"Varela Round","global_text_color":"#3c3c3c"}},{"id":1524131508384,"name":"text_block","visibility":true,"settings":{"admin_label":"","title":"","heading_selector":"h3","title_fontsize":"","title_lineheight":"","title_letterspace":"0","text":"Extensive Reporting","alignment":"sppb-text-center","text_fontsize":{"md":"16","sm":"","xs":"14"},"text_lineheight":{"md":"35","sm":"","xs":"30"},"dropcap":0,"class":"","global_background_type":"none","global_background_gradient":{"color":"#00c6fb","color2":"#005bea","deg":"45","type":"linear"},"global_use_overlay":0,"global_background_repeat":"no-repeat","global_background_size":"cover","global_background_attachment":"inherit","global_user_border":0,"global_border_width":"","global_border_radius":0,"global_margin":{"md":"0px 0px 0px 0px","sm":"   ","xs":"   "},"global_padding":{"md":"   ","sm":"   ","xs":"   "},"global_boxshadow":"0 0 0 0 #ffffff","global_use_animation":0,"global_animationduration":"300","global_animationdelay":"0","global_custom_css":"","use_global_width":"0","hidden_md":"0","hidden_sm":"0","hidden_xs":"0","acl":"","instFormId":1516961859004,"text_font_family":"Varela Round","global_text_color":"#3c3c3c"}},{"id":1524131508385,"name":"text_block","visibility":true,"settings":{"admin_label":"","title":"","heading_selector":"h3","title_fontsize":"","title_lineheight":"","title_letterspace":"0","text":"Quality Links","alignment":"sppb-text-center","text_fontsize":{"md":"16","sm":"","xs":"14"},"text_lineheight":{"md":"35","sm":"","xs":"30"},"dropcap":0,"class":"","global_background_type":"none","global_background_gradient":{"color":"#00c6fb","color2":"#005bea","deg":"45","type":"linear"},"global_use_overlay":0,"global_background_repeat":"no-repeat","global_background_size":"cover","global_background_attachment":"inherit","global_user_border":0,"global_border_width":"","global_border_radius":0,"global_margin":{"md":"0px 0px 0px 0px","sm":"   ","xs":"   "},"global_padding":{"md":"   ","sm":"   ","xs":"   "},"global_boxshadow":"0 0 0 0 #ffffff","global_use_animation":0,"global_animationduration":"300","global_animationdelay":"0","global_custom_css":"","use_global_width":"0","hidden_md":"0","hidden_sm":"0","hidden_xs":"0","acl":"","instFormId":1516961859005,"text_font_family":"Varela Round","global_text_color":"#3c3c3c"}},{"id":1524131508386,"name":"text_block","visibility":true,"settings":{"admin_label":"","title":"","heading_selector":"h3","title_fontsize":"","title_lineheight":"","title_letterspace":"0","text":"Longer Lasting Results","alignment":"sppb-text-center","text_fontsize":{"md":"16","sm":"","xs":"14"},"text_lineheight":{"md":"35","sm":"","xs":"30"},"dropcap":0,"class":"","global_background_type":"none","global_background_gradient":{"color":"#00c6fb","color2":"#005bea","deg":"45","type":"linear"},"global_use_overlay":0,"global_background_repeat":"no-repeat","global_background_size":"cover","global_background_attachment":"inherit","global_user_border":0,"global_border_width":"","global_border_radius":0,"global_margin":{"md":"0px 0px 0px 0px","sm":"   ","xs":"   "},"global_padding":{"md":"   ","sm":"   ","xs":"   "},"global_boxshadow":"0 0 0 0 #ffffff","global_use_animation":0,"global_animationduration":"300","global_animationdelay":"0","global_custom_css":"","use_global_width":"0","hidden_md":"0","hidden_sm":"0","hidden_xs":"0","acl":"","instFormId":1516961859006,"text_font_family":"Varela Round","global_text_color":"#3c3c3c"}},{"id":1524131508387,"name":"text_block","visibility":true,"settings":{"admin_label":"","title":"","heading_selector":"h3","title_fontsize":"","title_lineheight":"","title_letterspace":"0","text":"Award Winning SEO Agency","alignment":"sppb-text-center","text_fontsize":{"md":"16","sm":"","xs":"14"},"text_lineheight":{"md":"35","sm":"","xs":"30"},"dropcap":0,"class":"","global_background_type":"none","global_background_gradient":{"color":"#00c6fb","color2":"#005bea","deg":"45","type":"linear"},"global_use_overlay":0,"global_background_repeat":"no-repeat","global_background_size":"cover","global_background_attachment":"inherit","global_user_border":0,"global_border_width":"","global_border_radius":0,"global_margin":{"md":"0px 0px 0px 0px","sm":"   ","xs":"   "},"global_padding":{"md":"   ","sm":"   ","xs":"   "},"global_boxshadow":"0 0 0 0 #ffffff","global_use_animation":0,"global_animationduration":"300","global_animationdelay":"0","global_custom_css":"","use_global_width":"0","hidden_md":"0","hidden_sm":"0","hidden_xs":"0","acl":"","instFormId":1516961859007,"text_font_family":"Varela Round","global_text_color":"#3c3c3c"}},{"id":1524131508388,"name":"button","visibility":true,"settings":{"admin_label":"","text":"Learn More","alignment":"sppb-text-center","letterspace":"0","type":"custom","appearance":"flat","background_color":"#00dd4b","color":"#FFFFFF","background_color_hover":"#415e6c","color_hover":"#FFFFFF","button_padding":{"md":"14px 30px 14px 30px","sm":"   ","xs":"10px 20px 10px 20px"},"icon_position":"left","class":"","global_background_type":"none","global_background_gradient":{"color":"#00c6fb","color2":"#005bea","deg":"45","type":"linear"},"global_use_overlay":0,"global_background_repeat":"no-repeat","global_background_size":"cover","global_background_attachment":"inherit","global_user_border":0,"global_border_width":"","global_border_radius":0,"global_margin":{"md":"25px 0px 0px 0px","sm":"   ","xs":"   "},"global_padding":{"md":"   ","sm":"   ","xs":"   "},"global_boxshadow":"0 0 0 0 #ffffff","global_use_animation":0,"global_animationduration":"300","global_animationdelay":"0","global_custom_css":"","use_global_width":"0","hidden_md":"0","hidden_sm":"0","hidden_xs":"0","acl":"","instFormId":1524131508388,"font_family":"Varela Round","font_style":{"weight":400,"uppercase":true},"url":"#","shape":"round","button_status":"normal","fontsize":{"md":"","sm":"","xs":"12"}}}]},{"id":1524131508389,"class_name":"col-md-4","visibility":true,"settings":{"background_type":"none","background_gradient":{"color":"#00c6fb","color2":"#005bea","deg":"45","type":"linear"},"background_image":"","background_repeat":"no-repeat","background_size":"cover","background_attachment":"scroll","background_position":"0 0","items_align_center":0,"use_border":1,"border_width":{"md":"1","sm":"","xs":""},"border_radius":{"md":"5","sm":"","xs":""},"boxshadow":{"ho":0,"vo":"20","blur":"27","spread":0,"color":"rgba(152, 170, 198, 0.15)","inset":false},"sm_col":"col-sm-6","xs_col":"","hidden_xs":0,"hidden_sm":0,"hidden_md":0,"animationduration":"800","animationdelay":"800","instFormId":1524131508389,"padding":{"md":"60px 30px 60px 30px","sm":"   ","xs":"30px 30px 30px 30px"},"margin":{"md":"0px 0px 30px 0px","sm":"   ","xs":"   "},"boder_style":"solid","border_color":"rgb(245, 246, 250)","class":"single-service-block","animation":"fadeInRight"},"addons":[{"id":1524131508390,"name":"feature","visibility":true,"settings":{"admin_label":"","title":"Content Marketing","heading_selector":"h4","title_position":"after","title_fontsize":{"md":"24","xs":"18"},"title_lineheight":{"md":"34","xs":"28"},"title_letterspace":"0","title_text_color":"#000","title_url":"#","url_appear":"title","feature_type":"image","feature_image":"https://sppagebuilder.com/sample-data/images/2018/seo-img/service-icon-5.png","icon_name":"fa-trophy","icon_size":{"md":36},"icon_color":"#0080FE","text":"Sublattice of electrons that point in one direction, than from the.","text_fontsize":{"md":"16","sm":"","xs":"14"},"text_lineheight":{"md":"26","sm":"","xs":"24"},"alignment":"sppb-text-center","class":"","global_background_type":"none","global_background_gradient":{"color":"#00c6fb","color2":"#005bea","deg":"45","type":"linear"},"global_use_overlay":0,"global_background_repeat":"no-repeat","global_background_size":"cover","global_background_attachment":"inherit","global_user_border":0,"global_border_width":{"md":"","sm":"","xs":""},"global_border_radius":0,"global_margin":{"md":"0px 0px 28px 0px","sm":"   ","xs":"   "},"global_padding":{"md":"0px 0px 0px 0px","sm":"   ","xs":"   "},"global_boxshadow":{"ho":"0","vo":"0","blur":"0","spread":0,"color":"","inset":false},"global_use_animation":0,"global_animationduration":"300","global_animationdelay":"0","global_custom_css":"","use_global_width":"0","hidden_md":"0","hidden_sm":"0","hidden_xs":"0","acl":"","instFormId":1516961859027,"icon_padding":{"md":"   ","sm":"   ","xs":"   "},"title_font_family":"Varela Round","title_font_style":{"weight":400},"text_font_family":"Varela Round","global_text_color":"#989898","title_margin_bottom":{"md":"8","sm":"","xs":""},"title_margin_top":{"md":"28","sm":"","xs":""},"global_link_color":"#000","global_border_color":"","global_boder_style":""}},{"id":1524131508391,"name":"text_block","visibility":true,"settings":{"admin_label":"","title":"","heading_selector":"h3","title_fontsize":"","title_lineheight":"","title_letterspace":"0","text":"Dedicated Account Managers","alignment":"sppb-text-center","text_fontsize":{"md":"16","sm":"","xs":"14"},"text_lineheight":{"md":"35","sm":"","xs":"30"},"dropcap":0,"class":"","global_background_type":"none","global_background_gradient":{"color":"#00c6fb","color2":"#005bea","deg":"45","type":"linear"},"global_use_overlay":0,"global_background_repeat":"no-repeat","global_background_size":"cover","global_background_attachment":"inherit","global_user_border":0,"global_border_width":"","global_border_radius":0,"global_margin":{"md":"0px 0px 0px 0px","sm":"   ","xs":"   "},"global_padding":{"md":"   ","sm":"   ","xs":"   "},"global_boxshadow":"0 0 0 0 #ffffff","global_use_animation":0,"global_animationduration":"300","global_animationdelay":"0","global_custom_css":"","use_global_width":"0","hidden_md":"0","hidden_sm":"0","hidden_xs":"0","acl":"","instFormId":1516961859028,"text_font_family":"Varela Round","global_text_color":"#3c3c3c"}},{"id":1524131508392,"name":"text_block","visibility":true,"settings":{"admin_label":"","title":"","heading_selector":"h3","title_fontsize":"","title_lineheight":"","title_letterspace":"0","text":"Online Project Management System","alignment":"sppb-text-center","text_fontsize":{"md":"16","sm":"","xs":"14"},"text_lineheight":{"md":"35","sm":"","xs":"30"},"dropcap":0,"class":"","global_background_type":"none","global_background_gradient":{"color":"#00c6fb","color2":"#005bea","deg":"45","type":"linear"},"global_use_overlay":0,"global_background_repeat":"no-repeat","global_background_size":"cover","global_background_attachment":"inherit","global_user_border":0,"global_border_width":"","global_border_radius":0,"global_margin":{"md":"0px 0px 0px 0px","sm":"   ","xs":"   "},"global_padding":{"md":"   ","sm":"   ","xs":"   "},"global_boxshadow":"0 0 0 0 #ffffff","global_use_animation":0,"global_animationduration":"300","global_animationdelay":"0","global_custom_css":"","use_global_width":"0","hidden_md":"0","hidden_sm":"0","hidden_xs":"0","acl":"","instFormId":1516961859029,"text_font_family":"Varela Round","global_text_color":"#3c3c3c"}},{"id":1524131508393,"name":"text_block","visibility":true,"settings":{"admin_label":"","title":"","heading_selector":"h3","title_fontsize":"","title_lineheight":"","title_letterspace":"0","text":"Extensive Reporting","alignment":"sppb-text-center","text_fontsize":{"md":"16","sm":"","xs":"14"},"text_lineheight":{"md":"35","sm":"","xs":"30"},"dropcap":0,"class":"","global_background_type":"none","global_background_gradient":{"color":"#00c6fb","color2":"#005bea","deg":"45","type":"linear"},"global_use_overlay":0,"global_background_repeat":"no-repeat","global_background_size":"cover","global_background_attachment":"inherit","global_user_border":0,"global_border_width":"","global_border_radius":0,"global_margin":{"md":"0px 0px 0px 0px","sm":"   ","xs":"   "},"global_padding":{"md":"   ","sm":"   ","xs":"   "},"global_boxshadow":"0 0 0 0 #ffffff","global_use_animation":0,"global_animationduration":"300","global_animationdelay":"0","global_custom_css":"","use_global_width":"0","hidden_md":"0","hidden_sm":"0","hidden_xs":"0","acl":"","instFormId":1516961859030,"text_font_family":"Varela Round","global_text_color":"#3c3c3c"}},{"id":1524131508394,"name":"text_block","visibility":true,"settings":{"admin_label":"","title":"","heading_selector":"h3","title_fontsize":"","title_lineheight":"","title_letterspace":"0","text":"Quality Links","alignment":"sppb-text-center","text_fontsize":{"md":"16","sm":"","xs":"14"},"text_lineheight":{"md":"35","sm":"","xs":"30"},"dropcap":0,"class":"","global_background_type":"none","global_background_gradient":{"color":"#00c6fb","color2":"#005bea","deg":"45","type":"linear"},"global_use_overlay":0,"global_background_repeat":"no-repeat","global_background_size":"cover","global_background_attachment":"inherit","global_user_border":0,"global_border_width":"","global_border_radius":0,"global_margin":{"md":"0px 0px 0px 0px","sm":"   ","xs":"   "},"global_padding":{"md":"   ","sm":"   ","xs":"   "},"global_boxshadow":"0 0 0 0 #ffffff","global_use_animation":0,"global_animationduration":"300","global_animationdelay":"0","global_custom_css":"","use_global_width":"0","hidden_md":"0","hidden_sm":"0","hidden_xs":"0","acl":"","instFormId":1516961859031,"text_font_family":"Varela Round","global_text_color":"#3c3c3c"}},{"id":1524131508395,"name":"text_block","visibility":true,"settings":{"admin_label":"","title":"","heading_selector":"h3","title_fontsize":"","title_lineheight":"","title_letterspace":"0","text":"Longer Lasting Results","alignment":"sppb-text-center","text_fontsize":{"md":"16","sm":"","xs":"14"},"text_lineheight":{"md":"35","sm":"","xs":"30"},"dropcap":0,"class":"","global_background_type":"none","global_background_gradient":{"color":"#00c6fb","color2":"#005bea","deg":"45","type":"linear"},"global_use_overlay":0,"global_background_repeat":"no-repeat","global_background_size":"cover","global_background_attachment":"inherit","global_user_border":0,"global_border_width":"","global_border_radius":0,"global_margin":{"md":"0px 0px 0px 0px","sm":"   ","xs":"   "},"global_padding":{"md":"   ","sm":"   ","xs":"   "},"global_boxshadow":"0 0 0 0 #ffffff","global_use_animation":0,"global_animationduration":"300","global_animationdelay":"0","global_custom_css":"","use_global_width":"0","hidden_md":"0","hidden_sm":"0","hidden_xs":"0","acl":"","instFormId":1516961859032,"text_font_family":"Varela Round","global_text_color":"#3c3c3c"}},{"id":1524131508396,"name":"text_block","visibility":true,"settings":{"admin_label":"","title":"","heading_selector":"h3","title_fontsize":"","title_lineheight":"","title_letterspace":"0","text":"Award Winning SEO Agency","alignment":"sppb-text-center","text_fontsize":{"md":"16","sm":"","xs":"14"},"text_lineheight":{"md":"35","sm":"","xs":"30"},"dropcap":0,"class":"","global_background_type":"none","global_background_gradient":{"color":"#00c6fb","color2":"#005bea","deg":"45","type":"linear"},"global_use_overlay":0,"global_background_repeat":"no-repeat","global_background_size":"cover","global_background_attachment":"inherit","global_user_border":0,"global_border_width":"","global_border_radius":0,"global_margin":{"md":"0px 0px 0px 0px","sm":"   ","xs":"   "},"global_padding":{"md":"   ","sm":"   ","xs":"   "},"global_boxshadow":"0 0 0 0 #ffffff","global_use_animation":0,"global_animationduration":"300","global_animationdelay":"0","global_custom_css":"","use_global_width":"0","hidden_md":"0","hidden_sm":"0","hidden_xs":"0","acl":"","instFormId":1516961859033,"text_font_family":"Varela Round","global_text_color":"#3c3c3c"}},{"id":1524131508397,"name":"button","visibility":true,"settings":{"admin_label":"","text":"Learn More","alignment":"sppb-text-center","letterspace":"0","type":"custom","appearance":"flat","background_color":"#00dd4b","color":"#FFFFFF","background_color_hover":"#415e6c","color_hover":"#FFFFFF","button_padding":{"md":"14px 30px 14px 30px","sm":"   ","xs":"10px 20px 10px 20px"},"icon_position":"left","class":"","global_background_type":"none","global_background_gradient":{"color":"#00c6fb","color2":"#005bea","deg":"45","type":"linear"},"global_use_overlay":0,"global_background_repeat":"no-repeat","global_background_size":"cover","global_background_attachment":"inherit","global_user_border":0,"global_border_width":"","global_border_radius":0,"global_margin":{"md":"25px 0px 0px 0px","sm":"   ","xs":"   "},"global_padding":{"md":"   ","sm":"   ","xs":"   "},"global_boxshadow":"0 0 0 0 #ffffff","global_use_animation":0,"global_animationduration":"300","global_animationdelay":"0","global_custom_css":"","use_global_width":"0","hidden_md":"0","hidden_sm":"0","hidden_xs":"0","acl":"","instFormId":1524131508397,"font_family":"Varela Round","font_style":{"weight":400,"uppercase":true},"url":"#","shape":"round","button_status":"normal","fontsize":{"md":"","sm":"","xs":"12"}}}]},{"id":1524131508398,"class_name":"col-md-4","visibility":true,"settings":{"background_type":"color","background_gradient":{"color":"#00c6fb","color2":"#005bea","deg":"45","type":"linear"},"background_image":"","background_repeat":"no-repeat","background_size":"cover","background_attachment":"scroll","background_position":"0 0","items_align_center":0,"use_border":1,"border_width":{"md":"1","sm":"","xs":""},"border_radius":{"md":"5","sm":"","xs":""},"boxshadow":{"ho":0,"vo":"20","blur":"27","spread":0,"color":"rgba(152, 170, 198, 0.15)","inset":false},"sm_col":"col-sm-6","xs_col":"","hidden_xs":0,"hidden_sm":0,"hidden_md":0,"animationduration":"800","animationdelay":"1000","instFormId":1524131508398,"padding":{"md":"60px 30px 60px 30px","sm":"   ","xs":"30px 30px 30px 30px"},"margin":{"md":"0px 0px 30px 0px","sm":"   ","xs":"   "},"background":"#fff","border_color":"rgb(245, 246, 250)","boder_style":"solid","class":"single-service-block","animation":"fadeInRight"},"addons":[{"id":1524131508399,"name":"feature","visibility":true,"settings":{"admin_label":"","title":"Private Label Seo","heading_selector":"h4","title_position":"after","title_fontsize":{"md":"24","xs":"18"},"title_lineheight":{"md":"34","xs":"28"},"title_letterspace":"0","title_text_color":"#000","title_url":"#","url_appear":"title","feature_type":"image","feature_image":"https://sppagebuilder.com/sample-data/images/2018/seo-img/service-icon-6.png","icon_name":"fa-trophy","icon_size":{"md":36},"icon_color":"#0080FE","text":"Sublattice of electrons that point in one direction, than from the.","text_fontsize":{"md":"16","sm":"","xs":"14"},"text_lineheight":{"md":"26","sm":"","xs":"24"},"alignment":"sppb-text-center","class":"","global_background_type":"none","global_background_gradient":{"color":"#00c6fb","color2":"#005bea","deg":"45","type":"linear"},"global_use_overlay":0,"global_background_repeat":"no-repeat","global_background_size":"cover","global_background_attachment":"inherit","global_user_border":0,"global_border_width":{"md":"","sm":"","xs":""},"global_border_radius":0,"global_margin":{"md":"0px 0px 28px 0px","sm":"   ","xs":"   "},"global_padding":{"md":"0px 0px 0px 0px","sm":"   ","xs":"   "},"global_boxshadow":{"ho":"0","vo":"0","blur":"0","spread":0,"color":"","inset":false},"global_use_animation":0,"global_animationduration":"300","global_animationdelay":"0","global_custom_css":"","use_global_width":"0","hidden_md":"0","hidden_sm":"0","hidden_xs":"0","acl":"","instFormId":1516961859015,"icon_padding":{"md":"   ","sm":"   ","xs":"   "},"title_font_family":"Varela Round","title_font_style":{"weight":400},"text_font_family":"Varela Round","global_text_color":"#989898","title_margin_bottom":{"md":"8","sm":"","xs":""},"title_margin_top":{"md":"28","sm":"","xs":""},"global_link_color":"#000","global_border_color":"","global_boder_style":""}},{"id":1524131508400,"name":"text_block","visibility":true,"settings":{"admin_label":"","title":"","heading_selector":"h3","title_fontsize":"","title_lineheight":"","title_letterspace":"0","text":"Dedicated Account Managers","alignment":"sppb-text-center","text_fontsize":{"md":"16","sm":"","xs":"14"},"text_lineheight":{"md":"35","sm":"","xs":"30"},"dropcap":0,"class":"","global_background_type":"none","global_background_gradient":{"color":"#00c6fb","color2":"#005bea","deg":"45","type":"linear"},"global_use_overlay":0,"global_background_repeat":"no-repeat","global_background_size":"cover","global_background_attachment":"inherit","global_user_border":0,"global_border_width":"","global_border_radius":0,"global_margin":{"md":"0px 0px 0px 0px","sm":"   ","xs":"   "},"global_padding":{"md":"   ","sm":"   ","xs":"   "},"global_boxshadow":"0 0 0 0 #ffffff","global_use_animation":0,"global_animationduration":"300","global_animationdelay":"0","global_custom_css":"","use_global_width":"0","hidden_md":"0","hidden_sm":"0","hidden_xs":"0","acl":"","instFormId":1516961859016,"text_font_family":"Varela Round","global_text_color":"#3c3c3c"}},{"id":1524131508401,"name":"text_block","visibility":true,"settings":{"admin_label":"","title":"","heading_selector":"h3","title_fontsize":"","title_lineheight":"","title_letterspace":"0","text":"Online Project Management System","alignment":"sppb-text-center","text_fontsize":{"md":"16","sm":"","xs":"14"},"text_lineheight":{"md":"35","sm":"","xs":"30"},"dropcap":0,"class":"","global_background_type":"none","global_background_gradient":{"color":"#00c6fb","color2":"#005bea","deg":"45","type":"linear"},"global_use_overlay":0,"global_background_repeat":"no-repeat","global_background_size":"cover","global_background_attachment":"inherit","global_user_border":0,"global_border_width":"","global_border_radius":0,"global_margin":{"md":"0px 0px 0px 0px","sm":"   ","xs":"   "},"global_padding":{"md":"   ","sm":"   ","xs":"   "},"global_boxshadow":"0 0 0 0 #ffffff","global_use_animation":0,"global_animationduration":"300","global_animationdelay":"0","global_custom_css":"","use_global_width":"0","hidden_md":"0","hidden_sm":"0","hidden_xs":"0","acl":"","instFormId":1516961859017,"text_font_family":"Varela Round","global_text_color":"#3c3c3c"}},{"id":1524131508402,"name":"text_block","visibility":true,"settings":{"admin_label":"","title":"","heading_selector":"h3","title_fontsize":"","title_lineheight":"","title_letterspace":"0","text":"Extensive Reporting","alignment":"sppb-text-center","text_fontsize":{"md":"16","sm":"","xs":"14"},"text_lineheight":{"md":"35","sm":"","xs":"30"},"dropcap":0,"class":"","global_background_type":"none","global_background_gradient":{"color":"#00c6fb","color2":"#005bea","deg":"45","type":"linear"},"global_use_overlay":0,"global_background_repeat":"no-repeat","global_background_size":"cover","global_background_attachment":"inherit","global_user_border":0,"global_border_width":"","global_border_radius":0,"global_margin":{"md":"0px 0px 0px 0px","sm":"   ","xs":"   "},"global_padding":{"md":"   ","sm":"   ","xs":"   "},"global_boxshadow":"0 0 0 0 #ffffff","global_use_animation":0,"global_animationduration":"300","global_animationdelay":"0","global_custom_css":"","use_global_width":"0","hidden_md":"0","hidden_sm":"0","hidden_xs":"0","acl":"","instFormId":1516961859018,"text_font_family":"Varela Round","global_text_color":"#3c3c3c"}},{"id":1524131508403,"name":"text_block","visibility":true,"settings":{"admin_label":"","title":"","heading_selector":"h3","title_fontsize":"","title_lineheight":"","title_letterspace":"0","text":"Quality Links","alignment":"sppb-text-center","text_fontsize":{"md":"16","sm":"","xs":"14"},"text_lineheight":{"md":"35","sm":"","xs":"30"},"dropcap":0,"class":"","global_background_type":"none","global_background_gradient":{"color":"#00c6fb","color2":"#005bea","deg":"45","type":"linear"},"global_use_overlay":0,"global_background_repeat":"no-repeat","global_background_size":"cover","global_background_attachment":"inherit","global_user_border":0,"global_border_width":"","global_border_radius":0,"global_margin":{"md":"0px 0px 0px 0px","sm":"   ","xs":"   "},"global_padding":{"md":"   ","sm":"   ","xs":"   "},"global_boxshadow":"0 0 0 0 #ffffff","global_use_animation":0,"global_animationduration":"300","global_animationdelay":"0","global_custom_css":"","use_global_width":"0","hidden_md":"0","hidden_sm":"0","hidden_xs":"0","acl":"","instFormId":1516961859019,"text_font_family":"Varela Round","global_text_color":"#3c3c3c"}},{"id":1524131508404,"name":"text_block","visibility":true,"settings":{"admin_label":"","title":"","heading_selector":"h3","title_fontsize":"","title_lineheight":"","title_letterspace":"0","text":"Longer Lasting Results","alignment":"sppb-text-center","text_fontsize":{"md":"16","sm":"","xs":"14"},"text_lineheight":{"md":"35","sm":"","xs":"30"},"dropcap":0,"class":"","global_background_type":"none","global_background_gradient":{"color":"#00c6fb","color2":"#005bea","deg":"45","type":"linear"},"global_use_overlay":0,"global_background_repeat":"no-repeat","global_background_size":"cover","global_background_attachment":"inherit","global_user_border":0,"global_border_width":"","global_border_radius":0,"global_margin":{"md":"0px 0px 0px 0px","sm":"   ","xs":"   "},"global_padding":{"md":"   ","sm":"   ","xs":"   "},"global_boxshadow":"0 0 0 0 #ffffff","global_use_animation":0,"global_animationduration":"300","global_animationdelay":"0","global_custom_css":"","use_global_width":"0","hidden_md":"0","hidden_sm":"0","hidden_xs":"0","acl":"","instFormId":1516961859020,"text_font_family":"Varela Round","global_text_color":"#3c3c3c"}},{"id":1524131508405,"name":"text_block","visibility":true,"settings":{"admin_label":"","title":"","heading_selector":"h3","title_fontsize":"","title_lineheight":"","title_letterspace":"0","text":"Award Winning SEO Agency","alignment":"sppb-text-center","text_fontsize":{"md":"16","sm":"","xs":"14"},"text_lineheight":{"md":"35","sm":"","xs":"30"},"dropcap":0,"class":"","global_background_type":"none","global_background_gradient":{"color":"#00c6fb","color2":"#005bea","deg":"45","type":"linear"},"global_use_overlay":0,"global_background_repeat":"no-repeat","global_background_size":"cover","global_background_attachment":"inherit","global_user_border":0,"global_border_width":"","global_border_radius":0,"global_margin":{"md":"0px 0px 0px 0px","sm":"   ","xs":"   "},"global_padding":{"md":"   ","sm":"   ","xs":"   "},"global_boxshadow":"0 0 0 0 #ffffff","global_use_animation":0,"global_animationduration":"300","global_animationdelay":"0","global_custom_css":"","use_global_width":"0","hidden_md":"0","hidden_sm":"0","hidden_xs":"0","acl":"","instFormId":1516961859021,"text_font_family":"Varela Round","global_text_color":"#3c3c3c"}},{"id":1524131508406,"name":"button","visibility":true,"settings":{"admin_label":"","text":"Learn More","alignment":"sppb-text-center","letterspace":"0","type":"custom","appearance":"flat","background_color":"#00dd4b","color":"#FFFFFF","background_color_hover":"#415e6c","color_hover":"#FFFFFF","button_padding":{"md":"14px 30px 14px 30px","sm":"   ","xs":"10px 20px 10px 20px"},"icon_position":"left","class":"","global_background_type":"none","global_background_gradient":{"color":"#00c6fb","color2":"#005bea","deg":"45","type":"linear"},"global_use_overlay":0,"global_background_repeat":"no-repeat","global_background_size":"cover","global_background_attachment":"inherit","global_user_border":0,"global_border_width":"","global_border_radius":0,"global_margin":{"md":"25px 0px 0px 0px","sm":"   ","xs":"   "},"global_padding":{"md":"   ","sm":"   ","xs":"   "},"global_boxshadow":"0 0 0 0 #ffffff","global_use_animation":0,"global_animationduration":"300","global_animationdelay":"0","global_custom_css":"","use_global_width":"0","hidden_md":"0","hidden_sm":"0","hidden_xs":"0","acl":"","instFormId":1524131508406,"font_family":"Varela Round","font_style":{"weight":400,"uppercase":true},"url":"#","shape":"round","button_status":"normal","fontsize":{"md":"","sm":"","xs":"12"}}}]}]},{"id":1516961859363,"visibility":true,"collapse":false,"settings":{"admin_label":"","title":"","heading_selector":"h3","title_fontsize":"","title_fontweight":"","title_position":"sppb-text-center","columns_align_center":0,"fullscreen":0,"no_gutter":0,"padding":{"md":"100px 0px 90px 0px","sm":"   ","xs":"50px 0px 40px 0px"},"margin":{"md":"0px 0px 0px 0px","sm":"   ","xs":"   "},"background_type":"image","background_gradient":{"color":"#00c6fb","color2":"#005bea","deg":"45","type":"linear"},"background_image":"https://sppagebuilder.com/sample-data/images/2018/seo-img/score-bg.png","background_parallax":0,"background_repeat":"no-repeat","background_size":"cover","background_attachment":"inherit","background_position":"50% 50%","external_background_video":"0","show_top_shape":0,"shape_name":"clouds-flat","shape_color":"#e5e5e5","shape_width":{"md":100,"sm":100,"xs":100},"shape_height":"","shape_flip":false,"shape_invert":false,"shape_to_front":false,"show_bottom_shape":0,"bottom_shape_name":"clouds-opacity","bottom_shape_color":"#e5e5e5","bottom_shape_width":{"md":100,"sm":100,"xs":100},"bottom_shape_height":"","bottom_shape_flip":false,"bottom_shape_invert":false,"bottom_shape_to_front":false,"hidden_xs":"","hidden_sm":"","hidden_md":"","animationduration":"300","animationdelay":"0","instFormId":1516961859363,"background_color":"#00dd4b","class":"item-cover"},"layout":"12,4,4,4","columns":[{"id":1516961858489,"class_name":"col-md-12","visibility":true,"settings":{"background_type":"none","background_gradient":{"color":"#00c6fb","color2":"#005bea","deg":"45","type":"linear"},"background_image":"","background_repeat":"no-repeat","background_size":"cover","background_attachment":"scroll","background_position":"0 0","items_align_center":0,"use_border":0,"border_width":"","border_radius":0,"boxshadow":"0 0 0 0 #fff","sm_col":"","xs_col":"","hidden_xs":"","hidden_sm":"","hidden_md":"","animationduration":"300","animationdelay":"0"},"addons":[{"id":1516961859441,"name":"heading","visibility":true,"settings":{"admin_label":"","title":"How it Works","heading_selector":"h2","use_link":0,"title_link":"","link_new_tab":"","title_fontsize":{"md":"44","sm":"","xs":"30"},"title_lineheight":{"md":"52","sm":"","xs":"38"},"title_letterspace":"0","title_text_transform":"none","title_margin":{"md":"0px 0px 10px 0px","sm":"   ","xs":"0px 0px 5px 0px"},"title_padding":{"md":"0px 0px 0px 0px","sm":"   ","xs":"   "},"title_icon_position":"before","alignment":"sppb-text-center","title_text_shadow":"","class":"","global_background_type":"none","global_background_gradient":{"color":"#00c6fb","color2":"#005bea","deg":"45","type":"linear"},"global_use_overlay":0,"global_background_repeat":"no-repeat","global_background_size":"cover","global_background_attachment":"inherit","global_user_border":0,"global_border_width":"","global_border_radius":0,"global_margin":{"md":"0px 0px 0px 0px","sm":"   ","xs":"   "},"global_padding":{"md":"   ","sm":"   ","xs":"   "},"global_boxshadow":"0 0 0 0 #ffffff","global_use_animation":0,"global_animationduration":"300","global_animationdelay":"0","global_custom_css":"","use_global_width":"0","hidden_md":"0","hidden_sm":"0","hidden_xs":"0","acl":"","instFormId":1516961859441,"title_font_family":"Varela Round","title_font_style":{"weight":400},"global_text_color":"#fff"}},{"id":1516961859724,"name":"text_block","visibility":true,"settings":{"admin_label":"","title":"","heading_selector":"h3","title_fontsize":"","title_lineheight":"","title_letterspace":"0","text":"Choose your level of private labeling:","alignment":"sppb-text-center","text_fontsize":{"md":"18","sm":"","xs":"16"},"text_lineheight":{"md":"28","sm":"","xs":"26"},"dropcap":0,"class":"","global_background_type":"none","global_background_gradient":{"color":"#00c6fb","color2":"#005bea","deg":"45","type":"linear"},"global_use_overlay":0,"global_background_repeat":"no-repeat","global_background_size":"cover","global_background_attachment":"inherit","global_user_border":0,"global_border_width":"","global_border_radius":0,"global_margin":{"md":"0 0 40px 0","sm":"   ","xs":"0px 0px 20px 0px"},"global_padding":{"md":"   ","sm":"   ","xs":"   "},"global_boxshadow":"0 0 0 0 #ffffff","global_use_animation":0,"global_animationduration":"300","global_animationdelay":"0","global_custom_css":"","use_global_width":"0","hidden_md":"0","hidden_sm":"0","hidden_xs":"0","acl":"","instFormId":1516961859724,"text_font_family":"Varela","global_text_color":"#fff"}}]},{"id":1516961858490,"class_name":"col-md-4","visibility":true,"settings":{"background_type":"none","background_gradient":{"color":"#00c6fb","color2":"#005bea","deg":"45","type":"linear"},"background_image":"","background_repeat":"no-repeat","background_size":"cover","background_attachment":"scroll","background_position":"0 0","items_align_center":0,"use_border":0,"border_width":"","border_radius":0,"boxshadow":"0 0 0 0 #fff","sm_col":"col-sm-4","xs_col":"","hidden_xs":0,"hidden_sm":0,"hidden_md":0,"animationduration":"300","animationdelay":"0","instFormId":1516961858490,"padding":{"md":"20px 20px 20px 20px","sm":"   ","xs":"   "},"margin":{"md":"   ","sm":"   ","xs":"   "}},"addons":[{"id":1516961859632,"name":"heading","visibility":true,"settings":{"admin_label":"","title":"01","heading_selector":"h2","use_link":0,"title_link":"","link_new_tab":"","title_fontsize":{"md":"64","sm":"","xs":"30"},"title_lineheight":{"md":"","sm":"","xs":"38"},"title_letterspace":"0","title_text_transform":"none","title_margin":{"md":"0px 0px 0px 0px","sm":"   ","xs":"   "},"title_padding":{"md":"0px 0px 0px 0px","sm":"   ","xs":"   "},"title_icon_position":"before","alignment":"sppb-text-center","title_text_shadow":"","class":"","global_background_type":"none","global_background_gradient":{"color":"#00c6fb","color2":"#005bea","deg":"45","type":"linear"},"global_use_overlay":0,"global_background_repeat":"no-repeat","global_background_size":"cover","global_background_attachment":"inherit","global_user_border":0,"global_border_width":"","global_border_radius":0,"global_margin":{"md":"0px 0px 0px 0px","sm":"   ","xs":"   "},"global_padding":{"md":"   ","sm":"   ","xs":"   "},"global_boxshadow":"0 0 0 0 #ffffff","global_use_animation":0,"global_animationduration":"300","global_animationdelay":"0","global_custom_css":"","use_global_width":"0","hidden_md":"0","hidden_sm":"0","hidden_xs":"0","acl":"","instFormId":1516961859632,"title_font_family":"Varela Round","title_font_style":{"weight":400},"global_text_color":"#fff"}},{"id":1516961859633,"name":"text_block","visibility":true,"settings":{"admin_label":"","title":"Business Goal","heading_selector":"h4","title_fontsize":{"md":"24","sm":"","xs":"18"},"title_lineheight":{"md":"34","sm":"","xs":"28"},"title_letterspace":"0","text":"Sublattice of electrons that point in one direction, than from the.","alignment":"sppb-text-center","text_fontsize":{"md":"16","sm":"","xs":"14"},"text_lineheight":{"md":"22","sm":"","xs":"18"},"dropcap":0,"class":"","global_background_type":"none","global_background_gradient":{"color":"#00c6fb","color2":"#005bea","deg":"45","type":"linear"},"global_use_overlay":0,"global_background_repeat":"no-repeat","global_background_size":"cover","global_background_attachment":"inherit","global_user_border":0,"global_border_width":"","global_border_radius":0,"global_margin":{"md":"0px 0px 0px 0px","sm":"   ","xs":"   "},"global_padding":{"md":"   ","sm":"   ","xs":"   "},"global_boxshadow":"0 0 0 0 #ffffff","global_use_animation":0,"global_animationduration":"300","global_animationdelay":"0","global_custom_css":"","use_global_width":"0","hidden_md":"0","hidden_sm":"0","hidden_xs":"0","acl":"","instFormId":1516961859633,"global_text_color":"#fff","font_family":"Varela Round","title_font_style":{"weight":700},"title_text_color":"#fff","text_font_family":"Varela Round","title_margin_bottom":{"md":"20","sm":"5","xs":"5"},"title_margin_top":{"md":"8","sm":"","xs":"0"},"button_status":"normal"}}]},{"id":1516961858494,"class_name":"col-md-4","visibility":true,"settings":{"background_type":"none","background_gradient":{"color":"#00c6fb","color2":"#005bea","deg":"45","type":"linear"},"background_image":"","background_repeat":"no-repeat","background_size":"cover","background_attachment":"scroll","background_position":"0 0","items_align_center":0,"use_border":0,"border_width":"","border_radius":0,"boxshadow":"0 0 0 0 #fff","sm_col":"col-sm-4","xs_col":"","hidden_xs":0,"hidden_sm":0,"hidden_md":0,"animationduration":"300","animationdelay":"0","instFormId":1516961858494,"padding":{"md":"20px 20px 20px 20px","sm":"   ","xs":"   "},"margin":{"md":"   ","sm":"   ","xs":"   "}},"addons":[{"id":1516961859638,"name":"heading","visibility":true,"settings":{"admin_label":"","title":"02","heading_selector":"h2","use_link":0,"title_link":"","link_new_tab":"","title_fontsize":{"md":"64","sm":"","xs":"30"},"title_lineheight":{"md":"","sm":"","xs":"38"},"title_letterspace":"0","title_text_transform":"none","title_margin":{"md":"0px 0px 0px 0px","sm":"   ","xs":"   "},"title_padding":{"md":"0px 0px 0px 0px","sm":"   ","xs":"   "},"title_icon_position":"before","alignment":"sppb-text-center","title_text_shadow":"","class":"","global_background_type":"none","global_background_gradient":{"color":"#00c6fb","color2":"#005bea","deg":"45","type":"linear"},"global_use_overlay":0,"global_background_repeat":"no-repeat","global_background_size":"cover","global_background_attachment":"inherit","global_user_border":0,"global_border_width":"","global_border_radius":0,"global_margin":{"md":"0px 0px 0px 0px","sm":"   ","xs":"   "},"global_padding":{"md":"   ","sm":"   ","xs":"   "},"global_boxshadow":"0 0 0 0 #ffffff","global_use_animation":0,"global_animationduration":"300","global_animationdelay":"0","global_custom_css":"","use_global_width":"0","hidden_md":"0","hidden_sm":"0","hidden_xs":"0","acl":"","instFormId":1516961859638,"title_font_family":"Varela Round","title_font_style":{"weight":400},"global_text_color":"#fff"}},{"id":1516961859639,"name":"text_block","visibility":true,"settings":{"admin_label":"","title":"Web Analytics","heading_selector":"h4","title_fontsize":{"md":"24","sm":"","xs":"18"},"title_lineheight":{"md":"34","sm":"","xs":"28"},"title_letterspace":"0","text":"Sublattice of electrons that point in one direction, than from the.","alignment":"sppb-text-center","text_fontsize":{"md":"16","sm":"","xs":"14"},"text_lineheight":{"md":"22","sm":"","xs":"18"},"dropcap":0,"class":"","global_background_type":"none","global_background_gradient":{"color":"#00c6fb","color2":"#005bea","deg":"45","type":"linear"},"global_use_overlay":0,"global_background_repeat":"no-repeat","global_background_size":"cover","global_background_attachment":"inherit","global_user_border":0,"global_border_width":"","global_border_radius":0,"global_margin":{"md":"0px 0px 0px 0px","sm":"   ","xs":"   "},"global_padding":{"md":"   ","sm":"   ","xs":"   "},"global_boxshadow":"0 0 0 0 #ffffff","global_use_animation":0,"global_animationduration":"300","global_animationdelay":"0","global_custom_css":"","use_global_width":"0","hidden_md":"0","hidden_sm":"0","hidden_xs":"0","acl":"","instFormId":1516961859639,"global_text_color":"#fff","font_family":"Varela Round","title_font_style":{"weight":700},"title_text_color":"#fff","text_font_family":"Varela Round","title_margin_bottom":{"md":"20","sm":"5","xs":"5"},"title_margin_top":{"md":"8","sm":"","xs":"0"}}}]},{"id":1516961859384,"class_name":"col-md-4","visibility":true,"settings":{"background_type":"none","background_gradient":{"color":"#00c6fb","color2":"#005bea","deg":"45","type":"linear"},"background_image":"","background_repeat":"no-repeat","background_size":"cover","background_attachment":"scroll","background_position":"0 0","items_align_center":0,"use_border":0,"border_width":"","border_radius":0,"boxshadow":"0 0 0 0 #fff","sm_col":"col-sm-4","xs_col":"","hidden_xs":0,"hidden_sm":0,"hidden_md":0,"animationduration":"300","animationdelay":"0","instFormId":1516961859384,"padding":{"md":"20px 20px 20px 20px","sm":"   ","xs":"   "},"margin":{"md":"   ","sm":"   ","xs":"   "}},"addons":[{"id":1516961858491,"name":"heading","visibility":true,"settings":{"admin_label":"","title":"03","heading_selector":"h2","use_link":0,"title_link":"","link_new_tab":"","title_fontsize":{"md":"64","sm":"","xs":"30"},"title_lineheight":{"md":"","sm":"","xs":"38"},"title_letterspace":"0","title_text_transform":"none","title_margin":{"md":"0px 0px 0px 0px","sm":"   ","xs":"   "},"title_padding":{"md":"0px 0px 0px 0px","sm":"   ","xs":"   "},"title_icon_position":"before","alignment":"sppb-text-center","title_text_shadow":"","class":"","global_background_type":"none","global_background_gradient":{"color":"#00c6fb","color2":"#005bea","deg":"45","type":"linear"},"global_use_overlay":0,"global_background_repeat":"no-repeat","global_background_size":"cover","global_background_attachment":"inherit","global_user_border":0,"global_border_width":"","global_border_radius":0,"global_margin":{"md":"0px 0px 0px 0px","sm":"   ","xs":"   "},"global_padding":{"md":"   ","sm":"   ","xs":"   "},"global_boxshadow":"0 0 0 0 #ffffff","global_use_animation":0,"global_animationduration":"300","global_animationdelay":"0","global_custom_css":"","use_global_width":"0","hidden_md":"0","hidden_sm":"0","hidden_xs":"0","acl":"","instFormId":1516961858491,"title_font_family":"Varela Round","title_font_style":{"weight":400},"global_text_color":"#fff"}},{"id":1516964491937,"name":"text_block","visibility":true,"settings":{"admin_label":"","title":"Goal Driven","heading_selector":"h4","title_fontsize":{"md":"24","sm":"","xs":"18"},"title_lineheight":{"md":"34","sm":"","xs":"28"},"title_letterspace":"0","text":"Sublattice of electrons that point in one direction, than from the.","alignment":"sppb-text-center","text_fontsize":{"md":"16","sm":"","xs":"14"},"text_lineheight":{"md":"22","sm":"","xs":"18"},"dropcap":0,"class":"","global_background_type":"none","global_background_gradient":{"color":"#00c6fb","color2":"#005bea","deg":"45","type":"linear"},"global_use_overlay":0,"global_background_repeat":"no-repeat","global_background_size":"cover","global_background_attachment":"inherit","global_user_border":0,"global_border_width":"","global_border_radius":0,"global_margin":{"md":"0px 0px 0px 0px","sm":"   ","xs":"   "},"global_padding":{"md":"   ","sm":"   ","xs":"   "},"global_boxshadow":"0 0 0 0 #ffffff","global_use_animation":0,"global_animationduration":"300","global_animationdelay":"0","global_custom_css":"","use_global_width":"0","hidden_md":"0","hidden_sm":"0","hidden_xs":"0","acl":"","instFormId":1516964491937,"global_text_color":"#fff","font_family":"Varela Round","title_font_style":{"weight":700},"title_text_color":"#fff","text_font_family":"Varela Round","title_margin_bottom":{"md":"20","sm":"5","xs":"5"},"title_margin_top":{"md":"8","sm":"","xs":"0"}}}]}]},{"id":1516961859696,"visibility":true,"collapse":false,"settings":{"admin_label":"","title":"","heading_selector":"h3","title_fontsize":"","title_fontweight":"","title_position":"sppb-text-center","columns_align_center":0,"fullscreen":0,"no_gutter":0,"padding":{"md":"100px 0px 90px 0px","sm":"   ","xs":"45px 0px 30px 0px"},"margin":{"md":"0px 0px 0px 0px","sm":"   ","xs":"   "},"background_type":"none","background_gradient":{"color":"#00c6fb","color2":"#005bea","deg":"45","type":"linear"},"background_image":"","background_parallax":"0","background_repeat":"no-repeat","background_size":"cover","background_attachment":"fixed","background_position":"0 0","external_background_video":"0","show_top_shape":0,"shape_name":"clouds-flat","shape_color":"#e5e5e5","shape_width":{"md":100,"sm":100,"xs":100},"shape_height":"","shape_flip":false,"shape_invert":false,"shape_to_front":false,"show_bottom_shape":0,"bottom_shape_name":"clouds-opacity","bottom_shape_color":"#e5e5e5","bottom_shape_width":{"md":100,"sm":100,"xs":100},"bottom_shape_height":"","bottom_shape_flip":false,"bottom_shape_invert":false,"bottom_shape_to_front":false,"hidden_xs":"","hidden_sm":"","hidden_md":"","animationduration":"300","animationdelay":"0","instFormId":1516961859696},"layout":"12,4,4,4","columns":[{"id":1516961858496,"class_name":"col-md-12","visibility":true,"settings":{"background_type":"none","background_gradient":{"color":"#00c6fb","color2":"#005bea","deg":"45","type":"linear"},"background_image":"","background_repeat":"no-repeat","background_size":"cover","background_attachment":"scroll","background_position":"0 0","items_align_center":0,"use_border":0,"border_width":"","border_radius":0,"boxshadow":"0 0 0 0 #fff","sm_col":"","xs_col":"","hidden_xs":"","hidden_sm":"","hidden_md":"","animationduration":"300","animationdelay":"0"},"addons":[{"id":1516961859705,"name":"heading","visibility":true,"settings":{"admin_label":"","title":"Why Choose Our Service","heading_selector":"h2","use_link":0,"title_link":"","link_new_tab":"","title_fontsize":{"md":"44","sm":"","xs":"30"},"title_lineheight":{"md":"52","sm":"","xs":"38"},"title_letterspace":"0","title_text_transform":"none","title_margin":{"md":"0px 0px 10px 0px","sm":"   ","xs":"0px 0px 5px 0px"},"title_padding":{"md":"0px 0px 0px 0px","sm":"   ","xs":"   "},"title_icon_position":"before","alignment":"sppb-text-center","title_text_shadow":"","class":"","global_background_type":"none","global_background_gradient":{"color":"#00c6fb","color2":"#005bea","deg":"45","type":"linear"},"global_use_overlay":0,"global_background_repeat":"no-repeat","global_background_size":"cover","global_background_attachment":"inherit","global_user_border":0,"global_border_width":"","global_border_radius":0,"global_margin":{"md":"0px 0px 0px 0px","sm":"   ","xs":"   "},"global_padding":{"md":"   ","sm":"   ","xs":"   "},"global_boxshadow":"0 0 0 0 #ffffff","global_use_animation":0,"global_animationduration":"300","global_animationdelay":"0","global_custom_css":"","use_global_width":"0","hidden_md":"0","hidden_sm":"0","hidden_xs":"0","acl":"","instFormId":1516961859705,"title_font_family":"Varela Round","title_font_style":{"weight":400},"global_text_color":"#000"}},{"id":1516961858492,"name":"text_block","visibility":true,"settings":{"admin_label":"","title":"","heading_selector":"h3","title_fontsize":"","title_lineheight":"","title_letterspace":"0","text":"Choose your level of private labeling:","alignment":"sppb-text-center","text_fontsize":{"md":"18","sm":"","xs":"16"},"text_lineheight":{"md":"28","sm":"","xs":"26"},"dropcap":0,"class":"","global_background_type":"none","global_background_gradient":{"color":"#00c6fb","color2":"#005bea","deg":"45","type":"linear"},"global_use_overlay":0,"global_background_repeat":"no-repeat","global_background_size":"cover","global_background_attachment":"inherit","global_user_border":0,"global_border_width":"","global_border_radius":0,"global_margin":{"md":"0 0 60px 0","sm":"   ","xs":"0px 0px 20px 0px"},"global_padding":{"md":"   ","sm":"   ","xs":"   "},"global_boxshadow":"0 0 0 0 #ffffff","global_use_animation":0,"global_animationduration":"300","global_animationdelay":"0","global_custom_css":"","use_global_width":"0","hidden_md":"0","hidden_sm":"0","hidden_xs":"0","acl":"","instFormId":1516961858492,"text_font_family":"Varela","global_text_color":"#000"}}]},{"id":1516961858498,"class_name":"col-md-4","visibility":true,"settings":{"background_type":"none","background_gradient":{"color":"#00c6fb","color2":"#005bea","deg":"45","type":"linear"},"background_image":"","background_repeat":"no-repeat","background_size":"cover","background_attachment":"scroll","background_position":"0 0","items_align_center":0,"use_border":0,"border_width":"","border_radius":0,"boxshadow":"0 0 0 0 #fff","sm_col":"col-sm-4","xs_col":"","hidden_xs":0,"hidden_sm":0,"hidden_md":0,"animationduration":"300","animationdelay":"0","instFormId":1516961858498,"padding":{"md":"20px 20px 20px 20px","sm":"   ","xs":"   "},"margin":{"md":"   ","sm":"   ","xs":"   "}},"addons":[{"id":1516961859787,"name":"feature","visibility":true,"settings":{"admin_label":"","title":"Pre-sales Support","heading_selector":"h4","title_position":"after","title_fontsize":{"md":"24","xs":"18"},"title_lineheight":{"md":"34","xs":"28"},"title_letterspace":"0","title_text_color":"#000","title_url":"#","url_appear":"title","feature_type":"image","feature_image":"https://sppagebuilder.com/sample-data/images/2018/seo-img/why-1.png","icon_name":"fa-trophy","icon_size":{"md":36},"icon_color":"#0080FE","text":"Sublattice of electrons that point in one direction, than from the.","text_fontsize":{"md":"16","sm":"","xs":"14"},"text_lineheight":{"md":"24","sm":"","xs":"24"},"alignment":"sppb-text-center","class":"","global_background_type":"none","global_background_gradient":{"color":"#00c6fb","color2":"#005bea","deg":"45","type":"linear"},"global_use_overlay":0,"global_background_repeat":"no-repeat","global_background_size":"cover","global_background_attachment":"inherit","global_user_border":0,"global_border_width":{"md":"","sm":"","xs":""},"global_border_radius":0,"global_margin":{"md":"20px 0px 20px 0px","sm":"   ","xs":"10px 0 10px 0"},"global_padding":{"md":"0px 0px 5px 0px","sm":"   ","xs":"   "},"global_boxshadow":{"ho":"0","vo":"0","blur":"0","spread":0,"color":"","inset":false},"global_use_animation":1,"global_animationduration":"800","global_animationdelay":"0","global_custom_css":"","use_global_width":"0","hidden_md":"0","hidden_sm":"0","hidden_xs":"0","acl":"","instFormId":1516961859787,"icon_padding":{"md":"   ","sm":"   ","xs":"   "},"title_font_family":"Varela Round","title_font_style":{"weight":400},"text_font_family":"Varela Round","global_text_color":"#989898","title_margin_bottom":{"md":"8","sm":"","xs":"0"},"title_margin_top":{"md":"28","sm":"","xs":"10"},"global_link_color":"#000","global_border_color":"","global_boder_style":"solid","feature_image_margin":{"md":"   ","sm":"   ","xs":"   "},"text_padding":{"md":"   ","sm":"   ","xs":"   "},"global_animation":"fadeInDown"}}]},{"id":1516961858500,"class_name":"col-md-4","visibility":true,"settings":{"background_type":"none","background_gradient":{"color":"#00c6fb","color2":"#005bea","deg":"45","type":"linear"},"background_image":"","background_repeat":"no-repeat","background_size":"cover","background_attachment":"scroll","background_position":"0 0","items_align_center":0,"use_border":0,"border_width":"","border_radius":0,"boxshadow":"0 0 0 0 #fff","sm_col":"col-sm-4","xs_col":"","hidden_xs":0,"hidden_sm":0,"hidden_md":0,"animationduration":"300","animationdelay":"0","instFormId":1516961858500,"padding":{"md":"   ","sm":"   ","xs":"   "},"margin":{"md":"   ","sm":"   ","xs":"   "}},"addons":[{"id":1516961859790,"name":"feature","visibility":true,"settings":{"admin_label":"","title":"Ownership & Confidentiality","heading_selector":"h4","title_position":"after","title_fontsize":{"md":"24","xs":"18"},"title_lineheight":{"md":"34","xs":"28"},"title_letterspace":"0","title_text_color":"#000","title_url":"#","url_appear":"title","feature_type":"image","feature_image":"https://sppagebuilder.com/sample-data/images/2018/seo-img/why-2.png","icon_name":"fa-trophy","icon_size":{"md":36},"icon_color":"#0080FE","text":"Sublattice of electrons that point in one direction, than from the.","text_fontsize":{"md":"16","sm":"","xs":"14"},"text_lineheight":{"md":"24","sm":"","xs":"24"},"alignment":"sppb-text-center","class":"","global_background_type":"none","global_background_gradient":{"color":"#00c6fb","color2":"#005bea","deg":"45","type":"linear"},"global_use_overlay":0,"global_background_repeat":"no-repeat","global_background_size":"cover","global_background_attachment":"inherit","global_user_border":0,"global_border_width":{"md":"","sm":"","xs":""},"global_border_radius":0,"global_margin":{"md":"20px 0px 20px 0px","sm":"   ","xs":"10px 0 10px 0"},"global_padding":{"md":"0px 0px 5px 0px","sm":"   ","xs":"   "},"global_boxshadow":{"ho":"0","vo":"0","blur":"0","spread":0,"color":"","inset":false},"global_use_animation":1,"global_animationduration":"800","global_animationdelay":"200","global_custom_css":"","use_global_width":"0","hidden_md":"0","hidden_sm":"0","hidden_xs":"0","acl":"","instFormId":1516961859790,"icon_padding":{"md":"   ","sm":"   ","xs":"   "},"title_font_family":"Varela Round","title_font_style":{"weight":400},"text_font_family":"Varela Round","global_text_color":"#989898","title_margin_bottom":{"md":"8","sm":"","xs":"0"},"title_margin_top":{"md":"28","sm":"","xs":"10"},"global_link_color":"#000","global_border_color":"","global_boder_style":"solid","feature_image_margin":{"md":"   ","sm":"   ","xs":"   "},"text_padding":{"md":"   ","sm":"   ","xs":"   "},"global_animation":"fadeInDown"}}]},{"id":1516961858502,"class_name":"col-md-4","visibility":true,"settings":{"background_type":"none","background_gradient":{"color":"#00c6fb","color2":"#005bea","deg":"45","type":"linear"},"background_image":"","background_repeat":"no-repeat","background_size":"cover","background_attachment":"scroll","background_position":"0 0","items_align_center":0,"use_border":0,"border_width":"","border_radius":0,"boxshadow":"0 0 0 0 #fff","sm_col":"col-sm-4","xs_col":"","hidden_xs":0,"hidden_sm":0,"hidden_md":0,"animationduration":"300","animationdelay":"0","instFormId":1516961858502,"padding":{"md":"   ","sm":"   ","xs":"   "},"margin":{"md":"   ","sm":"   ","xs":"   "}},"addons":[{"id":1516961858503,"name":"feature","visibility":true,"settings":{"admin_label":"","title":"PageTraffic Brand Name","heading_selector":"h4","title_position":"after","title_fontsize":{"md":"24","xs":"18"},"title_lineheight":{"md":"34","xs":"28"},"title_letterspace":"0","title_text_color":"#000","title_url":"#","url_appear":"title","feature_type":"image","feature_image":"https://sppagebuilder.com/sample-data/images/2018/seo-img/why-3.png","icon_name":"fa-trophy","icon_size":{"md":36},"icon_color":"#0080FE","text":"Sublattice of electrons that point in one direction, than from the.","text_fontsize":{"md":"16","sm":"","xs":"14"},"text_lineheight":{"md":"24","sm":"","xs":"24"},"alignment":"sppb-text-center","class":"","global_background_type":"none","global_background_gradient":{"color":"#00c6fb","color2":"#005bea","deg":"45","type":"linear"},"global_use_overlay":0,"global_background_repeat":"no-repeat","global_background_size":"cover","global_background_attachment":"inherit","global_user_border":0,"global_border_width":{"md":"","sm":"","xs":""},"global_border_radius":0,"global_margin":{"md":"20px 0px 20px 0px","sm":"   ","xs":"10px 0 10px 0"},"global_padding":{"md":"0px 0px 5px 0px","sm":"   ","xs":"   "},"global_boxshadow":{"ho":"0","vo":"0","blur":"0","spread":0,"color":"","inset":false},"global_use_animation":1,"global_animationduration":"800","global_animationdelay":"400","global_custom_css":"","use_global_width":"0","hidden_md":"0","hidden_sm":"0","hidden_xs":"0","acl":"","instFormId":1516961858503,"icon_padding":{"md":"   ","sm":"   ","xs":"   "},"title_font_family":"Varela Round","title_font_style":{"weight":400},"text_font_family":"Varela Round","global_text_color":"#989898","title_margin_bottom":{"md":"8","sm":"","xs":"0"},"title_margin_top":{"md":"28","sm":"","xs":"10"},"global_link_color":"#000","global_border_color":"","global_boder_style":"solid","feature_image_margin":{"md":"   ","sm":"   ","xs":"   "},"text_padding":{"md":"   ","sm":"   ","xs":"   "},"global_animation":"fadeInDown"}}]}]},{"id":1516961859841,"visibility":true,"collapse":false,"settings":{"admin_label":"","title":"","heading_selector":"h3","title_fontsize":"","title_fontweight":"","title_position":"sppb-text-center","columns_align_center":0,"fullscreen":0,"no_gutter":0,"padding":{"md":"100px 0px 100px 0px","sm":"   ","xs":"50px 0px 50px 0px"},"margin":{"md":"0px 0px 0px 0px","sm":"   ","xs":"   "},"background_type":"image","background_gradient":{"color":"#00c6fb","color2":"#005bea","deg":"45","type":"linear"},"background_image":"https://sppagebuilder.com/sample-data/images/2018/seo-img/notific.png","background_parallax":0,"background_repeat":"no-repeat","background_size":"cover","background_attachment":"inherit","background_position":"50% 50%","external_background_video":"0","show_top_shape":0,"shape_name":"clouds-flat","shape_color":"#e5e5e5","shape_width":{"md":100,"sm":100,"xs":100},"shape_height":"","shape_flip":false,"shape_invert":false,"shape_to_front":false,"show_bottom_shape":0,"bottom_shape_name":"clouds-opacity","bottom_shape_color":"#e5e5e5","bottom_shape_width":{"md":100,"sm":100,"xs":100},"bottom_shape_height":"","bottom_shape_flip":false,"bottom_shape_invert":false,"bottom_shape_to_front":false,"hidden_xs":"","hidden_sm":"","hidden_md":"","animationduration":"300","animationdelay":"0","instFormId":1516961859841,"background_color":"#008aff","class":""},"layout":"12","columns":[{"id":1516961858509,"class_name":"col-md-12","visibility":true,"settings":{"background_type":"none","background_gradient":{"color":"#00c6fb","color2":"#005bea","deg":"45","type":"linear"},"background_image":"","background_repeat":"no-repeat","background_size":"cover","background_attachment":"scroll","background_position":"0 0","items_align_center":0,"use_border":0,"border_width":"","border_radius":0,"boxshadow":"0 0 0 0 #fff","sm_col":"","xs_col":"","hidden_xs":"","hidden_sm":"","hidden_md":"","animationduration":"300","animationdelay":"0"},"addons":[{"id":1516961858511,"name":"heading","visibility":true,"settings":{"admin_label":"","title":"Search engine Optimization","heading_selector":"h2","use_link":0,"title_link":"","link_new_tab":"","title_fontsize":{"md":"44","sm":"","xs":"30"},"title_lineheight":{"md":"52","sm":"","xs":"38"},"title_letterspace":"0","title_text_transform":"none","title_margin":{"md":"0px 0px 10px 0px","sm":"   ","xs":"   "},"title_padding":{"md":"0px 0px 0px 0px","sm":"   ","xs":"   "},"title_icon_position":"before","alignment":"sppb-text-center","title_text_shadow":"","class":"","global_background_type":"none","global_background_gradient":{"color":"#00c6fb","color2":"#005bea","deg":"45","type":"linear"},"global_use_overlay":0,"global_background_repeat":"no-repeat","global_background_size":"cover","global_background_attachment":"inherit","global_user_border":0,"global_border_width":"","global_border_radius":0,"global_margin":{"md":"0px 0px 0px 0px","sm":"   ","xs":"   "},"global_padding":{"md":"   ","sm":"   ","xs":"   "},"global_boxshadow":"0 0 0 0 #ffffff","global_use_animation":0,"global_animationduration":"300","global_animationdelay":"0","global_custom_css":"","use_global_width":"0","hidden_md":"0","hidden_sm":"0","hidden_xs":"0","acl":"","instFormId":1516961858511,"title_font_family":"Varela Round","title_font_style":{"weight":400},"global_text_color":"#fff"}},{"id":1516961858512,"name":"text_block","visibility":true,"settings":{"admin_label":"","title":"","heading_selector":"h3","title_fontsize":"","title_lineheight":"","title_letterspace":"0","text":"Workflow is winning over the robustness of Photoshop.","alignment":"sppb-text-center","text_fontsize":{"md":"18","sm":"","xs":"16"},"text_lineheight":{"md":"28","sm":"","xs":"26"},"dropcap":0,"class":"","global_background_type":"none","global_background_gradient":{"color":"#00c6fb","color2":"#005bea","deg":"45","type":"linear"},"global_use_overlay":0,"global_background_repeat":"no-repeat","global_background_size":"cover","global_background_attachment":"inherit","global_user_border":0,"global_border_width":"","global_border_radius":0,"global_margin":{"md":"0 0 33px 0","sm":"   ","xs":"0 0 15px 0"},"global_padding":{"md":"   ","sm":"   ","xs":"   "},"global_boxshadow":"0 0 0 0 #ffffff","global_use_animation":0,"global_animationduration":"300","global_animationdelay":"0","global_custom_css":"","use_global_width":"0","hidden_md":"0","hidden_sm":"0","hidden_xs":"0","acl":"","instFormId":1516961858512,"text_font_family":"Varela Round","global_text_color":"#fff"}},{"id":1516961858513,"name":"button","visibility":true,"settings":{"admin_label":"","text":"Learn More","alignment":"sppb-text-center","letterspace":"0","type":"custom","appearance":"flat","background_color":"#00dd4b","color":"#FFFFFF","background_color_hover":"#415e6c","color_hover":"#FFFFFF","button_padding":{"md":"13px 35px 13px 35px","sm":"   ","xs":"10px 20px 10px 20px"},"icon_position":"left","class":"","global_background_type":"none","global_background_gradient":{"color":"#00c6fb","color2":"#005bea","deg":"45","type":"linear"},"global_use_overlay":0,"global_background_repeat":"no-repeat","global_background_size":"cover","global_background_attachment":"inherit","global_user_border":0,"global_border_width":"","global_border_radius":0,"global_margin":{"md":"   ","sm":"   ","xs":"   "},"global_padding":{"md":"   ","sm":"   ","xs":"   "},"global_boxshadow":"0 0 0 0 #ffffff","global_use_animation":0,"global_animationduration":"300","global_animationdelay":"0","global_custom_css":"","use_global_width":"0","hidden_md":"0","hidden_sm":"0","hidden_xs":"0","acl":"","instFormId":1516961858513,"font_family":"Lato","font_style":{"weight":400,"uppercase":true},"url":"#","shape":"round","button_status":"normal","fontsize":{"md":"","sm":"","xs":"12"}}}]}]}]