[{"id":1523961856820,"visibility":true,"collapse":false,"settings":{"admin_label":"","title":"","heading_selector":"h3","title_fontsize":"","title_fontweight":"","title_position":"sppb-text-center","columns_align_center":0,"fullscreen":0,"no_gutter":0,"padding":{"md":"90px 0px 90px 0px","sm":"   ","xs":"   "},"margin":{"md":"0px 0px 0px 0px","sm":"   ","xs":"   "},"background_type":"color","background_gradient":{"color":"#00c6fb","color2":"#005bea","deg":"45","type":"linear"},"background_image":"","background_parallax":"0","background_repeat":"no-repeat","background_size":"cover","background_attachment":"fixed","background_position":"0 0","external_background_video":"0","show_top_shape":0,"shape_name":"clouds-flat","shape_color":"#e5e5e5","shape_width":{"md":100,"sm":100,"xs":100},"shape_height":"","shape_flip":false,"shape_invert":false,"shape_to_front":false,"show_bottom_shape":0,"bottom_shape_name":"clouds-opacity","bottom_shape_color":"#e5e5e5","bottom_shape_width":{"md":100,"sm":100,"xs":100},"bottom_shape_height":"","bottom_shape_flip":false,"bottom_shape_invert":false,"bottom_shape_to_front":false,"hidden_xs":"","hidden_sm":"","hidden_md":"","animationduration":"300","animationdelay":"0","instFormId":1523961856820,"background_color":"#0497ff"},"layout":"12","columns":[{"id":1523961856819,"class_name":"col-md-12","visibility":true,"settings":{"background_type":"none","background_gradient":{"color":"#00c6fb","color2":"#005bea","deg":"45","type":"linear"},"background_image":"","background_repeat":"no-repeat","background_size":"cover","background_attachment":"scroll","background_position":"0 0","items_align_center":0,"use_border":0,"border_width":"","border_radius":0,"boxshadow":"0 0 0 0 #fff","sm_col":"","xs_col":"","hidden_xs":"","hidden_sm":"","hidden_md":"","animationduration":"300","animationdelay":"0"},"addons":[{"id":1526887776713,"name":"image","visibility":true,"settings":{"admin_label":"","title":"","heading_selector":"h3","title_fontsize":"","title_lineheight":"","title_letterspace":"0","title_position":"top","image":"https://sppagebuilder.com/sample-data/images/2018/seo-img/banner-img.png","border_radius":0,"alt_text":"Image","position":"sppb-text-center","open_lightbox":0,"overlay_color":"rgba(119, 219, 31, .5)","link":"","class":"","global_background_type":"none","global_background_gradient":{"color":"#00c6fb","color2":"#005bea","deg":"45","type":"linear"},"global_use_overlay":0,"global_background_repeat":"no-repeat","global_background_size":"cover","global_background_attachment":"inherit","global_user_border":0,"global_border_width":"","global_border_radius":0,"global_margin":{"md":"0 0 30px 0","sm":"0 0 20px 0","xs":"0 0 10px 0"},"global_padding":{"md":"   ","sm":"   ","xs":"   "},"global_boxshadow":"0 0 0 0 #ffffff","global_use_animation":1,"global_animationduration":"800","global_animationdelay":"","global_custom_css":"","use_global_width":"0","hidden_md":"0","hidden_sm":"0","hidden_xs":"0","acl":"","instFormId":1526887776713,"button_status":"normal","global_animation":"fadeInDown"}},{"id":1516941736056,"name":"heading","visibility":true,"settings":{"admin_label":"","title":"Top Search Marketing Company","heading_selector":"h2","use_link":0,"title_link":"","link_new_tab":"","title_fontsize":{"md":"54","sm":"","xs":"30"},"title_lineheight":{"md":"60","sm":"","xs":"38"},"title_letterspace":"0","title_text_transform":"none","title_margin":{"md":"0px 0px 10px 0px","sm":"   ","xs":"   "},"title_padding":{"md":"0px 0px 0px 0px","sm":"   ","xs":"   "},"title_icon_position":"before","alignment":"sppb-text-center","title_text_shadow":"","class":"","global_background_type":"none","global_background_gradient":{"color":"#00c6fb","color2":"#005bea","deg":"45","type":"linear"},"global_use_overlay":0,"global_background_repeat":"no-repeat","global_background_size":"cover","global_background_attachment":"inherit","global_user_border":0,"global_border_width":"","global_border_radius":0,"global_margin":{"md":"0px 0px 0px 0px","sm":"   ","xs":"   "},"global_padding":{"md":"   ","sm":"   ","xs":"   "},"global_boxshadow":"0 0 0 0 #ffffff","global_use_animation":1,"global_animationduration":"800","global_animationdelay":"200","global_custom_css":"","use_global_width":"0","hidden_md":"0","hidden_sm":"0","hidden_xs":"0","acl":"","instFormId":1516941736056,"title_font_family":"Varela Round","title_font_style":{"weight":400},"global_text_color":"#fff","global_animation":"fadeInUp","button_status":"normal"}},{"id":1516941735938,"name":"text_block","visibility":true,"settings":{"admin_label":"","title":"","heading_selector":"h3","title_fontsize":"","title_lineheight":"","title_letterspace":"0","text":"Have a complete project overview when you want, where you want.","alignment":"sppb-text-center","text_fontsize":{"md":"18","sm":"","xs":"16"},"text_lineheight":{"md":"28","sm":"","xs":"26"},"dropcap":0,"class":"","global_background_type":"none","global_background_gradient":{"color":"#00c6fb","color2":"#005bea","deg":"45","type":"linear"},"global_use_overlay":0,"global_background_repeat":"no-repeat","global_background_size":"cover","global_background_attachment":"inherit","global_user_border":0,"global_border_width":"","global_border_radius":0,"global_margin":{"md":"0 0 33px 0","sm":"   ","xs":"0 0 15px 0"},"global_padding":{"md":"   ","sm":"   ","xs":"   "},"global_boxshadow":"0 0 0 0 #ffffff","global_use_animation":1,"global_animationduration":"800","global_animationdelay":"400","global_custom_css":"","use_global_width":"0","hidden_md":"0","hidden_sm":"0","hidden_xs":"0","acl":"","instFormId":1516941735938,"text_font_family":"Varela","global_text_color":"#fff","global_animation":"fadeInUp"}},{"id":1516957151854,"name":"button","visibility":true,"settings":{"admin_label":"","text":"Learn More","alignment":"sppb-text-center","letterspace":"0","type":"custom","appearance":"flat","background_color":"#00dd4b","color":"#FFFFFF","background_color_hover":"#415e6c","color_hover":"#FFFFFF","button_padding":{"md":"15px 35px 15px 35px","sm":"   ","xs":"10px 20px 10px 20px"},"icon_position":"left","class":"","global_background_type":"none","global_background_gradient":{"color":"#00c6fb","color2":"#005bea","deg":"45","type":"linear"},"global_use_overlay":0,"global_background_repeat":"no-repeat","global_background_size":"cover","global_background_attachment":"inherit","global_user_border":0,"global_border_width":"","global_border_radius":0,"global_margin":{"md":"   ","sm":"   ","xs":"   "},"global_padding":{"md":"   ","sm":"   ","xs":"   "},"global_boxshadow":"0 0 0 0 #ffffff","global_use_animation":1,"global_animationduration":"800","global_animationdelay":"500","global_custom_css":"","use_global_width":"0","hidden_md":"0","hidden_sm":"0","hidden_xs":"0","acl":"","instFormId":1516957151854,"font_family":"Lato","font_style":{"weight":400,"uppercase":true},"url":"#","shape":"round","button_status":"normal","global_animation":"fadeInUp","fontsize":{"md":"","sm":"","xs":"12"}}}]}]},{"id":1526888766280,"visibility":true,"collapse":false,"settings":{"admin_label":"","title":"","heading_selector":"h3","title_fontsize":"","title_fontweight":"","title_position":"sppb-text-center","columns_align_center":0,"fullscreen":0,"no_gutter":0,"padding":{"md":"100px 0px 70px 0px","sm":"   ","xs":"   "},"margin":{"md":"0px 0px 0px 0px","sm":"   ","xs":"   "},"background_type":"none","background_gradient":{"color":"#00c6fb","color2":"#005bea","deg":"45","type":"linear"},"background_image":"","background_parallax":"0","background_repeat":"no-repeat","background_size":"cover","background_attachment":"fixed","background_position":"0 0","external_background_video":"0","show_top_shape":0,"shape_name":"clouds-flat","shape_color":"#e5e5e5","shape_width":{"md":100,"sm":100,"xs":100},"shape_height":"","shape_flip":false,"shape_invert":false,"shape_to_front":false,"show_bottom_shape":0,"bottom_shape_name":"clouds-opacity","bottom_shape_color":"#e5e5e5","bottom_shape_width":{"md":100,"sm":100,"xs":100},"bottom_shape_height":"","bottom_shape_flip":false,"bottom_shape_invert":false,"bottom_shape_to_front":false,"hidden_xs":"","hidden_sm":"","hidden_md":"","animationduration":"300","animationdelay":"0","instFormId":1526888766280},"layout":"4,4,4,4,4,4","columns":[{"id":1526888766277,"class_name":"col-md-4","visibility":true,"settings":{"background_type":"none","background_gradient":{"color":"#00c6fb","color2":"#005bea","deg":"45","type":"linear"},"background_image":"","background_repeat":"no-repeat","background_size":"cover","background_attachment":"scroll","background_position":"0 0","items_align_center":0,"use_border":0,"border_width":"","border_radius":0,"boxshadow":"0 0 0 0 #fff","sm_col":"col-sm-6","xs_col":"","hidden_xs":0,"hidden_sm":0,"hidden_md":0,"animationduration":"300","animationdelay":"0","instFormId":1526888766277,"padding":{"md":"   ","sm":"   ","xs":"   "},"margin":{"md":"   ","sm":"   ","xs":"   "}},"addons":[{"id":1526888766289,"name":"feature","visibility":true,"settings":{"admin_label":"","title":"Local Search Strategy","heading_selector":"h4","title_position":"after","title_fontsize":{"md":"24","xs":"18"},"title_lineheight":{"md":"34","xs":"28"},"title_letterspace":"0","title_text_color":"#414141","title_url":"","url_appear":"title","feature_type":"image","feature_image":"https://sppagebuilder.com/sample-data/images/2018/seo-img/service-icon-1.png","icon_name":"fa-trophy","icon_size":{"md":36},"icon_color":"#0080FE","text":"Sublattice of electrons that point in one direction, than from the.","text_fontsize":{"md":"16","sm":"","xs":"14"},"text_lineheight":{"md":"26","sm":"","xs":"24"},"alignment":"sppb-text-center","class":"","global_background_type":"none","global_background_gradient":{"color":"#00c6fb","color2":"#005bea","deg":"45","type":"linear"},"global_use_overlay":0,"global_background_repeat":"no-repeat","global_background_size":"cover","global_background_attachment":"inherit","global_user_border":1,"global_border_width":{"md":"1","sm":"","xs":""},"global_border_radius":{"md":"4","sm":"","xs":""},"global_margin":{"md":"0px 0px 30px 0px","sm":"   ","xs":"10px 0px 10px 0px"},"global_padding":{"md":"35px 25px 35px 25px","sm":"   ","xs":"30px 30px 30px 30px"},"global_boxshadow":{"ho":"0","vo":"0","blur":"0","spread":0,"color":"","inset":false},"global_use_animation":1,"global_animationduration":"800","global_animationdelay":"","global_custom_css":"#addonId{\n\ttransition: .5s;\n}\n#addonId:hover{\n\tbox-shadow: 0px 20px 27px 0px rgba(152, 170, 198, 0.15);\n}","use_global_width":"0","hidden_md":"0","hidden_sm":"0","hidden_xs":"0","acl":"","instFormId":1526888766289,"icon_padding":{"md":"   ","sm":"   ","xs":"   "},"title_font_family":"Varela Round","title_font_style":{"weight":400},"text_font_family":"Varela Round","global_text_color":"#989898","title_margin_bottom":{"md":"8","sm":"","xs":""},"title_margin_top":{"md":"28","sm":"","xs":""},"global_link_color":"","global_border_color":"#f5f6fa","global_boder_style":"solid","feature_image_margin":{"md":"   ","sm":"   ","xs":"   "},"text_padding":{"md":"   ","sm":"   ","xs":"   "},"global_animation":"fadeInLeft"}}]},{"id":1526888766278,"class_name":"col-md-4","visibility":true,"settings":{"background_type":"none","background_gradient":{"color":"#00c6fb","color2":"#005bea","deg":"45","type":"linear"},"background_image":"","background_repeat":"no-repeat","background_size":"cover","background_attachment":"scroll","background_position":"0 0","items_align_center":0,"use_border":0,"border_width":"","border_radius":0,"boxshadow":"0 0 0 0 #fff","sm_col":"col-sm-6","xs_col":"","hidden_xs":0,"hidden_sm":0,"hidden_md":0,"animationduration":"300","animationdelay":"0","instFormId":1526888766278,"padding":{"md":"   ","sm":"   ","xs":"   "},"margin":{"md":"   ","sm":"   ","xs":"   "}},"addons":[{"id":1516941735815,"name":"feature","visibility":true,"settings":{"admin_label":"","title":"Social Media Marketing","heading_selector":"h4","title_position":"after","title_fontsize":{"md":"24","xs":"18"},"title_lineheight":{"md":"34","xs":"28"},"title_letterspace":"0","title_text_color":"#2b303c","title_url":"","url_appear":"title","feature_type":"image","feature_image":"https://sppagebuilder.com/sample-data/images/2018/seo-img/service-icon-2.png","icon_name":"fa-trophy","icon_size":{"md":36},"icon_color":"#0080FE","text":"Sublattice of electrons that point in one direction, than from the.","text_fontsize":{"md":"16","sm":"","xs":"14"},"text_lineheight":{"md":"26","sm":"","xs":"24"},"alignment":"sppb-text-center","class":"","global_background_type":"none","global_background_gradient":{"color":"#00c6fb","color2":"#005bea","deg":"45","type":"linear"},"global_use_overlay":0,"global_background_repeat":"no-repeat","global_background_size":"cover","global_background_attachment":"inherit","global_user_border":1,"global_border_width":{"md":"1","sm":"","xs":""},"global_border_radius":{"md":"4","sm":"","xs":""},"global_margin":{"md":"0px 0px 30px 0px","sm":"   ","xs":"10px 0px 10px 0px"},"global_padding":{"md":"35px 25px 35px 25px","sm":"   ","xs":"30px 30px 30px 30px"},"global_boxshadow":{"ho":"0","vo":"0","blur":"0","spread":0,"color":"","inset":false},"global_use_animation":1,"global_animationduration":"800","global_animationdelay":"200","global_custom_css":"#addonId{\n\ttransition: .5s;\n}\n#addonId:hover{\n\tbox-shadow: 0px 20px 27px 0px rgba(152, 170, 198, 0.15);\n}","use_global_width":"0","hidden_md":"0","hidden_sm":"0","hidden_xs":"0","acl":"","instFormId":1516941735815,"icon_padding":{"md":"   ","sm":"   ","xs":"   "},"title_font_family":"Varela Round","title_font_style":{"weight":400},"text_font_family":"Varela Round","global_text_color":"#989898","title_margin_bottom":{"md":"8","sm":"","xs":""},"title_margin_top":{"md":"28","sm":"","xs":""},"global_link_color":"","global_border_color":"#f5f6fa","global_boder_style":"solid","feature_image_margin":{"md":"   ","sm":"   ","xs":"   "},"text_padding":{"md":"   ","sm":"   ","xs":"   "},"global_animation":"fadeInLeft"}}]},{"id":1526888766279,"class_name":"col-md-4","visibility":true,"settings":{"background_type":"none","background_gradient":{"color":"#00c6fb","color2":"#005bea","deg":"45","type":"linear"},"background_image":"","background_repeat":"no-repeat","background_size":"cover","background_attachment":"scroll","background_position":"0 0","items_align_center":0,"use_border":0,"border_width":"","border_radius":0,"boxshadow":"0 0 0 0 #fff","sm_col":"col-sm-6","xs_col":"","hidden_xs":0,"hidden_sm":0,"hidden_md":0,"animationduration":"300","animationdelay":"0","instFormId":1526888766279,"padding":{"md":"   ","sm":"   ","xs":"   "},"margin":{"md":"   ","sm":"   ","xs":"   "}},"addons":[{"id":1526888766292,"name":"feature","visibility":true,"settings":{"admin_label":"","title":"Link Building & Content","heading_selector":"h4","title_position":"after","title_fontsize":{"md":"24","xs":"18"},"title_lineheight":{"md":"34","xs":"28"},"title_letterspace":"0","title_text_color":"#414141","title_url":"","url_appear":"title","feature_type":"image","feature_image":"https://sppagebuilder.com/sample-data/images/2018/seo-img/service-icon-3.png","icon_name":"fa-trophy","icon_size":{"md":36},"icon_color":"#0080FE","text":"Sublattice of electrons that point in one direction, than from the.","text_fontsize":{"md":"16","sm":"","xs":"14"},"text_lineheight":{"md":"26","sm":"","xs":"24"},"alignment":"sppb-text-center","class":"","global_background_type":"none","global_background_gradient":{"color":"#00c6fb","color2":"#005bea","deg":"45","type":"linear"},"global_use_overlay":0,"global_background_repeat":"no-repeat","global_background_size":"cover","global_background_attachment":"inherit","global_user_border":1,"global_border_width":{"md":"1","sm":"","xs":""},"global_border_radius":{"md":"4","sm":"","xs":""},"global_margin":{"md":"0px 0px 30px 0px","sm":"   ","xs":"10px 0px 10px 0px"},"global_padding":{"md":"35px 25px 35px 25px","sm":"   ","xs":"30px 30px 30px 30px"},"global_boxshadow":{"ho":"0","vo":"0","blur":"0","spread":0,"color":"","inset":false},"global_use_animation":1,"global_animationduration":"800","global_animationdelay":"400","global_custom_css":"#addonId{\n\ttransition: .5s;\n}\n#addonId:hover{\n\tbox-shadow: 0px 20px 27px 0px rgba(152, 170, 198, 0.15);\n}","use_global_width":"0","hidden_md":"0","hidden_sm":"0","hidden_xs":"0","acl":"","instFormId":1526888766292,"icon_padding":{"md":"   ","sm":"   ","xs":"   "},"title_font_family":"Varela Round","title_font_style":{"weight":400},"text_font_family":"Varela Round","global_text_color":"#989898","title_margin_bottom":{"md":"8","sm":"","xs":""},"title_margin_top":{"md":"28","sm":"","xs":""},"global_link_color":"","global_border_color":"#f5f6fa","global_boder_style":"solid","feature_image_margin":{"md":"   ","sm":"   ","xs":"   "},"text_padding":{"md":"   ","sm":"   ","xs":"   "},"global_animation":"fadeInLeft"}}]},{"id":1526888766428,"class_name":"col-md-4","visibility":true,"settings":{"background_type":"none","background_gradient":{"color":"#00c6fb","color2":"#005bea","deg":"45","type":"linear"},"background_image":"","background_repeat":"no-repeat","background_size":"cover","background_attachment":"scroll","background_position":"0 0","items_align_center":0,"use_border":0,"border_width":"","border_radius":0,"boxshadow":"0 0 0 0 #fff","sm_col":"col-sm-6","xs_col":"","hidden_xs":0,"hidden_sm":0,"hidden_md":0,"animationduration":"300","animationdelay":"0","instFormId":1526888766428,"padding":{"md":"   ","sm":"   ","xs":"   "},"margin":{"md":"   ","sm":"   ","xs":"   "}},"addons":[{"id":1526888766295,"name":"feature","visibility":true,"settings":{"admin_label":"","title":"Google Penalty Recovery","heading_selector":"h4","title_position":"after","title_fontsize":{"md":"24","xs":"18"},"title_lineheight":{"md":"34","xs":"28"},"title_letterspace":"0","title_text_color":"#414141","title_url":"","url_appear":"title","feature_type":"image","feature_image":"https://sppagebuilder.com/sample-data/images/2018/seo-img/service-icon-4.png","icon_name":"fa-trophy","icon_size":{"md":36},"icon_color":"#0080FE","text":"Sublattice of electrons that point in one direction, than from the.","text_fontsize":{"md":"16","sm":"","xs":"14"},"text_lineheight":{"md":"26","sm":"","xs":"24"},"alignment":"sppb-text-center","class":"","global_background_type":"none","global_background_gradient":{"color":"#00c6fb","color2":"#005bea","deg":"45","type":"linear"},"global_use_overlay":0,"global_background_repeat":"no-repeat","global_background_size":"cover","global_background_attachment":"inherit","global_user_border":1,"global_border_width":{"md":"1","sm":"","xs":""},"global_border_radius":{"md":"4","sm":"","xs":""},"global_margin":{"md":"0px 0px 30px 0px","sm":"   ","xs":"10px 0px 10px 0px"},"global_padding":{"md":"35px 25px 35px 25px","sm":"   ","xs":"30px 30px 30px 30px"},"global_boxshadow":{"ho":"0","vo":"0","blur":"0","spread":0,"color":"","inset":false},"global_use_animation":1,"global_animationduration":"800","global_animationdelay":"600","global_custom_css":"#addonId{\n\ttransition: .5s;\n}\n#addonId:hover{\n\tbox-shadow: 0px 20px 27px 0px rgba(152, 170, 198, 0.15);\n}","use_global_width":"0","hidden_md":"0","hidden_sm":"0","hidden_xs":"0","acl":"","instFormId":1526888766295,"icon_padding":{"md":"   ","sm":"   ","xs":"   "},"title_font_family":"Varela Round","title_font_style":{"weight":400},"text_font_family":"Varela Round","global_text_color":"#989898","title_margin_bottom":{"md":"8","sm":"","xs":""},"title_margin_top":{"md":"28","sm":"","xs":""},"global_link_color":"","global_border_color":"#f5f6fa","global_boder_style":"solid","feature_image_margin":{"md":"   ","sm":"   ","xs":"   "},"text_padding":{"md":"   ","sm":"   ","xs":"   "},"global_animation":"fadeInRight"}}]},{"id":1526888766429,"class_name":"col-md-4","visibility":true,"settings":{"background_type":"none","background_gradient":{"color":"#00c6fb","color2":"#005bea","deg":"45","type":"linear"},"background_image":"","background_repeat":"no-repeat","background_size":"cover","background_attachment":"scroll","background_position":"0 0","items_align_center":0,"use_border":0,"border_width":"","border_radius":0,"boxshadow":"0 0 0 0 #fff","sm_col":"col-sm-6","xs_col":"","hidden_xs":0,"hidden_sm":0,"hidden_md":0,"animationduration":"300","animationdelay":"0","instFormId":1526888766429,"padding":{"md":"   ","sm":"   ","xs":"   "},"margin":{"md":"   ","sm":"   ","xs":"   "}},"addons":[{"id":1526888766298,"name":"feature","visibility":true,"settings":{"admin_label":"","title":"Content Marketing","heading_selector":"h4","title_position":"after","title_fontsize":{"md":"24","xs":"18"},"title_lineheight":{"md":"34","xs":"28"},"title_letterspace":"0","title_text_color":"#414141","title_url":"","url_appear":"title","feature_type":"image","feature_image":"https://sppagebuilder.com/sample-data/images/2018/seo-img/service-icon-5.png","icon_name":"fa-trophy","icon_size":{"md":36},"icon_color":"#0080FE","text":"Sublattice of electrons that point in one direction, than from the.","text_fontsize":{"md":"16","sm":"","xs":"14"},"text_lineheight":{"md":"26","sm":"","xs":"24"},"alignment":"sppb-text-center","class":"","global_background_type":"none","global_background_gradient":{"color":"#00c6fb","color2":"#005bea","deg":"45","type":"linear"},"global_use_overlay":0,"global_background_repeat":"no-repeat","global_background_size":"cover","global_background_attachment":"inherit","global_user_border":1,"global_border_width":{"md":"1","sm":"","xs":""},"global_border_radius":{"md":"4","sm":"","xs":""},"global_margin":{"md":"0px 0px 30px 0px","sm":"   ","xs":"10px 0px 10px 0px"},"global_padding":{"md":"35px 25px 35px 25px","sm":"   ","xs":"30px 30px 30px 30px"},"global_boxshadow":{"ho":"0","vo":"0","blur":"0","spread":0,"color":"","inset":false},"global_use_animation":1,"global_animationduration":"800","global_animationdelay":"800","global_custom_css":"#addonId{\n\ttransition: .5s;\n}\n#addonId:hover{\n\tbox-shadow: 0px 20px 27px 0px rgba(152, 170, 198, 0.15);\n}","use_global_width":"0","hidden_md":"0","hidden_sm":"0","hidden_xs":"0","acl":"","instFormId":1526888766298,"icon_padding":{"md":"   ","sm":"   ","xs":"   "},"title_font_family":"Varela Round","title_font_style":{"weight":400},"text_font_family":"Varela Round","global_text_color":"#989898","title_margin_bottom":{"md":"8","sm":"","xs":""},"title_margin_top":{"md":"28","sm":"","xs":""},"global_link_color":"","global_border_color":"#f5f6fa","global_boder_style":"solid","feature_image_margin":{"md":"   ","sm":"   ","xs":"   "},"text_padding":{"md":"   ","sm":"   ","xs":"   "},"global_animation":"fadeInRight"}}]},{"id":1526888766430,"class_name":"col-md-4","visibility":true,"settings":{"background_type":"none","background_gradient":{"color":"#00c6fb","color2":"#005bea","deg":"45","type":"linear"},"background_image":"","background_repeat":"no-repeat","background_size":"cover","background_attachment":"scroll","background_position":"0 0","items_align_center":0,"use_border":0,"border_width":"","border_radius":0,"boxshadow":"0 0 0 0 #fff","sm_col":"col-sm-6","xs_col":"","hidden_xs":0,"hidden_sm":0,"hidden_md":0,"animationduration":"300","animationdelay":"0","instFormId":1526888766430,"padding":{"md":"   ","sm":"   ","xs":"   "},"margin":{"md":"   ","sm":"   ","xs":"   "}},"addons":[{"id":1526888766301,"name":"feature","visibility":true,"settings":{"admin_label":"","title":"Private Label Seo","heading_selector":"h4","title_position":"after","title_fontsize":{"md":"24","xs":"18"},"title_lineheight":{"md":"34","xs":"28"},"title_letterspace":"0","title_text_color":"#414141","title_url":"","url_appear":"title","feature_type":"image","feature_image":"https://sppagebuilder.com/sample-data/images/2018/seo-img/service-icon-6.png","icon_name":"fa-trophy","icon_size":{"md":36},"icon_color":"#0080FE","text":"Sublattice of electrons that point in one direction, than from the.","text_fontsize":{"md":"16","sm":"","xs":"14"},"text_lineheight":{"md":"26","sm":"","xs":"24"},"alignment":"sppb-text-center","class":"","global_background_type":"none","global_background_gradient":{"color":"#00c6fb","color2":"#005bea","deg":"45","type":"linear"},"global_use_overlay":0,"global_background_repeat":"no-repeat","global_background_size":"cover","global_background_attachment":"inherit","global_user_border":1,"global_border_width":{"md":"1","sm":"","xs":""},"global_border_radius":{"md":"4","sm":"","xs":""},"global_margin":{"md":"0px 0px 30px 0px","sm":"   ","xs":"10px 0px 10px 0px"},"global_padding":{"md":"35px 25px 35px 25px","sm":"   ","xs":"30px 30px 30px 30px"},"global_boxshadow":{"ho":"0","vo":"0","blur":"0","spread":0,"color":"","inset":false},"global_use_animation":1,"global_animationduration":"800","global_animationdelay":"1000","global_custom_css":"#addonId{\n\ttransition: .5s;\n}\n#addonId:hover{\n\tbox-shadow: 0px 20px 27px 0px rgba(152, 170, 198, 0.15);\n}","use_global_width":"0","hidden_md":"0","hidden_sm":"0","hidden_xs":"0","acl":"","instFormId":1526888766301,"icon_padding":{"md":"   ","sm":"   ","xs":"   "},"title_font_family":"Varela Round","title_font_style":{"weight":400},"text_font_family":"Varela Round","global_text_color":"#989898","title_margin_bottom":{"md":"8","sm":"","xs":""},"title_margin_top":{"md":"28","sm":"","xs":""},"global_link_color":"","global_border_color":"#f5f6fa","global_boder_style":"solid","feature_image_margin":{"md":"   ","sm":"   ","xs":"   "},"text_padding":{"md":"   ","sm":"   ","xs":"   "},"global_animation":"fadeInRight"}}]}]},{"id":1516941735897,"visibility":true,"collapse":false,"settings":{"admin_label":"","title":"","heading_selector":"h3","title_fontsize":"","title_fontweight":"","title_position":"sppb-text-center","columns_align_center":0,"fullscreen":0,"no_gutter":0,"padding":{"md":"120px 0px 120px 0px","sm":"   ","xs":"50px 0px 50px 0px"},"margin":{"md":"0px 0px 0px 0px","sm":"   ","xs":"   "},"background_type":"image","background_gradient":{"color":"#00c6fb","color2":"#005bea","deg":"45","type":"linear"},"background_image":"https://sppagebuilder.com/sample-data/images/2018/seo-img/score-bg.png","background_parallax":0,"background_repeat":"no-repeat","background_size":"cover","background_attachment":"inherit","background_position":"50% 50%","external_background_video":"0","show_top_shape":0,"shape_name":"clouds-flat","shape_color":"#e5e5e5","shape_width":{"md":100,"sm":100,"xs":100},"shape_height":"","shape_flip":false,"shape_invert":false,"shape_to_front":false,"show_bottom_shape":0,"bottom_shape_name":"clouds-opacity","bottom_shape_color":"#e5e5e5","bottom_shape_width":{"md":100,"sm":100,"xs":100},"bottom_shape_height":"","bottom_shape_flip":false,"bottom_shape_invert":false,"bottom_shape_to_front":false,"hidden_xs":"","hidden_sm":"","hidden_md":"","animationduration":"300","animationdelay":"0","instFormId":1516941735897,"background_color":"#00dd4b","class":"item-cover"},"layout":"12","columns":[{"id":1516941735896,"class_name":"col-md-12","visibility":true,"settings":{"background_type":"none","background_gradient":{"color":"#00c6fb","color2":"#005bea","deg":"45","type":"linear"},"background_image":"","background_repeat":"no-repeat","background_size":"cover","background_attachment":"scroll","background_position":"0 0","items_align_center":0,"use_border":0,"border_width":"","border_radius":0,"boxshadow":"0 0 0 0 #fff","sm_col":"","xs_col":"","hidden_xs":"","hidden_sm":"","hidden_md":"","animationduration":"300","animationdelay":"0"},"addons":[{"id":1526887665800,"name":"heading","visibility":true,"settings":{"admin_label":"","title":"Your SEO Score?","heading_selector":"h2","use_link":0,"title_link":"","link_new_tab":"","title_fontsize":{"md":"44","sm":"","xs":"30"},"title_lineheight":{"md":"52","sm":"","xs":"38"},"title_letterspace":"0","title_text_transform":"none","title_margin":{"md":"0px 0px 10px 0px","sm":"   ","xs":"   "},"title_padding":{"md":"0px 0px 0px 0px","sm":"   ","xs":"   "},"title_icon_position":"before","alignment":"sppb-text-center","title_text_shadow":"","class":"","global_background_type":"none","global_background_gradient":{"color":"#00c6fb","color2":"#005bea","deg":"45","type":"linear"},"global_use_overlay":0,"global_background_repeat":"no-repeat","global_background_size":"cover","global_background_attachment":"inherit","global_user_border":0,"global_border_width":"","global_border_radius":0,"global_margin":{"md":"0px 0px 0px 0px","sm":"   ","xs":"   "},"global_padding":{"md":"   ","sm":"   ","xs":"   "},"global_boxshadow":"0 0 0 0 #ffffff","global_use_animation":0,"global_animationduration":"300","global_animationdelay":"0","global_custom_css":"","use_global_width":"0","hidden_md":"0","hidden_sm":"0","hidden_xs":"0","acl":"","instFormId":1516941736056,"title_font_family":"Varela Round","title_font_style":{"weight":400},"global_text_color":"#fff"}},{"id":1526887665803,"name":"text_block","visibility":true,"settings":{"admin_label":"","title":"","heading_selector":"h3","title_fontsize":"","title_lineheight":"","title_letterspace":"0","text":"Check your website seo problem for free","alignment":"sppb-text-center","text_fontsize":{"md":"18","sm":"","xs":"16"},"text_lineheight":{"md":"28","sm":"","xs":"26"},"dropcap":0,"class":"","global_background_type":"none","global_background_gradient":{"color":"#00c6fb","color2":"#005bea","deg":"45","type":"linear"},"global_use_overlay":0,"global_background_repeat":"no-repeat","global_background_size":"cover","global_background_attachment":"inherit","global_user_border":0,"global_border_width":"","global_border_radius":0,"global_margin":{"md":"0 0 33px 0","sm":"   ","xs":"0 0 15px 0"},"global_padding":{"md":"   ","sm":"   ","xs":"   "},"global_boxshadow":"0 0 0 0 #ffffff","global_use_animation":0,"global_animationduration":"300","global_animationdelay":"0","global_custom_css":"","use_global_width":"0","hidden_md":"0","hidden_sm":"0","hidden_xs":"0","acl":"","instFormId":1526887665803,"text_font_family":"Varela","global_text_color":"#fff"}},{"id":1524122173535,"name":"raw_html","visibility":true,"settings":{"admin_label":"","title":"","heading_selector":"h3","title_fontsize":"","title_lineheight":"","title_letterspace":"0","html":"<div class=\"go-mod-seo-check-search mt-30 mb-30 clearfix\">\n                <form action=\"\">\n                  <input type=\"text\" placeholder=\"Your Domain Address\" name=\"\" value=\"\">\n                  <input type=\"text\" name=\"\" placeholder=\"Your Email ID\" value=\"\">\n                </form>\n            </div>","class":"","global_background_type":"none","global_background_gradient":{"color":"#00c6fb","color2":"#005bea","deg":"45","type":"linear"},"global_use_overlay":0,"global_background_repeat":"no-repeat","global_background_size":"cover","global_background_attachment":"inherit","global_user_border":0,"global_border_width":"","global_border_radius":0,"global_margin":{"md":"0 auto 30px auto","sm":"   ","xs":"0 0 20px 0"},"global_padding":{"md":"   ","sm":"   ","xs":"   "},"global_boxshadow":"0 0 0 0 #ffffff","global_use_animation":0,"global_animationduration":"300","global_animationdelay":"0","global_custom_css":".go-mod-seo-check-search input {\n  display: inline-block;\n  padding: 10px 10px 10px 20px;\n  min-height: 50px;\n  font-family: 'Varela Round', sans-serif;\n  float: left;\n  border: 0;\n}\n.go-mod-seo-check-search input:first-child {\n  width: 70%;\n  border: 0;\n  border-radius: 0;\n  border-top-left-radius: 30px;\n  border-bottom-left-radius: 30px;\n  border-right: 1px solid #e9e9e9;\n}\n.go-mod-seo-check-search input:last-child {\n  width: 30%;\n  border: 0;\n  border-radius: 0;\n  border-top-right-radius: 30px;\n  border-bottom-right-radius: 30px;\n}\n.go-mod-seo-check-search input::-webkit-input-placeholder {\n  color: #ccc;\n}","use_global_width":1,"hidden_md":0,"hidden_sm":0,"hidden_xs":0,"acl":"","instFormId":1524122173535,"global_width":{"md":"67","sm":"80","xs":"100"},"button_status":"normal"}},{"id":1516942125121,"name":"button","visibility":true,"settings":{"admin_label":"","text":"Check Seo","alignment":"sppb-text-center","letterspace":"0","type":"custom","appearance":"flat","background_color":"#415e6c","color":"#FFFFFF","background_color_hover":"#2f444e","color_hover":"#FFFFFF","button_padding":{"md":"13px 40px 13px 40px","sm":"   ","xs":"10px 20px 10px 20px"},"icon_position":"left","class":"","global_background_type":"none","global_background_gradient":{"color":"#00c6fb","color2":"#005bea","deg":"45","type":"linear"},"global_use_overlay":0,"global_background_repeat":"no-repeat","global_background_size":"cover","global_background_attachment":"inherit","global_user_border":0,"global_border_width":"","global_border_radius":0,"global_margin":{"md":"   ","sm":"   ","xs":"   "},"global_padding":{"md":"   ","sm":"   ","xs":"   "},"global_boxshadow":"0 0 0 0 #ffffff","global_use_animation":0,"global_animationduration":"300","global_animationdelay":"0","global_custom_css":"","use_global_width":"0","hidden_md":"0","hidden_sm":"0","hidden_xs":"0","acl":"","instFormId":1516942125121,"font_family":"Varela Round","font_style":{"weight":400,"uppercase":true},"url":"#","shape":"round","button_status":"normal","fontsize":{"md":"","sm":"","xs":"14"}}}]}]},{"id":1516941736053,"visibility":true,"collapse":false,"settings":{"admin_label":"","title":"","heading_selector":"h3","title_fontsize":"","title_fontweight":"","title_position":"sppb-text-center","columns_align_center":0,"fullscreen":0,"no_gutter":0,"padding":{"md":"80px 0px 80px 0px","sm":"   ","xs":"40px 0px 40px 0px"},"margin":{"md":"0px 0px 0px 0px","sm":"   ","xs":"   "},"background_type":"none","background_gradient":{"color":"#00c6fb","color2":"#005bea","deg":"45","type":"linear"},"background_image":"","background_parallax":"0","background_repeat":"no-repeat","background_size":"cover","background_attachment":"fixed","background_position":"0 0","external_background_video":"0","show_top_shape":0,"shape_name":"clouds-flat","shape_color":"#e5e5e5","shape_width":{"md":100,"sm":100,"xs":100},"shape_height":"","shape_flip":false,"shape_invert":false,"shape_to_front":false,"show_bottom_shape":0,"bottom_shape_name":"clouds-opacity","bottom_shape_color":"#e5e5e5","bottom_shape_width":{"md":100,"sm":100,"xs":100},"bottom_shape_height":"","bottom_shape_flip":false,"bottom_shape_invert":false,"bottom_shape_to_front":false,"hidden_xs":"","hidden_sm":"","hidden_md":"","animationduration":"300","animationdelay":"0","instFormId":1516941736053},"layout":"6,6","columns":[{"id":1516941736050,"class_name":"col-md-6","visibility":true,"settings":{"background_type":"none","background_gradient":{"color":"#00c6fb","color2":"#005bea","deg":"45","type":"linear"},"background_image":"","background_repeat":"no-repeat","background_size":"cover","background_attachment":"scroll","background_position":"0 0","items_align_center":0,"use_border":0,"border_width":"","border_radius":0,"boxshadow":"0 0 0 0 #fff","sm_col":"","xs_col":"","hidden_xs":"","hidden_sm":"","hidden_md":"","animationduration":"300","animationdelay":"0"},"addons":[{"id":1516944305143,"name":"heading","visibility":true,"settings":{"admin_label":"","title":"Your <span style=\"color: #00dd4b;\">Campaign</span> always at your fingertips","heading_selector":"h2","use_link":0,"title_link":"","link_new_tab":"","title_fontsize":{"md":"44","sm":"","xs":"30"},"title_lineheight":{"md":"52","sm":"","xs":"38"},"title_letterspace":"0","title_text_transform":"none","title_margin":{"md":"80px 0px 28px 0px","sm":"   ","xs":"0px 0px 30px 0px"},"title_padding":{"md":"0px 0px 0px 0px","sm":"   ","xs":"   "},"title_icon_position":"before","alignment":"sppb-text-left","title_text_shadow":"","class":"","global_background_type":"none","global_background_gradient":{"color":"#00c6fb","color2":"#005bea","deg":"45","type":"linear"},"global_use_overlay":0,"global_background_repeat":"no-repeat","global_background_size":"cover","global_background_attachment":"inherit","global_user_border":0,"global_border_width":"","global_border_radius":0,"global_margin":{"md":"0px 0px 0px 0px","sm":"   ","xs":"   "},"global_padding":{"md":"   ","sm":"   ","xs":"   "},"global_boxshadow":"0 0 0 0 #ffffff","global_use_animation":0,"global_animationduration":"300","global_animationdelay":"0","global_custom_css":"","use_global_width":"0","hidden_md":"0","hidden_sm":"0","hidden_xs":"0","acl":"","instFormId":1516944305143,"title_font_family":"Varela Round","title_font_style":{"weight":400},"global_text_color":"#414141"}},{"id":1516941736119,"name":"text_block","visibility":true,"settings":{"admin_label":"","title":"","heading_selector":"h3","title_fontsize":"","title_lineheight":"","title_letterspace":"0","text":"Lorem ipsum dolor sit amet, consectetur adipisicing elit, sed do eiusmod tempor incididunt ut labore et dolore magna aliqua. Ut enim ad minim veniam, quis nostrud exercitation ullamco laboris nisi ut aliquip ex ea commodo consequat. Duis aute irure dolor.&nbsp;<br /><br />Lorem ipsum dolor sit amet, consectetur adipisicing elit. Consequuntur, Lorem ipsum dolor sit amet, consectetur adipisicing elit.?","alignment":"sppb-text-left","text_fontsize":{"md":"16","sm":"","xs":"14"},"text_lineheight":{"md":"26","sm":"","xs":"24"},"dropcap":0,"class":"","global_background_type":"none","global_background_gradient":{"color":"#00c6fb","color2":"#005bea","deg":"45","type":"linear"},"global_use_overlay":0,"global_background_repeat":"no-repeat","global_background_size":"cover","global_background_attachment":"inherit","global_user_border":0,"global_border_width":"","global_border_radius":0,"global_margin":{"md":"0 0 30px 0","sm":"   ","xs":"0 0 15px 0"},"global_padding":{"md":"   ","sm":"   ","xs":"   "},"global_boxshadow":"0 0 0 0 #ffffff","global_use_animation":0,"global_animationduration":"300","global_animationdelay":"0","global_custom_css":"","use_global_width":"0","hidden_md":"0","hidden_sm":"0","hidden_xs":"0","acl":"","instFormId":1516941736119,"text_font_family":"Varela","global_text_color":"#989898"}}]},{"id":1516941736051,"class_name":"col-md-6","visibility":true,"settings":{"background_type":"none","background_gradient":{"color":"#00c6fb","color2":"#005bea","deg":"45","type":"linear"},"background_image":"","background_repeat":"no-repeat","background_size":"cover","background_attachment":"scroll","background_position":"0 0","items_align_center":0,"use_border":0,"border_width":"","border_radius":0,"boxshadow":"0 0 0 0 #fff","sm_col":"","xs_col":"","hidden_xs":"","hidden_sm":"","hidden_md":"","animationduration":"300","animationdelay":"0"},"addons":[{"id":1516946085275,"name":"image","visibility":true,"settings":{"admin_label":"","title":"","heading_selector":"h3","title_fontsize":"","title_lineheight":"","title_letterspace":"0","title_position":"top","image":"https://sppagebuilder.com/sample-data/images/2018/seo-img/service-right.png","border_radius":0,"alt_text":"Image","position":"sppb-text-center","open_lightbox":0,"overlay_color":"rgba(119, 219, 31, .5)","link":"","class":"","global_background_type":"none","global_background_gradient":{"color":"#00c6fb","color2":"#005bea","deg":"45","type":"linear"},"global_use_overlay":0,"global_background_repeat":"no-repeat","global_background_size":"cover","global_background_attachment":"inherit","global_user_border":0,"global_border_width":"","global_border_radius":0,"global_margin":{"md":"0px 0px 0px 70px","sm":"0px 0px 0px 0px","xs":"0px 0px 0px 0px"},"global_padding":{"md":"   ","sm":"   ","xs":"   "},"global_boxshadow":"0 0 0 0 #ffffff","global_use_animation":0,"global_animationduration":"300","global_animationdelay":"0","global_custom_css":"","use_global_width":"0","hidden_md":"0","hidden_sm":"0","hidden_xs":"0","acl":"","instFormId":1516946085275}}]}]},{"id":1516946870097,"visibility":true,"collapse":false,"settings":{"admin_label":"","title":"","heading_selector":"h3","title_fontsize":"","title_fontweight":"","title_position":"sppb-text-center","columns_align_center":0,"fullscreen":0,"no_gutter":0,"padding":{"md":"80px 0px 120px 0px","sm":"80px 0px 30px 0px","xs":"40px 0px 40px 0px"},"margin":{"md":"0px 0px 0px 0px","sm":"   ","xs":"   "},"background_type":"image","background_gradient":{"color":"#00c6fb","color2":"#005bea","deg":"45","type":"linear"},"background_image":"https://sppagebuilder.com/sample-data/images/2018/seo-img/question-bg-2.jpg","background_parallax":0,"background_repeat":"no-repeat","background_size":"cover","background_attachment":"inherit","background_position":"50% 50%","external_background_video":"0","show_top_shape":0,"shape_name":"clouds-flat","shape_color":"#e5e5e5","shape_width":{"md":100,"sm":100,"xs":100},"shape_height":"","shape_flip":false,"shape_invert":false,"shape_to_front":false,"show_bottom_shape":0,"bottom_shape_name":"clouds-opacity","bottom_shape_color":"#e5e5e5","bottom_shape_width":{"md":100,"sm":100,"xs":100},"bottom_shape_height":"","bottom_shape_flip":false,"bottom_shape_invert":false,"bottom_shape_to_front":false,"hidden_xs":"","hidden_sm":"","hidden_md":"","animationduration":"300","animationdelay":"0","instFormId":1516946870097},"layout":"6,6","columns":[{"id":1516946870095,"class_name":"col-md-6","visibility":true,"settings":{"background_type":"color","background_gradient":{"color":"#00c6fb","color2":"#005bea","deg":"45","type":"linear"},"background_image":"","background_repeat":"no-repeat","background_size":"cover","background_attachment":"scroll","background_position":"0 0","items_align_center":0,"use_border":0,"border_width":{"md":"","sm":"","xs":""},"border_radius":0,"boxshadow":{"ho":0,"vo":"20","blur":"27","spread":0,"color":"rgba(152, 170, 198, 0.15)","inset":false},"sm_col":"","xs_col":"","hidden_xs":"","hidden_sm":"","hidden_md":"","animationduration":"300","animationdelay":"0","instFormId":1516946870095,"padding":{"md":"55px 50px 55px 50px","sm":"   ","xs":"15px 15px 15px 15px"},"margin":{"md":"   ","sm":"0px 0px 30px 0px","xs":"0px 0px 30px 0px"},"background":"#fff","boder_style":"","border_color":""},"addons":[{"id":1516948251049,"name":"image","visibility":true,"settings":{"admin_label":"","title":"","heading_selector":"h3","title_fontsize":"","title_lineheight":"","title_letterspace":"0","title_position":"top","image":"https://sppagebuilder.com/sample-data/images/2018/seo-img/question-left.png","border_radius":0,"alt_text":"Image","position":"sppb-text-left","open_lightbox":0,"overlay_color":"rgba(119, 219, 31, .5)","link":"","class":"","global_background_type":"none","global_background_gradient":{"color":"#00c6fb","color2":"#005bea","deg":"45","type":"linear"},"global_use_overlay":0,"global_background_repeat":"no-repeat","global_background_size":"cover","global_background_attachment":"inherit","global_user_border":0,"global_border_width":"","global_border_radius":0,"global_margin":{"md":"0 0 20px 0","sm":"   ","xs":"   "},"global_padding":{"md":"   ","sm":"   ","xs":"   "},"global_boxshadow":"0 0 0 0 #ffffff","global_use_animation":0,"global_animationduration":"300","global_animationdelay":"0","global_custom_css":"","use_global_width":"0","hidden_md":"0","hidden_sm":"0","hidden_xs":"0","acl":"","instFormId":1516948251049}},{"id":1516946870027,"name":"heading","visibility":true,"settings":{"admin_label":"","title":"Brands to<span style=\"color: #0096ff;\"> stand out in a competitive</span> digital landscape.","heading_selector":"h3","use_link":0,"title_link":"","link_new_tab":"","title_fontsize":{"md":"30","sm":"","xs":"22"},"title_lineheight":{"md":"40","sm":"","xs":"33"},"title_letterspace":"0","title_margin":{"md":"0px 0px 30px 0px","sm":"   ","xs":"   "},"title_padding":{"md":"0px 10px 0px 0px","sm":"   ","xs":"   "},"title_icon_position":"before","alignment":"sppb-text-left","class":"","instFormId":1516946870027,"title_font_family":"Varela Round","title_font_style":{"weight":""},"global_use_background":0,"global_user_border":0,"global_margin":{"md":"   ","sm":"   ","xs":"   "},"global_padding":{"md":"   ","sm":"   ","xs":"   "},"global_use_animation":0,"global_text_color":"#414141","global_boxshadow":"0 0 0 0 ","use_global_width":0,"hidden_md":0,"hidden_sm":0,"hidden_xs":0}},{"id":1516946870029,"name":"accordion","visibility":true,"settings":{"admin_label":"","title":"","heading_selector":"h3","title_fontsize":"","title_lineheight":"","title_letterspace":"0","style":"panel-faq","openitem":"","class":"","sp_accordion_item":[{"title":"At vero eos et accusamus et iusto odio","icon":"","content":[{"id":1513676942330,"name":"text_block","settings":{"text":"Lorem ipsum dolor sit amet, consectetur adipisicing elit, sed do eiusmod tempor incididunt ut labore et dolore magna aliqua. Ut enim ad minim veniam,.","dropcap":0,"global_use_background":0,"global_user_border":0,"global_margin":{"md":"   ","sm":"   ","xs":"   "},"global_padding":{"md":"   ","sm":"   ","xs":"   "},"global_use_animation":0,"global_text_color":"#989898","text_font_family":"Lato","text_fontsize":{"md":"14","sm":"","xs":""},"text_lineheight":{"md":"24","sm":"","xs":""}}}]},{"title":"Rraesentium voluptatum deleniti atque","icon":"","content":[{"id":1513681709817,"name":"text_block","settings":{"text":"Lorem ipsum dolor sit amet, consectetur adipisicing elit, sed do eiusmod tempor incididunt ut labore et dolore magna aliqua. Ut enim ad minim veniam,.","dropcap":0,"global_use_background":0,"global_user_border":0,"global_margin":{"md":"   ","sm":"   ","xs":"   "},"global_padding":{"md":"   ","sm":"   ","xs":"   "},"global_use_animation":0,"global_text_color":"#989898","text_font_family":"Lato","text_fontsize":{"md":"14","sm":"","xs":""},"text_lineheight":{"md":"24","sm":"","xs":""}}}]},{"title":"quos dolores et quas molestias","icon":"","content":[{"id":1513681718341,"name":"text_block","settings":{"text":"Lorem ipsum dolor sit amet, consectetur adipisicing elit, sed do eiusmod tempor incididunt ut labore et dolore magna aliqua. Ut enim ad minim veniam,.","dropcap":0,"global_use_background":0,"global_user_border":0,"global_margin":{"md":"   ","sm":"   ","xs":"   "},"global_padding":{"md":"   ","sm":"   ","xs":"   "},"global_use_animation":0,"global_text_color":"#989898","text_font_family":"Lato","text_fontsize":{"md":"14","sm":"","xs":""},"text_lineheight":{"md":"24","sm":"","xs":""}}}]},{"title":"Nam libero tempore, soluta nobis est youer best","content":[{"id":1513681727559,"name":"text_block","settings":{"text":"Lorem ipsum dolor sit amet, consectetur adipisicing elit, sed do eiusmod tempor incididunt ut labore et dolore magna aliqua. Ut enim ad minim veniam,.","dropcap":0,"global_use_background":0,"global_user_border":0,"global_margin":{"md":"   ","sm":"   ","xs":"   "},"global_padding":{"md":"   ","sm":"   ","xs":"   "},"global_use_animation":0,"global_text_color":"#989898","text_font_family":"Lato","text_fontsize":{"md":"14","sm":"","xs":""},"text_lineheight":{"md":"24","sm":"","xs":""}}}],"icon":""}],"instFormId":1516946870029,"global_use_background":0,"global_user_border":0,"global_margin":{"md":"   ","sm":"   ","xs":"   "},"global_padding":{"md":"   ","sm":"   ","xs":"   "},"global_use_animation":0,"global_text_color":"#989898","global_custom_css":".sppb-panel-title{\n\tfont-size: 16px;\n  font-weight: 600;\n  color: #414141;\n}"}}]},{"id":1516946870096,"class_name":"col-md-6","visibility":true,"settings":{"background_type":"color","background_gradient":{"color":"#00c6fb","color2":"#005bea","deg":"45","type":"linear"},"background_image":"","background_repeat":"no-repeat","background_size":"cover","background_attachment":"scroll","background_position":"0 0","items_align_center":0,"use_border":0,"border_width":{"md":"","sm":"","xs":""},"border_radius":0,"boxshadow":{"ho":0,"vo":"20","blur":"27","spread":0,"color":"rgba(152, 170, 198, 0.15)","inset":false},"sm_col":"","xs_col":"","hidden_xs":"","hidden_sm":"","hidden_md":"","animationduration":"300","animationdelay":"0","instFormId":1516946870096,"padding":{"md":"   ","sm":"   ","xs":"   "},"margin":{"md":"   ","sm":"   ","xs":"   "},"background":"","border_color":"","boder_style":""},"addons":[{"id":1516948883239,"name":"feature","visibility":true,"settings":{"admin_label":"","title":"Penalty Recovery","heading_selector":"h4","title_position":"left","title_fontsize":{"md":"24","xs":"18"},"title_lineheight":{"md":"34","xs":"28"},"title_letterspace":"0","title_text_color":"#414141","title_url":"","url_appear":"title","feature_type":"image","feature_image":"https://sppagebuilder.com/sample-data/images/2018/seo-img/question-1.png","icon_name":"fa-trophy","icon_size":{"md":36},"icon_color":"#0080FE","text":"Lorem ipsum dolor sit amet, consectetur adipisicing elit.","text_fontsize":{"md":"18","sm":"","xs":"14"},"text_lineheight":{"md":"28","sm":"","xs":"24"},"alignment":"sppb-text-left","class":"","global_background_type":"color","global_background_gradient":{"color":"#00c6fb","color2":"#005bea","deg":"45","type":"linear"},"global_use_overlay":0,"global_background_repeat":"no-repeat","global_background_size":"cover","global_background_attachment":"inherit","global_user_border":1,"global_border_width":{"md":"1","sm":"","xs":""},"global_border_radius":0,"global_margin":{"md":"0 0 0 0","sm":"   ","xs":"   "},"global_padding":{"md":"65px 40px 65px 50px","sm":"   ","xs":"30px 30px 30px 30px"},"global_boxshadow":"0 0 0 0 #ffffff","global_use_animation":0,"global_animationduration":"300","global_animationdelay":"0","global_custom_css":"#addonId{\nborder-bottom-color: #f5f7f9;\n}","use_global_width":"0","hidden_md":"0","hidden_sm":"0","hidden_xs":"0","acl":"","instFormId":1516948883239,"icon_padding":{"md":"   ","sm":"   ","xs":"   "},"title_font_family":"Varela Round","title_font_style":{"weight":""},"text_font_family":"Varela Round","global_text_color":"#989898","global_link_color":"","global_boder_style":"solid","global_border_color":"rgba(245, 247, 249, 0)","feature_image_margin":{"md":"   ","sm":"   ","xs":"   "},"text_padding":{"md":"   ","sm":"   ","xs":"   "},"global_background_color":"#fff"}},{"id":1516946870327,"name":"feature","visibility":true,"settings":{"admin_label":"","title":"Web Development 80%","heading_selector":"h4","title_position":"left","title_fontsize":{"md":"24","xs":"18"},"title_lineheight":{"md":"34","xs":"28"},"title_letterspace":"0","title_text_color":"#414141","title_url":"","url_appear":"title","feature_type":"image","feature_image":"https://sppagebuilder.com/sample-data/images/2018/seo-img/question-2.png","icon_name":"fa-trophy","icon_size":{"md":36},"icon_color":"#0080FE","text":"Lorem ipsum dolor sit amet, consectetur adipisicing elit.","text_fontsize":{"md":"18","sm":"","xs":"14"},"text_lineheight":{"md":"28","sm":"","xs":"24"},"alignment":"sppb-text-left","class":"","global_background_type":"color","global_background_gradient":{"color":"#00c6fb","color2":"#005bea","deg":"45","type":"linear"},"global_use_overlay":0,"global_background_repeat":"no-repeat","global_background_size":"cover","global_background_attachment":"inherit","global_user_border":0,"global_border_width":{"md":"1","sm":"","xs":""},"global_border_radius":0,"global_margin":{"md":"0 0 0 0","sm":"   ","xs":"   "},"global_padding":{"md":"65px 40px 65px 50px","sm":"   ","xs":"30px 30px 30px 30px"},"global_boxshadow":"0 0 0 0 #ffffff","global_use_animation":0,"global_animationduration":"300","global_animationdelay":"0","global_custom_css":"#addonId{\nborder-bottom-color: #f5f7f9;\n}","use_global_width":"0","hidden_md":"0","hidden_sm":"0","hidden_xs":"0","acl":"","instFormId":1516946870327,"icon_padding":{"md":"   ","sm":"   ","xs":"   "},"title_font_family":"Varela Round","title_font_style":{"weight":""},"text_font_family":"Varela Round","global_text_color":"#989898","global_link_color":"","global_boder_style":"","global_border_color":"","feature_image_margin":{"md":"   ","sm":"   ","xs":"   "},"text_padding":{"md":"   ","sm":"   ","xs":"   "},"global_background_color":"#f5f7f9"}},{"id":1516946870324,"name":"feature","visibility":true,"settings":{"admin_label":"","title":"Private Label SEO","heading_selector":"h4","title_position":"left","title_fontsize":{"md":"24","xs":"18"},"title_lineheight":{"md":"34","xs":"28"},"title_letterspace":"0","title_text_color":"#414141","title_url":"","url_appear":"title","feature_type":"image","feature_image":"https://sppagebuilder.com/sample-data/images/2018/seo-img/question-3.png","icon_name":"fa-trophy","icon_size":{"md":36},"icon_color":"#0080FE","text":"Lorem ipsum dolor sit amet, consectetur adipisicing elit.","text_fontsize":{"md":"18","sm":"","xs":"14"},"text_lineheight":{"md":"28","sm":"","xs":"24"},"alignment":"sppb-text-left","class":"","global_background_type":"color","global_background_gradient":{"color":"#00c6fb","color2":"#005bea","deg":"45","type":"linear"},"global_use_overlay":0,"global_background_repeat":"no-repeat","global_background_size":"cover","global_background_attachment":"inherit","global_user_border":0,"global_border_width":{"md":"","sm":"","xs":""},"global_border_radius":0,"global_margin":{"md":"0 0 0 0","sm":"   ","xs":"   "},"global_padding":{"md":"65px 40px 65px 50px","sm":"   ","xs":"30px 30px 30px 30px"},"global_boxshadow":"0 0 0 0 #ffffff","global_use_animation":0,"global_animationduration":"300","global_animationdelay":"0","global_custom_css":"","use_global_width":"0","hidden_md":"0","hidden_sm":"0","hidden_xs":"0","acl":"","instFormId":1516946870324,"icon_padding":{"md":"   ","sm":"   ","xs":"   "},"title_font_family":"Varela Round","title_font_style":{"weight":""},"text_font_family":"Varela Round","global_text_color":"#989898","global_link_color":"","global_boder_style":"","global_border_color":"","feature_image_margin":{"md":"   ","sm":"   ","xs":"   "},"text_padding":{"md":"   ","sm":"   ","xs":"   "},"global_background_color":"#fff"}}]}]},{"id":1516946870962,"visibility":true,"collapse":false,"settings":{"admin_label":"","title":"","heading_selector":"h3","title_fontsize":"","title_fontweight":"","title_position":"sppb-text-center","columns_align_center":0,"fullscreen":0,"no_gutter":0,"padding":{"md":"45px 0px 45px 0px","sm":"   ","xs":"20px 0px 20px 0px"},"margin":{"md":"0px 0px 0px 0px","sm":"   ","xs":"   "},"background_type":"none","background_gradient":{"color":"#00c6fb","color2":"#005bea","deg":"45","type":"linear"},"background_image":"","background_parallax":"0","background_repeat":"no-repeat","background_size":"cover","background_attachment":"fixed","background_position":"0 0","external_background_video":"0","show_top_shape":0,"shape_name":"clouds-flat","shape_color":"#e5e5e5","shape_width":{"md":100,"sm":100,"xs":100},"shape_height":"","shape_flip":false,"shape_invert":false,"shape_to_front":false,"show_bottom_shape":0,"bottom_shape_name":"clouds-opacity","bottom_shape_color":"#e5e5e5","bottom_shape_width":{"md":100,"sm":100,"xs":100},"bottom_shape_height":"","bottom_shape_flip":false,"bottom_shape_invert":false,"bottom_shape_to_front":false,"hidden_xs":"","hidden_sm":"","hidden_md":"","animationduration":"300","animationdelay":"0","instFormId":1516946870962,"color":"#414141"},"layout":"12","columns":[{"id":1516946870959,"class_name":"col-md-12","visibility":true,"settings":{"background_type":"none","background_gradient":{"color":"#00c6fb","color2":"#005bea","deg":"45","type":"linear"},"background_image":"","background_repeat":"no-repeat","background_size":"cover","background_attachment":"scroll","background_position":"0 0","items_align_center":0,"use_border":0,"border_width":"","border_radius":0,"boxshadow":"0 0 0 0 #fff","sm_col":"","xs_col":"","hidden_xs":"","hidden_sm":"","hidden_md":"","animationduration":"300","animationdelay":"0","instFormId":1516946870960},"addons":[{"id":1516952616812,"name":"image","visibility":true,"settings":{"admin_label":"","title":"","heading_selector":"h3","title_fontsize":"","title_lineheight":"","title_letterspace":"0","title_position":"top","image":"https://sppagebuilder.com/sample-data/images/2018/seo-img/testominial-icon.png","border_radius":0,"alt_text":"Image","position":"sppb-text-center","open_lightbox":0,"overlay_color":"rgba(119, 219, 31, .5)","link":"","class":"","global_background_type":"none","global_background_gradient":{"color":"#00c6fb","color2":"#005bea","deg":"45","type":"linear"},"global_use_overlay":0,"global_background_repeat":"no-repeat","global_background_size":"cover","global_background_attachment":"inherit","global_user_border":0,"global_border_width":"","global_border_radius":0,"global_margin":{"md":"0 0 55px 0","sm":"   ","xs":"30px 30px 30px 30px"},"global_padding":{"md":"   ","sm":"   ","xs":"   "},"global_boxshadow":"0 0 0 0 #ffffff","global_use_animation":0,"global_animationduration":"300","global_animationdelay":"0","global_custom_css":"","use_global_width":"0","hidden_md":"0","hidden_sm":"0","hidden_xs":"0","acl":"","instFormId":1516952616812}},{"id":1516952664605,"name":"text_block","visibility":true,"settings":{"admin_label":"","title":"","heading_selector":"h3","title_fontsize":"","title_lineheight":"","title_letterspace":"0","text":"<em>Claritas est etiam processus dynamicus, qui sequitur mutationem consuetudium lectorum.</em>","alignment":"sppb-text-center","text_fontsize":{"md":"30","sm":"","xs":"22"},"text_lineheight":{"md":"38","sm":"","xs":"30"},"dropcap":0,"class":"","global_background_type":"none","global_background_gradient":{"color":"#00c6fb","color2":"#005bea","deg":"45","type":"linear"},"global_use_overlay":0,"global_background_repeat":"no-repeat","global_background_size":"cover","global_background_attachment":"inherit","global_user_border":0,"global_border_width":"","global_border_radius":0,"global_margin":{"md":"0 auto 12px auto","sm":"   ","xs":"   "},"global_padding":{"md":"   ","sm":"   ","xs":"   "},"global_boxshadow":"0 0 0 0 #ffffff","global_use_animation":0,"global_animationduration":"300","global_animationdelay":"0","global_custom_css":"","use_global_width":1,"hidden_md":0,"hidden_sm":0,"hidden_xs":0,"acl":"","instFormId":1516952664605,"text_font_family":"Varela Round","global_width":{"md":"80","sm":"100","xs":"100"}}},{"id":1516952732241,"name":"heading","visibility":true,"settings":{"admin_label":"","title":"<a href=\"#\">HandCraft</a>","heading_selector":"h5","use_link":0,"title_link":"","link_new_tab":"","title_fontsize":{"md":"20","sm":"","xs":"16"},"title_lineheight":{"md":"30","sm":"","xs":"26"},"title_letterspace":"0","title_text_transform":"none","title_margin":{"md":"0px 0px 30px 0px","sm":"   ","xs":"0px 0px 15px 0px"},"title_padding":{"md":"0px 0px 0px 0px","sm":"   ","xs":"   "},"title_icon_position":"before","alignment":"sppb-text-center","title_text_shadow":"","class":"","global_background_type":"none","global_background_gradient":{"color":"#00c6fb","color2":"#005bea","deg":"45","type":"linear"},"global_use_overlay":0,"global_background_repeat":"no-repeat","global_background_size":"cover","global_background_attachment":"inherit","global_user_border":0,"global_border_width":"","global_border_radius":0,"global_margin":{"md":"0px 0px 0px 0px","sm":"   ","xs":"   "},"global_padding":{"md":"   ","sm":"   ","xs":"   "},"global_boxshadow":"0 0 0 0 #ffffff","global_use_animation":0,"global_animationduration":"300","global_animationdelay":"0","global_custom_css":"","use_global_width":"0","hidden_md":"0","hidden_sm":"0","hidden_xs":"0","acl":"","instFormId":1516952732241,"title_font_family":"Varela Round","title_font_style":{"weight":400},"global_link_color":"#00dd4b"}}]}]},{"id":1516946871187,"visibility":true,"collapse":false,"settings":{"admin_label":"","title":"","heading_selector":"h3","title_fontsize":"","title_fontweight":"","title_position":"sppb-text-center","columns_align_center":0,"fullscreen":0,"no_gutter":0,"padding":{"md":"50px 0px 50px 0px","sm":"   ","xs":"15px 0px 15px 0px"},"margin":{"md":"0px 0px 0px 0px","sm":"   ","xs":"   "},"background_type":"color","background_gradient":{"color":"#00c6fb","color2":"#005bea","deg":"45","type":"linear"},"background_image":"","background_parallax":"0","background_repeat":"no-repeat","background_size":"cover","background_attachment":"fixed","background_position":"0 0","external_background_video":"0","show_top_shape":0,"shape_name":"clouds-flat","shape_color":"#e5e5e5","shape_width":{"md":100,"sm":100,"xs":100},"shape_height":"","shape_flip":false,"shape_invert":false,"shape_to_front":false,"show_bottom_shape":0,"bottom_shape_name":"clouds-opacity","bottom_shape_color":"#e5e5e5","bottom_shape_width":{"md":100,"sm":100,"xs":100},"bottom_shape_height":"","bottom_shape_flip":false,"bottom_shape_invert":false,"bottom_shape_to_front":false,"hidden_xs":"","hidden_sm":"","hidden_md":"","animationduration":"300","animationdelay":"0","instFormId":1516946871187,"background_color":"#f1f6ff"},"layout":"12","columns":[{"id":1516946871183,"class_name":"col-md-12","visibility":true,"settings":{"background_type":"none","background_gradient":{"color":"#00c6fb","color2":"#005bea","deg":"45","type":"linear"},"background_image":"","background_repeat":"no-repeat","background_size":"cover","background_attachment":"scroll","background_position":"0 0","items_align_center":0,"use_border":0,"border_width":"","border_radius":0,"boxshadow":"0 0 0 0 #fff","sm_col":"","xs_col":"","hidden_xs":0,"hidden_sm":0,"hidden_md":0,"animationduration":"300","animationdelay":"0","instFormId":1516946871183,"padding":{"md":"   ","sm":"   ","xs":"   "},"margin":{"md":"   ","sm":"   ","xs":"   "}},"addons":[{"id":1524130661123,"name":"clients","visibility":true,"settings":{"admin_label":"","title":"","heading_selector":"h3","title_fontsize":"","title_lineheight":"","title_letterspace":"0","count":"sppb-col-sm-3","alignment":"sppb-text-center","class":"","sp_clients_item":[{"title":"Client 1","image":"https://sppagebuilder.com/sample-data/images/2018/seo-img/cl-1.png","url":"#"},{"title":"Client 2","image":"https://sppagebuilder.com/sample-data/images/2018/seo-img/cl-2.png","url":"#"},{"title":"Client 3","image":"https://sppagebuilder.com/sample-data/images/2018/seo-img/cl-3.png","url":"#"},{"title":"Client 4","image":"https://sppagebuilder.com/sample-data/images/2018/seo-img/cl-4.png","url":"#"}],"global_background_type":"none","global_background_gradient":{"color":"#00c6fb","color2":"#005bea","deg":"45","type":"linear"},"global_use_overlay":0,"global_background_repeat":"no-repeat","global_background_size":"cover","global_background_attachment":"inherit","global_user_border":0,"global_border_width":"","global_border_radius":0,"global_margin":{"md":"0px 0px 0px 0px","sm":"   ","xs":"   "},"global_padding":{"md":"   ","sm":"   ","xs":"   "},"global_boxshadow":"0 0 0 0 #ffffff","global_use_animation":0,"global_animationduration":"300","global_animationdelay":"0","global_custom_css":"img{\n\topacity: .3;\n  transition: .5s;\n}\nimg:hover{\n\topacity: 1;\n}","use_global_width":"0","hidden_md":"0","hidden_sm":"0","hidden_xs":"0","acl":"","instFormId":1524130661123}}]}]},{"id":1516957151888,"visibility":true,"collapse":false,"settings":{"admin_label":"","title":"","heading_selector":"h3","title_fontsize":"","title_fontweight":"","title_position":"sppb-text-center","columns_align_center":0,"fullscreen":0,"no_gutter":0,"padding":{"md":"100px 0px 100px 0px","sm":"   ","xs":"50px 0px 50px 0px"},"margin":{"md":"0px 0px 0px 0px","sm":"   ","xs":"   "},"background_type":"image","background_gradient":{"color":"#00c6fb","color2":"#005bea","deg":"45","type":"linear"},"background_image":"https://sppagebuilder.com/sample-data/images/2018/seo-img/notific.png","background_parallax":0,"background_repeat":"no-repeat","background_size":"cover","background_attachment":"inherit","background_position":"50% 50%","external_background_video":"0","show_top_shape":0,"shape_name":"clouds-flat","shape_color":"#e5e5e5","shape_width":{"md":100,"sm":100,"xs":100},"shape_height":"","shape_flip":false,"shape_invert":false,"shape_to_front":false,"show_bottom_shape":0,"bottom_shape_name":"clouds-opacity","bottom_shape_color":"#e5e5e5","bottom_shape_width":{"md":100,"sm":100,"xs":100},"bottom_shape_height":"","bottom_shape_flip":false,"bottom_shape_invert":false,"bottom_shape_to_front":false,"hidden_xs":"","hidden_sm":"","hidden_md":"","animationduration":"300","animationdelay":"0","instFormId":1516957151888,"background_color":"#008aff","class":""},"layout":"12","columns":[{"id":1516957151850,"class_name":"col-md-12","visibility":true,"settings":{"background_type":"none","background_gradient":{"color":"#00c6fb","color2":"#005bea","deg":"45","type":"linear"},"background_image":"","background_repeat":"no-repeat","background_size":"cover","background_attachment":"scroll","background_position":"0 0","items_align_center":0,"use_border":0,"border_width":"","border_radius":0,"boxshadow":"0 0 0 0 #fff","sm_col":"","xs_col":"","hidden_xs":"","hidden_sm":"","hidden_md":"","animationduration":"300","animationdelay":"0"},"addons":[{"id":1516957151852,"name":"heading","visibility":true,"settings":{"admin_label":"","title":"Search engine Optimization","heading_selector":"h2","use_link":0,"title_link":"","link_new_tab":"","title_fontsize":{"md":"44","sm":"","xs":"30"},"title_lineheight":{"md":"52","sm":"","xs":"38"},"title_letterspace":"0","title_text_transform":"none","title_margin":{"md":"0px 0px 10px 0px","sm":"   ","xs":"   "},"title_padding":{"md":"0px 0px 0px 0px","sm":"   ","xs":"   "},"title_icon_position":"before","alignment":"sppb-text-center","title_text_shadow":"","class":"","global_background_type":"none","global_background_gradient":{"color":"#00c6fb","color2":"#005bea","deg":"45","type":"linear"},"global_use_overlay":0,"global_background_repeat":"no-repeat","global_background_size":"cover","global_background_attachment":"inherit","global_user_border":0,"global_border_width":"","global_border_radius":0,"global_margin":{"md":"0px 0px 0px 0px","sm":"   ","xs":"   "},"global_padding":{"md":"   ","sm":"   ","xs":"   "},"global_boxshadow":"0 0 0 0 #ffffff","global_use_animation":0,"global_animationduration":"300","global_animationdelay":"0","global_custom_css":"","use_global_width":"0","hidden_md":"0","hidden_sm":"0","hidden_xs":"0","acl":"","instFormId":1516957151852,"title_font_family":"Varela Round","title_font_style":{"weight":400},"global_text_color":"#fff"}},{"id":1516957151853,"name":"text_block","visibility":true,"settings":{"admin_label":"","title":"","heading_selector":"h3","title_fontsize":"","title_lineheight":"","title_letterspace":"0","text":"Workflow is winning over the robustness of Photoshop.","alignment":"sppb-text-center","text_fontsize":{"md":"18","sm":"","xs":"16"},"text_lineheight":{"md":"28","sm":"","xs":"26"},"dropcap":0,"class":"","global_background_type":"none","global_background_gradient":{"color":"#00c6fb","color2":"#005bea","deg":"45","type":"linear"},"global_use_overlay":0,"global_background_repeat":"no-repeat","global_background_size":"cover","global_background_attachment":"inherit","global_user_border":0,"global_border_width":"","global_border_radius":0,"global_margin":{"md":"0 0 33px 0","sm":"   ","xs":"0 0 15px 0"},"global_padding":{"md":"   ","sm":"   ","xs":"   "},"global_boxshadow":"0 0 0 0 #ffffff","global_use_animation":0,"global_animationduration":"300","global_animationdelay":"0","global_custom_css":"","use_global_width":"0","hidden_md":"0","hidden_sm":"0","hidden_xs":"0","acl":"","instFormId":1516957151853,"text_font_family":"Varela","global_text_color":"#fff"}},{"id":1526887665826,"name":"button","visibility":true,"settings":{"admin_label":"","text":"Learn More","alignment":"sppb-text-center","letterspace":"0","type":"custom","appearance":"flat","background_color":"#00dd4b","color":"#FFFFFF","background_color_hover":"#415e6c","color_hover":"#FFFFFF","button_padding":{"md":"13px 35px 13px 35px","sm":"   ","xs":"10px 20px 10px 20px"},"icon_position":"left","class":"","global_background_type":"none","global_background_gradient":{"color":"#00c6fb","color2":"#005bea","deg":"45","type":"linear"},"global_use_overlay":0,"global_background_repeat":"no-repeat","global_background_size":"cover","global_background_attachment":"inherit","global_user_border":0,"global_border_width":"","global_border_radius":0,"global_margin":{"md":"   ","sm":"   ","xs":"   "},"global_padding":{"md":"   ","sm":"   ","xs":"   "},"global_boxshadow":"0 0 0 0 #ffffff","global_use_animation":0,"global_animationduration":"300","global_animationdelay":"0","global_custom_css":"","use_global_width":"0","hidden_md":"0","hidden_sm":"0","hidden_xs":"0","acl":"","instFormId":1526887665826,"font_family":"Lato","font_style":{"weight":400,"uppercase":true},"url":"#","shape":"round","button_status":"hover","fontsize":{"md":"","sm":"","xs":"12"}}}]}]}]