[{"id":1516361562473,"visibility":true,"collapse":false,"settings":{"admin_label":"Hero Section 01","separator1":"","title":"","heading_selector":"h3","title_fontsize":"","title_fontweight":"","title_text_color":"","title_margin_top":"","title_margin_bottom":"","separator2":"","subtitle":"","subtitle_fontsize":"","title_position":"sppb-text-center","columns_equal_height":0,"fullscreen":0,"no_gutter":0,"id":"","class":"","padding":{"md":"270px 0px 240px 0px","sm":"100px 0px 100px 0px","xs":"80px 0px 80px 0px"},"margin":{"md":"   ","sm":"   ","xs":"   "},"color":"rgba(255, 255, 255, 1)","background_color":"","background_image":"https://sppagebuilder.com/sample-data/images/2018/01/24/spa_hero.jpg","background_parallax":1,"overlay":"","background_repeat":"no-repeat","background_size":"cover","background_attachment":"","background_position":"50% 50%","background_video":0,"external_background_video":"0","background_video_mp4":"","background_video_ogv":"","background_external_video":"","hidden_xs":"","hidden_sm":"","hidden_md":"","animation":"","animationduration":"300","animationdelay":"0","instFormId":1516361562473,"columns_align_center":0,"show_top_shape":0,"show_bottom_shape":0,"background_type":"image"},"layout":"12","columns":[{"id":1516361562541,"class_name":"col-md-12","visibility":true,"settings":{},"addons":[{"id":1516361562542,"name":"heading","visibility":true,"settings":{"admin_label":"","title":"Beauty & Spa","heading_selector":"h2","use_link":0,"title_link":"","link_new_tab":"0","title_fontsize":{"md":"100","sm":"62","xs":"36"},"title_fontstyle":null,"title_fontweight":"700","title_lineheight":{"md":"110","sm":"72","xs":"46"},"title_letterspace":"0","title_margin":{"md":"   ","sm":"   ","xs":"   "},"title_padding":{"md":"30px 30px 30px 30px","sm":"15px 15px 15px 15px","xs":"5px 5px 5px 5px"},"alignment":"sppb-text-center","class":"","global_options":"","global_text_color":"","global_link_color":"","global_link_hover_color":"","global_use_background":0,"global_background_color":"","global_background_image":"","global_background_repeat":"no-repeat","global_background_size":"cover","global_background_attachment":"inherit","global_user_border":1,"global_border_width":{"md":"10","sm":"8","xs":"4"},"global_border_color":"rgba(255, 255, 255, 1)","global_boder_style":"solid","global_border_radius":"","global_margin":{"md":"0px auto 50px auto","sm":"0px auto 30px auto","xs":"0px auto 30px auto"},"global_padding":{"md":"   ","sm":"   ","xs":"   "},"global_boxshadow":"","global_use_animation":1,"global_animation":"fadeInDown","global_animationduration":"","global_animationdelay":"100","hidden_md":0,"hidden_sm":0,"hidden_xs":0,"acl":null,"use_global_width":1,"global_width":{"md":"80","sm":"80","xs":"80"},"instFormId":1516361562542,"title_font_family":"Merriweather","title_text_transform":"uppercase"}},{"id":1516599000250,"name":"button_group","visibility":true,"settings":{"admin_label":"","alignment":"sppb-text-center","margin":{"md":"10"},"class":"","sp_button_group_item":[{"title":"Book Now","font_style":{"weight":100},"letterspace":"0","type":"custom","appearance":"flat","background_color":"rgba(144,19,254,1)","color":"#fff","background_color_hover":"#fff","color_hover":"rgba(144,19,254,1)","button_padding":{"md":"12px 42px 12px 42px","sm":"   ","xs":"10px 20px 10px 20px"},"font_family":"Merriweather Sans","url":"#"},{"title":"Learn More","font_style":{"weight":100},"letterspace":"0","type":"custom","appearance":"outline","color":"#fff","background_color_hover":"rgba(144,19,254,1)","color_hover":"#fff","button_padding":{"md":"12px 42px 12px 42px","sm":"   ","xs":"10px 20px 10px 20px"},"font_family":"Merriweather Sans","url":"#","background_color":"#fff"}],"global_background_type":"none","global_background_gradient":{"color":"#00c6fb","color2":"#005bea","deg":"45","type":"linear"},"global_use_overlay":0,"global_background_repeat":"no-repeat","global_background_size":"cover","global_background_attachment":"inherit","global_user_border":0,"global_border_width":"","global_border_radius":0,"global_margin":{"md":"0 0 30px 0","sm":"0 0 20px 0","xs":"0 0 10px 0"},"global_padding":{"md":"   ","sm":"   ","xs":"   "},"global_boxshadow":"0 0 0 0 #ffffff","global_use_animation":1,"global_animationduration":"","global_animationdelay":"500","global_custom_css":"","use_global_width":"0","hidden_md":"0","hidden_sm":"0","hidden_xs":"0","acl":"","instFormId":1516599000250,"global_animation":"bounceIn"}}]}]},{"id":1516361562472,"visibility":true,"collapse":false,"settings":{"admin_label":"","title":"","heading_selector":"h3","title_fontsize":"","title_fontweight":"","title_position":"sppb-text-center","columns_align_center":0,"fullscreen":0,"no_gutter":0,"padding":{"md":"100px 0px 100px 0px","sm":"   ","xs":"50px 0px 50px 0px"},"margin":{"md":"0px 0px 0px 0px","sm":"   ","xs":"   "},"background_type":"none","background_gradient":{"color":"#00c6fb","color2":"#005bea","deg":"45","type":"linear"},"background_image":"","background_parallax":"0","background_repeat":"no-repeat","background_size":"cover","background_attachment":"fixed","background_position":"0 0","external_background_video":"0","show_top_shape":0,"shape_name":"clouds-flat","shape_color":"#e5e5e5","shape_width":{"md":100,"sm":100,"xs":100},"shape_height":"","shape_flip":false,"shape_invert":false,"shape_to_front":false,"show_bottom_shape":0,"bottom_shape_name":"clouds-opacity","bottom_shape_color":"#e5e5e5","bottom_shape_width":{"md":100,"sm":100,"xs":100},"bottom_shape_height":"","bottom_shape_flip":false,"bottom_shape_invert":false,"bottom_shape_to_front":false,"hidden_xs":"","hidden_sm":"","hidden_md":"","animationduration":"300","animationdelay":"0","instFormId":1516361562472},"layout":"12,4,4,4","columns":[{"id":1516361562471,"class_name":"col-md-12","visibility":true,"settings":{"background_type":"none","background_gradient":{"color":"#00c6fb","color2":"#005bea","deg":"45","type":"linear"},"background_image":"","background_repeat":"no-repeat","background_size":"cover","background_attachment":"scroll","background_position":"0 0","items_align_center":0,"use_border":0,"border_width":"","border_radius":0,"boxshadow":"0 0 0 0 #fff","sm_col":"","xs_col":"","hidden_xs":"","hidden_sm":"","hidden_md":"","animationduration":"300","animationdelay":"0"},"addons":[{"id":1516600360240,"name":"heading","visibility":true,"settings":{"admin_label":"","title":"Beauties Features","heading_selector":"h2","use_link":0,"title_link":"","link_new_tab":"","title_fontsize":{"md":"50","sm":"","xs":"30"},"title_lineheight":{"md":"58","sm":"","xs":"40"},"title_letterspace":"","title_text_transform":"none","title_margin":{"md":"0px 0px 0px 0px","sm":"   ","xs":"   "},"title_padding":{"md":"0px 0px 0px 0px","sm":"   ","xs":"   "},"title_icon_position":"before","alignment":"sppb-text-center","title_text_shadow":"","class":"","global_background_type":"none","global_background_gradient":{"color":"#00c6fb","color2":"#005bea","deg":"45","type":"linear"},"global_use_overlay":0,"global_background_repeat":"no-repeat","global_background_size":"cover","global_background_attachment":"inherit","global_user_border":0,"global_border_width":"","global_border_radius":0,"global_margin":{"md":"0 0 15px 0","sm":"0 0 20px 0","xs":"0 0 10px 0"},"global_padding":{"md":"   ","sm":"   ","xs":"   "},"global_boxshadow":"0 0 0 0 #ffffff","global_use_animation":0,"global_animationduration":"300","global_animationdelay":"0","global_custom_css":"","use_global_width":"0","hidden_md":"0","hidden_sm":"0","hidden_xs":"0","acl":"","instFormId":1516600360240,"global_text_color":"#4A4A4A","title_font_family":"Merriweather","title_font_style":{"weight":""}}},{"id":1516600356526,"name":"heading","visibility":true,"settings":{"admin_label":"","title":"Usage of the Internet is becoming more common due to rapid advancement.","heading_selector":"h3","use_link":0,"title_link":"","link_new_tab":"","title_fontsize":{"md":"18","sm":"","xs":"14"},"title_lineheight":{"md":"28","sm":"","xs":"22"},"title_letterspace":"","title_text_transform":"none","title_margin":{"md":"0px 0px 0px 0px","sm":"   ","xs":"   "},"title_padding":{"md":"0px 0px 0px 0px","sm":"   ","xs":"   "},"title_icon_position":"before","alignment":"sppb-text-center","title_text_shadow":"","class":"","global_background_type":"none","global_background_gradient":{"color":"#00c6fb","color2":"#005bea","deg":"45","type":"linear"},"global_use_overlay":0,"global_background_repeat":"no-repeat","global_background_size":"cover","global_background_attachment":"inherit","global_user_border":0,"global_border_width":"","global_border_radius":0,"global_margin":{"md":"0 0 60px 0","sm":"0 0 50px 0","xs":"0 0 30px 0"},"global_padding":{"md":"   ","sm":"   ","xs":"   "},"global_boxshadow":"0 0 0 0 #ffffff","global_use_animation":0,"global_animationduration":"300","global_animationdelay":"0","global_custom_css":"","use_global_width":"0","hidden_md":"0","hidden_sm":"0","hidden_xs":"0","acl":"","instFormId":1516600356526,"global_text_color":"#989898","title_font_family":"Roboto","title_font_style":{"weight":400}}}]},{"id":1516596331508,"class_name":"col-md-4","visibility":true,"settings":{"background_type":"none","background_gradient":{"color":"#00c6fb","color2":"#005bea","deg":"45","type":"linear"},"background_image":"","background_repeat":"no-repeat","background_size":"cover","background_attachment":"scroll","background_position":"0 0","items_align_center":0,"use_border":1,"border_width":{"md":"1","sm":"","xs":""},"border_radius":0,"boxshadow":"0 0 0 0 #fff","sm_col":"col-sm-4","xs_col":"","hidden_xs":0,"hidden_sm":0,"hidden_md":0,"animationduration":"300","animationdelay":"0","instFormId":1516596331508,"padding":{"md":"   ","sm":"   ","xs":"   "},"margin":{"md":"   ","sm":"   ","xs":"   "},"border_color":"rgba(236,236,236,1)","boder_style":"solid"},"addons":[{"id":1516596331648,"name":"image","visibility":true,"settings":{"admin_label":"","title":"","heading_selector":"h3","title_fontsize":"","title_lineheight":"","title_fontstyle":null,"title_letterspace":"0","title_fontweight":"","title_text_color":"","title_margin_top":"","title_margin_bottom":"","image":"https://sppagebuilder.com/sample-data/images/2018/01/22/spa_img1.jpg","alt_text":"Our mission","position":"sppb-text-center","open_lightbox":0,"overlay_color":"rgba(119, 219, 31, 0.5)","link":"","target":"","class":"","global_text_color":"","global_link_color":"","global_link_hover_color":"","global_use_background":"0","global_background_color":"","global_background_image":"","global_background_repeat":"no-repeat","global_background_size":"cover","global_background_attachment":"inherit","global_user_border":"0","global_border_width":"","global_border_color":"","global_boder_style":"none","global_border_radius":"","global_margin":"","global_padding":"","global_use_animation":"0","global_animation":"","global_animationduration":"300","global_animationdelay":"0","hidden_md":"0","hidden_sm":"0","hidden_xs":"0","acl":null,"instFormId":1516596331507}},{"id":1516596331654,"type":"inner_row","settings":{"admin_label":"","title":"","heading_selector":"h3","title_fontsize":"","title_fontweight":"","title_text_color":"","title_margin_top":"","title_margin_bottom":"","subtitle":"","subtitle_fontsize":"","title_position":"sppb-text-center","columns_equal_height":"0","fullscreen":0,"no_gutter":0,"id":"","class":"","padding":{"md":"20px 40px 20px 40px","sm":"   ","xs":"20px 20px 20px 20px"},"margin":{"md":"0px 0px 0px 0px","sm":"   ","xs":"   "},"color":"","background_color":"rgba(255, 255, 255, 1)","background_image":"","overlay":"","background_repeat":"no-repeat","background_size":"cover","background_attachment":"fixed","background_position":"0 0","background_video":"0","background_video_mp4":"","background_video_ogv":"","hidden_xs":"","hidden_sm":"","hidden_md":"","animation":"","animationduration":"300","animationdelay":"0","instFormId":1516596331513,"columns_align_center":0,"show_top_shape":0,"show_bottom_shape":0},"layout":"12","visibility":true,"columns":[{"id":1516596331655,"class_name":"col-md-12","visibility":true,"settings":{},"addons":[{"id":1516596331656,"name":"text_block","visibility":true,"settings":{"admin_label":"","title":"Pos Hardware More","heading_selector":"h3","title_fontsize":{"md":"22","sm":"","xs":""},"title_lineheight":{"md":"30","sm":"","xs":""},"title_letterspace":"0","text":"Usage of the Internet is becoming more common due to rapid advancement.","alignment":"","text_fontsize":{"md":"16","sm":"","xs":"14"},"text_lineheight":{"md":"26","sm":"","xs":"20"},"dropcap":0,"class":"","global_background_type":"none","global_background_gradient":{"color":"#00c6fb","color2":"#005bea","deg":"45","type":"linear"},"global_use_overlay":0,"global_background_repeat":"no-repeat","global_background_size":"cover","global_background_attachment":"inherit","global_user_border":0,"global_border_width":"","global_border_radius":0,"global_margin":{"md":"0 0 10px 0","sm":"0 0 20px 0","xs":"0 0 10px 0"},"global_padding":{"md":"   ","sm":"   ","xs":"   "},"global_boxshadow":"0 0 0 0 #ffffff","global_use_animation":0,"global_animationduration":"300","global_animationdelay":"0","global_custom_css":"","use_global_width":"0","hidden_md":"0","hidden_sm":"0","hidden_xs":"0","acl":"","instFormId":1516596331656,"title_text_color":"#4A4A4A ","font_family":"Merriweather","global_text_color":"#989898 ","title_margin_top":{"md":"10","sm":"","xs":""},"title_margin_bottom":{"md":"15","sm":"","xs":""},"text_font_family":"Merriweather"}},{"id":1516596331657,"name":"button","visibility":true,"settings":{"admin_label":"","text":"Learn More","alignment":"sppb-text-left","fontstyle":["lighter"],"letterspace":"","url":"#","target":"","type":"custom","appearance":"","background_color":"","color":"rgba(144,19,254,1)","background_color_hover":"","color_hover":"rgba(34, 34, 34, 1)","size":"","shape":"rounded","block":"","icon":"","icon_position":"right","class":"","global_text_color":"","global_link_color":"","global_link_hover_color":"","global_use_background":0,"global_background_color":"","global_background_image":"","global_background_repeat":"no-repeat","global_background_size":"cover","global_background_attachment":"inherit","global_user_border":0,"global_border_width":"","global_border_color":"","global_boder_style":"none","global_border_radius":"","global_margin":{"md":"0 0 0 -15px","sm":"   ","xs":"   "},"global_padding":{"md":"   ","sm":"   ","xs":"   "},"global_use_animation":0,"global_animation":"","global_animationduration":"300","global_animationdelay":"0","hidden_md":"0","hidden_sm":"0","hidden_xs":"0","acl":null,"button_padding":{"md":"   ","sm":"   ","xs":"   "},"instFormId":1516596331517,"font_family":"Roboto","font_style":{"weight":400}}}]}]}]},{"id":1516596331509,"class_name":"col-md-4","visibility":true,"settings":{"background_type":"none","background_gradient":{"color":"#00c6fb","color2":"#005bea","deg":"45","type":"linear"},"background_image":"","background_repeat":"no-repeat","background_size":"cover","background_attachment":"scroll","background_position":"0 0","items_align_center":0,"use_border":1,"border_width":{"md":"1","sm":"","xs":""},"border_radius":0,"boxshadow":"0 0 0 0 #fff","sm_col":"col-sm-4","xs_col":"","hidden_xs":0,"hidden_sm":0,"hidden_md":0,"animationduration":"300","animationdelay":"0","instFormId":1516596331509,"padding":{"md":"   ","sm":"   ","xs":"   "},"margin":{"md":"   ","sm":"   ","xs":"   "},"border_color":"rgba(236,236,236,1)","boder_style":"solid"},"addons":[{"id":1516596331507,"name":"image","visibility":true,"settings":{"admin_label":"","title":"","heading_selector":"h3","title_fontsize":"","title_lineheight":"","title_fontstyle":null,"title_letterspace":"0","title_fontweight":"","title_text_color":"","title_margin_top":"","title_margin_bottom":"","image":"https://sppagebuilder.com/sample-data/images/2018/01/22/spa_img2.jpg","alt_text":"Our mission","position":"sppb-text-center","open_lightbox":0,"overlay_color":"rgba(119, 219, 31, 0.5)","link":"","target":"","class":"","global_text_color":"","global_link_color":"","global_link_hover_color":"","global_use_background":"0","global_background_color":"","global_background_image":"","global_background_repeat":"no-repeat","global_background_size":"cover","global_background_attachment":"inherit","global_user_border":"0","global_border_width":"","global_border_color":"","global_boder_style":"none","global_border_radius":"","global_margin":"","global_padding":"","global_use_animation":"0","global_animation":"","global_animationduration":"300","global_animationdelay":"0","hidden_md":"0","hidden_sm":"0","hidden_xs":"0","acl":null,"instFormId":1516596331507}},{"id":1516596331513,"type":"inner_row","settings":{"admin_label":"","title":"","heading_selector":"h3","title_fontsize":"","title_fontweight":"","title_text_color":"","title_margin_top":"","title_margin_bottom":"","subtitle":"","subtitle_fontsize":"","title_position":"sppb-text-center","columns_equal_height":"0","fullscreen":0,"no_gutter":0,"id":"","class":"","padding":{"md":"20px 40px 20px 40px","sm":"   ","xs":"20px 20px 20px 20px"},"margin":{"md":"0px 0px 0px 0px","sm":"   ","xs":"   "},"color":"","background_color":"rgba(255, 255, 255, 1)","background_image":"","overlay":"","background_repeat":"no-repeat","background_size":"cover","background_attachment":"fixed","background_position":"0 0","background_video":"0","background_video_mp4":"","background_video_ogv":"","hidden_xs":"","hidden_sm":"","hidden_md":"","animation":"","animationduration":"300","animationdelay":"0","instFormId":1516596331513,"columns_align_center":0,"show_top_shape":0,"show_bottom_shape":0},"layout":"12","visibility":true,"columns":[{"id":1516596331514,"class_name":"col-md-12","visibility":true,"settings":{},"addons":[{"id":1516596331516,"name":"text_block","visibility":true,"settings":{"admin_label":"","title":"Pos Hardware More","heading_selector":"h3","title_fontsize":{"md":"22","sm":"","xs":""},"title_lineheight":{"md":"30","sm":"","xs":""},"title_letterspace":"0","text":"Usage of the Internet is becoming more common due to rapid advancement.","alignment":"","text_fontsize":{"md":"16","sm":"","xs":"14"},"text_lineheight":{"md":"26","sm":"","xs":"20"},"dropcap":0,"class":"","global_background_type":"none","global_background_gradient":{"color":"#00c6fb","color2":"#005bea","deg":"45","type":"linear"},"global_use_overlay":0,"global_background_repeat":"no-repeat","global_background_size":"cover","global_background_attachment":"inherit","global_user_border":0,"global_border_width":"","global_border_radius":0,"global_margin":{"md":"0 0 10px 0","sm":"0 0 20px 0","xs":"0 0 10px 0"},"global_padding":{"md":"   ","sm":"   ","xs":"   "},"global_boxshadow":"0 0 0 0 #ffffff","global_use_animation":0,"global_animationduration":"300","global_animationdelay":"0","global_custom_css":"","use_global_width":"0","hidden_md":"0","hidden_sm":"0","hidden_xs":"0","acl":"","instFormId":1516596331516,"title_text_color":"#4A4A4A ","font_family":"Merriweather","global_text_color":"#989898 ","title_margin_top":{"md":"10","sm":"","xs":""},"title_margin_bottom":{"md":"15","sm":"","xs":""},"text_font_family":"Merriweather"}},{"id":1516596331517,"name":"button","visibility":true,"settings":{"admin_label":"","text":"Learn More","alignment":"sppb-text-left","fontstyle":["lighter"],"letterspace":"","url":"#","target":"","type":"custom","appearance":"","background_color":"","color":"rgba(144,19,254,1)","background_color_hover":"","color_hover":"rgba(34, 34, 34, 1)","size":"","shape":"rounded","block":"","icon":"","icon_position":"right","class":"","global_text_color":"","global_link_color":"","global_link_hover_color":"","global_use_background":0,"global_background_color":"","global_background_image":"","global_background_repeat":"no-repeat","global_background_size":"cover","global_background_attachment":"inherit","global_user_border":0,"global_border_width":"","global_border_color":"","global_boder_style":"none","global_border_radius":"","global_margin":{"md":"0 0 0 -15px","sm":"   ","xs":"   "},"global_padding":{"md":"   ","sm":"   ","xs":"   "},"global_use_animation":0,"global_animation":"","global_animationduration":"300","global_animationdelay":"0","hidden_md":"0","hidden_sm":"0","hidden_xs":"0","acl":null,"button_padding":{"md":"   ","sm":"   ","xs":"   "},"instFormId":1516596331517,"font_family":"Roboto","font_style":{"weight":400}}}]}]}]},{"id":1516596331510,"class_name":"col-md-4","visibility":true,"settings":{"background_type":"none","background_gradient":{"color":"#00c6fb","color2":"#005bea","deg":"45","type":"linear"},"background_image":"","background_repeat":"no-repeat","background_size":"cover","background_attachment":"scroll","background_position":"0 0","items_align_center":0,"use_border":1,"border_width":{"md":"1","sm":"","xs":""},"border_radius":0,"boxshadow":"0 0 0 0 #fff","sm_col":"col-sm-4","xs_col":"","hidden_xs":0,"hidden_sm":0,"hidden_md":0,"animationduration":"300","animationdelay":"0","instFormId":1516596331510,"padding":{"md":"   ","sm":"   ","xs":"   "},"margin":{"md":"   ","sm":"   ","xs":"   "},"border_color":"rgba(236,236,236,1)","boder_style":"solid"},"addons":[{"id":1516596331651,"name":"image","visibility":true,"settings":{"admin_label":"","title":"","heading_selector":"h3","title_fontsize":"","title_lineheight":"","title_fontstyle":null,"title_letterspace":"0","title_fontweight":"","title_text_color":"","title_margin_top":"","title_margin_bottom":"","image":"https://sppagebuilder.com/sample-data/images/2018/01/22/spa_img3.jpg","alt_text":"Our mission","position":"sppb-text-center","open_lightbox":0,"overlay_color":"rgba(119, 219, 31, 0.5)","link":"","target":"","class":"","global_text_color":"","global_link_color":"","global_link_hover_color":"","global_use_background":"0","global_background_color":"","global_background_image":"","global_background_repeat":"no-repeat","global_background_size":"cover","global_background_attachment":"inherit","global_user_border":"0","global_border_width":"","global_border_color":"","global_boder_style":"none","global_border_radius":"","global_margin":"","global_padding":"","global_use_animation":"0","global_animation":"","global_animationduration":"300","global_animationdelay":"0","hidden_md":"0","hidden_sm":"0","hidden_xs":"0","acl":null,"instFormId":1516596331651}},{"id":1516596331660,"type":"inner_row","settings":{"admin_label":"","title":"","heading_selector":"h3","title_fontsize":"","title_fontweight":"","title_text_color":"","title_margin_top":"","title_margin_bottom":"","subtitle":"","subtitle_fontsize":"","title_position":"sppb-text-center","columns_equal_height":"0","fullscreen":0,"no_gutter":0,"id":"","class":"","padding":{"md":"20px 40px 20px 40px","sm":"   ","xs":"20px 20px 20px 20px"},"margin":{"md":"0px 0px 0px 0px","sm":"   ","xs":"   "},"color":"","background_color":"rgba(255, 255, 255, 1)","background_image":"","overlay":"","background_repeat":"no-repeat","background_size":"cover","background_attachment":"fixed","background_position":"0 0","background_video":"0","background_video_mp4":"","background_video_ogv":"","hidden_xs":"","hidden_sm":"","hidden_md":"","animation":"","animationduration":"300","animationdelay":"0","instFormId":1516596331513,"columns_align_center":0,"show_top_shape":0,"show_bottom_shape":0},"layout":"12","visibility":true,"columns":[{"id":1516596331661,"class_name":"col-md-12","visibility":true,"settings":{},"addons":[{"id":1516596331662,"name":"text_block","visibility":true,"settings":{"admin_label":"","title":"Pos Hardware More","heading_selector":"h3","title_fontsize":{"md":"22","sm":"","xs":""},"title_lineheight":{"md":"30","sm":"","xs":""},"title_letterspace":"0","text":"Usage of the Internet is becoming more common due to rapid advancement.","alignment":"","text_fontsize":{"md":"16","sm":"","xs":"14"},"text_lineheight":{"md":"26","sm":"","xs":"20"},"dropcap":0,"class":"","global_background_type":"none","global_background_gradient":{"color":"#00c6fb","color2":"#005bea","deg":"45","type":"linear"},"global_use_overlay":0,"global_background_repeat":"no-repeat","global_background_size":"cover","global_background_attachment":"inherit","global_user_border":0,"global_border_width":"","global_border_radius":0,"global_margin":{"md":"0 0 10px 0","sm":"0 0 20px 0","xs":"0 0 10px 0"},"global_padding":{"md":"   ","sm":"   ","xs":"   "},"global_boxshadow":"0 0 0 0 #ffffff","global_use_animation":0,"global_animationduration":"300","global_animationdelay":"0","global_custom_css":"","use_global_width":"0","hidden_md":"0","hidden_sm":"0","hidden_xs":"0","acl":"","instFormId":1516596331662,"title_text_color":"#4A4A4A ","font_family":"Merriweather","global_text_color":"#989898 ","title_margin_top":{"md":"10","sm":"","xs":""},"title_margin_bottom":{"md":"15","sm":"","xs":""},"text_font_family":"Merriweather"}},{"id":1516596331663,"name":"button","visibility":true,"settings":{"admin_label":"","text":"Learn More","alignment":"sppb-text-left","fontstyle":["lighter"],"letterspace":"","url":"#","target":"","type":"custom","appearance":"","background_color":"","color":"rgba(144,19,254,1)","background_color_hover":"","color_hover":"rgba(34, 34, 34, 1)","size":"","shape":"rounded","block":"","icon":"","icon_position":"right","class":"","global_text_color":"","global_link_color":"","global_link_hover_color":"","global_use_background":0,"global_background_color":"","global_background_image":"","global_background_repeat":"no-repeat","global_background_size":"cover","global_background_attachment":"inherit","global_user_border":0,"global_border_width":"","global_border_color":"","global_boder_style":"none","global_border_radius":"","global_margin":{"md":"0 0 0 -15px","sm":"   ","xs":"   "},"global_padding":{"md":"   ","sm":"   ","xs":"   "},"global_use_animation":0,"global_animation":"","global_animationduration":"300","global_animationdelay":"0","hidden_md":"0","hidden_sm":"0","hidden_xs":"0","acl":null,"button_padding":{"md":"   ","sm":"   ","xs":"   "},"instFormId":1516596331517,"font_family":"Roboto","font_style":{"weight":400}}}]}]}]}]},{"id":1516596331895,"visibility":true,"collapse":false,"settings":{"admin_label":"","title":"","heading_selector":"h3","title_fontsize":"","title_fontweight":"","title_position":"sppb-text-center","columns_align_center":0,"fullscreen":0,"no_gutter":0,"padding":{"md":"100px 0px 70px 0px","sm":"   ","xs":"50px 0px 50px 0px"},"margin":{"md":"0px 0px 0px 0px","sm":"   ","xs":"   "},"background_type":"image","background_gradient":{"color":"#00c6fb","color2":"#005bea","deg":"45","type":"linear"},"background_image":"https://sppagebuilder.com/sample-data/images/2018/01/22/spa_secbg.jpg","background_parallax":0,"background_repeat":"no-repeat","background_size":"cover","background_attachment":"","background_position":"50% 50%","external_background_video":"0","show_top_shape":0,"shape_name":"clouds-flat","shape_color":"#e5e5e5","shape_width":{"md":100,"sm":100,"xs":100},"shape_height":"","shape_flip":false,"shape_invert":false,"shape_to_front":false,"show_bottom_shape":0,"bottom_shape_name":"clouds-opacity","bottom_shape_color":"#e5e5e5","bottom_shape_width":{"md":100,"sm":100,"xs":100},"bottom_shape_height":"","bottom_shape_flip":false,"bottom_shape_invert":false,"bottom_shape_to_front":false,"hidden_xs":"","hidden_sm":"","hidden_md":"","animationduration":"300","animationdelay":"0","instFormId":1516596331895},"layout":"12,3,3,3,3","columns":[{"id":1516596331894,"class_name":"col-md-12","visibility":true,"settings":{"background_type":"none","background_gradient":{"color":"#00c6fb","color2":"#005bea","deg":"45","type":"linear"},"background_image":"","background_repeat":"no-repeat","background_size":"cover","background_attachment":"scroll","background_position":"0 0","items_align_center":0,"use_border":0,"border_width":"","border_radius":0,"boxshadow":"0 0 0 0 #fff","sm_col":"","xs_col":"","hidden_xs":"","hidden_sm":"","hidden_md":"","animationduration":"300","animationdelay":"0","instFormId":1516596331510},"addons":[{"id":1516596331898,"name":"heading","visibility":true,"settings":{"admin_label":"","title":"Gallery","heading_selector":"h2","use_link":0,"title_link":"","link_new_tab":"","title_fontsize":{"md":"50","sm":"","xs":"30"},"title_lineheight":{"md":"58","sm":"","xs":"40"},"title_letterspace":"","title_text_transform":"none","title_margin":{"md":"0px 0px 0px 0px","sm":"   ","xs":"   "},"title_padding":{"md":"0px 0px 0px 0px","sm":"   ","xs":"   "},"title_icon_position":"before","alignment":"sppb-text-center","title_text_shadow":"","class":"","global_background_type":"none","global_background_gradient":{"color":"#00c6fb","color2":"#005bea","deg":"45","type":"linear"},"global_use_overlay":0,"global_background_repeat":"no-repeat","global_background_size":"cover","global_background_attachment":"inherit","global_user_border":0,"global_border_width":"","global_border_radius":0,"global_margin":{"md":"0 0 15px 0","sm":"0 0 20px 0","xs":"0 0 10px 0"},"global_padding":{"md":"   ","sm":"   ","xs":"   "},"global_boxshadow":"0 0 0 0 #ffffff","global_use_animation":0,"global_animationduration":"300","global_animationdelay":"0","global_custom_css":"","use_global_width":"0","hidden_md":"0","hidden_sm":"0","hidden_xs":"0","acl":"","instFormId":1516596331898,"global_text_color":"#4A4A4A","title_font_family":"Merriweather","title_font_style":{"weight":""}}},{"id":1516596331901,"name":"heading","visibility":true,"settings":{"admin_label":"","title":"Usage of the Internet is becoming more common due to rapid","heading_selector":"h3","use_link":0,"title_link":"","link_new_tab":"","title_fontsize":{"md":"18","sm":"","xs":"14"},"title_lineheight":{"md":"28","sm":"","xs":"22"},"title_letterspace":"","title_text_transform":"none","title_margin":{"md":"0px 0px 0px 0px","sm":"   ","xs":"   "},"title_padding":{"md":"0px 0px 0px 0px","sm":"   ","xs":"   "},"title_icon_position":"before","alignment":"sppb-text-center","title_text_shadow":"","class":"","global_background_type":"none","global_background_gradient":{"color":"#00c6fb","color2":"#005bea","deg":"45","type":"linear"},"global_use_overlay":0,"global_background_repeat":"no-repeat","global_background_size":"cover","global_background_attachment":"inherit","global_user_border":0,"global_border_width":"","global_border_radius":0,"global_margin":{"md":"0 0 60px 0","sm":"0 0 50px 0","xs":"0 0 30px 0"},"global_padding":{"md":"   ","sm":"   ","xs":"   "},"global_boxshadow":"0 0 0 0 #ffffff","global_use_animation":0,"global_animationduration":"300","global_animationdelay":"0","global_custom_css":"","use_global_width":"0","hidden_md":"0","hidden_sm":"0","hidden_xs":"0","acl":"","instFormId":1516596331901,"global_text_color":"#989898","title_font_family":"Roboto","title_font_style":{"weight":400}}}]},{"id":1516596331908,"class_name":"col-md-3","visibility":true,"settings":{"background_type":"none","background_gradient":{"color":"#00c6fb","color2":"#005bea","deg":"45","type":"linear"},"background_image":"","background_repeat":"no-repeat","background_size":"cover","background_attachment":"scroll","background_position":"0 0","items_align_center":0,"use_border":0,"border_width":"","border_radius":0,"boxshadow":"0 0 0 0 #fff","sm_col":"col-sm-6","xs_col":"","hidden_xs":0,"hidden_sm":0,"hidden_md":0,"animationduration":"300","animationdelay":"0","instFormId":1516596331908,"padding":{"md":"   ","sm":"   ","xs":"   "},"margin":{"md":"   ","sm":"   ","xs":"   "}},"addons":[{"id":1516596331972,"name":"image","visibility":true,"settings":{"admin_label":"","title":"","heading_selector":"h4","title_fontsize":{"md":"24","sm":"","xs":"18"},"title_lineheight":{"md":"30","sm":"","xs":"22"},"title_letterspace":"0","title_position":"bottom","image":"https://sppagebuilder.com/sample-data/images/2018/01/22/spa_gallery1.jpg","border_radius":"3","alt_text":"Image","position":"sppb-text-center","open_lightbox":1,"overlay_color":"rgba(144,19,254,0.7)","link":"","class":"","global_background_type":"none","global_background_gradient":{"color":"#00c6fb","color2":"#005bea","deg":"45","type":"linear"},"global_use_overlay":0,"global_background_repeat":"no-repeat","global_background_size":"cover","global_background_attachment":"inherit","global_user_border":0,"global_border_width":"","global_border_radius":{"md":"3","sm":"","xs":""},"global_margin":{"md":"0 0 30px 0","sm":"0px 0px 30px 0px","xs":"0 0 10px 0"},"global_padding":{"md":"   ","sm":"   ","xs":"   "},"global_boxshadow":"0 0 0 0 #ffffff","global_use_animation":0,"global_animationduration":"300","global_animationdelay":"0","global_custom_css":"a.sppb-magnific-popup.sppb-addon-image-overlay-icon {\n    background: none;\n    font-size: 50px;\n    font-weight: 700;\n    width: 69px;\n    height: 69px;\n    line-height: 69px;\n    margin-left: -35px;\n    margin-top: -35px;\n}","use_global_width":0,"hidden_md":0,"hidden_sm":0,"hidden_xs":0,"acl":"","instFormId":1516600987656,"title_font_family":"Roboto","title_text_color":"#4A4A4A ","title_margin_top":{"md":"25","sm":"10","xs":"10"},"title_font_style":{"weight":700}}},{"id":1516596331981,"name":"image","visibility":true,"settings":{"admin_label":"","title":"","heading_selector":"h4","title_fontsize":{"md":"24","sm":"","xs":"18"},"title_lineheight":{"md":"30","sm":"","xs":"22"},"title_letterspace":"0","title_position":"bottom","image":"https://sppagebuilder.com/sample-data/images/2018/01/22/spa_gallery5.jpg","border_radius":"3","alt_text":"Image","position":"sppb-text-center","open_lightbox":1,"overlay_color":"rgba(144,19,254,0.7)","link":"","class":"","global_background_type":"none","global_background_gradient":{"color":"#00c6fb","color2":"#005bea","deg":"45","type":"linear"},"global_use_overlay":0,"global_background_repeat":"no-repeat","global_background_size":"cover","global_background_attachment":"inherit","global_user_border":0,"global_border_width":"","global_border_radius":{"md":"3","sm":"","xs":""},"global_margin":{"md":"0 0 30px 0","sm":"0px 0px 30px 0px","xs":"0 0 10px 0"},"global_padding":{"md":"   ","sm":"   ","xs":"   "},"global_boxshadow":"0 0 0 0 #ffffff","global_use_animation":0,"global_animationduration":"300","global_animationdelay":"0","global_custom_css":"a.sppb-magnific-popup.sppb-addon-image-overlay-icon {\n    background: none;\n    font-size: 50px;\n    font-weight: 700;\n    width: 69px;\n    height: 69px;\n    line-height: 69px;\n    margin-left: -35px;\n    margin-top: -35px;\n}","use_global_width":0,"hidden_md":0,"hidden_sm":0,"hidden_xs":0,"acl":"","instFormId":1516596331981,"title_font_family":"Roboto","title_text_color":"#4A4A4A ","title_margin_top":{"md":"25","sm":"10","xs":"10"},"title_font_style":{"weight":700}}}]},{"id":1516596331909,"class_name":"col-md-3","visibility":true,"settings":{"background_type":"none","background_gradient":{"color":"#00c6fb","color2":"#005bea","deg":"45","type":"linear"},"background_image":"","background_repeat":"no-repeat","background_size":"cover","background_attachment":"scroll","background_position":"0 0","items_align_center":0,"use_border":0,"border_width":"","border_radius":0,"boxshadow":"0 0 0 0 #fff","sm_col":"col-sm-6","xs_col":"","hidden_xs":0,"hidden_sm":0,"hidden_md":0,"animationduration":"300","animationdelay":"0","instFormId":1516596331909,"padding":{"md":"   ","sm":"   ","xs":"   "},"margin":{"md":"   ","sm":"   ","xs":"   "}},"addons":[{"id":1516600987656,"name":"image","visibility":true,"settings":{"admin_label":"","title":"","heading_selector":"h4","title_fontsize":{"md":"24","sm":"","xs":"18"},"title_lineheight":{"md":"30","sm":"","xs":"22"},"title_letterspace":"0","title_position":"bottom","image":"https://sppagebuilder.com/sample-data/images/2018/01/22/spa_gallery2.jpg","border_radius":"3","alt_text":"Image","position":"sppb-text-center","open_lightbox":1,"overlay_color":"rgba(144,19,254,0.7)","link":"","class":"","global_background_type":"none","global_background_gradient":{"color":"#00c6fb","color2":"#005bea","deg":"45","type":"linear"},"global_use_overlay":0,"global_background_repeat":"no-repeat","global_background_size":"cover","global_background_attachment":"inherit","global_user_border":0,"global_border_width":"","global_border_radius":{"md":"3","sm":"","xs":""},"global_margin":{"md":"0 0 30px 0","sm":"0px 0px 30px 0px","xs":"0 0 10px 0"},"global_padding":{"md":"   ","sm":"   ","xs":"   "},"global_boxshadow":"0 0 0 0 #ffffff","global_use_animation":0,"global_animationduration":"300","global_animationdelay":"0","global_custom_css":"a.sppb-magnific-popup.sppb-addon-image-overlay-icon {\n    background: none;\n    font-size: 50px;\n    font-weight: 700;\n    width: 69px;\n    height: 69px;\n    line-height: 69px;\n    margin-left: -35px;\n    margin-top: -35px;\n}","use_global_width":0,"hidden_md":0,"hidden_sm":0,"hidden_xs":0,"acl":"","instFormId":1516600987656,"title_font_family":"Roboto","title_text_color":"#4A4A4A ","title_margin_top":{"md":"25","sm":"10","xs":"10"},"title_font_style":{"weight":700}}},{"id":1516596331984,"name":"image","visibility":true,"settings":{"admin_label":"","title":"","heading_selector":"h4","title_fontsize":{"md":"24","sm":"","xs":"18"},"title_lineheight":{"md":"30","sm":"","xs":"22"},"title_letterspace":"0","title_position":"bottom","image":"https://sppagebuilder.com/sample-data/images/2018/01/22/spa_gallery6.jpg","border_radius":"3","alt_text":"Image","position":"sppb-text-center","open_lightbox":1,"overlay_color":"rgba(144,19,254,0.7)","link":"","class":"","global_background_type":"none","global_background_gradient":{"color":"#00c6fb","color2":"#005bea","deg":"45","type":"linear"},"global_use_overlay":0,"global_background_repeat":"no-repeat","global_background_size":"cover","global_background_attachment":"inherit","global_user_border":0,"global_border_width":"","global_border_radius":{"md":"3","sm":"","xs":""},"global_margin":{"md":"0 0 30px 0","sm":"0px 0px 30px 0px","xs":"0 0 10px 0"},"global_padding":{"md":"   ","sm":"   ","xs":"   "},"global_boxshadow":"0 0 0 0 #ffffff","global_use_animation":0,"global_animationduration":"300","global_animationdelay":"0","global_custom_css":"a.sppb-magnific-popup.sppb-addon-image-overlay-icon {\n    background: none;\n    font-size: 50px;\n    font-weight: 700;\n    width: 69px;\n    height: 69px;\n    line-height: 69px;\n    margin-left: -35px;\n    margin-top: -35px;\n}","use_global_width":0,"hidden_md":0,"hidden_sm":0,"hidden_xs":0,"acl":"","instFormId":1516596331984,"title_font_family":"Roboto","title_text_color":"#4A4A4A ","title_margin_top":{"md":"25","sm":"10","xs":"10"},"title_font_style":{"weight":700}}}]},{"id":1516596331910,"class_name":"col-md-3","visibility":true,"settings":{"background_type":"none","background_gradient":{"color":"#00c6fb","color2":"#005bea","deg":"45","type":"linear"},"background_image":"","background_repeat":"no-repeat","background_size":"cover","background_attachment":"scroll","background_position":"0 0","items_align_center":0,"use_border":0,"border_width":"","border_radius":0,"boxshadow":"0 0 0 0 #fff","sm_col":"col-sm-6","xs_col":"","hidden_xs":0,"hidden_sm":0,"hidden_md":0,"animationduration":"300","animationdelay":"0","instFormId":1516596331910,"padding":{"md":"   ","sm":"   ","xs":"   "},"margin":{"md":"   ","sm":"   ","xs":"   "}},"addons":[{"id":1516596331978,"name":"image","visibility":true,"settings":{"admin_label":"","title":"","heading_selector":"h4","title_fontsize":{"md":"24","sm":"","xs":"18"},"title_lineheight":{"md":"30","sm":"","xs":"22"},"title_letterspace":"0","title_position":"bottom","image":"https://sppagebuilder.com/sample-data/images/2018/01/22/spa_gallery3.jpg","border_radius":"3","alt_text":"Image","position":"sppb-text-center","open_lightbox":1,"overlay_color":"rgba(144,19,254,0.7)","link":"","class":"","global_background_type":"none","global_background_gradient":{"color":"#00c6fb","color2":"#005bea","deg":"45","type":"linear"},"global_use_overlay":0,"global_background_repeat":"no-repeat","global_background_size":"cover","global_background_attachment":"inherit","global_user_border":0,"global_border_width":"","global_border_radius":{"md":"3","sm":"","xs":""},"global_margin":{"md":"0 0 30px 0","sm":"0px 0px 30px 0px","xs":"0 0 10px 0"},"global_padding":{"md":"   ","sm":"   ","xs":"   "},"global_boxshadow":"0 0 0 0 #ffffff","global_use_animation":0,"global_animationduration":"300","global_animationdelay":"0","global_custom_css":"a.sppb-magnific-popup.sppb-addon-image-overlay-icon {\n    background: none;\n    font-size: 50px;\n    font-weight: 700;\n    width: 69px;\n    height: 69px;\n    line-height: 69px;\n    margin-left: -35px;\n    margin-top: -35px;\n}","use_global_width":0,"hidden_md":0,"hidden_sm":0,"hidden_xs":0,"acl":"","instFormId":1516596331978,"title_font_family":"Roboto","title_text_color":"#4A4A4A ","title_margin_top":{"md":"25","sm":"10","xs":"10"},"title_font_style":{"weight":700}}},{"id":1516596331987,"name":"image","visibility":true,"settings":{"admin_label":"","title":"","heading_selector":"h4","title_fontsize":{"md":"24","sm":"","xs":"18"},"title_lineheight":{"md":"30","sm":"","xs":"22"},"title_letterspace":"0","title_position":"bottom","image":"https://sppagebuilder.com/sample-data/images/2018/01/22/spa_gallery7.jpg","border_radius":"3","alt_text":"Image","position":"sppb-text-center","open_lightbox":1,"overlay_color":"rgba(144,19,254,0.7)","link":"","class":"","global_background_type":"none","global_background_gradient":{"color":"#00c6fb","color2":"#005bea","deg":"45","type":"linear"},"global_use_overlay":0,"global_background_repeat":"no-repeat","global_background_size":"cover","global_background_attachment":"inherit","global_user_border":0,"global_border_width":"","global_border_radius":{"md":"3","sm":"","xs":""},"global_margin":{"md":"0 0 30px 0","sm":"0px 0px 30px 0px","xs":"0 0 10px 0"},"global_padding":{"md":"   ","sm":"   ","xs":"   "},"global_boxshadow":"0 0 0 0 #ffffff","global_use_animation":0,"global_animationduration":"300","global_animationdelay":"0","global_custom_css":"a.sppb-magnific-popup.sppb-addon-image-overlay-icon {\n    background: none;\n    font-size: 50px;\n    font-weight: 700;\n    width: 69px;\n    height: 69px;\n    line-height: 69px;\n    margin-left: -35px;\n    margin-top: -35px;\n}","use_global_width":0,"hidden_md":0,"hidden_sm":0,"hidden_xs":0,"acl":"","instFormId":1516596331987,"title_font_family":"Roboto","title_text_color":"#4A4A4A ","title_margin_top":{"md":"25","sm":"10","xs":"10"},"title_font_style":{"weight":700}}}]},{"id":1516596331911,"class_name":"col-md-3","visibility":true,"settings":{"background_type":"none","background_gradient":{"color":"#00c6fb","color2":"#005bea","deg":"45","type":"linear"},"background_image":"","background_repeat":"no-repeat","background_size":"cover","background_attachment":"scroll","background_position":"0 0","items_align_center":0,"use_border":0,"border_width":"","border_radius":0,"boxshadow":"0 0 0 0 #fff","sm_col":"col-sm-6","xs_col":"","hidden_xs":0,"hidden_sm":0,"hidden_md":0,"animationduration":"300","animationdelay":"0","instFormId":1516596331911,"padding":{"md":"   ","sm":"   ","xs":"   "},"margin":{"md":"   ","sm":"   ","xs":"   "}},"addons":[{"id":1516596331975,"name":"image","visibility":true,"settings":{"admin_label":"","title":"","heading_selector":"h4","title_fontsize":{"md":"24","sm":"","xs":"18"},"title_lineheight":{"md":"30","sm":"","xs":"22"},"title_letterspace":"0","title_position":"bottom","image":"https://sppagebuilder.com/sample-data/images/2018/01/22/spa_gallery4.jpg","border_radius":"3","alt_text":"Image","position":"sppb-text-center","open_lightbox":1,"overlay_color":"rgba(144,19,254,0.7)","link":"","class":"","global_background_type":"none","global_background_gradient":{"color":"#00c6fb","color2":"#005bea","deg":"45","type":"linear"},"global_use_overlay":0,"global_background_repeat":"no-repeat","global_background_size":"cover","global_background_attachment":"inherit","global_user_border":0,"global_border_width":"","global_border_radius":{"md":"3","sm":"","xs":""},"global_margin":{"md":"0 0 30px 0","sm":"0px 0px 30px 0px","xs":"0 0 10px 0"},"global_padding":{"md":"   ","sm":"   ","xs":"   "},"global_boxshadow":"0 0 0 0 #ffffff","global_use_animation":0,"global_animationduration":"300","global_animationdelay":"0","global_custom_css":"a.sppb-magnific-popup.sppb-addon-image-overlay-icon {\n    background: none;\n    font-size: 50px;\n    font-weight: 700;\n    width: 69px;\n    height: 69px;\n    line-height: 69px;\n    margin-left: -35px;\n    margin-top: -35px;\n}","use_global_width":0,"hidden_md":0,"hidden_sm":0,"hidden_xs":0,"acl":"","instFormId":1516596331975,"title_font_family":"Roboto","title_text_color":"#4A4A4A ","title_margin_top":{"md":"25","sm":"10","xs":"10"},"title_font_style":{"weight":700}}},{"id":1516596331990,"name":"image","visibility":true,"settings":{"admin_label":"","title":"","heading_selector":"h4","title_fontsize":{"md":"24","sm":"","xs":"18"},"title_lineheight":{"md":"30","sm":"","xs":"22"},"title_letterspace":"0","title_position":"bottom","image":"https://sppagebuilder.com/sample-data/images/2018/01/22/spa_gallery8.jpg","border_radius":"3","alt_text":"Image","position":"sppb-text-center","open_lightbox":1,"overlay_color":"rgba(144,19,254,0.7)","link":"","class":"","global_background_type":"none","global_background_gradient":{"color":"#00c6fb","color2":"#005bea","deg":"45","type":"linear"},"global_use_overlay":0,"global_background_repeat":"no-repeat","global_background_size":"cover","global_background_attachment":"inherit","global_user_border":0,"global_border_width":"","global_border_radius":{"md":"3","sm":"","xs":""},"global_margin":{"md":"0 0 30px 0","sm":"0px 0px 30px 0px","xs":"0 0 10px 0"},"global_padding":{"md":"   ","sm":"   ","xs":"   "},"global_boxshadow":"0 0 0 0 #ffffff","global_use_animation":0,"global_animationduration":"300","global_animationdelay":"0","global_custom_css":"a.sppb-magnific-popup.sppb-addon-image-overlay-icon {\n    background: none;\n    font-size: 50px;\n    font-weight: 700;\n    width: 69px;\n    height: 69px;\n    line-height: 69px;\n    margin-left: -35px;\n    margin-top: -35px;\n}","use_global_width":0,"hidden_md":0,"hidden_sm":0,"hidden_xs":0,"acl":"","instFormId":1516596331990,"title_font_family":"Roboto","title_text_color":"#4A4A4A ","title_margin_top":{"md":"25","sm":"10","xs":"10"},"title_font_style":{"weight":700}}}]}]},{"id":1516596332059,"visibility":true,"collapse":false,"settings":{"padding":{"md":"100px 0px 100px 0px","sm":"   ","xs":"50px 0px 50px 0px"},"margin":{"md":"0px 0px 0px 0px","sm":"   ","xs":"   "},"columns_equal_height":1,"columns_align_center":1,"fullscreen":0,"no_gutter":1,"background_parallax":0,"background_video":0,"background_color":"","instFormId":1516596332059,"show_top_shape":0,"show_bottom_shape":0},"layout":"4,4,4,12","columns":[{"id":1516596332061,"class_name":"col-md-12","visibility":true,"settings":{"background_type":"none","background_gradient":{"color":"#00c6fb","color2":"#005bea","deg":"45","type":"linear"},"background_image":"","background_repeat":"no-repeat","background_size":"cover","background_attachment":"scroll","background_position":"0 0","items_align_center":0,"use_border":0,"border_width":"","border_radius":0,"boxshadow":"0 0 0 0 #fff","sm_col":"","xs_col":"","hidden_xs":"","hidden_sm":"","hidden_md":"","animationduration":"300","animationdelay":"0","instFormId":1516596331911},"addons":[{"id":1516596332033,"name":"heading","visibility":true,"settings":{"admin_label":"","title":"Pricing Package","heading_selector":"h2","use_link":0,"title_link":"","link_new_tab":"","title_fontsize":{"md":"50","sm":"","xs":"30"},"title_lineheight":{"md":"58","sm":"","xs":"40"},"title_letterspace":"","title_text_transform":"none","title_margin":{"md":"0px 0px 0px 0px","sm":"   ","xs":"   "},"title_padding":{"md":"0px 0px 0px 0px","sm":"   ","xs":"   "},"title_icon_position":"before","alignment":"sppb-text-center","title_text_shadow":"","class":"","global_background_type":"none","global_background_gradient":{"color":"#00c6fb","color2":"#005bea","deg":"45","type":"linear"},"global_use_overlay":0,"global_background_repeat":"no-repeat","global_background_size":"cover","global_background_attachment":"inherit","global_user_border":0,"global_border_width":"","global_border_radius":0,"global_margin":{"md":"0 0 15px 0","sm":"0 0 20px 0","xs":"0 0 10px 0"},"global_padding":{"md":"   ","sm":"   ","xs":"   "},"global_boxshadow":"0 0 0 0 #ffffff","global_use_animation":0,"global_animationduration":"300","global_animationdelay":"0","global_custom_css":"","use_global_width":"0","hidden_md":"0","hidden_sm":"0","hidden_xs":"0","acl":"","instFormId":1516596332033,"global_text_color":"#4A4A4A","title_font_family":"Merriweather","title_font_style":{"weight":""}}},{"id":1516596332036,"name":"heading","visibility":true,"settings":{"admin_label":"","title":"Usage of the Internet is becoming more common due to rapid","heading_selector":"h3","use_link":0,"title_link":"","link_new_tab":"","title_fontsize":{"md":"18","sm":"","xs":"14"},"title_lineheight":{"md":"28","sm":"","xs":"22"},"title_letterspace":"","title_text_transform":"none","title_margin":{"md":"0px 0px 0px 0px","sm":"   ","xs":"   "},"title_padding":{"md":"0px 0px 0px 0px","sm":"   ","xs":"   "},"title_icon_position":"before","alignment":"sppb-text-center","title_text_shadow":"","class":"","global_background_type":"none","global_background_gradient":{"color":"#00c6fb","color2":"#005bea","deg":"45","type":"linear"},"global_use_overlay":0,"global_background_repeat":"no-repeat","global_background_size":"cover","global_background_attachment":"inherit","global_user_border":0,"global_border_width":"","global_border_radius":0,"global_margin":{"md":"0 0 60px 0","sm":"0 0 50px 0","xs":"0 0 30px 0"},"global_padding":{"md":"   ","sm":"   ","xs":"   "},"global_boxshadow":"0 0 0 0 #ffffff","global_use_animation":0,"global_animationduration":"300","global_animationdelay":"0","global_custom_css":"","use_global_width":"0","hidden_md":"0","hidden_sm":"0","hidden_xs":"0","acl":"","instFormId":1516596332036,"global_text_color":"#989898","title_font_family":"Roboto","title_font_style":{"weight":400}}}]},{"id":1516596331151,"class_name":"col-md-4","visibility":true,"settings":{},"addons":[{"id":1516596331152,"name":"pricing","visibility":true,"settings":{"admin_label":"","title":"SILVER","heading_selector":"h3","title_fontsize":{"md":"13","sm":"","xs":""},"title_lineheight":{"md":"17","sm":"","xs":""},"title_fontstyle":["bold","uppercase"],"title_letterspace":"0","price":"50","price_color":"rgba(74,74,74,1)","price_font_size":{"md":"80","sm":"","xs":"30"},"price_symbol":"$","price_symbol_alignment":"middle","price_symbol_color":"","price_symbol_font_size":{"md":"20","sm":"","xs":""},"duration":"","duration_color":"rgba(74,74,74,1)","duration_font_size":{"md":"","sm":"","xs":""},"price_position":"after","price_margin_bottom":{"md":"40","sm":"","xs":""},"pricing_content":"Hands of Gold\nUp the River Spa\nPure Harmony Spa","pricing_content_font_size":{"md":"13","sm":"","xs":""},"pricing_content_gap":{"md":"15","sm":"","xs":""},"pricing_content_margin_bottom":{"md":"50","sm":"","xs":""},"button_text":"Buy Plan","button_fontstyle":["bolder"],"button_letterspace":"0","button_type":"custom","button_appearance":"outline","button_background_color":"rgba(152,152,152,1)","button_color":"rgba(152,152,152,1)","button_background_color_hover":"rgba(152,152,152,1)","button_color_hover":"#fff","alignment":"sppb-text-center","class":"","title_margin_top":{"md":"0","sm":"","xs":""},"title_margin_bottom":{"md":"20","sm":"","xs":""},"global_use_background":1,"global_user_border":1,"global_margin":{"md":"0px 0px 0px auto","sm":"0px 0px 30px 0px","xs":"0px 0px 30px 0px"},"global_padding":{"md":"50px 30px 50px 30px","sm":"   ","xs":"   "},"global_use_animation":0,"global_text_color":"rgba(152,152,152,1)","button_url":"#","title_text_color":"#464855","button_size":"sm","button_padding":{"md":"7px 35px 7px 35px","sm":"   ","xs":"   "},"global_background_color":"#ffffff","global_border_width":{"md":"1","sm":"","xs":""},"global_border_color":"#F2F2F2","global_boder_style":"solid","use_global_width":1,"hidden_md":0,"hidden_sm":0,"hidden_xs":0,"global_border_radius":{"md":"0","sm":"","xs":""},"instFormId":1516596331152,"title_font_family":"Merriweather","price_font_family":"Merriweather","pricing_content_font_family":"Merriweather Sans","button_font_family":"Merriweather Sans","button_font_style":{"weight":100},"global_width":{"md":"70","sm":"100","xs":"100"},"global_custom_css":".sppb-btn-custom{\n  border-width: 2px;\n}"}}]},{"id":1516596331153,"class_name":"col-md-4","visibility":true,"settings":{},"addons":[{"id":1516596332409,"name":"pricing","visibility":true,"settings":{"admin_label":"","title":"PLATINUM","heading_selector":"h3","title_fontsize":{"md":"18","sm":"","xs":""},"title_lineheight":{"md":"26","sm":"","xs":""},"title_fontstyle":["bold","uppercase"],"title_letterspace":"0","price":"99","price_color":"","price_font_size":{"md":"100","sm":"","xs":"30"},"price_symbol":"$","price_symbol_alignment":"middle","price_symbol_color":"","price_symbol_font_size":{"md":"26","sm":"","xs":""},"duration":"","duration_color":"rgba(74,74,74,1)","duration_font_size":{"md":"","sm":"","xs":""},"price_position":"after","price_margin_bottom":{"md":"50","sm":"","xs":""},"pricing_content":"Hands of Gold\nUp the River Spa\nPure Harmony Spa\nTranquil Garden Massages\nDrift Away Massage and Spa","pricing_content_font_size":{"md":"16","sm":"","xs":""},"pricing_content_gap":{"md":"15","sm":"","xs":""},"pricing_content_margin_bottom":{"md":"50","sm":"","xs":""},"button_text":"Buy Plan","button_fontstyle":["bolder"],"button_letterspace":"0","button_type":"custom","button_appearance":"","button_background_color":"#fff","button_color":"rgba(74,74,74,1)","button_background_color_hover":"rgba(74,74,74,1)","button_color_hover":"#fff","alignment":"sppb-text-center","class":"","title_margin_top":{"md":"0","sm":"","xs":""},"title_margin_bottom":{"md":"20","sm":"","xs":""},"global_use_background":1,"global_user_border":0,"global_margin":{"md":"0px 0px 0px auto","sm":"0px 0px 30px 0px","xs":"0px 0px 30px 0px"},"global_padding":{"md":"50px 30px 50px 30px","sm":"   ","xs":"   "},"global_use_animation":0,"global_text_color":"#fff","button_url":"#","title_text_color":"","button_size":"","button_padding":{"md":"12px 45px 12px 45px","sm":"   ","xs":"   "},"global_background_color":"rgba(144,19,254,1)","global_border_width":{"md":"1","sm":"","xs":""},"global_border_color":"#F2F2F2","global_boder_style":"solid","use_global_width":0,"hidden_md":0,"hidden_sm":0,"hidden_xs":0,"global_border_radius":{"md":"0","sm":"","xs":""},"instFormId":1516596332409,"title_font_family":"Merriweather","price_font_family":"Merriweather","pricing_content_font_family":"Merriweather Sans","button_font_family":"Merriweather Sans","button_font_style":{"weight":400},"global_width":{"md":"70","sm":"100","xs":""},"global_background_type":"color","global_link_color":"#fff","title_font_style":{"weight":400}}}]},{"id":1516596331155,"class_name":"col-md-4","visibility":true,"settings":{},"addons":[{"id":1516603565914,"name":"pricing","visibility":true,"settings":{"admin_label":"","title":"Gold","heading_selector":"h3","title_fontsize":{"md":"13","sm":"","xs":""},"title_lineheight":{"md":"17","sm":"","xs":""},"title_fontstyle":["bold","uppercase"],"title_letterspace":"0","price":"70","price_color":"rgba(74,74,74,1)","price_font_size":{"md":"80","sm":"","xs":"30"},"price_symbol":"$","price_symbol_alignment":"middle","price_symbol_color":"","price_symbol_font_size":{"md":"20","sm":"","xs":""},"duration":"","duration_color":"rgba(74,74,74,1)","duration_font_size":{"md":"","sm":"","xs":""},"price_position":"after","price_margin_bottom":{"md":"40","sm":"","xs":""},"pricing_content":"Hands of Gold\nUp the River Spa\nPure Harmony Spa","pricing_content_font_size":{"md":"13","sm":"","xs":""},"pricing_content_gap":{"md":"15","sm":"","xs":""},"pricing_content_margin_bottom":{"md":"50","sm":"","xs":""},"button_text":"Buy Plan","button_fontstyle":["bolder"],"button_letterspace":"0","button_type":"custom","button_appearance":"outline","button_background_color":"rgba(152,152,152,1)","button_color":"rgba(152,152,152,1)","button_background_color_hover":"rgba(152,152,152,1)","button_color_hover":"#fff","alignment":"sppb-text-center","class":"","title_margin_top":{"md":"0","sm":"","xs":""},"title_margin_bottom":{"md":"20","sm":"","xs":""},"global_use_background":1,"global_user_border":1,"global_margin":{"md":"0px 0px 0px 0px","sm":"0px 0px 30px 0px","xs":"0px 0px 30px 0px"},"global_padding":{"md":"50px 30px 50px 30px","sm":"   ","xs":"   "},"global_use_animation":0,"global_text_color":"rgba(152,152,152,1)","button_url":"#","title_text_color":"#464855","button_size":"sm","button_padding":{"md":"7px 35px 7px 35px","sm":"   ","xs":"   "},"global_background_color":"#ffffff","global_border_width":{"md":"1","sm":"","xs":""},"global_border_color":"#F2F2F2","global_boder_style":"solid","use_global_width":1,"hidden_md":0,"hidden_sm":0,"hidden_xs":0,"global_border_radius":{"md":"0","sm":"","xs":""},"instFormId":1516603565914,"title_font_family":"Merriweather","price_font_family":"Merriweather","pricing_content_font_family":"Merriweather Sans","button_font_family":"Merriweather Sans","button_font_style":{"weight":100},"global_width":{"md":"70","sm":"100","xs":"100"},"global_custom_css":".sppb-btn-custom{\n  border-width: 2px;\n}"}}]}]},{"id":1516603565989,"visibility":true,"collapse":false,"settings":{"admin_label":"","title":"","heading_selector":"h3","title_fontsize":"","title_fontweight":"","title_position":"sppb-text-center","columns_align_center":1,"fullscreen":0,"no_gutter":0,"padding":{"md":"130px 0px 120px 0px","sm":"   ","xs":"50px 0px 50px 0px"},"margin":{"md":"0px 0px 0px 0px","sm":"   ","xs":"   "},"background_type":"image","background_gradient":{"color":"rgba(120,115,245,1)","color2":"rgba(236,119,171,1)","deg":"90","type":"linear"},"background_image":"https://sppagebuilder.com/sample-data/images/2018/01/22/spa_cta.jpg","background_parallax":0,"background_repeat":"no-repeat","background_size":"cover","background_attachment":"fixed","background_position":"0 0","external_background_video":"0","show_top_shape":0,"shape_name":"clouds-flat","shape_color":"#e5e5e5","shape_width":{"md":100,"sm":100,"xs":100},"shape_height":"","shape_flip":false,"shape_invert":false,"shape_to_front":false,"show_bottom_shape":0,"bottom_shape_name":"clouds-opacity","bottom_shape_color":"#e5e5e5","bottom_shape_width":{"md":100,"sm":100,"xs":100},"bottom_shape_height":"","bottom_shape_flip":false,"bottom_shape_invert":false,"bottom_shape_to_front":false,"hidden_xs":"","hidden_sm":"","hidden_md":"","animationduration":"300","animationdelay":"0","instFormId":1516603565989,"background_color":"","color":"rgba(74,74,74,1)"},"layout":"6,6","columns":[{"id":1516603565886,"class_name":"col-md-6","visibility":true,"settings":{"background_type":"none","background_gradient":{"color":"#00c6fb","color2":"#005bea","deg":"45","type":"linear"},"background_image":"","background_repeat":"no-repeat","background_size":"cover","background_attachment":"scroll","background_position":"0 0","items_align_center":0,"use_border":0,"border_width":"","border_radius":0,"boxshadow":"0 0 0 0 #fff","sm_col":"","xs_col":"","hidden_xs":0,"hidden_sm":0,"hidden_md":0,"animationduration":"300","animationdelay":"0","instFormId":1515651802574,"padding":{"md":"   ","sm":"   ","xs":"   "},"margin":{"md":"   ","sm":"   ","xs":"   "}},"addons":[{"id":1516603565887,"name":"heading","visibility":true,"settings":{"admin_label":"","title":"Get 30% discount on your first Booking.","heading_selector":"h3","use_link":0,"title_link":"","link_new_tab":"","title_fontsize":{"md":"50","sm":"","xs":"30"},"title_lineheight":{"md":"70","sm":"","xs":"40"},"title_letterspace":"1px","title_text_transform":"none","title_margin":{"md":"0px 0px 0px 0px","sm":"   ","xs":"0px 0px 20px 0px"},"title_padding":{"md":"0px 0px 0px 0px","sm":"   ","xs":"   "},"title_icon_position":"before","alignment":"sppb-text-left","title_text_shadow":"","class":"","global_background_type":"none","global_background_gradient":{"color":"#00c6fb","color2":"#005bea","deg":"45","type":"linear"},"global_use_overlay":0,"global_background_repeat":"no-repeat","global_background_size":"cover","global_background_attachment":"inherit","global_user_border":0,"global_border_width":"","global_border_radius":0,"global_margin":{"md":"0 0 0px 0","sm":"0 0 20px 0","xs":"0px 0px 0px 0px"},"global_padding":{"md":"   ","sm":"   ","xs":"   "},"global_boxshadow":"0 0 0 0 #ffffff","global_use_animation":0,"global_animationduration":"300","global_animationdelay":"0","global_custom_css":"","use_global_width":1,"hidden_md":0,"hidden_sm":0,"hidden_xs":0,"acl":"","instFormId":1516603565887,"global_text_color":"","title_font_family":"Merriweather","title_font_style":{"weight":700},"global_width":{"md":"89","sm":"","xs":"100"}}}]},{"id":1516603565888,"class_name":"col-md-6","visibility":true,"settings":{"background_type":"none","background_gradient":{"color":"#00c6fb","color2":"#005bea","deg":"45","type":"linear"},"background_image":"","background_repeat":"no-repeat","background_size":"cover","background_attachment":"scroll","background_position":"0 0","items_align_center":0,"use_border":0,"border_width":"","border_radius":0,"boxshadow":"0 0 0 0 #fff","sm_col":"","xs_col":"","hidden_xs":0,"hidden_sm":0,"hidden_md":0,"animationduration":"300","animationdelay":"0","instFormId":1515651802576,"padding":{"md":"   ","sm":"   ","xs":"   "},"margin":{"md":"   ","sm":"   ","xs":"   "}},"addons":[{"id":1516603565889,"name":"optin_form","visibility":true,"settings":{"admin_label":"","title":"","heading_selector":"h3","title_fontsize":"","title_lineheight":"","title_letterspace":"0","platform":"mailchimp","hide_name":1,"acymailing_listids":"","mailchimp_api":"6a57b4cfe5c69dae263c77e834405c23-us7","mailchimp_listid":"b34927d5e3","mailchimp_action":"subscribed","sendgrid_api":"","sendinblue_api":"","sendinblue_listid":"","madmimi_user":"","madmimi_api":"","madmimi_listname":"","grid":"","optin_type":"normal","optin_timein":2000,"optin_timeout":10000,"optin_width":"600","alignment":"sppb-text-center","form_inline":1,"custom_input":1,"custom_input_bgcolor":"rgba(255, 255, 255, 0)","custom_input_color":"","custom_input_borderless":0,"custom_input_border_side":"","custom_input_border_style":"solid","custom_input_padding":"15px 15px 16px 15px","media_type":"","alt_text":"","icon_name":"","icon_size":82,"media_position":"","content":"","button_text":"Subscribe","use_custom_button":1,"button_fontstyle":["uppercase"],"button_letterspace":"0","button_type":"custom","button_appearance":"flat","button_background_color":"#fff","button_color":"rgba(74,74,74,1)","button_background_color_hover":"rgba(74,74,74,1)","button_color_hover":"#fff","class":"","global_background_type":"none","global_background_gradient":{"color":"#00c6fb","color2":"#005bea","deg":"45","type":"linear"},"global_use_overlay":0,"global_background_repeat":"no-repeat","global_background_size":"cover","global_background_attachment":"inherit","global_user_border":0,"global_border_width":"","global_border_radius":0,"global_margin":{"md":"auto auto auto auto","sm":"auto auto auto auto","xs":"auto auto auto auto"},"global_padding":{"md":"0px 0px 0px 50px","sm":"0px 0px 0px 0px","xs":"0px 0px 0px 0px"},"global_boxshadow":"0 0 0 0 #ffffff","global_use_animation":0,"global_animationduration":"300","global_animationdelay":"0","global_custom_css":".sppb-optin-form.form-inline .email-wrap, .sppb-optin-form.form-inline .name-wrap{\n\tpadding-right: 0px;\n}\n.sppb-optin-form input{\n\tborder-radius: 5px 0 0 5px;\n}\n.sppb-optin-form .sppb-btn{\n\tborder-radius: 0 5px 5px 0;\n}\n.sppb-optin-form input::placeholder{\n\tcolor: #000;\n}","use_global_width":0,"hidden_md":0,"hidden_sm":0,"hidden_xs":0,"acl":"","instFormId":1516603565889,"custom_input_bdr":"0","button_padding":"15px 25px 15px 25px","button_shape":"square","button_size":"sm","custom_input_border":"1","custom_input_border_color":"#ffffff","global_width":{"md":"45","sm":"75","xs":"100"}}}]}]}]