[{"id":1494834765767,"visibility":true,"collapse":false,"settings":{"admin_label":"Hero Section","title":"","heading_selector":"h3","title_fontsize":"","title_fontweight":"","title_text_color":"","title_margin_top":"","title_margin_bottom":"","subtitle":"","subtitle_fontsize":"","title_position":"sppb-text-center","columns_equal_height":"0","fullscreen":0,"no_gutter":0,"id":"","class":"","padding":{"md":"205px  200px ","sm":"100px  100px ","xs":"70px  70px "},"margin":{"md":"   ","sm":"   ","xs":"   "},"color":"","background_color":"","background_image":"https://sppagebuilder.com/sample-data/images/2017/07/10/img2x.jpg","overlay":"","background_repeat":"no-repeat","background_size":"cover","background_attachment":"inherit","background_position":"50% 50%","background_video":0,"background_video_mp4":"","background_video_ogv":"","hidden_xs":"","hidden_sm":"","hidden_md":"","animation":"","animationduration":"300","animationdelay":"0","columns_align_center":0,"background_parallax":0,"show_top_shape":0,"show_bottom_shape":0},"layout":"12","columns":[{"id":1494834765768,"class_name":"col-md-12","visibility":true,"settings":{},"addons":[{"id":1499321738685,"name":"heading","visibility":true,"settings":{"admin_label":"Hi Im Maria Mia Health & Yoga Trainer.","title":"Hi I'm Maria Mia Health & Yoga Trainer.","heading_selector":"h2","use_link":0,"title_link":"","link_new_tab":"0","title_fontsize":{"md":"48","sm":"","xs":"35"},"title_fontstyle":null,"title_fontweight":"900","title_lineheight":{"md":"70","sm":"","xs":"45"},"title_letterspace":"0","title_margin":{"md":"0px 0px 15px 0px","sm":"   ","xs":"   "},"title_padding":{"md":"   ","sm":"   ","xs":"   "},"alignment":"sppb-text-left","class":"","global_text_color":"rgba(74, 74, 74, 1)","global_link_color":"","global_link_hover_color":"","global_use_background":"0","global_background_color":"","global_background_image":"","global_background_repeat":"no-repeat","global_background_size":"cover","global_background_attachment":"inherit","global_user_border":"0","global_border_width":"","global_border_color":"","global_boder_style":"none","global_border_radius":"","global_margin":"","global_padding":"","global_use_animation":"1","global_animation":"fadeInDown","global_animationduration":"700","global_animationdelay":"","hidden_md":0,"hidden_sm":0,"hidden_xs":0,"acl":null,"use_global_width":1,"global_width":{"md":"50","sm":"85","xs":"100"}}},{"id":1494846467168,"name":"heading","visibility":true,"settings":{"admin_label":"When you are down and out how do you get up and go forward","title":"When you are down and out how do you get up and go forward","heading_selector":"h3","use_link":0,"title_link":"","link_new_tab":"0","title_fontsize":{"md":"20","sm":"","xs":"16"},"title_fontstyle":null,"title_fontweight":"300","title_lineheight":{"md":"30","sm":"","xs":"22"},"title_letterspace":"0","title_margin":{"md":"0px 0px 30px 0px","sm":"   ","xs":"   "},"title_padding":{"md":"   ","sm":"   ","xs":"   "},"alignment":"sppb-text-left","class":"","global_text_color":"rgba(135, 135, 135, 1)","global_link_color":"","global_link_hover_color":"","global_use_background":"0","global_background_color":"","global_background_image":"","global_background_repeat":"no-repeat","global_background_size":"cover","global_background_attachment":"inherit","global_user_border":"0","global_border_width":"","global_border_color":"","global_boder_style":"none","global_border_radius":"","global_margin":"","global_padding":"","global_use_animation":"1","global_animation":"fadeInDown","global_animationduration":"700","global_animationdelay":"","hidden_md":"0","hidden_sm":"0","hidden_xs":"0","acl":null}},{"id":1494846739215,"name":"button","visibility":true,"settings":{"admin_label":"See more","text":"See more","alignment":"sppb-text-left","fontstyle":["uppercase"],"letterspace":"0","url":"#","target":"","type":"custom","appearance":"","background_color":"rgba(226, 87, 76, 1)","color":"#ffffff","background_color_hover":"rgba(191, 78, 63, 1)","color_hover":"#ffffff","button_padding":{"md":"15px 45px 15px 45px","sm":"   ","xs":"10px 20px 10px 20px"},"size":"","shape":"round","block":"","icon":"","icon_position":"left","class":"","global_text_color":"","global_link_color":"","global_link_hover_color":"","global_use_background":"0","global_background_color":"","global_background_image":"","global_background_repeat":"no-repeat","global_background_size":"cover","global_background_attachment":"inherit","global_user_border":"0","global_border_width":"","global_border_color":"","global_boder_style":"none","global_border_radius":"","global_margin":"","global_padding":"","global_use_animation":"1","global_animation":"fadeInUp","global_animationduration":"700","global_animationdelay":"","hidden_md":"0","hidden_sm":"0","hidden_xs":"0","acl":null}}]}]},{"id":1494847035476,"visibility":true,"collapse":false,"settings":{"admin_label":"Features","title":"","heading_selector":"h3","title_fontsize":"","title_fontweight":"","title_text_color":"","title_margin_top":"","title_margin_bottom":"","subtitle":"","subtitle_fontsize":"","title_position":"sppb-text-center","columns_equal_height":"0","fullscreen":0,"no_gutter":0,"id":"","class":"","padding":{"md":"93px   ","sm":"50px   ","xs":"50px   "},"margin":{"md":"   ","sm":"   ","xs":"   "},"color":"","background_color":"","background_image":"","overlay":"","background_repeat":"no-repeat","background_size":"cover","background_attachment":"fixed","background_position":"0 0","background_video":0,"background_video_mp4":"","background_video_ogv":"","hidden_xs":"","hidden_sm":"","hidden_md":"","animation":"","animationduration":"300","animationdelay":"0","columns_align_center":0,"background_parallax":0,"show_top_shape":0,"show_bottom_shape":0},"layout":"12,4,4,4","columns":[{"id":1494493363858,"class_name":"col-md-12","visibility":true,"settings":{},"addons":[{"id":1494493363861,"name":"heading","visibility":true,"settings":{"admin_label":"Experience","title":"Experience","heading_selector":"h2","use_link":0,"title_link":"","link_new_tab":"0","title_fontsize":"28","title_fontstyle":null,"title_fontweight":"700","title_lineheight":{"md":"45","sm":"","xs":""},"title_letterspace":"0","title_margin":{"md":"  0px ","sm":"   ","xs":"   "},"title_padding":{"md":"0px 0px 0px 0px","sm":"   ","xs":"   "},"alignment":"sppb-text-center","class":"","global_text_color":"rgba(74, 74, 74, 1)","global_link_color":"","global_link_hover_color":"","global_use_background":"0","global_background_color":"","global_background_image":"","global_background_repeat":"no-repeat","global_background_size":"cover","global_background_attachment":"inherit","global_user_border":"0","global_border_width":"","global_border_color":"","global_boder_style":"none","global_border_radius":"","global_margin":"","global_padding":"","global_use_animation":"0","global_animation":"","global_animationduration":"300","global_animationdelay":"0","hidden_md":"0","hidden_sm":"0","hidden_xs":"0","acl":null}},{"id":1494493363864,"name":"heading","visibility":true,"settings":{"admin_label":"Ready to wear bifocal contact","title":"Ready to wear bifocal contact","heading_selector":"h3","use_link":0,"title_link":"","link_new_tab":"0","title_fontsize":{"md":"18","sm":"","xs":"16"},"title_fontstyle":null,"title_fontweight":"300","title_lineheight":{"md":"24","sm":"","xs":"22"},"title_letterspace":"0","title_margin":{"md":"  60px ","sm":"  30px ","xs":"  30px "},"title_padding":{"md":"   ","sm":"   ","xs":"   "},"alignment":"sppb-text-center","class":"","global_text_color":"rgba(135, 135, 135, 1)","global_link_color":"","global_link_hover_color":"","global_use_background":0,"global_background_color":"","global_background_image":"","global_background_repeat":"no-repeat","global_background_size":"cover","global_background_attachment":"inherit","global_user_border":0,"global_border_width":"","global_border_color":"","global_boder_style":"none","global_border_radius":"","global_margin":{"md":"   ","sm":"   ","xs":"   "},"global_padding":{"md":"   ","sm":"   ","xs":"   "},"global_use_animation":0,"global_animation":"","global_animationduration":"300","global_animationdelay":"0","hidden_md":"0","hidden_sm":"0","hidden_xs":"0","acl":null}}]},{"id":1510029847309,"class_name":"col-md-4","visibility":true,"settings":{"default":{"background_image":"","background_repeat":"no-repeat","background_size":"cover","background_attachment":"scroll","background_position":"0 0","items_align_center":0,"boxshadow":"0 0 0 0 #fff","sm_col":"","xs_col":"","hidden_xs":"","hidden_sm":"","hidden_md":"","animationduration":"300","animationdelay":"0"},"items_align_center":0,"padding":{"md":"   ","sm":"   ","xs":"   "},"hidden_xs":0,"hidden_sm":0,"hidden_md":0},"addons":[{"id":1494496278621,"name":"feature","visibility":true,"settings":{"admin_label":"Fitness Specialist","title":"Fitness Specialist","heading_selector":"h3","title_position":"after","title_fontsize":{"md":"20","sm":"","xs":"18"},"title_lineheight":"","title_fontstyle":null,"title_letterspace":"0","title_fontweight":"700","title_text_color":"rgba(41, 51, 64, 1)","title_margin_top":"30","title_margin_bottom":"25","title_url":"","url_appear":"title","feature_type":"image","feature_image":"https://sppagebuilder.com/sample-data/images/2017/07/07/icon7.png","icon_name":"fa-tachometer","icon_size":"48","icon_color":"rgba(184, 233, 134, 1)","icon_background":"","icon_border_color":"","icon_border_width":"","icon_border_radius":"","icon_margin_top":"","icon_margin_bottom":"","icon_padding":"","text":"Lorem Ipsum has been the industry's standard dummy text ever since the 1500s","alignment":"sppb-text-center","class":"","global_text_color":"#878787","global_link_color":"","global_link_hover_color":"","global_use_background":0,"global_background_color":"","global_background_image":"","global_background_repeat":"no-repeat","global_background_size":"cover","global_background_attachment":"inherit","global_user_border":0,"global_border_width":"","global_border_color":"","global_boder_style":"none","global_border_radius":"","global_margin":{"md":" auto 30px auto","sm":"   ","xs":"   "},"global_padding":{"md":"   ","sm":"   ","xs":"   "},"global_use_animation":1,"global_animation":"fadeInLeft","global_animationduration":"700","global_animationdelay":"","hidden_md":0,"hidden_sm":0,"hidden_xs":0,"acl":null,"text_fontsize":{"md":"16","sm":"","xs":"14"},"use_global_width":1,"global_width":{"md":"65","sm":"","xs":"100"},"text_lineheight":{"md":"","sm":"","xs":""}}}]},{"id":1510029847310,"class_name":"col-md-4","visibility":true,"settings":{},"addons":[{"id":1510029846213,"name":"feature","visibility":true,"settings":{"admin_label":"","title":"Yoga Specialist","heading_selector":"h3","title_position":"after","title_fontsize":{"md":"20","sm":"","xs":"18"},"title_lineheight":"","title_fontstyle":null,"title_letterspace":"0","title_fontweight":"700","title_text_color":"rgba(41, 51, 64, 1)","title_margin_top":"30","title_margin_bottom":"25","title_url":"","url_appear":"title","feature_type":"image","feature_image":"https://sppagebuilder.com/sample-data/images/2017/07/07/icon8.png","icon_name":"fa-tachometer","icon_size":"48","icon_color":"rgba(184, 233, 134, 1)","icon_background":"","icon_border_color":"","icon_border_width":"","icon_border_radius":"","icon_margin_top":"","icon_margin_bottom":"","icon_padding":"","text":"Lorem Ipsum has been the industry's standard dummy text ever since the 1500s","alignment":"sppb-text-center","class":"","global_text_color":"#878787","global_link_color":"","global_link_hover_color":"","global_use_background":0,"global_background_color":"","global_background_image":"","global_background_repeat":"no-repeat","global_background_size":"cover","global_background_attachment":"inherit","global_user_border":0,"global_border_width":"","global_border_color":"","global_boder_style":"none","global_border_radius":"","global_margin":{"md":" auto 30px auto","sm":"   ","xs":"   "},"global_padding":{"md":"   ","sm":"   ","xs":"   "},"global_use_animation":1,"global_animation":"fadeInLeft","global_animationduration":"700","global_animationdelay":"300","hidden_md":0,"hidden_sm":0,"hidden_xs":0,"acl":null,"text_fontsize":{"md":"16","sm":"","xs":"14"},"use_global_width":1,"global_width":{"md":"65","sm":"","xs":"100"},"text_lineheight":{"md":"","sm":"","xs":""}}}]},{"id":1510029847311,"class_name":"col-md-4","visibility":true,"settings":{},"addons":[{"id":1510029846208,"name":"feature","visibility":true,"settings":{"admin_label":"","title":"Health Specialist","heading_selector":"h3","title_position":"after","title_fontsize":{"md":"20","sm":"","xs":"18"},"title_lineheight":"","title_fontstyle":null,"title_letterspace":"0","title_fontweight":"700","title_text_color":"rgba(41, 51, 64, 1)","title_margin_top":"30","title_margin_bottom":"25","title_url":"","url_appear":"title","feature_type":"image","feature_image":"https://sppagebuilder.com/sample-data/images/2017/07/07/icon9.png","icon_name":"fa-tachometer","icon_size":"48","icon_color":"rgba(184, 233, 134, 1)","icon_background":"","icon_border_color":"","icon_border_width":"","icon_border_radius":"","icon_margin_top":"","icon_margin_bottom":"","icon_padding":"","text":"Lorem Ipsum has been the industry's standard dummy text ever since the 1500s","alignment":"sppb-text-center","class":"","global_text_color":"#878787","global_link_color":"","global_link_hover_color":"","global_use_background":0,"global_background_color":"","global_background_image":"","global_background_repeat":"no-repeat","global_background_size":"cover","global_background_attachment":"inherit","global_user_border":0,"global_border_width":"","global_border_color":"","global_boder_style":"none","global_border_radius":"","global_margin":{"md":" auto 30px auto","sm":"   ","xs":"   "},"global_padding":{"md":"   ","sm":"   ","xs":"   "},"global_use_animation":1,"global_animation":"fadeInLeft","global_animationduration":"700","global_animationdelay":"600","hidden_md":0,"hidden_sm":0,"hidden_xs":0,"acl":null,"text_fontsize":{"md":"16","sm":"","xs":"14"},"use_global_width":1,"global_width":{"md":"65","sm":"","xs":"100"},"text_lineheight":{"md":"","sm":"","xs":""}}}]}]},{"id":1499404865098,"visibility":true,"collapse":false,"settings":{"admin_label":"Group Session","title":"","heading_selector":"h3","title_fontsize":"","title_fontweight":"","title_text_color":"","title_margin_top":"","title_margin_bottom":"","subtitle":"","subtitle_fontsize":"","title_position":"sppb-text-center","columns_equal_height":"0","fullscreen":0,"no_gutter":0,"id":"","class":"","padding":{"md":"35px 0px 50px 0px","sm":"0px  0px ","xs":"   "},"margin":{"md":"   ","sm":"   ","xs":"   "},"color":"","background_color":"","background_image":"","overlay":"","background_repeat":"no-repeat","background_size":"cover","background_attachment":"fixed","background_position":"0 0","background_video":0,"background_video_mp4":"","background_video_ogv":"","hidden_xs":"","hidden_sm":"","hidden_md":"","animation":"","animationduration":"300","animationdelay":"0","columns_align_center":1,"background_parallax":0,"show_top_shape":0,"show_bottom_shape":0},"layout":"7,5","columns":[{"id":1499404865099,"class_name":"col-md-7","visibility":true,"settings":{},"addons":[{"id":1499406225451,"name":"image","visibility":true,"settings":{"admin_label":"","title":"","heading_selector":"h3","title_fontsize":"","title_lineheight":"","title_fontstyle":null,"title_letterspace":"0","title_fontweight":"","title_text_color":"","title_margin_top":"","title_margin_bottom":"","image":"https://sppagebuilder.com/sample-data/images/2017/07/07/session-pic1.png","alt_text":"image","position":"sppb-text-left","open_lightbox":0,"overlay_color":"rgba(119, 219, 31, 0.5)","link":"","target":"","class":"","global_text_color":"","global_link_color":"","global_link_hover_color":"","global_use_background":0,"global_background_color":"","global_background_image":"","global_background_repeat":"no-repeat","global_background_size":"cover","global_background_attachment":"inherit","global_user_border":0,"global_border_width":"","global_border_color":"","global_boder_style":"none","global_border_radius":"","global_margin":{"md":"   ","sm":"   ","xs":"   "},"global_padding":{"md":"   ","sm":"   ","xs":"   "},"global_use_animation":0,"global_animation":"","global_animationduration":"300","global_animationdelay":"0","hidden_md":"0","hidden_sm":"0","hidden_xs":"0","acl":null}}]},{"id":1499404865100,"class_name":"col-md-5","visibility":true,"settings":{},"addons":[{"id":1510031176930,"name":"text_block","visibility":true,"settings":{"admin_label":"","title":"Group Session","heading_selector":"h3","title_fontsize":{"md":"28","sm":"","xs":""},"title_lineheight":{"md":"35","sm":"","xs":""},"title_letterspace":"0","title_fontweight":"","text":"When it comes to choosing an antiaging eye cream, the possibilities are endless. The choices range from high end department store brands, to affordable names brands and can be found in all<br /><br />There&rsquo;s a new hairstyle that seems to be sweeping Hollywood: what would you be willing to do to get it for yourself?","alignment":"","text_fontsize":{"md":"16","sm":"","xs":"14"},"text_lineheight":{"md":"","sm":"","xs":"22"},"dropcap":0,"class":"","title_font_style":{"weight":800},"title_margin_bottom":{"md":"12","sm":"","xs":""},"global_use_background":0,"global_user_border":0,"global_margin":{"md":"  30px ","sm":"   ","xs":"   "},"global_padding":{"md":"   ","sm":"   ","xs":"   "},"global_use_animation":0,"global_text_color":"rgba(135, 135, 135, 1)","title_text_color":"rgba(74, 74, 74, 1)"}},{"id":1510029846527,"name":"button","visibility":true,"settings":{"admin_label":"See more","text":"See more","alignment":"sppb-text-left","fontstyle":["uppercase"],"letterspace":"0","url":"#","target":"","type":"custom","appearance":"","background_color":"rgba(226, 87, 76, 1)","color":"#ffffff","background_color_hover":"rgba(191, 78, 63, 1)","color_hover":"#ffffff","button_padding":{"md":"11px 45px 11px 45px","sm":"   ","xs":"10px 20px 10px 20px"},"size":"","shape":"round","block":"","icon":"","icon_position":"left","class":"","global_text_color":"","global_link_color":"","global_link_hover_color":"","global_use_background":0,"global_background_color":"","global_background_image":"","global_background_repeat":"no-repeat","global_background_size":"cover","global_background_attachment":"inherit","global_user_border":0,"global_border_width":"","global_border_color":"","global_boder_style":"none","global_border_radius":"","global_margin":{"md":"   ","sm":"   ","xs":"   "},"global_padding":{"md":"   ","sm":"   ","xs":"   "},"global_use_animation":1,"global_animation":"fadeInUp","global_animationduration":"700","global_animationdelay":"","hidden_md":"0","hidden_sm":"0","hidden_xs":"0","acl":null}}]}]},{"id":1499404865132,"visibility":true,"collapse":false,"settings":{"admin_label":"Personal Session","title":"","heading_selector":"h3","title_fontsize":"","title_fontweight":"","title_text_color":"","title_margin_top":"","title_margin_bottom":"","subtitle":"","subtitle_fontsize":"","title_position":"sppb-text-center","columns_equal_height":"0","fullscreen":0,"no_gutter":0,"id":"","class":"","padding":{"md":"50px   ","sm":"   ","xs":"0px   "},"margin":{"md":"   ","sm":"   ","xs":"   "},"color":"","background_color":"","background_image":"","overlay":"","background_repeat":"no-repeat","background_size":"cover","background_attachment":"fixed","background_position":"0 0","background_video":0,"background_video_mp4":"","background_video_ogv":"","hidden_xs":"","hidden_sm":"","hidden_md":"","animation":"","animationduration":"300","animationdelay":"0","columns_align_center":1,"background_parallax":0,"show_top_shape":0,"show_bottom_shape":0},"layout":"7,5","columns":[{"id":1499404865135,"class_name":"col-md-7","visibility":true,"settings":{"background_image":"","background_repeat":"no-repeat","background_size":"cover","background_attachment":"scroll","background_position":"0 0","boxshadow":"0 0 0 0 #fff","sm_col":"","xs_col":"","hidden_xs":"","hidden_sm":"","hidden_md":"","animationduration":"300","animationdelay":"0","padding":{"md":"   200px","sm":"   0px","xs":"   0px"}},"addons":[{"id":1510029846524,"name":"text_block","visibility":true,"settings":{"admin_label":"","title":"Personal Session","heading_selector":"h3","title_fontsize":{"md":"28","sm":"","xs":""},"title_lineheight":{"md":"35","sm":"","xs":""},"title_letterspace":"0","title_fontweight":"","text":"When it comes to choosing an antiaging eye cream, the possibilities are endless. The choices range from high end department store brands, to affordable names brands and can be found in all<br /><br />There&rsquo;s a new hairstyle that seems to be sweeping Hollywood: what would you be willing to do to get it for yourself?","alignment":"","text_fontsize":{"md":"16","sm":"","xs":"14"},"text_lineheight":{"md":"","sm":"","xs":"22"},"dropcap":0,"class":"","title_font_style":{"weight":800},"title_margin_bottom":{"md":"12","sm":"","xs":""},"global_use_background":0,"global_user_border":0,"global_margin":{"md":"  30px ","sm":"   ","xs":"   "},"global_padding":{"md":"   ","sm":"   ","xs":"   "},"global_use_animation":0,"global_text_color":"rgba(135, 135, 135, 1)","title_text_color":"rgba(74, 74, 74, 1)"}},{"id":1499404865115,"name":"button","visibility":true,"settings":{"admin_label":"See more","text":"See more","alignment":"sppb-text-left","fontstyle":["uppercase"],"letterspace":"0","url":"#","target":"","type":"custom","appearance":"","background_color":"rgba(226, 87, 76, 1)","color":"#ffffff","background_color_hover":"rgba(191, 78, 63, 1)","color_hover":"#ffffff","button_padding":{"md":"11px 45px 11px 45px","sm":"   ","xs":"10px 20px 10px 20px"},"size":"","shape":"round","block":"","icon":"","icon_position":"left","class":"","global_text_color":"","global_link_color":"","global_link_hover_color":"","global_use_background":0,"global_background_color":"","global_background_image":"","global_background_repeat":"no-repeat","global_background_size":"cover","global_background_attachment":"inherit","global_user_border":0,"global_border_width":"","global_border_color":"","global_boder_style":"none","global_border_radius":"","global_margin":{"md":"   ","sm":"   ","xs":"   "},"global_padding":{"md":"   ","sm":"   ","xs":"   "},"global_use_animation":1,"global_animation":"fadeInUp","global_animationduration":"700","global_animationdelay":"","hidden_md":"0","hidden_sm":"0","hidden_xs":"0","acl":null}}]},{"id":1499404865133,"class_name":"col-md-5","visibility":true,"settings":{},"addons":[{"id":1499404865134,"name":"image","visibility":true,"settings":{"admin_label":"","title":"","heading_selector":"h3","title_fontsize":"","title_lineheight":"","title_fontstyle":null,"title_letterspace":"0","title_fontweight":"","title_text_color":"","title_margin_top":"","title_margin_bottom":"","image":"https://sppagebuilder.com/sample-data/images/2017/07/07/session-pic2.jpg","alt_text":"image","position":"sppb-text-center","open_lightbox":0,"overlay_color":"rgba(119, 219, 31, 0.5)","link":"","target":"","class":"","global_text_color":"","global_link_color":"","global_link_hover_color":"","global_use_background":"0","global_background_color":"","global_background_image":"","global_background_repeat":"no-repeat","global_background_size":"cover","global_background_attachment":"inherit","global_user_border":"0","global_border_width":"","global_border_color":"","global_boder_style":"none","global_border_radius":"","global_margin":"","global_padding":"","global_use_animation":"0","global_animation":"","global_animationduration":"300","global_animationdelay":"0","hidden_md":"0","hidden_sm":"0","hidden_xs":"0","acl":null}}]}]},{"id":1499404204012,"visibility":true,"collapse":false,"settings":{"admin_label":"Play Video","title":"","heading_selector":"h3","title_fontsize":"","title_fontweight":"","title_text_color":"","title_margin_top":"","title_margin_bottom":"","subtitle":"","subtitle_fontsize":"","title_position":"sppb-text-center","columns_equal_height":"0","fullscreen":0,"no_gutter":0,"id":"","class":"","padding":{"md":"245px  245px ","sm":"120px  120px ","xs":"70px  70px "},"margin":{"md":"   ","sm":"   ","xs":"   "},"color":"","background_color":"","background_image":"https://sppagebuilder.com/sample-data/images/2017/07/07/bg-image.jpg","overlay":"","background_repeat":"no-repeat","background_size":"cover","background_attachment":"inherit","background_position":"50% 50%","background_video":0,"background_video_mp4":"","background_video_ogv":"","hidden_xs":"","hidden_sm":"","hidden_md":"","animation":"","animationduration":"300","animationdelay":"0","columns_align_center":0,"background_parallax":1,"show_top_shape":0,"show_bottom_shape":0},"layout":"12","columns":[{"id":1494934024830,"class_name":"col-md-12","visibility":true,"settings":{},"addons":[{"id":1494935443559,"name":"modal","visibility":true,"settings":{"admin_label":"","modal_selector":"image","button_text":"Button Text","button_type":"default","button_fontstyle":null,"button_letterspace":"0","button_padding":"","button_background_color":"#444444","button_color":"#ffffff","button_background_color_hover":"#222222","button_color_hover":"#ffffff","button_size":"","button_appearance":"","button_shape":"rounded","button_block":"","button_icon":"","button_icon_position":"left","selector_image":"https://sppagebuilder.com/sample-data/images/2017/07/07/play-icon3.png","selector_icon_name":"","selector_icon_size":"36","selector_icon_color":"","selector_icon_background":"","selector_icon_border_color":"","selector_icon_border_width":"","selector_icon_border_radius":"","selector_icon_padding":"","modal_content_type":"video","modal_content_text":"\t\t\tKevin chicken fatback sirloin ball tip, flank meatloaf t-bone. Meatloaf shankle swine pancetta biltong capicola ham hock meatball. Shoulder bacon andouille ground round pancetta pastrami. Sirloin beef ribs tenderloin rump corned beef filet mignon capicola kielbasa drumstick chuck turducken beef t-bone ribeye. Pork loin ground round t-bone chuck beef ribs swine pastrami cow. Venison tenderloin drumstick, filet mignon salami jowl sausage shank hamburger meatball ribeye kevin tri-tip. Swine kielbasa tenderloin fatback pork shankle andouille, flank frankfurter jerky chicken tri-tip jowl leberkas.&lt;br&gt;&lt;br&gt;Pancetta chicken pork belly beef cow kielbasa fatback sirloin biltong andouille bacon. Sirloin beef tenderloin porchetta, jerky tri-tip andouille sausage landjaeger shank bresaola short ribs tongue meatloaf fatback. Kielbasa pancetta shoulder tri-tip pastrami filet mignon ham corned beef prosciutto doner beef ribs. Doner sausage ham hock, shoulder sirloin pancetta boudin filet mignon chuck. Meatball ham hock beef, filet mignon tri-tip andouille venison ground round chuck turducken drumstick.","modal_content_image":"","modal_content_video_url":"https://www.youtube.com/watch?v=fDlDl5IEaB8","modal_popup_width":"760","modal_popup_height":"440","alignment":"sppb-text-center","class":"","global_text_color":"","global_link_color":"","global_link_hover_color":"","global_use_background":"0","global_background_color":"","global_background_image":"","global_background_repeat":"no-repeat","global_background_size":"cover","global_background_attachment":"inherit","global_user_border":"0","global_border_width":"","global_border_color":"","global_boder_style":"none","global_border_radius":"","global_margin":"","global_padding":"","global_use_animation":"0","global_animation":"","global_animationduration":"300","global_animationdelay":"0","hidden_md":"0","hidden_sm":"0","hidden_xs":"0","acl":null}}]}]},{"id":1499331749676,"visibility":true,"collapse":false,"settings":{"admin_label":"Pricing Table","title":"","heading_selector":"h3","title_fontsize":"","title_fontweight":"","title_text_color":"","title_margin_top":"","title_margin_bottom":"","subtitle":"","subtitle_fontsize":"","title_position":"sppb-text-center","columns_equal_height":"0","fullscreen":0,"no_gutter":0,"id":"","class":"","padding":{"md":"95px  70px ","sm":"   ","xs":"50px  20px "},"margin":{"md":"   ","sm":"   ","xs":"   "},"color":"","background_color":"","background_image":"","overlay":"","background_repeat":"no-repeat","background_size":"cover","background_attachment":"fixed","background_position":"0 0","background_video":0,"background_video_mp4":"","background_video_ogv":"","hidden_xs":"","hidden_sm":"","hidden_md":"","animation":"","animationduration":"300","animationdelay":"0","columns_align_center":0,"background_parallax":0,"show_top_shape":0,"show_bottom_shape":0},"layout":"12,4,4,4","columns":[{"id":1499331749677,"class_name":"col-md-12","visibility":true,"settings":{},"addons":[{"id":1499404865157,"name":"heading","visibility":true,"settings":{"admin_label":"Pricing","title":"Pricing","heading_selector":"h2","use_link":0,"title_link":"","link_new_tab":"0","title_fontsize":"28","title_fontstyle":null,"title_fontweight":"700","title_lineheight":{"md":"35","sm":"","xs":""},"title_letterspace":"0","title_margin":{"md":"  20px ","sm":"   ","xs":"  5px "},"title_padding":{"md":"   ","sm":"   ","xs":"   "},"alignment":"sppb-text-center","class":"","global_text_color":"rgba(74, 74, 74, 1)","global_link_color":"","global_link_hover_color":"","global_use_background":"0","global_background_color":"","global_background_image":"","global_background_repeat":"no-repeat","global_background_size":"cover","global_background_attachment":"inherit","global_user_border":"0","global_border_width":"","global_border_color":"","global_boder_style":"none","global_border_radius":"","global_margin":"","global_padding":"","global_use_animation":"0","global_animation":"","global_animationduration":"300","global_animationdelay":"0","hidden_md":"0","hidden_sm":"0","hidden_xs":"0","acl":null}},{"id":1499404865160,"name":"heading","visibility":true,"settings":{"admin_label":"Ready to wear bifocal contact","title":"Ready to wear bifocal contact","heading_selector":"h3","use_link":0,"title_link":"","link_new_tab":"0","title_fontsize":{"md":"18","sm":"","xs":"16"},"title_fontstyle":null,"title_fontweight":"300","title_lineheight":{"md":"","sm":"","xs":"22"},"title_letterspace":"0","title_margin":{"md":"  60px ","sm":"  30px ","xs":"  30px "},"title_padding":{"md":"   ","sm":"   ","xs":"   "},"alignment":"sppb-text-center","class":"","global_text_color":"rgba(135, 135, 135, 1)","global_link_color":"","global_link_hover_color":"","global_use_background":0,"global_background_color":"","global_background_image":"","global_background_repeat":"no-repeat","global_background_size":"cover","global_background_attachment":"inherit","global_user_border":0,"global_border_width":"","global_border_color":"","global_boder_style":"none","global_border_radius":"","global_margin":{"md":"   ","sm":"   ","xs":"   "},"global_padding":{"md":"   ","sm":"   ","xs":"   "},"global_use_animation":0,"global_animation":"","global_animationduration":"300","global_animationdelay":"0","hidden_md":"0","hidden_sm":"0","hidden_xs":"0","acl":null}}]},{"id":1510029847365,"class_name":"col-md-4","visibility":true,"settings":{"default":{"background_image":"","background_repeat":"no-repeat","background_size":"cover","background_attachment":"scroll","background_position":"0 0","items_align_center":0,"boxshadow":"0 0 0 0 #fff","sm_col":"","xs_col":"","hidden_xs":"","hidden_sm":"","hidden_md":"","animationduration":"300","animationdelay":"0"},"items_align_center":0,"padding":{"md":"   ","sm":"   ","xs":"   "},"hidden_xs":0,"hidden_sm":0,"hidden_md":0,"sm_col":"col-sm-4"},"addons":[{"id":1494495472964,"name":"pricing","visibility":true,"settings":{"admin_label":"PERSONAL","title":"PERSONAL","price":"$70","duration":"","pricing_content":"• Fresh look\n• With trimmer\n• Limited statistic","background":"","color":"","button_text":"See more","button_fontstyle":["uppercase"],"button_letterspace":"0","button_url":"#","button_target":"","button_type":"custom","button_appearance":"","button_background_color":"rgba(226, 87, 76, 1)","button_color":"#ffffff","button_background_color_hover":"rgba(163, 71, 59, 1)","button_color_hover":"rgba(255, 255, 255, 1)","button_size":"sm","button_shape":"rounded","button_block":"","button_icon":"","button_icon_position":"left","featured":"","alignment":"sppb-text-center","class":"","global_text_color":"","global_link_color":"","global_link_hover_color":"","global_use_background":0,"global_background_color":"","global_background_image":"","global_background_repeat":"no-repeat","global_background_size":"cover","global_background_attachment":"inherit","global_user_border":1,"global_border_width":{"md":"1","sm":"","xs":""},"global_border_color":"#E1E1E1","global_boder_style":"solid","global_border_radius":"","global_margin":{"md":"  30px ","sm":"   ","xs":"   "},"global_padding":{"md":"20px 30px 20px 30px","sm":"   ","xs":"   "},"global_use_animation":0,"global_animation":"","global_animationduration":"300","global_animationdelay":"0","hidden_md":"0","hidden_sm":"0","hidden_xs":"0","acl":null,"button_padding":{"md":"5px 15px 5px 15px","sm":"   ","xs":"   "},"title_font_style":{"weight":700},"price_position":"after","price_font_size":{"md":"25","sm":"","xs":""},"pricing_content_gap":{"md":"10","sm":"","xs":""}}}]},{"id":1510029847366,"class_name":"col-md-4","visibility":true,"settings":{"default":{"background_image":"","background_repeat":"no-repeat","background_size":"cover","background_attachment":"scroll","background_position":"0 0","items_align_center":0,"boxshadow":"0 0 0 0 #fff","sm_col":"","xs_col":"","hidden_xs":"","hidden_sm":"","hidden_md":"","animationduration":"300","animationdelay":"0"},"items_align_center":0,"padding":{"md":"   ","sm":"   ","xs":"   "},"hidden_xs":0,"hidden_sm":0,"hidden_md":0,"sm_col":"col-sm-4"},"addons":[{"id":1510029846840,"name":"pricing","visibility":true,"settings":{"admin_label":"GROUP","title":"GROUP","price":"$250","duration":"","pricing_content":"• Fresh look\n• With trimmer\n• Limited statistic","background":"","color":"","button_text":"See more","button_fontstyle":["uppercase"],"button_letterspace":"0","button_url":"#","button_target":"","button_type":"custom","button_appearance":"","button_background_color":"#fff","button_color":"rgba(226, 87, 76, 1)","button_background_color_hover":"#333","button_color_hover":"rgba(255, 255, 255, 1)","button_size":"sm","button_shape":"rounded","button_block":"","button_icon":"","button_icon_position":"left","featured":"","alignment":"sppb-text-center","class":"","global_text_color":"#fff","global_link_color":"","global_link_hover_color":"","global_use_background":1,"global_background_color":"rgba(226, 87, 76, 1)","global_background_image":"","global_background_repeat":"no-repeat","global_background_size":"cover","global_background_attachment":"inherit","global_user_border":0,"global_border_width":{"md":"1","sm":"","xs":""},"global_border_color":"#E1E1E1","global_boder_style":"solid","global_border_radius":"","global_margin":{"md":"  30px ","sm":"   ","xs":"   "},"global_padding":{"md":"20px 30px 20px 30px","sm":"   ","xs":"   "},"global_use_animation":0,"global_animation":"","global_animationduration":"300","global_animationdelay":"0","hidden_md":"0","hidden_sm":"0","hidden_xs":"0","acl":null,"button_padding":{"md":"5px 15px 5px 15px","sm":"   ","xs":"   "},"title_font_style":{"weight":700},"price_position":"after","price_font_size":{"md":"25","sm":"","xs":""},"global_use_overlay":0,"pricing_content_gap":{"md":"10","sm":"","xs":""}}}]},{"id":1510029847367,"class_name":"col-md-4","visibility":true,"settings":{"default":{"background_image":"","background_repeat":"no-repeat","background_size":"cover","background_attachment":"scroll","background_position":"0 0","items_align_center":0,"boxshadow":"0 0 0 0 #fff","sm_col":"","xs_col":"","hidden_xs":"","hidden_sm":"","hidden_md":"","animationduration":"300","animationdelay":"0"},"items_align_center":0,"padding":{"md":"   ","sm":"   ","xs":"   "},"hidden_xs":0,"hidden_sm":0,"hidden_md":0,"sm_col":"col-sm-4"},"addons":[{"id":1510029846835,"name":"pricing","visibility":true,"settings":{"admin_label":"OTHERS","title":"OTHERS","price":"$90","duration":"","pricing_content":"• Fresh look\n• With trimmer\n• Limited statistic","background":"","color":"","button_text":"See more","button_fontstyle":["uppercase"],"button_letterspace":"0","button_url":"#","button_target":"","button_type":"custom","button_appearance":"","button_background_color":"rgba(226, 87, 76, 1)","button_color":"#ffffff","button_background_color_hover":"rgba(163, 71, 59, 1)","button_color_hover":"rgba(255, 255, 255, 1)","button_size":"sm","button_shape":"rounded","button_block":"","button_icon":"","button_icon_position":"left","featured":"","alignment":"sppb-text-center","class":"","global_text_color":"","global_link_color":"","global_link_hover_color":"","global_use_background":0,"global_background_color":"","global_background_image":"","global_background_repeat":"no-repeat","global_background_size":"cover","global_background_attachment":"inherit","global_user_border":1,"global_border_width":{"md":"1","sm":"","xs":""},"global_border_color":"#E1E1E1","global_boder_style":"solid","global_border_radius":"","global_margin":{"md":"  30px ","sm":"   ","xs":"   "},"global_padding":{"md":"20px 30px 20px 30px","sm":"   ","xs":"   "},"global_use_animation":0,"global_animation":"","global_animationduration":"300","global_animationdelay":"0","hidden_md":"0","hidden_sm":"0","hidden_xs":"0","acl":null,"button_padding":{"md":"5px 15px 5px 15px","sm":"   ","xs":"   "},"title_font_style":{"weight":700},"price_position":"after","price_font_size":{"md":"25","sm":"","xs":""},"pricing_content_gap":{"md":"10","sm":"","xs":""}}}]}]},{"id":1494911041908,"visibility":true,"collapse":false,"settings":{"admin_label":"Gallery","title":"","heading_selector":"h3","title_fontsize":"","title_fontweight":"","title_text_color":"","title_margin_top":"","title_margin_bottom":"","subtitle":"","subtitle_fontsize":"","title_position":"sppb-text-center","columns_equal_height":"0","fullscreen":0,"no_gutter":0,"id":"","class":"","padding":{"md":"100px 0px 100px 0px","sm":"   ","xs":"50px  50px "},"margin":{"md":"0px 0px 0px 0px","sm":"   ","xs":"   "},"color":"rgba(255, 255, 255, 1)","background_color":"rgba(226, 87, 76, 1)","background_image":"","overlay":"","background_repeat":"no-repeat","background_size":"cover","background_attachment":"fixed","background_position":"0 0","background_video":0,"background_video_mp4":"","background_video_ogv":"","hidden_xs":"","hidden_sm":"","hidden_md":"","animation":"","animationduration":"300","animationdelay":"0","columns_align_center":0,"background_parallax":0,"show_top_shape":0,"show_bottom_shape":0},"layout":"12,3,3,3,3,12","columns":[{"id":1494911041909,"class_name":"col-md-12","visibility":true,"settings":{},"addons":[{"id":1499404865199,"name":"heading","visibility":true,"settings":{"admin_label":"Gallery","title":"Gallery","heading_selector":"h2","use_link":0,"title_link":"","link_new_tab":"0","title_fontsize":"28","title_fontstyle":null,"title_fontweight":"700","title_lineheight":{"md":"35","sm":"","xs":""},"title_letterspace":"0","title_margin":{"md":"  10px ","sm":"   ","xs":"   "},"title_padding":{"md":"0px 0px 0px 0px","sm":"   ","xs":"   "},"alignment":"sppb-text-center","class":"","global_text_color":"","global_link_color":"","global_link_hover_color":"","global_use_background":"0","global_background_color":"","global_background_image":"","global_background_repeat":"no-repeat","global_background_size":"cover","global_background_attachment":"inherit","global_user_border":"0","global_border_width":"","global_border_color":"","global_boder_style":"none","global_border_radius":"","global_margin":"","global_padding":"","global_use_animation":"0","global_animation":"","global_animationduration":"300","global_animationdelay":"0","hidden_md":"0","hidden_sm":"0","hidden_xs":"0","acl":null}},{"id":1499404865202,"name":"heading","visibility":true,"settings":{"admin_label":"Ready to wear bifocal contact","title":"Ready to wear bifocal contact","heading_selector":"h3","use_link":0,"title_link":"","link_new_tab":"0","title_fontsize":"18","title_fontstyle":null,"title_fontweight":"300","title_lineheight":{"md":"","sm":"","xs":""},"title_letterspace":"0","title_margin":{"md":"  60px ","sm":"   ","xs":"   "},"title_padding":{"md":"   ","sm":"   ","xs":"   "},"alignment":"sppb-text-center","class":"","global_text_color":"","global_link_color":"","global_link_hover_color":"","global_use_background":0,"global_background_color":"","global_background_image":"","global_background_repeat":"no-repeat","global_background_size":"cover","global_background_attachment":"inherit","global_user_border":0,"global_border_width":"","global_border_color":"","global_boder_style":"none","global_border_radius":"","global_margin":{"md":"   ","sm":"   ","xs":"   "},"global_padding":{"md":"   ","sm":"   ","xs":"   "},"global_use_animation":0,"global_animation":"","global_animationduration":"300","global_animationdelay":"0","hidden_md":"0","hidden_sm":"0","hidden_xs":"0","acl":null}}]},{"id":1510029847542,"class_name":"col-md-3","visibility":true,"settings":{"background_image":"","background_repeat":"no-repeat","background_size":"cover","background_attachment":"scroll","background_position":"0 0","boxshadow":"0 0 0 0 #fff","sm_col":"col-sm-4","xs_col":"","hidden_xs":0,"hidden_sm":0,"hidden_md":0,"animationduration":"300","animationdelay":"0","padding":{"md":"   ","sm":"   ","xs":"   "}},"addons":[{"id":1494935783108,"name":"image","visibility":true,"settings":{"admin_label":"","title":"","heading_selector":"h3","title_fontsize":"","title_lineheight":"","title_fontstyle":null,"title_letterspace":"0","title_fontweight":"","title_text_color":"","title_margin_top":"","title_margin_bottom":"","image":"https://sppagebuilder.com/sample-data/images/2017/07/07/trainer1.jpg","alt_text":"gallery","position":"sppb-text-center","open_lightbox":1,"overlay_color":"","link":"","target":"","class":"","global_text_color":"","global_link_color":"","global_link_hover_color":"","global_use_background":0,"global_background_color":"","global_background_image":"","global_background_repeat":"no-repeat","global_background_size":"cover","global_background_attachment":"inherit","global_user_border":0,"global_border_width":"","global_border_color":"","global_boder_style":"none","global_border_radius":"","global_margin":{"md":"  30px ","sm":"   ","xs":"   "},"global_padding":{"md":"   ","sm":"   ","xs":"   "},"global_use_animation":1,"global_animation":"fadeIn","global_animationduration":"700","global_animationdelay":"0","hidden_md":"0","hidden_sm":"0","hidden_xs":"0","acl":null}},{"id":1494934024885,"name":"image","visibility":true,"settings":{"admin_label":"","title":"","heading_selector":"h3","title_fontsize":"","title_lineheight":"","title_fontstyle":null,"title_letterspace":"0","title_fontweight":"","title_text_color":"","title_margin_top":"","title_margin_bottom":"","image":"https://sppagebuilder.com/sample-data/images/2017/07/07/trainer5.jpg","alt_text":"gallery","position":"sppb-text-center","open_lightbox":1,"overlay_color":"","link":"","target":"","class":"","global_text_color":"","global_link_color":"","global_link_hover_color":"","global_use_background":0,"global_background_color":"","global_background_image":"","global_background_repeat":"no-repeat","global_background_size":"cover","global_background_attachment":"inherit","global_user_border":0,"global_border_width":"","global_border_color":"","global_boder_style":"none","global_border_radius":"","global_margin":{"md":"  30px ","sm":"   ","xs":"   "},"global_padding":{"md":"   ","sm":"   ","xs":"   "},"global_use_animation":1,"global_animation":"fadeIn","global_animationduration":"700","global_animationdelay":"800","hidden_md":"0","hidden_sm":"0","hidden_xs":"0","acl":null}}]},{"id":1510029847543,"class_name":"col-md-3","visibility":true,"settings":{"background_image":"","background_repeat":"no-repeat","background_size":"cover","background_attachment":"scroll","background_position":"0 0","boxshadow":"0 0 0 0 #fff","sm_col":"col-sm-4","xs_col":"","hidden_xs":0,"hidden_sm":0,"hidden_md":0,"animationduration":"300","animationdelay":"0","padding":{"md":"   ","sm":"   ","xs":"   "}},"addons":[{"id":1494934024890,"name":"image","visibility":true,"settings":{"admin_label":"","title":"","heading_selector":"h3","title_fontsize":"","title_lineheight":"","title_fontstyle":null,"title_letterspace":"0","title_fontweight":"","title_text_color":"","title_margin_top":"","title_margin_bottom":"","image":"https://sppagebuilder.com/sample-data/images/2017/07/07/trainer6.jpg","alt_text":"gallery","position":"sppb-text-center","open_lightbox":1,"overlay_color":"","link":"","target":"","class":"","global_text_color":"","global_link_color":"","global_link_hover_color":"","global_use_background":0,"global_background_color":"","global_background_image":"","global_background_repeat":"no-repeat","global_background_size":"cover","global_background_attachment":"inherit","global_user_border":0,"global_border_width":"","global_border_color":"","global_boder_style":"none","global_border_radius":"","global_margin":{"md":"  30px ","sm":"   ","xs":"   "},"global_padding":{"md":"   ","sm":"   ","xs":"   "},"global_use_animation":1,"global_animation":"fadeIn","global_animationduration":"700","global_animationdelay":"200","hidden_md":"0","hidden_sm":"0","hidden_xs":"0","acl":null}},{"id":1494934024880,"name":"image","visibility":true,"settings":{"admin_label":"","title":"","heading_selector":"h3","title_fontsize":"","title_lineheight":"","title_fontstyle":null,"title_letterspace":"0","title_fontweight":"","title_text_color":"","title_margin_top":"","title_margin_bottom":"","image":"https://sppagebuilder.com/sample-data/images/2017/07/07/trainer2.jpg","alt_text":"gallery","position":"sppb-text-center","open_lightbox":1,"overlay_color":"","link":"","target":"","class":"","global_text_color":"","global_link_color":"","global_link_hover_color":"","global_use_background":0,"global_background_color":"","global_background_image":"","global_background_repeat":"no-repeat","global_background_size":"cover","global_background_attachment":"inherit","global_user_border":0,"global_border_width":"","global_border_color":"","global_boder_style":"none","global_border_radius":"","global_margin":{"md":"  30px ","sm":"   ","xs":"   "},"global_padding":{"md":"   ","sm":"   ","xs":"   "},"global_use_animation":1,"global_animation":"fadeIn","global_animationduration":"700","global_animationdelay":"1000","hidden_md":"0","hidden_sm":"0","hidden_xs":"0","acl":null}}]},{"id":1510029847544,"class_name":"col-md-3","visibility":true,"settings":{"background_image":"","background_repeat":"no-repeat","background_size":"cover","background_attachment":"scroll","background_position":"0 0","boxshadow":"0 0 0 0 #fff","sm_col":"col-sm-4","xs_col":"","hidden_xs":0,"hidden_sm":0,"hidden_md":0,"animationduration":"300","animationdelay":"0","padding":{"md":"   ","sm":"   ","xs":"   "}},"addons":[{"id":1494934024875,"name":"image","visibility":true,"settings":{"admin_label":"","title":"","heading_selector":"h3","title_fontsize":"","title_lineheight":"","title_fontstyle":null,"title_letterspace":"0","title_fontweight":"","title_text_color":"","title_margin_top":"","title_margin_bottom":"","image":"https://sppagebuilder.com/sample-data/images/2017/07/07/trainer3.jpg","alt_text":"gallery","position":"sppb-text-center","open_lightbox":1,"overlay_color":"","link":"","target":"","class":"","global_text_color":"","global_link_color":"","global_link_hover_color":"","global_use_background":0,"global_background_color":"","global_background_image":"","global_background_repeat":"no-repeat","global_background_size":"cover","global_background_attachment":"inherit","global_user_border":0,"global_border_width":"","global_border_color":"","global_boder_style":"none","global_border_radius":"","global_margin":{"md":"  30px ","sm":"   ","xs":"   "},"global_padding":{"md":"   ","sm":"   ","xs":"   "},"global_use_animation":1,"global_animation":"fadeIn","global_animationduration":"700","global_animationdelay":"400","hidden_md":"0","hidden_sm":"0","hidden_xs":"0","acl":null}},{"id":1494934024895,"name":"image","visibility":true,"settings":{"admin_label":"","title":"","heading_selector":"h3","title_fontsize":"","title_lineheight":"","title_fontstyle":null,"title_letterspace":"0","title_fontweight":"","title_text_color":"","title_margin_top":"","title_margin_bottom":"","image":"https://sppagebuilder.com/sample-data/images/2017/07/07/trainer7.jpg","alt_text":"gallery","position":"sppb-text-center","open_lightbox":1,"overlay_color":"","link":"","target":"","class":"","global_text_color":"","global_link_color":"","global_link_hover_color":"","global_use_background":0,"global_background_color":"","global_background_image":"","global_background_repeat":"no-repeat","global_background_size":"cover","global_background_attachment":"inherit","global_user_border":0,"global_border_width":"","global_border_color":"","global_boder_style":"none","global_border_radius":"","global_margin":{"md":"  30px ","sm":"   ","xs":"   "},"global_padding":{"md":"   ","sm":"   ","xs":"   "},"global_use_animation":1,"global_animation":"fadeIn","global_animationduration":"700","global_animationdelay":"1200","hidden_md":"0","hidden_sm":"0","hidden_xs":"0","acl":null}}]},{"id":1510029847545,"class_name":"col-md-3","visibility":true,"settings":{"background_image":"","background_repeat":"no-repeat","background_size":"cover","background_attachment":"scroll","background_position":"0 0","boxshadow":"0 0 0 0 #fff","sm_col":"col-sm-4","xs_col":"","hidden_xs":0,"hidden_sm":0,"hidden_md":0,"animationduration":"300","animationdelay":"0","padding":{"md":"   ","sm":"   ","xs":"   "}},"addons":[{"id":1494934024900,"name":"image","visibility":true,"settings":{"admin_label":"","title":"","heading_selector":"h3","title_fontsize":"","title_lineheight":"","title_fontstyle":null,"title_letterspace":"0","title_fontweight":"","title_text_color":"","title_margin_top":"","title_margin_bottom":"","image":"https://sppagebuilder.com/sample-data/images/2017/07/07/trainer8.jpg","alt_text":"gallery","position":"sppb-text-center","open_lightbox":1,"overlay_color":"","link":"","target":"","class":"","global_text_color":"","global_link_color":"","global_link_hover_color":"","global_use_background":0,"global_background_color":"","global_background_image":"","global_background_repeat":"no-repeat","global_background_size":"cover","global_background_attachment":"inherit","global_user_border":0,"global_border_width":"","global_border_color":"","global_boder_style":"none","global_border_radius":"","global_margin":{"md":"  30px ","sm":"   ","xs":"   "},"global_padding":{"md":"   ","sm":"   ","xs":"   "},"global_use_animation":1,"global_animation":"fadeIn","global_animationduration":"700","global_animationdelay":"600","hidden_md":"0","hidden_sm":"0","hidden_xs":"0","acl":null}},{"id":1494934024870,"name":"image","visibility":true,"settings":{"admin_label":"","title":"","heading_selector":"h3","title_fontsize":"","title_lineheight":"","title_fontstyle":null,"title_letterspace":"0","title_fontweight":"","title_text_color":"","title_margin_top":"","title_margin_bottom":"","image":"https://sppagebuilder.com/sample-data/images/2017/07/07/trainer4.jpg","alt_text":"gallery","position":"sppb-text-center","open_lightbox":1,"overlay_color":"","link":"","target":"","class":"","global_text_color":"","global_link_color":"","global_link_hover_color":"","global_use_background":0,"global_background_color":"","global_background_image":"","global_background_repeat":"no-repeat","global_background_size":"cover","global_background_attachment":"inherit","global_user_border":0,"global_border_width":"","global_border_color":"","global_boder_style":"none","global_border_radius":"","global_margin":{"md":"  30px ","sm":"   ","xs":"   "},"global_padding":{"md":"   ","sm":"   ","xs":"   "},"global_use_animation":1,"global_animation":"fadeIn","global_animationduration":"700","global_animationdelay":"1400","hidden_md":"0","hidden_sm":"0","hidden_xs":"0","acl":null}}]},{"id":1510029847548,"class_name":"col-md-12","visibility":true,"settings":{},"addons":[{"id":1499331749699,"name":"button","visibility":true,"settings":{"admin_label":"See more","text":"See more","alignment":"sppb-text-center","fontstyle":["uppercase","bold"],"letterspace":"0","url":"#","target":"","type":"custom","appearance":"","background_color":"rgba(255, 255, 255, 1)","color":"rgba(74, 74, 74, 1)","background_color_hover":"rgba(255, 255, 255, 1)","color_hover":"rgba(74, 74, 74, 1)","button_padding":{"md":"12px 45px 12px 45px","sm":"   ","xs":"10px 20px 10px 20px"},"size":"","shape":"round","block":"","icon":"","icon_position":"left","class":"","global_text_color":"","global_link_color":"","global_link_hover_color":"","global_use_background":0,"global_background_color":"","global_background_image":"","global_background_repeat":"no-repeat","global_background_size":"cover","global_background_attachment":"inherit","global_user_border":0,"global_border_width":"","global_border_color":"","global_boder_style":"none","global_border_radius":"","global_margin":{"md":"20px   ","sm":"   ","xs":"   "},"global_padding":{"md":"   ","sm":"   ","xs":"   "},"global_use_animation":1,"global_animation":"fadeInUp","global_animationduration":"700","global_animationdelay":"","hidden_md":"0","hidden_sm":"0","hidden_xs":"0","acl":null}}]}]},{"id":1499332143051,"visibility":true,"collapse":false,"settings":{"admin_label":"Testimonial","title":"","heading_selector":"h3","title_fontsize":"","title_fontweight":"","title_text_color":"","title_margin_top":"","title_margin_bottom":"","subtitle":"","subtitle_fontsize":"","title_position":"sppb-text-center","columns_equal_height":"0","fullscreen":0,"no_gutter":0,"id":"","class":"","padding":{"md":"100px  100px ","sm":"   ","xs":"50px  50px "},"margin":{"md":"   ","sm":"   ","xs":"   "},"color":"","background_color":"","background_image":"","overlay":"","background_repeat":"no-repeat","background_size":"cover","background_attachment":"fixed","background_position":"0 0","background_video":0,"background_video_mp4":"","background_video_ogv":"","hidden_xs":"","hidden_sm":"","hidden_md":"","animation":"","animationduration":"300","animationdelay":"0","columns_align_center":0,"background_parallax":0,"show_top_shape":0,"show_bottom_shape":0},"layout":"12","columns":[{"id":1499332143052,"class_name":"col-md-12","visibility":true,"settings":{},"addons":[{"id":1499404865221,"name":"heading","visibility":true,"settings":{"admin_label":"Testimonial","title":"Testimonial","heading_selector":"h2","use_link":0,"title_link":"","link_new_tab":"0","title_fontsize":"28","title_fontstyle":null,"title_fontweight":"700","title_lineheight":{"md":"35","sm":"","xs":""},"title_letterspace":"0","title_margin":{"md":"  10px ","sm":"   ","xs":"   "},"title_padding":{"md":"0px 0px 0px 0px","sm":"   ","xs":"   "},"alignment":"sppb-text-center","class":"","global_text_color":"","global_link_color":"","global_link_hover_color":"","global_use_background":"0","global_background_color":"","global_background_image":"","global_background_repeat":"no-repeat","global_background_size":"cover","global_background_attachment":"inherit","global_user_border":"0","global_border_width":"","global_border_color":"","global_boder_style":"none","global_border_radius":"","global_margin":"","global_padding":"","global_use_animation":"0","global_animation":"","global_animationduration":"300","global_animationdelay":"0","hidden_md":"0","hidden_sm":"0","hidden_xs":"0","acl":null}},{"id":1499404865224,"name":"heading","visibility":true,"settings":{"admin_label":"Ready to wear bifocal contact","title":"Ready to wear bifocal contact","heading_selector":"h3","use_link":0,"title_link":"","link_new_tab":"0","title_fontsize":{"md":"18","sm":"","xs":"16"},"title_fontstyle":null,"title_fontweight":"300","title_lineheight":{"md":"","sm":"","xs":""},"title_letterspace":"0","title_margin":{"md":"  60px ","sm":"  30px ","xs":"  30px "},"title_padding":{"md":"   ","sm":"   ","xs":"   "},"alignment":"sppb-text-center","class":"","global_text_color":"","global_link_color":"","global_link_hover_color":"","global_use_background":"0","global_background_color":"","global_background_image":"","global_background_repeat":"no-repeat","global_background_size":"cover","global_background_attachment":"inherit","global_user_border":"0","global_border_width":"","global_border_color":"","global_boder_style":"none","global_border_radius":"","global_margin":"","global_padding":"","global_use_animation":"0","global_animation":"","global_animationduration":"300","global_animationdelay":"0","hidden_md":"0","hidden_sm":"0","hidden_xs":"0","acl":null}},{"id":1499317725401,"name":"testimonialpro","visibility":true,"settings":{"autoplay":1,"arrows":"1","class":"","sp_testimonialpro_item":[{"title":"Jon Don","avatar":"https://sppagebuilder.com/sample-data/images/2017/07/06/client1.png","avatar_style":"sppb-img-circle","message":"It is a long established fact that a reader will be distracted by the readable content of a page when looking at its layout. The point of using Lorem Ipsum is that it has a more-or-less normal distribution of letters, as opposed to using 'Content here, content here', making it look like readable English.","url":""},{"title":"Selena Gomez","avatar":"https://sppagebuilder.com/sample-data/images/2017/07/06/client2.png","avatar_style":"sppb-img-circle","message":"\tIt is a long established fact that a reader will be distracted by the readable content of a page when looking at its layout. The point of using Lorem Ipsum is that it has a more-or-less normal distribution of letters, as opposed to using 'Content here, content here', making it look like readable English.","url":""}],"global_text_color":"","global_link_color":"","global_link_hover_color":"","global_use_background":0,"global_background_color":"","global_background_image":"","global_background_repeat":"no-repeat","global_background_size":"cover","global_background_attachment":"inherit","global_user_border":0,"global_border_width":"","global_border_color":"","global_boder_style":"none","global_border_radius":"","global_margin":{"md":" auto  auto","sm":"   ","xs":"   "},"global_padding":{"md":"   ","sm":"   ","xs":"   "},"global_use_animation":0,"global_animation":"","global_animationduration":"300","global_animationdelay":"0","hidden_md":0,"hidden_sm":0,"hidden_xs":0,"acl":null,"dynamicId":1499317725401,"controls":1,"use_global_width":1,"global_width":{"md":"57","sm":"65","xs":"100"},"avatar_width":"60"}}]}]}]