[{"id":1527654458624,"type":"inner_row","settings":{"admin_label":"","title":"","heading_selector":"h3","title_fontsize":"","title_fontweight":"","title_position":"sppb-text-center","columns_align_center":0,"fullscreen":0,"no_gutter":0,"padding":{"md":"190px 0px 190px 0px","sm":"   ","xs":"70px 0px 70px 0px"},"margin":{"md":"30px 30px 30px 30px","sm":"   ","xs":"   "},"background_image":"https://sppagebuilder.com/sample-data/images/2018/wedding-img/banner-bg-1.png","background_parallax":0,"background_repeat":"no-repeat","background_size":"cover","background_attachment":"inherit","background_position":"50% 50%","background_video":0,"external_background_video":"0","show_top_shape":0,"shape_name":"clouds-flat","shape_color":"#e5e5e5","shape_width":{"md":100,"sm":100,"xs":100},"shape_height":"","shape_flip":false,"shape_invert":false,"shape_to_front":false,"show_bottom_shape":0,"bottom_shape_name":"clouds-opacity","bottom_shape_color":"#e5e5e5","bottom_shape_width":{"md":100,"sm":100,"xs":100},"bottom_shape_height":"","bottom_shape_flip":false,"bottom_shape_invert":false,"bottom_shape_to_front":false,"hidden_xs":"","hidden_sm":"","hidden_md":"","animationduration":"300","animationdelay":"0","instFormId":1527654458624,"background_color":"#fff","overlay":"","background_type":"image"},"layout":"12","visibility":true,"columns":[{"id":1527654458634,"class_name":"col-md-12","visibility":true,"settings":{"background_image":"","background_repeat":"no-repeat","background_size":"cover","background_attachment":"scroll","background_position":"0 0","items_align_center":0,"boxshadow":"0 0 0 0 #fff","sm_col":"","xs_col":"","hidden_xs":"","hidden_sm":"","hidden_md":"","animationduration":"300","animationdelay":"0","instFormId":1527654458634,"padding":{"md":"0px 0px 0px 0px","sm":"   ","xs":"   "},"background":"","margin":{"md":"   ","sm":"   ","xs":"   "},"use_border":0},"addons":[{"id":1527654458636,"name":"heading","visibility":true,"settings":{"admin_label":"","title":"We will plan of your dreams","heading_selector":"h2","use_link":0,"title_link":"","link_new_tab":"","title_fontsize":{"md":"72","sm":"","xs":"30"},"title_lineheight":{"md":"70","sm":"","xs":"30"},"title_letterspace":"2px","title_margin":{"md":"0px 0px 5px 0px","sm":"   ","xs":"   "},"title_padding":{"md":"0px 0px 0px 0px","sm":"   ","xs":"   "},"title_icon_position":"before","alignment":"sppb-text-center","class":"","instFormId":1527654458636,"title_font_style":{"weight":900,"uppercase":true},"title_font_family":"Lato","global_use_background":0,"global_user_border":0,"global_margin":{"md":"0px auto 0px auto","sm":"   ","xs":"   "},"global_padding":{"md":"   ","sm":"   ","xs":"   "},"global_use_animation":1,"global_text_color":"#fff","use_global_width":1,"hidden_md":0,"hidden_sm":0,"hidden_xs":0,"global_width":{"md":"60","sm":"93","xs":"100"},"button_status":"normal","global_animation":"fadeInDown","global_animationduration":"800"}},{"id":1527654458637,"name":"heading","visibility":true,"settings":{"admin_label":"","title":"PLAN YOURSPECIAL DAY","heading_selector":"h3","use_link":0,"title_link":"","link_new_tab":"","title_fontsize":{"md":"30","sm":"","xs":"16"},"title_lineheight":{"md":"40","sm":"","xs":"26"},"title_letterspace":"0","title_margin":{"md":"10px 0px 0px 0px","sm":"   ","xs":"0px 0px 0px 0px"},"title_padding":{"md":"0px 0px 0px 0px","sm":"   ","xs":"   "},"title_icon_position":"before","alignment":"sppb-text-center","class":"","instFormId":1527654458637,"title_font_style":{"weight":300,"uppercase":true},"title_font_family":"Lato","global_use_background":0,"global_user_border":0,"global_margin":{"md":"   ","sm":"   ","xs":"   "},"global_padding":{"md":"   ","sm":"   ","xs":"   "},"global_use_animation":1,"global_text_color":"#fff","global_animation":"fadeInDown","global_animationduration":"800","global_animationdelay":"200"}},{"id":1527654458638,"name":"button","visibility":true,"settings":{"admin_label":"","text":"Plan my wedding","alignment":"sppb-text-center","letterspace":"0","type":"custom","appearance":"outline","background_color":"#fff","color":"#FFFFFF","background_color_hover":"#fff","color_hover":"#ce4269","button_padding":{"md":"13px 25px 13px 25px","sm":"   ","xs":"5px 20px 5px 20px"},"icon_position":"left","class":"","instFormId":1527654458638,"global_use_background":0,"global_user_border":0,"global_margin":{"md":"50px 0px 0px 0px","sm":"   ","xs":"20px 0px 0px 0px"},"global_padding":{"md":"   ","sm":"   ","xs":"   "},"global_use_animation":1,"font_family":"Lato","font_style":{"weight":700,"uppercase":true},"url":"#","shape":"square","button_status":"normal","size":"sm","global_animation":"fadeInDown","global_animationduration":"800","global_animationdelay":"400"}}]}]},{"id":1515055140346,"visibility":true,"collapse":false,"settings":{"admin_label":"","title":"","heading_selector":"h3","title_fontsize":"","title_fontweight":"","title_position":"sppb-text-center","columns_align_center":0,"fullscreen":0,"no_gutter":0,"padding":{"md":"0px 0px 30px 0px","sm":"   ","xs":"0px 0px 15px 0px"},"margin":{"md":"0px 0px 0px 0px","sm":"   ","xs":"   "},"background_image":"https://sppagebuilder.com/sample-data/images/2018/wedding-img/body-bg2.png","background_parallax":0,"background_repeat":"repeat","background_size":"inherit","background_attachment":"inherit","background_position":"0 0","background_video":0,"external_background_video":"0","show_top_shape":0,"shape_name":"clouds-flat","shape_color":"#e5e5e5","shape_width":{"md":100,"sm":100,"xs":100},"shape_height":"","shape_flip":false,"shape_invert":false,"shape_to_front":false,"show_bottom_shape":0,"bottom_shape_name":"clouds-opacity","bottom_shape_color":"#e5e5e5","bottom_shape_width":{"md":100,"sm":100,"xs":100},"bottom_shape_height":"","bottom_shape_flip":false,"bottom_shape_invert":false,"bottom_shape_to_front":false,"hidden_xs":"","hidden_sm":"","hidden_md":"","animationduration":"300","animationdelay":"0","instFormId":1515055140346},"layout":"12","columns":[{"id":1515055140345,"class_name":"col-md-12","visibility":true,"settings":{"background_image":"","background_repeat":"no-repeat","background_size":"cover","background_attachment":"scroll","background_position":"0 0","items_align_center":0,"boxshadow":"0 0 0 0 #fff","sm_col":"","xs_col":"","hidden_xs":"","hidden_sm":"","hidden_md":"","animationduration":"300","animationdelay":"0"},"addons":[{"id":1515056852432,"name":"image","visibility":true,"settings":{"admin_label":"","title":"","heading_selector":"h3","title_fontsize":"","title_lineheight":"","title_letterspace":"0","title_position":"top","image":"https://sppagebuilder.com/sample-data/images/2018/wedding-img/flower.png","border_radius":0,"alt_text":"Image","position":"sppb-text-center","open_lightbox":0,"overlay_color":"rgba(119, 219, 31, .5)","link":"","class":"","instFormId":1515056852432,"global_use_background":0,"global_user_border":0,"global_margin":{"md":"-100px 0px 0px 0px","sm":"   ","xs":"-80px 0px 0px 0px"},"global_padding":{"md":"   ","sm":"   ","xs":"0px 40px 0px 40px"},"global_use_animation":0,"use_global_width":0,"hidden_md":0,"hidden_sm":0,"hidden_xs":0}}]}]},{"id":1515055140508,"visibility":true,"collapse":false,"settings":{"admin_label":"","title":"","heading_selector":"h3","title_fontsize":"","title_fontweight":"","title_position":"sppb-text-center","columns_align_center":0,"fullscreen":0,"no_gutter":0,"padding":{"md":"40px 0px 0px 0px","sm":"   ","xs":"20px 0px 0px 0px"},"margin":{"md":"0px 0px 0px 0px","sm":"   ","xs":"   "},"background_image":"https://sppagebuilder.com/sample-data/images/2018/wedding-img/body-bg2.png","background_parallax":0,"background_repeat":"repeat","background_size":"inherit","background_attachment":"inherit","background_position":"0 0","background_video":0,"external_background_video":"0","show_top_shape":0,"shape_name":"clouds-flat","shape_color":"#e5e5e5","shape_width":{"md":100,"sm":100,"xs":100},"shape_height":"","shape_flip":false,"shape_invert":false,"shape_to_front":false,"show_bottom_shape":0,"bottom_shape_name":"clouds-opacity","bottom_shape_color":"#e5e5e5","bottom_shape_width":{"md":100,"sm":100,"xs":100},"bottom_shape_height":"","bottom_shape_flip":false,"bottom_shape_invert":false,"bottom_shape_to_front":false,"hidden_xs":"","hidden_sm":"","hidden_md":"","animationduration":"300","animationdelay":"0","instFormId":1515055140508},"layout":"12,5,2,5","columns":[{"id":1515055140509,"class_name":"col-md-12","visibility":true,"settings":{"background_image":"","background_repeat":"no-repeat","background_size":"cover","background_attachment":"scroll","background_position":"0 0","items_align_center":0,"boxshadow":"0 0 0 0 #fff","sm_col":"","xs_col":"","hidden_xs":"","hidden_sm":"","hidden_md":"","animationduration":"300","animationdelay":"0"},"addons":[{"id":1515126427045,"name":"heading","visibility":true,"settings":{"admin_label":"","title":"BRINGING DREAMS TO LIFE","heading_selector":"h2","use_link":0,"title_link":"","link_new_tab":"","title_fontsize":{"md":"36","sm":"","xs":"20"},"title_lineheight":{"md":"46","sm":"","xs":"30"},"title_letterspace":"0","title_margin":{"md":"0px 0px 15px 0px","sm":"   ","xs":"   "},"title_padding":{"md":"0px 0px 0px 0px","sm":"   ","xs":"   "},"title_icon_position":"before","alignment":"sppb-text-center","class":"","instFormId":1515126427045,"title_font_style":{"uppercase":true,"weight":700},"global_use_background":0,"global_user_border":0,"global_margin":{"md":"   ","sm":"   ","xs":"   "},"global_padding":{"md":"   ","sm":"   ","xs":"   "},"global_use_animation":0,"global_text_color":"#5f2039","title_font_family":"Lato"}},{"id":1515126427052,"name":"image","visibility":true,"settings":{"admin_label":"","title":"","heading_selector":"h3","title_fontsize":"","title_lineheight":"","title_letterspace":"0","title_position":"top","image":"https://sppagebuilder.com/sample-data/images/2018/wedding-img/divider.png","border_radius":0,"alt_text":"Image","position":"sppb-text-center","open_lightbox":0,"overlay_color":"rgba(119, 219, 31, .5)","link":"","class":"","instFormId":1515126427052,"global_use_background":0,"global_user_border":0,"global_margin":{"md":"0px 0px 10px 0px","sm":"   ","xs":"   "},"global_padding":{"md":"   ","sm":"   ","xs":"   "},"global_use_animation":0}},{"id":1515126427055,"name":"heading","visibility":true,"settings":{"admin_label":"","title":"event & wedding designers","heading_selector":"h6","use_link":0,"title_link":"","link_new_tab":"","title_fontsize":{"md":"14","sm":"","xs":"12"},"title_lineheight":{"md":"24","sm":"","xs":"22"},"title_letterspace":"3px","title_margin":{"md":"0px 0px 0px 0px","sm":"   ","xs":"   "},"title_padding":{"md":"0px 0px 0px 0px","sm":"   ","xs":"   "},"title_icon_position":"before","alignment":"sppb-text-center","class":"","instFormId":1515126427055,"title_font_family":"Lato","title_font_style":{"uppercase":true,"weight":400},"global_use_background":0,"global_user_border":0,"global_margin":{"md":"0px 0px 55px 0px","sm":"   ","xs":"0px 0px 20px 0px"},"global_padding":{"md":"   ","sm":"   ","xs":"   "},"global_use_animation":0,"global_text_color":"#000000"}},{"id":1515061541495,"name":"text_block","visibility":true,"settings":{"admin_label":"","title":"","heading_selector":"h3","title_fontsize":"","title_lineheight":"","title_letterspace":"0","text":"<div style=\"font-weight: 400;\">Lorem ipsum dolor sit amet, consectetur adipisicing elit, sed do eiusmod tempor incididunt ut labore et dolore magna aliqua. Ut enim ad minim veniam, quis nostrud exercitation ullamco laboris nisi ut aliquip ex ea commodo consequat. <br /> <br /> Duis aute irure dolor in reprehenderit in voluptate velit esse cillum dolore eu fugiat nulla pariatur. Excepteur sint occaecat cupidatat non proident, sunt in culpa qui officia deserunt mollit anim id est laborum. Sed ut perspiciatis unde omnis iste natus error sit voluptatem accusantium doloremque laudantium, totam rem aperiam, eaque ipsa quae ab illo inventore veritatis et quasi architecto beatae vitae dicta sunt explicabo. Nemo enim ipsam voluptatem quia.</div>","alignment":"sppb-text-center","text_fontsize":{"md":"16","sm":"","xs":"14"},"text_lineheight":{"md":"24","sm":"","xs":"22"},"dropcap":0,"class":"","instFormId":1515061541495,"global_use_background":0,"global_user_border":0,"global_margin":{"md":"0px auto 20px auto","sm":"   ","xs":"   "},"global_padding":{"md":"0px 15px 0px 15px","sm":"   ","xs":"   "},"global_use_animation":0,"global_text_color":"#000000","text_font_family":"Lato","use_global_width":1,"hidden_md":0,"hidden_sm":0,"hidden_xs":0,"global_width":{"md":"84","sm":"","xs":""}}},{"id":1515151456441,"name":"heading","visibility":true,"settings":{"admin_label":"","title":"Contact","heading_selector":"h4","use_link":0,"title_link":"","link_new_tab":"","title_fontsize":{"md":"24","sm":"","xs":"18"},"title_lineheight":{"md":"34","sm":"","xs":"28"},"title_letterspace":"0","title_margin":{"md":"25px 0px 0px 0px","sm":"   ","xs":"   "},"title_padding":{"md":"0px 0px 0px 0px","sm":"   ","xs":"   "},"title_icon_position":"before","alignment":"sppb-text-center","class":"","instFormId":1515151456441,"title_font_family":"Lato","title_font_style":{"weight":700},"global_use_background":0,"global_user_border":0,"global_margin":{"md":"0px 0px 30px 0px","sm":"   ","xs":"   "},"global_padding":{"md":"   ","sm":"   ","xs":"   "},"global_use_animation":0,"global_text_color":"#5f2039","title_text_transform":"uppercase"}}]},{"id":1515055140639,"class_name":"col-md-5","visibility":true,"settings":{"background_image":"","background_repeat":"no-repeat","background_size":"cover","background_attachment":"scroll","background_position":"0 0","items_align_center":1,"boxshadow":"0 0 0 0 #fff","sm_col":"col-sm-4","xs_col":"","hidden_xs":0,"hidden_sm":0,"hidden_md":0,"animationduration":"300","animationdelay":"0","instFormId":1515055140639,"padding":{"md":"   ","sm":"   ","xs":"0px 0px 0px 0px"},"margin":{"md":"   ","sm":"   ","xs":"   "},"use_border":0},"addons":[{"id":1519384632430,"name":"feature","visibility":true,"settings":{"admin_label":"","title":"+012 345 6789","heading_selector":"h5","title_position":"left","title_fontsize":{"md":16},"title_lineheight":{"md":"20"},"title_letterspace":"2px","title_text_color":"#5f2039","title_url":"","url_appear":"title","feature_type":"icon","feature_image":"","icon_name":"fa-phone","icon_size":{"md":"24"},"icon_color":"#5f2039","text":"","text_fontsize":"","text_lineheight":"","alignment":"sppb-text-right","class":"content-widget","instFormId":1519384632430,"icon_padding":{"md":"   ","sm":"   ","xs":"   "},"title_font_family":"Lato","title_margin_top":{"md":"","sm":"","xs":""},"title_font_style":{"weight":700},"icon_border_width":{"md":"0","sm":"","xs":""},"global_use_background":0,"global_user_border":0,"global_margin":{"md":"   ","sm":"   ","xs":"   "},"global_padding":{"md":"   ","sm":"   ","xs":"0px 0px 0px 0px"},"global_use_animation":1,"text_padding":{"md":"   ","sm":"   ","xs":"   "},"global_custom_css":".sppb-media{\n\tdisplay: inline-block;\n}\n.sppb-media-body{\n\ttext-align: left;\n}\n@media(max-width: 768px){\n  .sppb-addon-content{\n  \ttext-align: center;\n  }\n}","global_animation":"fadeInLeft","global_animationduration":"800","global_animationdelay":"100"}}]},{"id":1515055140640,"class_name":"col-md-2","visibility":true,"settings":{"background_image":"","background_repeat":"no-repeat","background_size":"cover","background_attachment":"scroll","background_position":"0 0","items_align_center":0,"boxshadow":"0 0 0 0 #fff","sm_col":"col-sm-4","xs_col":"","hidden_xs":1,"hidden_sm":0,"hidden_md":0,"animationduration":"300","animationdelay":"0","instFormId":1515055140640,"padding":{"md":"50px 0px 50px 0px","sm":"   ","xs":"   "},"margin":{"md":"   ","sm":"   ","xs":"   "},"use_border":0},"addons":[{"id":1527654459101,"name":"heading","visibility":true,"settings":{"admin_label":"","title":"or","heading_selector":"h4","use_link":0,"title_link":"","link_new_tab":"","title_fontsize":{"md":"16","sm":"","xs":"18"},"title_lineheight":{"md":"22","sm":"","xs":"28"},"title_letterspace":"0","title_margin":{"md":"0px 0px 0px 0px","sm":"   ","xs":"   "},"title_padding":{"md":"0px 0px 0px 0px","sm":"   ","xs":"   "},"title_icon_position":"before","alignment":"sppb-text-center","class":"","instFormId":1527654459101,"title_font_family":"Lato","title_font_style":{"weight":700},"global_use_background":0,"global_user_border":0,"global_margin":{"md":"   ","sm":"   ","xs":"   "},"global_padding":{"md":"   ","sm":"   ","xs":"   "},"global_use_animation":0,"global_text_color":"#c0c0c0","title_text_transform":"uppercase","global_custom_css":".sppb-addon-title {\n    position: relative;\n}\n.sppb-addon-title:after,\n.sppb-addon-title:before {\n    content: \"\";\n    position: absolute;\n    width: 2px;\n    height: 35px;\n    background-color: #c0c0c0;\n    opacity: 0.6;\n}\n.sppb-addon-title:before {\n    top: -50px;\n    right: 50%;\n    -webkit-transform: translateX(50%);\n    transform: translateX(50%);\n}\n.sppb-addon-title:after {\n    bottom: -50px;\n    left: 50%;\n    -webkit-transform: translateX(-50%);\n    transform: translateX(-50%);\n}","use_global_width":0,"hidden_md":0,"hidden_sm":0,"hidden_xs":0}}]},{"id":1515055140641,"class_name":"col-md-5","visibility":true,"settings":{"background_image":"","background_repeat":"no-repeat","background_size":"cover","background_attachment":"scroll","background_position":"0 0","items_align_center":1,"boxshadow":"0 0 0 0 #fff","sm_col":"col-sm-4","xs_col":"","hidden_xs":0,"hidden_sm":0,"hidden_md":0,"animationduration":"300","animationdelay":"0","instFormId":1515055140641,"padding":{"md":"   ","sm":"   ","xs":"0px 0px 0px 0px"},"margin":{"md":"   ","sm":"   ","xs":"   "},"use_border":0},"addons":[{"id":1519384632434,"name":"feature","visibility":true,"settings":{"admin_label":"","title":" Info@wedding.com","heading_selector":"h5","title_position":"left","title_fontsize":{"md":16},"title_lineheight":{"md":"20"},"title_letterspace":"4px","title_text_color":"#5f2039","title_url":"","url_appear":"title","feature_type":"icon","feature_image":"","icon_name":"fa-envelope-o","icon_size":{"md":"24"},"icon_color":"#5f2039","text":"","text_fontsize":"","text_lineheight":"","alignment":"sppb-text-center","class":"content-widget","instFormId":1519384632434,"icon_padding":{"md":"   ","sm":"   ","xs":"   "},"title_font_family":"Lato","title_margin_top":{"md":"","sm":"","xs":""},"title_font_style":{"weight":700},"icon_border_width":{"md":"0","sm":"","xs":""},"global_use_background":0,"global_user_border":0,"global_margin":{"md":"   ","sm":"   ","xs":"   "},"global_padding":{"md":"   ","sm":"   ","xs":"0px 0px 0px 0px"},"global_use_animation":1,"text_padding":{"md":"   ","sm":"   ","xs":"   "},"global_custom_css":".sppb-media-body{\n\ttext-align: left;\n}\n@media(max-width: 768px){\n  .sppb-media{\n\t\tdisplay: inline-block;\n\t}\n  .sppb-addon-content{\n  \ttext-align: center;\n  }\n}","global_animation":"fadeInRight","global_animationduration":"800","global_animationdelay":"100"}}]}]},{"id":1515126426422,"visibility":true,"collapse":false,"settings":{"admin_label":"","title":"","heading_selector":"h3","title_fontsize":"","title_fontweight":"","title_position":"sppb-text-center","columns_align_center":0,"fullscreen":0,"no_gutter":0,"padding":{"md":"90px 0px 100px 0px","sm":"   ","xs":"30px 0px 50px 0px"},"margin":{"md":"0px 0px 0px 0px","sm":"   ","xs":"   "},"background_image":"https://sppagebuilder.com/sample-data/images/2018/wedding-img/body-bg2.png","background_parallax":0,"background_repeat":"repeat","background_size":"inherit","background_attachment":"fixed","background_position":"0 0","background_video":0,"external_background_video":"0","show_top_shape":0,"shape_name":"clouds-flat","shape_color":"#e5e5e5","shape_width":{"md":100,"sm":100,"xs":100},"shape_height":"","shape_flip":false,"shape_invert":false,"shape_to_front":false,"show_bottom_shape":0,"bottom_shape_name":"clouds-opacity","bottom_shape_color":"#e5e5e5","bottom_shape_width":{"md":100,"sm":100,"xs":100},"bottom_shape_height":"","bottom_shape_flip":false,"bottom_shape_invert":false,"bottom_shape_to_front":false,"hidden_xs":"","hidden_sm":"","hidden_md":"","animationduration":"300","animationdelay":"0","instFormId":1515126426422},"layout":"4,4,4","columns":[{"id":1515126426419,"class_name":"col-md-4","visibility":true,"settings":{"background_image":"","background_repeat":"no-repeat","background_size":"cover","background_attachment":"scroll","background_position":"0 0","items_align_center":0,"boxshadow":"0 0 0 0 #fff","sm_col":"col-sm-6","xs_col":"","hidden_xs":0,"hidden_sm":0,"hidden_md":0,"animationduration":"800","animationdelay":"","instFormId":1515126426419,"padding":{"md":"15px 15px 15px 15px","sm":"   ","xs":"15px 15px 15px 15px"},"margin":{"md":"0px 0px 30px 0px","sm":"0px 0px 30px 0px","xs":"0px 0px 30px 0px"},"background":"#fff","use_border":0,"animation":"fadeInLeft"},"addons":[{"id":1515126426437,"name":"image","visibility":true,"settings":{"admin_label":"","title":"","heading_selector":"h3","title_fontsize":"","title_lineheight":"","title_letterspace":"0","title_position":"top","image":"https://sppagebuilder.com/sample-data/images/2018/wedding-img/thumb-1.png","border_radius":0,"alt_text":"Image","position":"sppb-text-center","open_lightbox":1,"overlay_color":"rgba(95, 32, 57, 0.9)","link":"","class":"","instFormId":1515126426437,"global_use_background":1,"global_user_border":0,"global_margin":{"md":"   ","sm":"   ","xs":"   "},"global_padding":{"md":"   ","sm":"   ","xs":"   "},"global_use_animation":0,"global_use_overlay":0,"global_background_color":"#fff"}},{"id":1515126426438,"name":"icon","visibility":true,"settings":{"admin_label":"","name":"fa-female","link":"","size":{"md":"48","xs":"35"},"width":{"md":"100","xs":"80"},"height":{"md":"100","xs":"80"},"use_hover":0,"hover_effect":"","alignment":"sppb-text-center","class":" widget-content","instFormId":1515126426438,"margin":{"md":"0px 0px 0px 0px","sm":"   ","xs":"   "},"color":"#f73a46","background":"#fff","border_radius":{"md":"100","sm":"","xs":""},"global_use_background":0,"global_user_border":0,"global_margin":{"md":"-50px 0px -10px 0px","sm":"   ","xs":"-40px 0px -8px 0px"},"global_padding":{"md":"   ","sm":"   ","xs":"   "},"global_use_animation":0,"global_use_overlay":0,"global_custom_css":"#addonId .sppb-icon-inner{\n  z-index:2;\n  position:relative;\n}"}},{"id":1515151456590,"name":"heading","visibility":true,"settings":{"admin_label":"","title":"Dress & Makeup","heading_selector":"h4","use_link":0,"title_link":"","link_new_tab":"","title_fontsize":{"md":"24","sm":"","xs":"18"},"title_lineheight":{"md":"34","sm":"","xs":"28"},"title_letterspace":"0","title_margin":{"md":"10px 0px 0px 0px","sm":"   ","xs":"   "},"title_padding":{"md":"0px 0px 0px 0px","sm":"   ","xs":"   "},"title_icon_position":"before","alignment":"sppb-text-center","class":"","instFormId":1515151456590,"title_font_family":"Lato","title_font_style":{"weight":700},"global_use_background":0,"global_user_border":0,"global_margin":{"md":"0px 0px 3px 0px","sm":"   ","xs":"   "},"global_padding":{"md":"0px 15px 0px 15px","sm":"   ","xs":"   "},"global_use_animation":0,"global_text_color":"#5f2039"}},{"id":1515126426439,"name":"text_block","visibility":true,"settings":{"admin_label":"","title":"","heading_selector":"h4","title_fontsize":{"md":"24","sm":"","xs":""},"title_lineheight":{"md":"34","sm":"","xs":""},"title_letterspace":"0","text":"Lorem ipsum dolor sit amet, consectetur adipisicing elitsed.","alignment":"sppb-text-center","text_fontsize":{"md":"16","sm":"","xs":""},"text_lineheight":{"md":"22","sm":"","xs":""},"dropcap":0,"class":"","instFormId":1515126426439,"text_font_family":"Lato","font_family":"Lato","title_font_style":{"weight":700},"title_text_color":"#5f2039","global_use_background":0,"global_user_border":0,"global_margin":{"md":"0px 0px 30px 0px","sm":"   ","xs":"   "},"global_padding":{"md":"0px 15px 0px 15px","sm":"   ","xs":"   "},"global_use_animation":0,"global_text_color":"#9c9c9c","title_margin_bottom":{"md":"3","sm":"","xs":""}}}]},{"id":1515126426420,"class_name":"col-md-4","visibility":true,"settings":{"background_image":"","background_repeat":"no-repeat","background_size":"cover","background_attachment":"scroll","background_position":"0 0","items_align_center":0,"boxshadow":"0 0 0 0 #fff","sm_col":"col-sm-6","xs_col":"","hidden_xs":0,"hidden_sm":0,"hidden_md":0,"animationduration":"800","animationdelay":"200","instFormId":1515126426420,"padding":{"md":"15px 15px 15px 15px","sm":"   ","xs":"15px 15px 15px 15px"},"margin":{"md":"0px 0px 30px 0px","sm":"0px 0px 30px 0px","xs":"0px 0px 30px 0px"},"use_border":0,"background":"#fff","animation":"fadeInLeft"},"addons":[{"id":1515126426444,"name":"image","visibility":true,"settings":{"admin_label":"","title":"","heading_selector":"h3","title_fontsize":"","title_lineheight":"","title_letterspace":"0","title_position":"top","image":"https://sppagebuilder.com/sample-data/images/2018/wedding-img/thumb-2.png","border_radius":0,"alt_text":"Image","position":"sppb-text-center","open_lightbox":1,"overlay_color":"rgba(95, 32, 57, 0.9)","link":"","class":"","instFormId":1515126426444,"global_use_background":1,"global_user_border":0,"global_margin":{"md":"   ","sm":"   ","xs":"   "},"global_padding":{"md":"   ","sm":"   ","xs":"   "},"global_use_animation":0,"global_use_overlay":0,"global_background_color":"#fff"}},{"id":1515151456712,"name":"icon","visibility":true,"settings":{"admin_label":"","name":"fa-birthday-cake","link":"","size":{"md":"48","xs":"35"},"width":{"md":"100","xs":"80"},"height":{"md":"100","xs":"80"},"use_hover":0,"hover_effect":"","alignment":"sppb-text-center","class":" widget-content","instFormId":1515151456712,"margin":{"md":"0px 0px 0px 0px","sm":"   ","xs":"   "},"color":"#f73a46","background":"#fff","border_radius":{"md":"100","sm":"","xs":""},"global_use_background":0,"global_user_border":0,"global_margin":{"md":"-50px 0px -10px 0px","sm":"   ","xs":"-40px 0px -8px 0px"},"global_padding":{"md":"   ","sm":"   ","xs":"   "},"global_use_animation":0,"global_use_overlay":0,"global_custom_css":"#addonId .sppb-icon-inner{\n  z-index:2;\n  position:relative;\n}"}},{"id":1515151456611,"name":"heading","visibility":true,"settings":{"admin_label":"","title":"Catering & Staffing","heading_selector":"h4","use_link":0,"title_link":"","link_new_tab":"","title_fontsize":{"md":"24","sm":"","xs":"18"},"title_lineheight":{"md":"34","sm":"","xs":"28"},"title_letterspace":"0","title_margin":{"md":"10px 0px 0px 0px","sm":"   ","xs":"   "},"title_padding":{"md":"0px 0px 0px 0px","sm":"   ","xs":"   "},"title_icon_position":"before","alignment":"sppb-text-center","class":"","instFormId":1515062964289,"title_font_family":"Lato","title_font_style":{"weight":700},"global_use_background":0,"global_user_border":0,"global_margin":{"md":"0px 0px 3px 0px","sm":"   ","xs":"   "},"global_padding":{"md":"0px 15px 0px 15px","sm":"   ","xs":"   "},"global_use_animation":0,"global_text_color":"#5f2039"}},{"id":1515126426446,"name":"text_block","visibility":true,"settings":{"admin_label":"","title":"","heading_selector":"h4","title_fontsize":{"md":"24","sm":"","xs":""},"title_lineheight":{"md":"34","sm":"","xs":""},"title_letterspace":"0","text":"Lorem ipsum dolor sit amet, consectetur adipisicing elitsed.","alignment":"sppb-text-center","text_fontsize":{"md":"16","sm":"","xs":""},"text_lineheight":{"md":"22","sm":"","xs":""},"dropcap":0,"class":"","instFormId":1515126426446,"text_font_family":"Lato","font_family":"Lato","title_font_style":{"weight":700},"title_text_color":"#5f2039","global_use_background":0,"global_user_border":0,"global_margin":{"md":"0px 0px 30px 0px","sm":"   ","xs":"   "},"global_padding":{"md":"0px 15px 0px 15px","sm":"   ","xs":"   "},"global_use_animation":0,"global_text_color":"#9c9c9c","title_margin_bottom":{"md":"3","sm":"","xs":""}}}]},{"id":1515126426421,"class_name":"col-md-4","visibility":true,"settings":{"background_image":"","background_repeat":"no-repeat","background_size":"cover","background_attachment":"scroll","background_position":"0 0","items_align_center":0,"boxshadow":"0 0 0 0 #fff","sm_col":"col-sm-12","xs_col":"","hidden_xs":0,"hidden_sm":0,"hidden_md":0,"animationduration":"800","animationdelay":"400","instFormId":1515126426421,"padding":{"md":"15px 15px 15px 15px","sm":"   ","xs":"15px 15px 15px 15px"},"margin":{"md":"0px 0px 30px 0px","sm":"0px 0px 30px 0px","xs":"0px 0px 30px 0px"},"use_border":0,"background":"#fff","animation":"fadeInLeft"},"addons":[{"id":1515065117378,"name":"image","visibility":true,"settings":{"admin_label":"","title":"","heading_selector":"h3","title_fontsize":"","title_lineheight":"","title_letterspace":"0","title_position":"top","image":"https://sppagebuilder.com/sample-data/images/2018/wedding-img/thumb-3.png","border_radius":0,"alt_text":"Image","position":"sppb-text-center","open_lightbox":1,"overlay_color":"rgba(95, 32, 57, 0.9)","link":"","class":"","instFormId":1515065117378,"global_use_background":1,"global_user_border":0,"global_margin":{"md":"   ","sm":"   ","xs":"   "},"global_padding":{"md":"   ","sm":"   ","xs":"   "},"global_use_animation":0,"global_use_overlay":0,"global_background_color":"#fff"}},{"id":1515151456741,"name":"icon","visibility":true,"settings":{"admin_label":"","name":"fa-camera-retro","link":"","size":{"md":"48","xs":"35"},"width":{"md":"100","xs":"80"},"height":{"md":"100","xs":"80"},"use_hover":0,"hover_effect":"","alignment":"sppb-text-center","class":" widget-content","instFormId":1515151456741,"margin":{"md":"0px 0px 0px 0px","sm":"   ","xs":"   "},"color":"#f73a46","background":"#fff","border_radius":{"md":"100","sm":"","xs":""},"global_use_background":0,"global_user_border":0,"global_margin":{"md":"-50px 0px -10px 0px","sm":"   ","xs":"-40px 0px -8px 0px"},"global_padding":{"md":"   ","sm":"   ","xs":"   "},"global_use_animation":0,"global_use_overlay":0,"global_custom_css":"#addonId .sppb-icon-inner{\n  z-index:2;\n  position:relative;\n}"}},{"id":1515062964289,"name":"heading","visibility":true,"settings":{"admin_label":"","title":"Wedding Photography","heading_selector":"h4","use_link":0,"title_link":"","link_new_tab":"","title_fontsize":{"md":"24","sm":"","xs":"18"},"title_lineheight":{"md":"34","sm":"","xs":"28"},"title_letterspace":"0","title_margin":{"md":"10px 0px 0px 0px","sm":"   ","xs":"   "},"title_padding":{"md":"0px 0px 0px 0px","sm":"   ","xs":"   "},"title_icon_position":"before","alignment":"sppb-text-center","class":"","instFormId":1515062964289,"title_font_family":"Lato","title_font_style":{"weight":700},"global_use_background":0,"global_user_border":0,"global_margin":{"md":"0px 0px 3px 0px","sm":"   ","xs":"   "},"global_padding":{"md":"0px 15px 0px 15px","sm":"   ","xs":"   "},"global_use_animation":0,"global_text_color":"#5f2039"}},{"id":1515066612359,"name":"text_block","visibility":true,"settings":{"admin_label":"","title":"","heading_selector":"h4","title_fontsize":{"md":"24","sm":"","xs":""},"title_lineheight":{"md":"34","sm":"","xs":""},"title_letterspace":"0","text":"Lorem ipsum dolor sit amet, consectetur adipisicing elitsed.","alignment":"sppb-text-center","text_fontsize":{"md":"16","sm":"","xs":""},"text_lineheight":{"md":"22","sm":"","xs":""},"dropcap":0,"class":"","instFormId":1515066612359,"text_font_family":"Lato","font_family":"Lato","title_font_style":{"weight":700},"title_text_color":"#5f2039","global_use_background":0,"global_user_border":0,"global_margin":{"md":"0px 0px 30px 0px","sm":"   ","xs":"   "},"global_padding":{"md":"0px 15px 0px 15px","sm":"   ","xs":"   "},"global_use_animation":0,"global_text_color":"#9c9c9c","title_margin_bottom":{"md":"3","sm":"","xs":""}}}]}]},{"id":1515126426518,"visibility":true,"collapse":false,"settings":{"admin_label":"","title":"","heading_selector":"h3","title_fontsize":"","title_fontweight":"","title_position":"sppb-text-center","columns_align_center":0,"fullscreen":1,"no_gutter":0,"padding":{"md":"180px 0px 240px 0px","sm":"   ","xs":"70px 0px 150px 0px"},"margin":{"md":"30px 30px 30px 30px","sm":"   ","xs":"   "},"background_image":"https://sppagebuilder.com/sample-data/images/2018/wedding-img/moment-bg.png","background_parallax":0,"background_repeat":"repeat","background_size":"inherit","background_attachment":"inherit","background_position":"0 0","background_video":0,"external_background_video":"0","show_top_shape":0,"shape_name":"clouds-flat","shape_color":"#e5e5e5","shape_width":{"md":100,"sm":100,"xs":100},"shape_height":"","shape_flip":false,"shape_invert":false,"shape_to_front":false,"show_bottom_shape":0,"bottom_shape_name":"clouds-opacity","bottom_shape_color":"#e5e5e5","bottom_shape_width":{"md":100,"sm":100,"xs":100},"bottom_shape_height":"","bottom_shape_flip":false,"bottom_shape_invert":false,"bottom_shape_to_front":false,"hidden_xs":"","hidden_sm":"","hidden_md":"","animationduration":"300","animationdelay":"0","instFormId":1515126426518,"background_color":"#fff","background_type":"image","overlay":"rgba(0, 0, 0, 0.7)"},"layout":"12","columns":[{"id":1515126426517,"class_name":"col-md-12","visibility":true,"settings":{"background_image":"","background_repeat":"no-repeat","background_size":"cover","background_attachment":"scroll","background_position":"0 0","items_align_center":0,"boxshadow":"0 0 0 0 #fff","sm_col":"","xs_col":"","hidden_xs":"","hidden_sm":"","hidden_md":"","animationduration":"300","animationdelay":"0","instFormId":1515126426535},"addons":[{"id":1528095454095,"name":"image","visibility":true,"settings":{"admin_label":"","title":"","heading_selector":"h3","title_fontsize":"","title_lineheight":"","title_letterspace":"0","title_position":"top","image":"https://sppagebuilder.com/sample-data/images/2018/06/04/map-icon.png","border_radius":0,"alt_text":"Image","position":"sppb-text-center","open_lightbox":0,"overlay_color":"rgba(119, 219, 31, .5)","link":"","class":"","global_background_type":"none","global_background_gradient":{"color":"#00c6fb","color2":"#005bea","deg":"45","type":"linear"},"global_use_overlay":0,"global_background_repeat":"no-repeat","global_background_size":"cover","global_background_attachment":"inherit","global_user_border":0,"global_border_width":"","global_border_radius":0,"global_margin":{"md":"0 0 30px 0","sm":"0 0 20px 0","xs":"0 0 30px 0"},"global_padding":{"md":"   ","sm":"   ","xs":"   "},"global_boxshadow":"0 0 0 0 #ffffff","global_use_animation":1,"global_animationduration":"800","global_animationdelay":"100","global_custom_css":"","use_global_width":"0","hidden_md":"0","hidden_sm":"0","hidden_xs":"0","acl":"","instFormId":1528095454095,"global_animation":"bounceIn"}},{"id":1515126426531,"name":"heading","visibility":true,"settings":{"admin_label":"","title":"Your special moment","heading_selector":"h1","use_link":0,"title_link":"","link_new_tab":"","title_fontsize":{"md":"72","sm":"","xs":"30"},"title_lineheight":{"md":"70","sm":"","xs":"30"},"title_letterspace":"0","title_margin":{"md":"0px 0px 5px 0px","sm":"   ","xs":"   "},"title_padding":{"md":"0px 0px 0px 0px","sm":"   ","xs":"   "},"title_icon_position":"before","alignment":"sppb-text-center","class":"","instFormId":1515126426531,"title_font_style":{"weight":900,"uppercase":true},"title_font_family":"Lato","global_use_background":0,"global_user_border":0,"global_margin":{"md":"   ","sm":"   ","xs":"   "},"global_padding":{"md":"   ","sm":"   ","xs":"   "},"global_use_animation":0,"global_text_color":"#fff"}},{"id":1515126426897,"name":"heading","visibility":true,"settings":{"admin_label":"","title":"Choose YOUR Wedding Venues","heading_selector":"h3","use_link":0,"title_link":"","link_new_tab":"","title_fontsize":{"md":"30","sm":"","xs":"16"},"title_lineheight":{"md":"40","sm":"","xs":"26"},"title_letterspace":"2px","title_margin":{"md":"15px 0px 0px 0px","sm":"   ","xs":"0px 0px 0px 0px"},"title_padding":{"md":"0px 0px 0px 0px","sm":"   ","xs":"   "},"title_icon_position":"before","alignment":"sppb-text-center","class":"","instFormId":1515126426897,"title_font_style":{"weight":300,"uppercase":true},"title_font_family":"Lato","global_use_background":0,"global_user_border":0,"global_margin":{"md":"   ","sm":"   ","xs":"   "},"global_padding":{"md":"   ","sm":"   ","xs":"   "},"global_use_animation":0,"global_text_color":"#fff"}},{"id":1515126426910,"name":"button","visibility":true,"settings":{"admin_label":"","text":"Find Out Venues","alignment":"sppb-text-center","letterspace":"0","type":"custom","appearance":"outline","background_color":"#fff","color":"#FFFFFF","background_color_hover":"#fff","color_hover":"#ce4269","button_padding":{"md":"13px 25px 13px 25px","sm":"   ","xs":"   "},"icon_position":"left","class":"","instFormId":1515126426910,"global_use_background":0,"global_user_border":0,"global_margin":{"md":"60px 0px 0px 0px","sm":"   ","xs":"30px 0px 0px 0px"},"global_padding":{"md":"   ","sm":"   ","xs":"   "},"global_use_animation":0,"font_family":"Lato","font_style":{"weight":400,"uppercase":true},"url":"#","shape":"square"}}]}]},{"id":1515126427012,"visibility":true,"collapse":false,"settings":{"admin_label":"","title":"","heading_selector":"h3","title_fontsize":"","title_fontweight":"","title_position":"sppb-text-center","columns_align_center":0,"fullscreen":0,"no_gutter":0,"padding":{"md":"0px 0px 0px 0px","sm":"   ","xs":"   "},"margin":{"md":"0px 0px 0px 0px","sm":"   ","xs":"   "},"background_image":"https://sppagebuilder.com/sample-data/images/2018/wedding-img/body-bg2.png","background_parallax":0,"background_repeat":"repeat","background_size":"inherit","background_attachment":"inherit","background_position":"0 0","background_video":0,"external_background_video":"0","show_top_shape":0,"shape_name":"clouds-flat","shape_color":"#e5e5e5","shape_width":{"md":100,"sm":100,"xs":100},"shape_height":"","shape_flip":false,"shape_invert":false,"shape_to_front":false,"show_bottom_shape":0,"bottom_shape_name":"clouds-opacity","bottom_shape_color":"#e5e5e5","bottom_shape_width":{"md":100,"sm":100,"xs":100},"bottom_shape_height":"","bottom_shape_flip":false,"bottom_shape_invert":false,"bottom_shape_to_front":false,"hidden_xs":"","hidden_sm":"","hidden_md":"","animationduration":"300","animationdelay":"0","instFormId":1515126427012},"layout":"12","columns":[{"id":1515126427011,"class_name":"col-md-12","visibility":true,"settings":{"background_image":"","background_repeat":"no-repeat","background_size":"cover","background_attachment":"scroll","background_position":"0 0","items_align_center":0,"boxshadow":"0 0 0 0 #fff","sm_col":"","xs_col":"","hidden_xs":"","hidden_sm":"","hidden_md":"","animationduration":"300","animationdelay":"0","instFormId":1515126427011,"padding":{"md":"70px 30px 20px 30px","sm":"   ","xs":"   "},"margin":{"md":"-130px 0px 0px 0px","sm":"   ","xs":"   "},"use_border":0,"background":"#fff"},"addons":[{"id":1515126427381,"name":"heading","visibility":true,"settings":{"admin_label":"","title":"Wedding memories","heading_selector":"h2","use_link":0,"title_link":"","link_new_tab":"","title_fontsize":{"md":"36","sm":"","xs":"20"},"title_lineheight":{"md":"46","sm":"","xs":"30"},"title_letterspace":"0","title_margin":{"md":"0px 0px 5px 0px","sm":"   ","xs":"   "},"title_padding":{"md":"0px 0px 0px 0px","sm":"   ","xs":"   "},"title_icon_position":"before","alignment":"sppb-text-center","class":"","instFormId":1515126427381,"title_font_style":{"uppercase":true,"weight":700},"global_use_background":0,"global_user_border":0,"global_margin":{"md":"   ","sm":"   ","xs":"   "},"global_padding":{"md":"   ","sm":"   ","xs":"   "},"global_use_animation":0,"global_text_color":"#5f2039","title_font_family":"Lato"}},{"id":1515126427382,"name":"image","visibility":true,"settings":{"admin_label":"","title":"","heading_selector":"h3","title_fontsize":"","title_lineheight":"","title_letterspace":"0","title_position":"top","image":"https://sppagebuilder.com/sample-data/images/2018/wedding-img/divider.png","border_radius":0,"alt_text":"Image","position":"sppb-text-center","open_lightbox":0,"overlay_color":"rgba(119, 219, 31, .5)","link":"","class":"","instFormId":1515126427382,"global_use_background":0,"global_user_border":0,"global_margin":{"md":"0px 0px 16px 0px","sm":"   ","xs":"   "},"global_padding":{"md":"   ","sm":"   ","xs":"   "},"global_use_animation":0}},{"id":1515126427383,"name":"heading","visibility":true,"settings":{"admin_label":"","title":"our previous portfolio","heading_selector":"h6","use_link":0,"title_link":"","link_new_tab":"","title_fontsize":{"md":"14","sm":"","xs":"12"},"title_lineheight":{"md":"24","sm":"","xs":"22"},"title_letterspace":"3px","title_margin":{"md":"0px 0px 0px 0px","sm":"   ","xs":"   "},"title_padding":{"md":"0px 0px 0px 0px","sm":"   ","xs":"   "},"title_icon_position":"before","alignment":"sppb-text-center","class":"","instFormId":1515126427383,"title_font_family":"Lato","title_font_style":{"uppercase":true,"weight":400},"global_use_background":0,"global_user_border":0,"global_margin":{"md":"0px 0px 75px 0px","sm":"   ","xs":"0px 0px 30px 0px"},"global_padding":{"md":"   ","sm":"   ","xs":"   "},"global_use_animation":0,"global_text_color":"#000000"}},{"id":1515126427110,"type":"inner_row","settings":{"admin_label":"","title":"","heading_selector":"h3","title_fontsize":"","title_fontweight":"","title_position":"sppb-text-center","columns_align_center":0,"fullscreen":0,"no_gutter":0,"padding":{"md":"0px 20px 0px 20px","sm":"   ","xs":"0px 15px 15px 15px"},"margin":{"md":"0px 0px 0px 0px","sm":"   ","xs":"   "},"background_image":"","background_parallax":0,"background_repeat":"no-repeat","background_size":"cover","background_attachment":"fixed","background_position":"0 0","background_video":0,"external_background_video":"0","show_top_shape":0,"shape_name":"clouds-flat","shape_color":"#e5e5e5","shape_width":{"md":100,"sm":100,"xs":100},"shape_height":"","shape_flip":false,"shape_invert":false,"shape_to_front":false,"show_bottom_shape":0,"bottom_shape_name":"clouds-opacity","bottom_shape_color":"#e5e5e5","bottom_shape_width":{"md":100,"sm":100,"xs":100},"bottom_shape_height":"","bottom_shape_flip":false,"bottom_shape_invert":false,"bottom_shape_to_front":false,"hidden_xs":"","hidden_sm":"","hidden_md":"","animationduration":"300","animationdelay":"0","instFormId":1515126427110,"background_color":"#fff"},"layout":"4,5,3","visibility":true,"columns":[{"id":1515126427111,"class_name":"col-md-4","visibility":true,"settings":{"background_image":"","background_repeat":"no-repeat","background_size":"cover","background_attachment":"scroll","background_position":"0 0","items_align_center":0,"boxshadow":"0 0 0 0 #fff","sm_col":"col-sm-4","xs_col":"","hidden_xs":0,"hidden_sm":0,"hidden_md":0,"animationduration":"300","animationdelay":"0","instFormId":1515126427111,"padding":{"md":"   ","sm":"   ","xs":"   "},"margin":{"md":"   ","sm":"   ","xs":"   "},"use_border":0},"addons":[{"id":1515126427347,"name":"image","visibility":true,"settings":{"admin_label":"","title":"","heading_selector":"h3","title_fontsize":"","title_lineheight":"","title_letterspace":"0","title_position":"top","image":"https://sppagebuilder.com/sample-data/images/2018/wedding-img/gallery-1.png","border_radius":0,"alt_text":"Image","position":"sppb-text-center","open_lightbox":1,"overlay_color":"rgba(95, 32, 57, 0.9)","link":"","class":"","instFormId":1515126427347,"global_use_background":0,"global_user_border":0,"global_margin":{"md":"0px 0px 30px 0px","sm":"   ","xs":"0px 0px 30px 0px"},"global_padding":{"md":"   ","sm":"   ","xs":"   "},"global_use_animation":0}},{"id":1515126427313,"name":"image","visibility":true,"settings":{"admin_label":"","title":"","heading_selector":"h3","title_fontsize":"","title_lineheight":"","title_letterspace":"0","title_position":"top","image":"https://sppagebuilder.com/sample-data/images/2018/wedding-img/gallery-4.png","border_radius":0,"alt_text":"Image","position":"sppb-text-center","open_lightbox":1,"overlay_color":"rgba(95, 32, 57, 0.9)","link":"","class":"","instFormId":1515126427313,"global_use_background":0,"global_user_border":0,"global_margin":{"md":"0px 0px 30px 0px","sm":"   ","xs":"0px 0px 30px 0px"},"global_padding":{"md":"   ","sm":"   ","xs":"   "},"global_use_animation":0}}]},{"id":1515126427155,"class_name":"col-md-5","visibility":true,"settings":{"background_image":"","background_repeat":"no-repeat","background_size":"cover","background_attachment":"scroll","background_position":"0 0","items_align_center":0,"boxshadow":"0 0 0 0 #fff","sm_col":"col-sm-5","xs_col":"","hidden_xs":0,"hidden_sm":0,"hidden_md":0,"animationduration":"300","animationdelay":"0","instFormId":1515126427155,"padding":{"md":"   ","sm":"   ","xs":"   "},"margin":{"md":"   ","sm":"   ","xs":"   "},"use_border":0},"addons":[{"id":1515134193757,"name":"image","visibility":true,"settings":{"admin_label":"","title":"","heading_selector":"h3","title_fontsize":"","title_lineheight":"","title_letterspace":"0","title_position":"top","image":"https://sppagebuilder.com/sample-data/images/2018/wedding-img/gallery-2.png","border_radius":0,"alt_text":"Image","position":"sppb-text-center","open_lightbox":1,"overlay_color":"rgba(95, 32, 57, 0.9)","link":"","class":"","instFormId":1515134193757,"global_use_background":0,"global_user_border":0,"global_margin":{"md":"0px 0px 30px 0px","sm":"   ","xs":"0px 0px 30px 0px"},"global_padding":{"md":"   ","sm":"   ","xs":"   "},"global_use_animation":0}}]},{"id":1515126427156,"class_name":"col-md-3","visibility":true,"settings":{"background_image":"","background_repeat":"no-repeat","background_size":"cover","background_attachment":"scroll","background_position":"0 0","items_align_center":0,"boxshadow":"0 0 0 0 #fff","sm_col":"col-sm-3","xs_col":"","hidden_xs":0,"hidden_sm":0,"hidden_md":0,"animationduration":"300","animationdelay":"0","instFormId":1515126427156,"padding":{"md":"   ","sm":"   ","xs":"   "},"margin":{"md":"   ","sm":"   ","xs":"   "},"use_border":0},"addons":[{"id":1515126427330,"name":"image","visibility":true,"settings":{"admin_label":"","title":"","heading_selector":"h3","title_fontsize":"","title_lineheight":"","title_letterspace":"0","title_position":"top","image":"https://sppagebuilder.com/sample-data/images/2018/wedding-img/gallery-3.png","border_radius":0,"alt_text":"Image","position":"sppb-text-center","open_lightbox":1,"overlay_color":"rgba(95, 32, 57, 0.9)","link":"","class":"","instFormId":1515126427330,"global_use_background":0,"global_user_border":0,"global_margin":{"md":"0px 0px 30px 0px","sm":"   ","xs":"0px 0px 30px 0px"},"global_padding":{"md":"   ","sm":"   ","xs":"   "},"global_use_animation":0}},{"id":1515126427364,"name":"image","visibility":true,"settings":{"admin_label":"","title":"","heading_selector":"h3","title_fontsize":"","title_lineheight":"","title_letterspace":"0","title_position":"top","image":"https://sppagebuilder.com/sample-data/images/2018/wedding-img/gallery-5.png","border_radius":0,"alt_text":"Image","position":"sppb-text-center","open_lightbox":1,"overlay_color":"rgba(95, 32, 57, 0.9)","link":"","class":"","instFormId":1515126427364,"global_use_background":0,"global_user_border":0,"global_margin":{"md":"0px 0px 30px 0px","sm":"   ","xs":"0px 0px 15px 0px"},"global_padding":{"md":"   ","sm":"   ","xs":"   "},"global_use_animation":0}}]}]}]}]},{"id":1515136402330,"visibility":true,"collapse":false,"settings":{"admin_label":"","title":"","heading_selector":"h3","title_fontsize":"","title_fontweight":"","title_position":"sppb-text-center","columns_align_center":0,"fullscreen":0,"no_gutter":0,"padding":{"md":"30px 0px 140px 0px","sm":"   ","xs":"70px 0px 70px 0px"},"margin":{"md":"0px 0px 0px 0px","sm":"   ","xs":"   "},"background_image":"https://sppagebuilder.com/sample-data/images/2018/wedding-img/body-bg2.png","background_parallax":0,"background_repeat":"repeat","background_size":"inherit","background_attachment":"inherit","background_position":"0 0","background_video":0,"external_background_video":"0","show_top_shape":0,"shape_name":"clouds-flat","shape_color":"#e5e5e5","shape_width":{"md":100,"sm":100,"xs":100},"shape_height":"","shape_flip":false,"shape_invert":false,"shape_to_front":false,"show_bottom_shape":0,"bottom_shape_name":"clouds-opacity","bottom_shape_color":"#e5e5e5","bottom_shape_width":{"md":100,"sm":100,"xs":100},"bottom_shape_height":"","bottom_shape_flip":false,"bottom_shape_invert":false,"bottom_shape_to_front":false,"hidden_xs":"","hidden_sm":"","hidden_md":"","animationduration":"300","animationdelay":"0","instFormId":1515136402330},"layout":"8,4","columns":[{"id":1515136402328,"class_name":"col-md-8","visibility":true,"settings":{"background_image":"","background_repeat":"no-repeat","background_size":"cover","background_attachment":"scroll","background_position":"0 0","items_align_center":0,"boxshadow":"0 0 0 0 #fff","sm_col":"","xs_col":"","hidden_xs":"","hidden_sm":"","hidden_md":"","animationduration":"300","animationdelay":"0"},"addons":[{"id":1515136402354,"type":"inner_row","settings":{"admin_label":"","title":"","heading_selector":"h3","title_fontsize":"","title_fontweight":"","title_position":"sppb-text-center","columns_align_center":0,"fullscreen":0,"no_gutter":0,"padding":{"md":"45px 0px 0px 0px","sm":"   ","xs":"   "},"margin":{"md":"0px 0px 0px 0px","sm":"0px 0px 30px 0px","xs":"0px 0px 30px 0px"},"background_image":"","background_parallax":0,"background_repeat":"no-repeat","background_size":"cover","background_attachment":"fixed","background_position":"0 0","background_video":0,"external_background_video":"0","show_top_shape":0,"shape_name":"clouds-flat","shape_color":"#e5e5e5","shape_width":{"md":100,"sm":100,"xs":100},"shape_height":"","shape_flip":false,"shape_invert":false,"shape_to_front":false,"show_bottom_shape":0,"bottom_shape_name":"clouds-opacity","bottom_shape_color":"#e5e5e5","bottom_shape_width":{"md":100,"sm":100,"xs":100},"bottom_shape_height":"","bottom_shape_flip":false,"bottom_shape_invert":false,"bottom_shape_to_front":false,"hidden_xs":"","hidden_sm":"","hidden_md":"","animationduration":"300","animationdelay":"0","instFormId":1515136402354,"background_color":"#fff"},"layout":"5,7","visibility":true,"columns":[{"id":1515136402355,"class_name":"col-md-5","visibility":true,"settings":{"background_image":"","background_repeat":"no-repeat","background_size":"cover","background_attachment":"scroll","background_position":"0 0","items_align_center":0,"boxshadow":"0 0 0 0 #fff","sm_col":"col-sm-5","xs_col":"","hidden_xs":0,"hidden_sm":0,"hidden_md":0,"animationduration":"300","animationdelay":"0","instFormId":1515136402355,"padding":{"md":"   ","sm":"   ","xs":"   "},"margin":{"md":"   ","sm":"   ","xs":"   "}},"addons":[{"id":1515136402356,"name":"image","visibility":true,"settings":{"admin_label":"","title":"","heading_selector":"h3","title_fontsize":"","title_lineheight":"","title_letterspace":"0","title_position":"top","image":"https://sppagebuilder.com/sample-data/images/2018/wedding-img/newsletter-img.png","border_radius":0,"alt_text":"Image","position":"sppb-text-center","open_lightbox":0,"overlay_color":"rgba(119, 219, 31, .5)","link":"","class":"","instFormId":1515136402356,"global_use_background":0,"global_user_border":0,"global_margin":{"md":"-10px -45px 0px 30px","sm":"   ","xs":"0px 0px 0px 0px"},"global_padding":{"md":"   ","sm":"   ","xs":"   "},"global_use_animation":0}}]},{"id":1515136402357,"class_name":"col-md-7","visibility":true,"settings":{"background_image":"","background_repeat":"no-repeat","background_size":"cover","background_attachment":"scroll","background_position":"0 0","items_align_center":0,"boxshadow":"0 0 0 0 #fff","sm_col":"col-sm-7","xs_col":"","hidden_xs":0,"hidden_sm":0,"hidden_md":0,"animationduration":"300","animationdelay":"0","instFormId":1515136402357,"padding":{"md":"   ","sm":"   ","xs":"   "},"margin":{"md":"   ","sm":"   ","xs":"   "},"use_border":0},"addons":[{"id":1515136402358,"name":"feature","visibility":true,"settings":{"admin_label":"","title":"Wedding Couples say","heading_selector":"h6","title_position":"after","title_fontsize":{"md":"14"},"title_lineheight":{"md":"24"},"title_letterspace":"2px","title_text_color":"#5f2039","title_url":"","url_appear":"title","feature_type":"icon","feature_image":"","icon_name":"fa-heart-o","icon_size":{"md":"48"},"icon_color":"#f73a46","text":"<p style=\"font-weight: 300; font-style: italic;\"><strong>\"Lorem ipsum dolor sit amet, sectetur adipisicing elit, sed do eiusmod tempor incididunt.\"</strong></p>","text_fontsize":{"md":"22","sm":"","xs":"22"},"text_lineheight":{"md":"32","sm":"","xs":"30"},"alignment":"sppb-text-left","class":"","instFormId":1515136402358,"icon_padding":{"md":"   ","sm":"   ","xs":"   "},"global_use_background":0,"global_user_border":0,"global_margin":{"md":"10px 0px 0px 0px","sm":"0px 0px 0px 0px","xs":"0px 0px 0px 0px"},"global_padding":{"md":"30px 15px 0px 50px","sm":"   ","xs":"30px 30px 0px 30px"},"global_use_animation":0,"global_text_color":"#5e5e5e","text_font_family":"Lato","title_font_family":"Lato","title_font_style":{"weight":400,"uppercase":true,"italic":false},"title_margin_top":{"md":"8","sm":"","xs":""},"title_margin_bottom":{"md":"28","sm":"","xs":""},"global_link_color":"#5f2039","global_link_hover_color":"#f73a46","text_padding":{"md":"   ","sm":"   ","xs":"   "},"button_status":"normal"}},{"id":1515136402359,"name":"text_block","visibility":true,"settings":{"admin_label":"","title":"Robert & Anna","heading_selector":"h3","title_fontsize":{"md":"14","sm":"","xs":""},"title_lineheight":{"md":"24","sm":"","xs":""},"title_letterspace":"2px","text":"","alignment":"","text_fontsize":"","text_lineheight":"","dropcap":0,"class":"","instFormId":1515136402359,"title_text_color":"#5f2039","title_font_style":{"uppercase":true,"weight":700},"font_family":"Lato","global_use_background":0,"global_user_border":0,"global_margin":{"md":"0px 0px 10px 0px","sm":"   ","xs":"   "},"global_padding":{"md":"0px 15px 30px 50px","sm":"   ","xs":"0px 30px 15px 30px"},"global_use_animation":0,"title_margin_top":{"md":"15","sm":"","xs":""}}}]}]}]},{"id":1515136402329,"class_name":"col-md-4","visibility":true,"settings":{"background_image":"","background_repeat":"no-repeat","background_size":"cover","background_attachment":"scroll","background_position":"0 0","items_align_center":0,"boxshadow":"0 0 0 0 #fff","sm_col":"","xs_col":"","hidden_xs":"","hidden_sm":"","hidden_md":"","animationduration":"300","animationdelay":"0"},"addons":[{"id":1515136402361,"type":"inner_row","settings":{"admin_label":"","title":"","heading_selector":"h3","title_fontsize":"","title_fontweight":"","title_position":"sppb-text-center","columns_align_center":0,"fullscreen":0,"no_gutter":0,"padding":{"md":"50px 40px 47px 40px","sm":"   ","xs":"   "},"margin":{"md":"0px 0px 0px 0px","sm":"   ","xs":"   "},"background_image":"","background_parallax":0,"background_repeat":"no-repeat","background_size":"cover","background_attachment":"fixed","background_position":"0 0","background_video":0,"external_background_video":"0","show_top_shape":0,"shape_name":"clouds-flat","shape_color":"#e5e5e5","shape_width":{"md":100,"sm":100,"xs":100},"shape_height":"","shape_flip":false,"shape_invert":false,"shape_to_front":false,"show_bottom_shape":0,"bottom_shape_name":"clouds-opacity","bottom_shape_color":"#e5e5e5","bottom_shape_width":{"md":100,"sm":100,"xs":100},"bottom_shape_height":"","bottom_shape_flip":false,"bottom_shape_invert":false,"bottom_shape_to_front":false,"hidden_xs":"","hidden_sm":"","hidden_md":"","animationduration":"300","animationdelay":"0","instFormId":1515136402361,"background_color":"#fff"},"layout":"12","visibility":true,"columns":[{"id":1515136402362,"class_name":"col-md-12","visibility":true,"settings":{"background_image":"","background_repeat":"no-repeat","background_size":"cover","background_attachment":"scroll","background_position":"0 0","items_align_center":0,"boxshadow":"0 0 0 0 #fff","sm_col":"","xs_col":"","hidden_xs":"","hidden_sm":"","hidden_md":"","animationduration":"300","animationdelay":"0","instFormId":1514522588105,"padding":{"md":"   ","sm":"   ","xs":"   "}},"addons":[{"id":1515136402363,"name":"icon","visibility":true,"settings":{"admin_label":"","name":"fa-envelope-o","link":"","size":{"md":"48"},"width":{"md":""},"height":{"md":""},"use_hover":0,"hover_effect":"","alignment":"sppb-text-left","class":"","instFormId":1515136402363,"margin":{"md":"   ","sm":"   ","xs":"   "},"global_use_background":0,"global_user_border":0,"global_margin":{"md":"   ","sm":"   ","xs":"   "},"global_padding":{"md":"   ","sm":"   ","xs":"   "},"global_use_animation":0,"global_text_color":"#f73a46"}},{"id":1515136402365,"name":"heading","visibility":true,"settings":{"admin_label":"","title":"NEWSLETTER","heading_selector":"h3","use_link":0,"title_link":"","link_new_tab":"","title_fontsize":{"md":"30","sm":"","xs":"16"},"title_lineheight":{"md":"40","sm":"","xs":"26"},"title_letterspace":"0","title_margin":{"md":"5px 0px 20px 0px","sm":"   ","xs":"   "},"title_padding":{"md":"0px 0px 0px 0px","sm":"   ","xs":"   "},"title_icon_position":"before","alignment":"sppb-text-left","class":"","instFormId":1515136402365,"title_font_family":"Lato","title_font_style":{"weight":900,"uppercase":true},"global_use_background":0,"global_user_border":0,"global_margin":{"md":"   ","sm":"   ","xs":"   "},"global_padding":{"md":"   ","sm":"   ","xs":"   "},"global_use_animation":0,"global_text_color":"#5f2039"}},{"id":1522905950081,"name":"optin_form","visibility":true,"settings":{"admin_label":"","title":"","heading_selector":"h3","title_fontsize":"","title_lineheight":"","title_letterspace":"0","platform":"mailchimp","hide_name":1,"acymailing_listids":"","mailchimp_api":"6a57b4cfe5c69dae263c77e834405c23-us7","mailchimp_listid":"b34927d5e3","mailchimp_action":"subscribed","sendgrid_api":"","sendinblue_api":"","sendinblue_listid":"","madmimi_user":"","madmimi_api":"","madmimi_listname":"","grid":"","optin_type":"normal","optin_timein":2000,"optin_timeout":10000,"optin_width":"600","alignment":"sppb-text-left","form_inline":0,"custom_input":1,"custom_input_bgcolor":"#faf9f9","custom_input_color":"#5e5e5e","custom_input_borderless":1,"custom_input_border_side":"","custom_input_border_style":"","custom_input_padding":"15px 25px 15px 25px","media_type":"","alt_text":"","icon_name":"","icon_size":82,"media_position":"","content":"Lorem ipsum dolor sit amet, consectetur adipisicing elitsed.","button_text":"Subscribe Now","use_custom_button":1,"button_fontstyle":["uppercase"],"button_letterspace":"0","button_type":"custom","button_appearance":"","button_status":"normal","button_background_color":"rgba(255, 255, 255, 0)","button_background_gradient":{"color":"#B4EC51","color2":"#429321","deg":"45","type":"linear"},"button_color":"#5f2039","button_background_color_hover":"","button_background_gradient_hover":{"color":"#429321","color2":"#B4EC51","deg":"45","type":"linear"},"button_color_hover":"#f73a46","class":"","global_background_type":"none","global_background_gradient":{"color":"#00c6fb","color2":"#005bea","deg":"45","type":"linear"},"global_use_overlay":0,"global_background_repeat":"no-repeat","global_background_size":"cover","global_background_attachment":"inherit","global_user_border":0,"global_border_width":"","global_border_radius":0,"global_margin":{"md":"0px 0px 0px 0px","sm":"   ","xs":"   "},"global_padding":{"md":"   ","sm":"   ","xs":"   "},"global_boxshadow":"0 0 0 0 #ffffff","global_use_animation":0,"global_animationduration":"300","global_animationdelay":"0","global_custom_css":".sppb-addon-optin-forms{\n\tpadding: 0;\n}","use_global_width":"0","hidden_md":"0","hidden_sm":"0","hidden_xs":"0","acl":"","instFormId":1522905950081,"custom_input_bdr":"0","button_padding":"0px 0px 0px 0px","button_shape":"square","button_icon":"fa-arrow-right","button_icon_position":"right","button_position":"sppb-text-left","global_text_color":"#9c9c9c","fontsize":"14"}}]}]}]}]}]