[{"id":1515153678564,"visibility":true,"collapse":false,"settings":{"admin_label":"","title":"","heading_selector":"h3","title_fontsize":"","title_fontweight":"","title_position":"sppb-text-center","columns_align_center":0,"fullscreen":0,"no_gutter":0,"padding":{"md":"80px 0px 50px 0px","sm":"   ","xs":"50px 0px 40px 0px"},"margin":{"md":"0px 0px 0px 0px","sm":"   ","xs":"   "},"background_image":"https://sppagebuilder.com/sample-data/images/2018/wedding-img/body-bg2.png","background_parallax":0,"background_repeat":"repeat","background_size":"inherit","background_attachment":"fixed","background_position":"0 0","background_video":0,"external_background_video":"0","show_top_shape":0,"shape_name":"clouds-flat","shape_color":"#e5e5e5","shape_width":{"md":100,"sm":100,"xs":100},"shape_height":"","shape_flip":false,"shape_invert":false,"shape_to_front":false,"show_bottom_shape":0,"bottom_shape_name":"clouds-opacity","bottom_shape_color":"#e5e5e5","bottom_shape_width":{"md":100,"sm":100,"xs":100},"bottom_shape_height":"","bottom_shape_flip":false,"bottom_shape_invert":false,"bottom_shape_to_front":false,"hidden_xs":"","hidden_sm":"","hidden_md":"","animationduration":"300","animationdelay":"0","instFormId":1515153678564},"layout":"4,4,4,4,4,4","columns":[{"id":1515153678599,"class_name":"col-md-4","visibility":true,"settings":{"background_image":"","background_repeat":"no-repeat","background_size":"cover","background_attachment":"scroll","background_position":"0 0","items_align_center":0,"boxshadow":"0 0 0 0 #fff","sm_col":"col-sm-6","xs_col":"","hidden_xs":0,"hidden_sm":0,"hidden_md":0,"animationduration":"800","animationdelay":"","instFormId":1515153678599,"padding":{"md":"15px 15px 15px 15px","sm":"   ","xs":"   "},"margin":{"md":"0px 0px 30px 0px","sm":"0px 0px 30px 0px","xs":"0px 0px 30px 0px"},"use_border":0,"background":"#fff","animation":"fadeIn"},"addons":[{"id":1515153678602,"name":"image","visibility":true,"settings":{"admin_label":"","title":"","heading_selector":"h3","title_fontsize":"","title_lineheight":"","title_letterspace":"0","title_position":"top","image":"https://sppagebuilder.com/sample-data/images/2018/wedding-img/thumb-1.png","border_radius":0,"alt_text":"Image","position":"sppb-text-center","open_lightbox":1,"overlay_color":"rgba(95, 32, 57, 0.9)","link":"","class":"","instFormId":1515153678602,"global_use_background":1,"global_user_border":0,"global_margin":{"md":"   ","sm":"   ","xs":"   "},"global_padding":{"md":"   ","sm":"   ","xs":"   "},"global_use_animation":0,"global_use_overlay":0,"global_background_color":"#fff"}},{"id":1515153678603,"name":"icon","visibility":true,"settings":{"admin_label":"","name":"fa-female","link":"","size":{"md":"48","xs":"35"},"width":{"md":"100","xs":"80"},"height":{"md":"100","xs":"80"},"use_hover":0,"hover_effect":"","alignment":"sppb-text-center","class":" widget-content","instFormId":1515153678603,"margin":{"md":"   ","sm":"   ","xs":"   "},"color":"#f73a46","background":"#fff","border_radius":{"md":"100","sm":"","xs":""},"global_use_background":0,"global_user_border":0,"global_margin":{"md":"-50px 0px -10px 0px","sm":"   ","xs":"-40px 0px -8px 0px"},"global_padding":{"md":"   ","sm":"   ","xs":"   "},"global_use_animation":0,"global_use_overlay":0,"global_custom_css":"#addonId .sppb-icon-inner{\n  z-index:2;\n  position:relative;\n}"}},{"id":1515153678604,"name":"heading","visibility":true,"settings":{"admin_label":"","title":"Dress & Makeup","heading_selector":"h4","use_link":0,"title_link":"","link_new_tab":"","title_fontsize":{"md":"24","sm":"","xs":"18"},"title_lineheight":{"md":"34","sm":"","xs":"28"},"title_letterspace":"0","title_margin":{"md":"10px 0px 0px 0px","sm":"   ","xs":"   "},"title_padding":{"md":"0px 0px 0px 0px","sm":"   ","xs":"   "},"title_icon_position":"before","alignment":"sppb-text-center","class":"","instFormId":1515062964289,"title_font_family":"Lato","title_font_style":{"weight":700},"global_use_background":0,"global_user_border":0,"global_margin":{"md":"0px 0px 3px 0px","sm":"   ","xs":"   "},"global_padding":{"md":"0px 15px 0px 15px","sm":"   ","xs":"   "},"global_use_animation":0,"global_text_color":"#5f2039"}},{"id":1515153678605,"name":"text_block","visibility":true,"settings":{"admin_label":"","title":"","heading_selector":"h4","title_fontsize":{"md":"24","sm":"","xs":""},"title_lineheight":{"md":"34","sm":"","xs":""},"title_letterspace":"0","text":"Lorem ipsum dolor sit amet, consectetur adipisicing elitsed.","alignment":"sppb-text-center","text_fontsize":{"md":"16","sm":"","xs":""},"text_lineheight":{"md":"22","sm":"","xs":""},"dropcap":0,"class":"","instFormId":1515126426439,"text_font_family":"Lato","font_family":"Lato","title_font_style":{"weight":700},"title_text_color":"#5f2039","global_use_background":0,"global_user_border":0,"global_margin":{"md":"0px 0px 30px 0px","sm":"   ","xs":"   "},"global_padding":{"md":"0px 15px 0px 15px","sm":"   ","xs":"   "},"global_use_animation":0,"global_text_color":"#9c9c9c","title_margin_bottom":{"md":"3","sm":"","xs":""}}}]},{"id":1515153678606,"class_name":"col-md-4","visibility":true,"settings":{"background_image":"","background_repeat":"no-repeat","background_size":"cover","background_attachment":"scroll","background_position":"0 0","items_align_center":0,"boxshadow":"0 0 0 0 #fff","sm_col":"col-sm-6","xs_col":"","hidden_xs":0,"hidden_sm":0,"hidden_md":0,"animationduration":"800","animationdelay":"200","instFormId":1515153678606,"padding":{"md":"15px 15px 15px 15px","sm":"   ","xs":"   "},"margin":{"md":"0px 0px 30px 0px","sm":"0px 0px 30px 0px","xs":"0px 0px 30px 0px"},"use_border":0,"background":"#fff","animation":"fadeIn"},"addons":[{"id":1515153678609,"name":"image","visibility":true,"settings":{"admin_label":"","title":"","heading_selector":"h3","title_fontsize":"","title_lineheight":"","title_letterspace":"0","title_position":"top","image":"https://sppagebuilder.com/sample-data/images/2018/wedding-img/thumb-2.png","border_radius":0,"alt_text":"Image","position":"sppb-text-center","open_lightbox":1,"overlay_color":"rgba(95, 32, 57, 0.9)","link":"","class":"","instFormId":1515153678609,"global_use_background":1,"global_user_border":0,"global_margin":{"md":"   ","sm":"   ","xs":"   "},"global_padding":{"md":"   ","sm":"   ","xs":"   "},"global_use_animation":0,"global_use_overlay":0,"global_background_color":"#fff"}},{"id":1515153678610,"name":"icon","visibility":true,"settings":{"admin_label":"","name":"fa-birthday-cake","link":"","size":{"md":"48","xs":"35"},"width":{"md":"100","xs":"80"},"height":{"md":"100","xs":"80"},"use_hover":0,"hover_effect":"","alignment":"sppb-text-center","class":" widget-content","instFormId":1515153678610,"margin":{"md":"   ","sm":"   ","xs":"   "},"color":"#f73a46","background":"#fff","border_radius":{"md":"100","sm":"","xs":""},"global_use_background":0,"global_user_border":0,"global_margin":{"md":"-50px 0px -10px 0px","sm":"   ","xs":"-40px 0px -8px 0px"},"global_padding":{"md":"   ","sm":"   ","xs":"   "},"global_use_animation":0,"global_use_overlay":0,"global_custom_css":"#addonId .sppb-icon-inner{\n  z-index:2;\n  position:relative;\n}"}},{"id":1515153678611,"name":"heading","visibility":true,"settings":{"admin_label":"","title":"Catering & Staffing","heading_selector":"h4","use_link":0,"title_link":"","link_new_tab":"","title_fontsize":{"md":"24","sm":"","xs":"18"},"title_lineheight":{"md":"34","sm":"","xs":"28"},"title_letterspace":"0","title_margin":{"md":"10px 0px 0px 0px","sm":"   ","xs":"   "},"title_padding":{"md":"0px 0px 0px 0px","sm":"   ","xs":"   "},"title_icon_position":"before","alignment":"sppb-text-center","class":"","instFormId":1515062964289,"title_font_family":"Lato","title_font_style":{"weight":700},"global_use_background":0,"global_user_border":0,"global_margin":{"md":"0px 0px 3px 0px","sm":"   ","xs":"   "},"global_padding":{"md":"0px 15px 0px 15px","sm":"   ","xs":"   "},"global_use_animation":0,"global_text_color":"#5f2039"}},{"id":1515153678612,"name":"text_block","visibility":true,"settings":{"admin_label":"","title":"","heading_selector":"h4","title_fontsize":{"md":"24","sm":"","xs":""},"title_lineheight":{"md":"34","sm":"","xs":""},"title_letterspace":"0","text":"Lorem ipsum dolor sit amet, consectetur adipisicing elitsed.","alignment":"sppb-text-center","text_fontsize":{"md":"16","sm":"","xs":""},"text_lineheight":{"md":"22","sm":"","xs":""},"dropcap":0,"class":"","instFormId":1515126426446,"text_font_family":"Lato","font_family":"Lato","title_font_style":{"weight":700},"title_text_color":"#5f2039","global_use_background":0,"global_user_border":0,"global_margin":{"md":"0px 0px 30px 0px","sm":"   ","xs":"   "},"global_padding":{"md":"0px 15px 0px 15px","sm":"   ","xs":"   "},"global_use_animation":0,"global_text_color":"#9c9c9c","title_margin_bottom":{"md":"3","sm":"","xs":""}}}]},{"id":1515153678613,"class_name":"col-md-4","visibility":true,"settings":{"background_image":"","background_repeat":"no-repeat","background_size":"cover","background_attachment":"scroll","background_position":"0 0","items_align_center":0,"boxshadow":"0 0 0 0 #fff","sm_col":"col-sm-6","xs_col":"","hidden_xs":0,"hidden_sm":0,"hidden_md":0,"animationduration":"800","animationdelay":"400","instFormId":1515153678613,"padding":{"md":"15px 15px 15px 15px","sm":"   ","xs":"   "},"margin":{"md":"0px 0px 30px 0px","sm":"0px 0px 30px 0px","xs":"0px 0px 30px 0px"},"use_border":0,"background":"#fff","animation":"fadeIn"},"addons":[{"id":1515153678616,"name":"image","visibility":true,"settings":{"admin_label":"","title":"","heading_selector":"h3","title_fontsize":"","title_lineheight":"","title_letterspace":"0","title_position":"top","image":"https://sppagebuilder.com/sample-data/images/2018/wedding-img/thumb-3.png","border_radius":0,"alt_text":"Image","position":"sppb-text-center","open_lightbox":1,"overlay_color":"rgba(95, 32, 57, 0.9)","link":"","class":"","instFormId":1515153678616,"global_use_background":1,"global_user_border":0,"global_margin":{"md":"   ","sm":"   ","xs":"   "},"global_padding":{"md":"   ","sm":"   ","xs":"   "},"global_use_animation":0,"global_use_overlay":0,"global_background_color":"#fff"}},{"id":1515153678617,"name":"icon","visibility":true,"settings":{"admin_label":"","name":"fa-camera-retro","link":"","size":{"md":"48","xs":"35"},"width":{"md":"100","xs":"80"},"height":{"md":"100","xs":"80"},"use_hover":0,"hover_effect":"","alignment":"sppb-text-center","class":" widget-content","instFormId":1515153678617,"margin":{"md":"   ","sm":"   ","xs":"   "},"color":"#f73a46","background":"#fff","border_radius":{"md":"100","sm":"","xs":""},"global_use_background":0,"global_user_border":0,"global_margin":{"md":"-50px 0px -10px 0px","sm":"   ","xs":"-40px 0px -8px 0px"},"global_padding":{"md":"   ","sm":"   ","xs":"   "},"global_use_animation":0,"global_use_overlay":0,"global_custom_css":"#addonId .sppb-icon-inner{\n  z-index:2;\n  position:relative;\n}"}},{"id":1515153678618,"name":"heading","visibility":true,"settings":{"admin_label":"","title":"Wedding Photography","heading_selector":"h4","use_link":0,"title_link":"","link_new_tab":"","title_fontsize":{"md":"24","sm":"","xs":"18"},"title_lineheight":{"md":"34","sm":"","xs":"28"},"title_letterspace":"0","title_margin":{"md":"10px 0px 0px 0px","sm":"   ","xs":"   "},"title_padding":{"md":"0px 0px 0px 0px","sm":"   ","xs":"   "},"title_icon_position":"before","alignment":"sppb-text-center","class":"","instFormId":1515062964289,"title_font_family":"Lato","title_font_style":{"weight":700},"global_use_background":0,"global_user_border":0,"global_margin":{"md":"0px 0px 3px 0px","sm":"   ","xs":"   "},"global_padding":{"md":"0px 15px 0px 15px","sm":"   ","xs":"   "},"global_use_animation":0,"global_text_color":"#5f2039"}},{"id":1515153678619,"name":"text_block","visibility":true,"settings":{"admin_label":"","title":"","heading_selector":"h4","title_fontsize":{"md":"24","sm":"","xs":""},"title_lineheight":{"md":"34","sm":"","xs":""},"title_letterspace":"0","text":"Lorem ipsum dolor sit amet, consectetur adipisicing elitsed.","alignment":"sppb-text-center","text_fontsize":{"md":"16","sm":"","xs":""},"text_lineheight":{"md":"22","sm":"","xs":""},"dropcap":0,"class":"","instFormId":1515066612359,"text_font_family":"Lato","font_family":"Lato","title_font_style":{"weight":700},"title_text_color":"#5f2039","global_use_background":0,"global_user_border":0,"global_margin":{"md":"0px 0px 30px 0px","sm":"   ","xs":"   "},"global_padding":{"md":"0px 15px 0px 15px","sm":"   ","xs":"   "},"global_use_animation":0,"global_text_color":"#9c9c9c","title_margin_bottom":{"md":"3","sm":"","xs":""}}}]},{"id":1522922909277,"class_name":"col-md-4","visibility":true,"settings":{"background_type":"color","background_gradient":{"color":"#00c6fb","color2":"#005bea","deg":"45","type":"linear"},"background_image":"","background_repeat":"no-repeat","background_size":"cover","background_attachment":"scroll","background_position":"0 0","items_align_center":0,"use_border":0,"border_width":"","border_radius":0,"boxshadow":"0 0 0 0 #fff","sm_col":"col-sm-6","xs_col":"","hidden_xs":0,"hidden_sm":0,"hidden_md":0,"animationduration":"800","animationdelay":"600","instFormId":1522922909277,"padding":{"md":"15px 15px 15px 15px","sm":"   ","xs":"   "},"margin":{"md":"0px 0px 30px 0px","sm":"0px 0px 30px 0px","xs":"0px 0px 30px 0px"},"background":"#fff","animation":"fadeIn"},"addons":[{"id":1515153678577,"name":"image","visibility":true,"settings":{"admin_label":"","title":"","heading_selector":"h3","title_fontsize":"","title_lineheight":"","title_letterspace":"0","title_position":"top","image":"https://sppagebuilder.com/sample-data/images/2018/wedding-img/thumb-4.png","border_radius":0,"alt_text":"Image","position":"sppb-text-center","open_lightbox":1,"overlay_color":"rgba(95, 32, 57, 0.9)","link":"","class":"","instFormId":1515153678577,"global_use_background":1,"global_user_border":0,"global_margin":{"md":"   ","sm":"   ","xs":"   "},"global_padding":{"md":"   ","sm":"   ","xs":"   "},"global_use_animation":0,"global_use_overlay":0,"global_background_color":"#fff"}},{"id":1515153678578,"name":"icon","visibility":true,"settings":{"admin_label":"","name":"fa-empire","link":"","size":{"md":"48","xs":"35"},"width":{"md":"100","xs":"80"},"height":{"md":"100","xs":"80"},"use_hover":0,"hover_effect":"","alignment":"sppb-text-center","class":" widget-content","instFormId":1515153678578,"margin":{"md":"   ","sm":"   ","xs":"   "},"color":"#f73a46","background":"#fff","border_radius":{"md":"100","sm":"","xs":""},"global_use_background":0,"global_user_border":0,"global_margin":{"md":"-50px 0px -10px 0px","sm":"   ","xs":"-40px 0px -8px 0px"},"global_padding":{"md":"   ","sm":"   ","xs":"   "},"global_use_animation":0,"global_use_overlay":0,"global_custom_css":"#addonId .sppb-icon-inner{\n  z-index:2;\n  position:relative;\n}"}},{"id":1515153678579,"name":"heading","visibility":true,"settings":{"admin_label":"","title":"Design & Decor","heading_selector":"h4","use_link":0,"title_link":"","link_new_tab":"","title_fontsize":{"md":"24","sm":"","xs":"18"},"title_lineheight":{"md":"34","sm":"","xs":"28"},"title_letterspace":"0","title_margin":{"md":"10px 0px 0px 0px","sm":"   ","xs":"   "},"title_padding":{"md":"0px 0px 0px 0px","sm":"   ","xs":"   "},"title_icon_position":"before","alignment":"sppb-text-center","class":"","instFormId":1515153678579,"title_font_family":"Lato","title_font_style":{"weight":700},"global_use_background":0,"global_user_border":0,"global_margin":{"md":"0px 0px 3px 0px","sm":"   ","xs":"   "},"global_padding":{"md":"0px 15px 0px 15px","sm":"   ","xs":"   "},"global_use_animation":0,"global_text_color":"#5f2039"}},{"id":1515153678580,"name":"text_block","visibility":true,"settings":{"admin_label":"","title":"","heading_selector":"h4","title_fontsize":{"md":"24","sm":"","xs":""},"title_lineheight":{"md":"34","sm":"","xs":""},"title_letterspace":"0","text":"Lorem ipsum dolor sit amet, consectetur adipisicing elitsed.","alignment":"sppb-text-center","text_fontsize":{"md":"16","sm":"","xs":""},"text_lineheight":{"md":"22","sm":"","xs":""},"dropcap":0,"class":"","instFormId":1515126426439,"text_font_family":"Lato","font_family":"Lato","title_font_style":{"weight":700},"title_text_color":"#5f2039","global_use_background":0,"global_user_border":0,"global_margin":{"md":"0px 0px 30px 0px","sm":"   ","xs":"   "},"global_padding":{"md":"0px 15px 0px 15px","sm":"   ","xs":"   "},"global_use_animation":0,"global_text_color":"#9c9c9c","title_margin_bottom":{"md":"3","sm":"","xs":""}}}]},{"id":1522922909278,"class_name":"col-md-4","visibility":true,"settings":{"background_type":"color","background_gradient":{"color":"#00c6fb","color2":"#005bea","deg":"45","type":"linear"},"background_image":"","background_repeat":"no-repeat","background_size":"cover","background_attachment":"scroll","background_position":"0 0","items_align_center":0,"use_border":0,"border_width":"","border_radius":0,"boxshadow":"0 0 0 0 #fff","sm_col":"col-sm-6","xs_col":"","hidden_xs":0,"hidden_sm":0,"hidden_md":0,"animationduration":"800","animationdelay":"800","instFormId":1522922909278,"padding":{"md":"15px 15px 15px 15px","sm":"   ","xs":"   "},"margin":{"md":"0px 0px 30px 0px","sm":"0px 0px 30px 0px","xs":"0px 0px 30px 0px"},"background":"#fff","animation":"fadeIn"},"addons":[{"id":1515153678585,"name":"image","visibility":true,"settings":{"admin_label":"","title":"","heading_selector":"h3","title_fontsize":"","title_lineheight":"","title_letterspace":"0","title_position":"top","image":"https://sppagebuilder.com/sample-data/images/2018/wedding-img/thumb-5.png","border_radius":0,"alt_text":"Image","position":"sppb-text-center","open_lightbox":1,"overlay_color":"rgba(95, 32, 57, 0.9)","link":"","class":"","instFormId":1515153678585,"global_use_background":1,"global_user_border":0,"global_margin":{"md":"   ","sm":"   ","xs":"   "},"global_padding":{"md":"   ","sm":"   ","xs":"   "},"global_use_animation":0,"global_use_overlay":0,"global_background_color":"#fff"}},{"id":1515153678586,"name":"icon","visibility":true,"settings":{"admin_label":"","name":"fa-music","link":"","size":{"md":"48","xs":"35"},"width":{"md":"100","xs":"80"},"height":{"md":"100","xs":"80"},"use_hover":0,"hover_effect":"","alignment":"sppb-text-center","class":" widget-content","instFormId":1515153678586,"margin":{"md":"   ","sm":"   ","xs":"   "},"color":"#f73a46","background":"#fff","border_radius":{"md":"100","sm":"","xs":""},"global_use_background":0,"global_user_border":0,"global_margin":{"md":"-50px 0px -10px 0px","sm":"   ","xs":"-40px 0px -8px 0px"},"global_padding":{"md":"   ","sm":"   ","xs":"   "},"global_use_animation":0,"global_use_overlay":0,"global_custom_css":"#addonId .sppb-icon-inner{\n  z-index:2;\n  position:relative;\n}"}},{"id":1515153678587,"name":"heading","visibility":true,"settings":{"admin_label":"","title":"Event Entertainment","heading_selector":"h4","use_link":0,"title_link":"","link_new_tab":"","title_fontsize":{"md":"24","sm":"","xs":"18"},"title_lineheight":{"md":"34","sm":"","xs":"28"},"title_letterspace":"0","title_margin":{"md":"10px 0px 0px 0px","sm":"   ","xs":"   "},"title_padding":{"md":"0px 0px 0px 0px","sm":"   ","xs":"   "},"title_icon_position":"before","alignment":"sppb-text-center","class":"","instFormId":1515153678587,"title_font_family":"Lato","title_font_style":{"weight":700},"global_use_background":0,"global_user_border":0,"global_margin":{"md":"0px 0px 3px 0px","sm":"   ","xs":"   "},"global_padding":{"md":"0px 15px 0px 15px","sm":"   ","xs":"   "},"global_use_animation":0,"global_text_color":"#5f2039"}},{"id":1515153678588,"name":"text_block","visibility":true,"settings":{"admin_label":"","title":"","heading_selector":"h4","title_fontsize":{"md":"24","sm":"","xs":""},"title_lineheight":{"md":"34","sm":"","xs":""},"title_letterspace":"0","text":"Lorem ipsum dolor sit amet, consectetur adipisicing elitsed.","alignment":"sppb-text-center","text_fontsize":{"md":"16","sm":"","xs":""},"text_lineheight":{"md":"22","sm":"","xs":""},"dropcap":0,"class":"","instFormId":1515126426446,"text_font_family":"Lato","font_family":"Lato","title_font_style":{"weight":700},"title_text_color":"#5f2039","global_use_background":0,"global_user_border":0,"global_margin":{"md":"0px 0px 30px 0px","sm":"   ","xs":"   "},"global_padding":{"md":"0px 15px 0px 15px","sm":"   ","xs":"   "},"global_use_animation":0,"global_text_color":"#9c9c9c","title_margin_bottom":{"md":"3","sm":"","xs":""}}}]},{"id":1522922909279,"class_name":"col-md-4","visibility":true,"settings":{"background_type":"color","background_gradient":{"color":"#00c6fb","color2":"#005bea","deg":"45","type":"linear"},"background_image":"","background_repeat":"no-repeat","background_size":"cover","background_attachment":"scroll","background_position":"0 0","items_align_center":0,"use_border":0,"border_width":"","border_radius":0,"boxshadow":"0 0 0 0 #fff","sm_col":"col-sm-6","xs_col":"","hidden_xs":0,"hidden_sm":0,"hidden_md":0,"animationduration":"800","animationdelay":"1000","instFormId":1522922909279,"padding":{"md":"15px 15px 15px 15px","sm":"   ","xs":"   "},"margin":{"md":"0px 0px 30px 0px","sm":"0px 0px 30px 0px","xs":"0px 0px 30px 0px"},"background":"#fff","animation":"fadeIn"},"addons":[{"id":1515153678593,"name":"image","visibility":true,"settings":{"admin_label":"","title":"","heading_selector":"h3","title_fontsize":"","title_lineheight":"","title_letterspace":"0","title_position":"top","image":"https://sppagebuilder.com/sample-data/images/2018/wedding-img/thumb-6.png","border_radius":0,"alt_text":"Image","position":"sppb-text-center","open_lightbox":1,"overlay_color":"rgba(95, 32, 57, 0.9)","link":"","class":"","instFormId":1515153678593,"global_use_background":1,"global_user_border":0,"global_margin":{"md":"   ","sm":"   ","xs":"   "},"global_padding":{"md":"   ","sm":"   ","xs":"   "},"global_use_animation":0,"global_use_overlay":0,"global_background_color":"#fff"}},{"id":1515153678594,"name":"icon","visibility":true,"settings":{"admin_label":"","name":"fa-cab","link":"","size":{"md":"48","xs":"35"},"width":{"md":"100","xs":"80"},"height":{"md":"100","xs":"80"},"use_hover":0,"hover_effect":"","alignment":"sppb-text-center","class":" widget-content","instFormId":1515153678594,"margin":{"md":"   ","sm":"   ","xs":"   "},"color":"#f73a46","background":"#fff","border_radius":{"md":"100","sm":"","xs":""},"global_use_background":0,"global_user_border":0,"global_margin":{"md":"-50px 0px -10px 0px","sm":"   ","xs":"-40px 0px -8px 0px"},"global_padding":{"md":"   ","sm":"   ","xs":"   "},"global_use_animation":0,"global_use_overlay":0,"global_custom_css":"#addonId .sppb-icon-inner{\n  z-index:2;\n  position:relative;\n}"}},{"id":1515153678595,"name":"heading","visibility":true,"settings":{"admin_label":"","title":"Transportation","heading_selector":"h4","use_link":0,"title_link":"","link_new_tab":"","title_fontsize":{"md":"24","sm":"","xs":"18"},"title_lineheight":{"md":"34","sm":"","xs":"28"},"title_letterspace":"0","title_margin":{"md":"10px 0px 0px 0px","sm":"   ","xs":"   "},"title_padding":{"md":"0px 0px 0px 0px","sm":"   ","xs":"   "},"title_icon_position":"before","alignment":"sppb-text-center","class":"","instFormId":1515153678595,"title_font_family":"Lato","title_font_style":{"weight":700},"global_use_background":0,"global_user_border":0,"global_margin":{"md":"0px 0px 3px 0px","sm":"   ","xs":"   "},"global_padding":{"md":"0px 15px 0px 15px","sm":"   ","xs":"   "},"global_use_animation":0,"global_text_color":"#5f2039"}},{"id":1515153678596,"name":"text_block","visibility":true,"settings":{"admin_label":"","title":"","heading_selector":"h4","title_fontsize":{"md":"24","sm":"","xs":""},"title_lineheight":{"md":"34","sm":"","xs":""},"title_letterspace":"0","text":"Lorem ipsum dolor sit amet, consectetur adipisicing elitsed.","alignment":"sppb-text-center","text_fontsize":{"md":"16","sm":"","xs":""},"text_lineheight":{"md":"22","sm":"","xs":""},"dropcap":0,"class":"","instFormId":1515066612359,"text_font_family":"Lato","font_family":"Lato","title_font_style":{"weight":700},"title_text_color":"#5f2039","global_use_background":0,"global_user_border":0,"global_margin":{"md":"0px 0px 30px 0px","sm":"   ","xs":"   "},"global_padding":{"md":"0px 15px 0px 15px","sm":"   ","xs":"   "},"global_use_animation":0,"global_text_color":"#9c9c9c","title_margin_bottom":{"md":"3","sm":"","xs":""}}}]}]},{"id":1515144174036,"visibility":true,"collapse":false,"settings":{"admin_label":"","title":"","heading_selector":"h3","title_fontsize":"","title_fontweight":"","title_position":"sppb-text-center","columns_align_center":0,"fullscreen":0,"no_gutter":0,"padding":{"md":"140px 0px 140px 0px","sm":"   ","xs":"70px 0px 70px 0px"},"margin":{"md":"30px 30px 30px 30px","sm":"   ","xs":"   "},"background_image":"https://sppagebuilder.com/sample-data/images/2018/wedding-img/elegant-bg.png","background_parallax":0,"background_repeat":"repeat","background_size":"cover","background_attachment":"inherit","background_position":"0 50%","background_video":0,"external_background_video":"0","show_top_shape":0,"shape_name":"clouds-flat","shape_color":"#e5e5e5","shape_width":{"md":100,"sm":100,"xs":100},"shape_height":"","shape_flip":false,"shape_invert":false,"shape_to_front":false,"show_bottom_shape":0,"bottom_shape_name":"clouds-opacity","bottom_shape_color":"#e5e5e5","bottom_shape_width":{"md":100,"sm":100,"xs":100},"bottom_shape_height":"","bottom_shape_flip":false,"bottom_shape_invert":false,"bottom_shape_to_front":false,"hidden_xs":"","hidden_sm":"","hidden_md":"","animationduration":"300","animationdelay":"0","instFormId":1515144174036,"background_color":"","background_type":"image"},"layout":"5,7","columns":[{"id":1528178175013,"class_name":"col-md-5","visibility":true,"settings":{},"addons":[]},{"id":1515144174092,"class_name":"col-md-7","visibility":true,"settings":{"background_image":"","background_repeat":"no-repeat","background_size":"cover","background_attachment":"scroll","background_position":"0 0","items_align_center":0,"boxshadow":"0 0 0 0 #fff","sm_col":"","xs_col":"","hidden_xs":"","hidden_sm":"","hidden_md":"","animationduration":"300","animationdelay":"0","instFormId":1515144174092,"padding":{"md":"   ","sm":"   ","xs":"   "},"margin":{"md":"   ","sm":"   ","xs":"   "},"use_border":0},"addons":[{"id":1515144174096,"name":"image","visibility":true,"settings":{"admin_label":"","title":"","heading_selector":"h3","title_fontsize":"","title_lineheight":"","title_letterspace":"0","title_position":"top","image":"https://sppagebuilder.com/sample-data/images/2018/wedding-img/elegant-ring.png","border_radius":0,"alt_text":"Image","position":"sppb-text-left","open_lightbox":0,"overlay_color":"rgba(119, 219, 31, .5)","link":"","class":"","instFormId":1515144174096,"global_use_background":0,"global_user_border":0,"global_margin":{"md":"0px 0px 30px 0px","sm":"   ","xs":"   "},"global_padding":{"md":"   ","sm":"   ","xs":"   "},"global_use_animation":1,"global_animation":"fadeInDown","global_animationduration":"800"}},{"id":1515144174097,"name":"heading","visibility":true,"settings":{"admin_label":"","title":"PRICE: $2000.00","heading_selector":"h5","use_link":0,"title_link":"","link_new_tab":"","title_fontsize":{"md":"16","sm":"","xs":""},"title_lineheight":{"md":"24","sm":"","xs":""},"title_letterspace":"1px","title_margin":{"md":"0px 0px 0px 0px","sm":"   ","xs":"   "},"title_padding":{"md":"0px 0px 0px 0px","sm":"   ","xs":"   "},"title_icon_position":"before","alignment":"sppb-text-left","class":"","instFormId":1515144174097,"title_font_family":"Lato","title_font_style":{"uppercase":true,"weight":900},"global_use_background":0,"global_user_border":0,"global_margin":{"md":"   ","sm":"   ","xs":"   "},"global_padding":{"md":"   ","sm":"   ","xs":"   "},"global_use_animation":1,"global_text_color":"#5f2039","global_animation":"fadeInDown","global_animationduration":"800","global_animationdelay":"200"}},{"id":1515144174098,"name":"heading","visibility":true,"settings":{"admin_label":"","title":"ELEGANT WEDDINGS","heading_selector":"h1","use_link":0,"title_link":"","link_new_tab":"","title_fontsize":{"md":"62","sm":"","xs":"30"},"title_lineheight":{"md":"70","sm":"","xs":"28"},"title_letterspace":"0","title_margin":{"md":"0px 0px 5px 0px","sm":"   ","xs":"   "},"title_padding":{"md":"0px 0px 0px 0px","sm":"   ","xs":"   "},"title_icon_position":"before","alignment":"sppb-text-left","class":"","instFormId":1515144174098,"title_font_style":{"weight":900,"uppercase":true},"title_font_family":"Lato","global_use_background":0,"global_user_border":0,"global_margin":{"md":"   ","sm":"   ","xs":"   "},"global_padding":{"md":"   ","sm":"   ","xs":"   "},"global_use_animation":1,"global_text_color":"#5f2039","use_global_width":0,"hidden_md":0,"hidden_sm":0,"hidden_xs":0,"global_animation":"fadeInDown","global_animationduration":"800","global_animationdelay":"400"}},{"id":1515144174099,"name":"heading","visibility":true,"settings":{"admin_label":"","title":"The Hamptons Mansio, USA","heading_selector":"h3","use_link":0,"title_link":"","link_new_tab":"","title_fontsize":{"md":"30","sm":"","xs":"16"},"title_lineheight":{"md":"40","sm":"","xs":"26"},"title_letterspace":"0","title_margin":{"md":"10px 0px 0px 0px","sm":"   ","xs":"0px 0px 0px 0px"},"title_padding":{"md":"0px 0px 0px 0px","sm":"   ","xs":"   "},"title_icon_position":"before","alignment":"sppb-text-left","class":"","instFormId":1515144174099,"title_font_style":{"weight":300,"uppercase":true},"title_font_family":"Lato","global_use_background":0,"global_user_border":0,"global_margin":{"md":"   ","sm":"   ","xs":"   "},"global_padding":{"md":"   ","sm":"   ","xs":"   "},"global_use_animation":1,"global_text_color":"#5f2039","global_animation":"fadeInDown","global_animationduration":"800","global_animationdelay":"600"}},{"id":1515144174100,"name":"text_block","visibility":true,"settings":{"admin_label":"","title":"","heading_selector":"h3","title_fontsize":"","title_lineheight":"","title_letterspace":"0","text":"<div style=\"font-weight: 400;\">Lorem ipsum dolor sit amet, consectetur adipisicing elit, sed do eiusmod tempor incididunt ut labore et dolore magna aliqua. Ut enim ad minim veniam, quis nostrud exercitation ullamco laboris nisi ut aliquip ex ea commodo consequat.</div>","alignment":"","text_fontsize":{"md":"16","sm":"","xs":""},"text_lineheight":{"md":"26","sm":"","xs":""},"dropcap":0,"class":"","instFormId":1515144174100,"text_font_family":"Lato","global_use_background":0,"global_user_border":0,"global_margin":{"md":"25px 0px 0px 0px","sm":"   ","xs":"   "},"global_padding":{"md":"0px 15px 0px 0px","sm":"   ","xs":"   "},"global_use_animation":1,"global_text_color":"#626262","global_animation":"fadeInDown","global_animationduration":"800","global_animationdelay":"800"}},{"id":1515144174101,"name":"button","visibility":true,"settings":{"admin_label":"","text":"Book Now","alignment":"sppb-text-left","letterspace":"0","type":"custom","appearance":"","background_color":"#5f2039","color":"#FFFFFF","background_color_hover":"#ce4269","color_hover":"#fff","button_padding":{"md":"13px 40px 13px 40px","sm":"   ","xs":"   "},"icon_position":"left","class":"","instFormId":1515144174101,"global_use_background":0,"global_user_border":0,"global_margin":{"md":"50px 0px 0px 0px","sm":"   ","xs":"   "},"global_padding":{"md":"   ","sm":"   ","xs":"   "},"global_use_animation":1,"font_family":"Lato","font_style":{"weight":400,"uppercase":true},"url":"#","shape":"square","button_status":"normal","global_animation":"fadeInDown","global_animationduration":"800","global_animationdelay":"1000"}}]}]},{"id":1515144174320,"visibility":true,"collapse":false,"settings":{"admin_label":"","title":"","heading_selector":"h3","title_fontsize":"","title_fontweight":"","title_position":"sppb-text-center","columns_align_center":0,"fullscreen":0,"no_gutter":0,"padding":{"md":"130px 0px 110px 0px","sm":"   ","xs":"70px 0px 40px 0px"},"margin":{"md":"0px 0px 0px 0px","sm":"   ","xs":"   "},"background_image":"https://sppagebuilder.com/sample-data/images/2018/wedding-img/body-bg2.png","background_parallax":0,"background_repeat":"repeat","background_size":"inherit","background_attachment":"inherit","background_position":"0 0","background_video":0,"external_background_video":"0","show_top_shape":0,"shape_name":"clouds-flat","shape_color":"#e5e5e5","shape_width":{"md":100,"sm":100,"xs":100},"shape_height":"","shape_flip":false,"shape_invert":false,"shape_to_front":false,"show_bottom_shape":0,"bottom_shape_name":"clouds-opacity","bottom_shape_color":"#e5e5e5","bottom_shape_width":{"md":100,"sm":100,"xs":100},"bottom_shape_height":"","bottom_shape_flip":false,"bottom_shape_invert":false,"bottom_shape_to_front":false,"hidden_xs":"","hidden_sm":"","hidden_md":"","animationduration":"300","animationdelay":"0","instFormId":1515144174320},"layout":"12,4,4,4","columns":[{"id":1515144174103,"class_name":"col-md-12","visibility":true,"settings":{"background_image":"","background_repeat":"no-repeat","background_size":"cover","background_attachment":"scroll","background_position":"0 0","items_align_center":0,"boxshadow":"0 0 0 0 #fff","sm_col":"","xs_col":"","hidden_xs":"","hidden_sm":"","hidden_md":"","animationduration":"300","animationdelay":"0","instFormId":1515144174103,"padding":{"md":"0px 30px 38px 30px","sm":"   ","xs":"0px 0px 0px 0px"},"margin":{"md":"   ","sm":"   ","xs":"   "},"use_border":0},"addons":[{"id":1515144174106,"name":"heading","visibility":true,"settings":{"admin_label":"","title":"Most Popular Wedding Venues","heading_selector":"h2","use_link":0,"title_link":"","link_new_tab":"","title_fontsize":{"md":"36","sm":"","xs":"20"},"title_lineheight":{"md":"46","sm":"","xs":"30"},"title_letterspace":"0","title_margin":{"md":"0px 0px 5px 0px","sm":"   ","xs":"   "},"title_padding":{"md":"0px 0px 0px 0px","sm":"   ","xs":"   "},"title_icon_position":"before","alignment":"sppb-text-center","class":"","instFormId":1515144174106,"title_font_style":{"uppercase":true,"weight":700},"global_use_background":0,"global_user_border":0,"global_margin":{"md":"   ","sm":"   ","xs":"   "},"global_padding":{"md":"   ","sm":"   ","xs":"   "},"global_use_animation":0,"global_text_color":"#5f2039","title_font_family":"Lato"}},{"id":1515144174107,"name":"image","visibility":true,"settings":{"admin_label":"","title":"","heading_selector":"h3","title_fontsize":"","title_lineheight":"","title_letterspace":"0","title_position":"top","image":"https://sppagebuilder.com/sample-data/images/2018/wedding-img/divider.png","border_radius":0,"alt_text":"Image","position":"sppb-text-center","open_lightbox":0,"overlay_color":"rgba(119, 219, 31, .5)","link":"","class":"","instFormId":1515061325440,"global_use_background":0,"global_user_border":0,"global_margin":{"md":"0px 0px 16px 0px","sm":"   ","xs":"   "},"global_padding":{"md":"   ","sm":"   ","xs":"   "},"global_use_animation":0}},{"id":1515144174108,"name":"heading","visibility":true,"settings":{"admin_label":"","title":"Choose your wedding venues","heading_selector":"h6","use_link":0,"title_link":"","link_new_tab":"","title_fontsize":{"md":"14","sm":"","xs":"12"},"title_lineheight":{"md":"24","sm":"","xs":"22"},"title_letterspace":"3px","title_margin":{"md":"0px 0px 0px 0px","sm":"   ","xs":"   "},"title_padding":{"md":"0px 0px 0px 0px","sm":"   ","xs":"   "},"title_icon_position":"before","alignment":"sppb-text-center","class":"","instFormId":1515144174108,"title_font_family":"Lato","title_font_style":{"uppercase":true,"weight":400},"global_use_background":0,"global_user_border":0,"global_margin":{"md":"0px 0px 35px 0px","sm":"   ","xs":"   "},"global_padding":{"md":"   ","sm":"   ","xs":"   "},"global_use_animation":0,"global_text_color":"#000000"}}]},{"id":1515144174365,"class_name":"col-md-4","visibility":true,"settings":{"background_image":"","background_repeat":"no-repeat","background_size":"cover","background_attachment":"scroll","background_position":"0 0","items_align_center":0,"boxshadow":"0 0 0 0 #fff","sm_col":"col-sm-6","xs_col":"","hidden_xs":0,"hidden_sm":0,"hidden_md":0,"animationduration":"300","animationdelay":"0","instFormId":1515144174365,"padding":{"md":"15px 15px 15px 15px","sm":"   ","xs":"   "},"margin":{"md":"0px 0px 30px 0px","sm":"0px 0px 30px 0px","xs":"0px 0px 30px 0px"},"use_border":0,"background":"#fff"},"addons":[{"id":1515144174799,"name":"image","visibility":true,"settings":{"admin_label":"","title":"","heading_selector":"h3","title_fontsize":"","title_lineheight":"","title_letterspace":"0","title_position":"top","image":"https://sppagebuilder.com/sample-data/images/2018/wedding-img/thumb-7.png","border_radius":0,"alt_text":"img","position":"sppb-text-center","open_lightbox":1,"overlay_color":"rgba(95, 32, 57, 0.9)","link":"","class":"","instFormId":1515144174799,"global_use_background":1,"global_user_border":0,"global_margin":{"md":"   ","sm":"   ","xs":"   "},"global_padding":{"md":"   ","sm":"   ","xs":"   "},"global_use_animation":0,"global_use_overlay":0,"global_background_color":"#fff"}},{"id":1515385278250,"name":"heading","visibility":true,"settings":{"admin_label":"","title":"Kampton Bays","heading_selector":"h4","use_link":0,"title_link":"","link_new_tab":"","title_fontsize":{"md":"24","sm":"","xs":"18"},"title_lineheight":{"md":"34","sm":"","xs":"28"},"title_letterspace":"0","title_margin":{"md":"40px 0px 10px 0px","sm":"   ","xs":"15px 0px 0px 0px"},"title_padding":{"md":"0px 0px 0px 0px","sm":"   ","xs":"   "},"title_icon_position":"before","alignment":"sppb-text-center","class":"","instFormId":1515385278044,"title_font_family":"Lato","title_font_style":{"weight":700},"global_use_background":0,"global_user_border":0,"global_margin":{"md":"0px 0px 3px 0px","sm":"   ","xs":"   "},"global_padding":{"md":"0px 15px 0px 15px","sm":"   ","xs":"   "},"global_use_animation":0,"global_text_color":"#5f2039"}},{"id":1515385278245,"name":"text_block","visibility":true,"settings":{"admin_label":"","title":"","heading_selector":"h4","title_fontsize":{"md":"24","sm":"","xs":""},"title_lineheight":{"md":"34","sm":"","xs":""},"title_letterspace":"0","text":"710 Woodsman Dr. East Lansing, MI 48823","alignment":"sppb-text-center","text_fontsize":{"md":"16","sm":"","xs":""},"text_lineheight":{"md":"22","sm":"","xs":""},"dropcap":0,"class":"","instFormId":1515385278245,"text_font_family":"Lato","font_family":"Lato","title_font_style":{"weight":700},"title_text_color":"#5f2039","global_use_background":0,"global_user_border":0,"global_margin":{"md":"0px 20px 25px 20px","sm":"   ","xs":"   "},"global_padding":{"md":"   ","sm":"   ","xs":"   "},"global_use_animation":0,"global_text_color":"#9c9c9c","title_margin_bottom":{"md":"12","sm":"","xs":""}}},{"id":1528178296616,"name":"icons_group","visibility":true,"settings":{"admin_label":"","size":{"md":"22"},"margin":{"md":"15"},"icon_alignment":"sppb-text-center","class":"","sp_icons_group_item":[{"title":"","icon_name":"fa-facebook","icon_link":"#","width":{"md":""},"height":{"md":""},"border_style":"","padding":{"md":"   ","sm":"   ","xs":"   "},"show_label":0,"label_position":"top","label_size":{"md":16},"use_hover":0,"icon_class":""},{"title":"","icon_name":"fa-twitter","icon_link":"#","width":{"md":""},"height":{"md":""},"border_style":"","padding":{"md":"   ","sm":"   ","xs":"   "},"show_label":0,"label_position":"top","label_size":{"md":16},"use_hover":0,"icon_class":""},{"title":"","icon_name":"fa-google-plus","icon_link":"#","width":{"md":""},"height":{"md":""},"border_style":"","padding":{"md":"   ","sm":"   ","xs":"   "},"show_label":0,"label_position":"top","label_size":{"md":16},"use_hover":0,"icon_class":""},{"title":"","icon_name":"fa-pinterest","icon_link":"#","width":{"md":""},"height":{"md":""},"border_style":"","padding":{"md":"   ","sm":"   ","xs":"   "},"show_label":0,"label_position":"top","label_size":{"md":16},"use_hover":0,"icon_class":""}],"global_background_type":"none","global_background_gradient":{"color":"#00c6fb","color2":"#005bea","deg":"45","type":"linear"},"global_use_overlay":0,"global_background_repeat":"no-repeat","global_background_size":"cover","global_background_attachment":"inherit","global_user_border":0,"global_border_width":"","global_border_radius":0,"global_margin":{"md":"0 0 20px 0","sm":"0 0 20px 0","xs":"0 0 10px 0"},"global_padding":{"md":"   ","sm":"   ","xs":"   "},"global_boxshadow":"0 0 0 0 #ffffff","global_use_animation":0,"global_animationduration":"300","global_animationdelay":"0","global_custom_css":".sppb-icons-group-list{\n\tdisplay: inline-block;\n}\n.sppb-addon-icons-group{\n\ttext-align: center;\n}","use_global_width":"0","hidden_md":"0","hidden_sm":"0","hidden_xs":"0","acl":"","instFormId":1528178296616,"global_link_color":"#dcdcdc","global_link_hover_color":"#5f2039"}}]},{"id":1515144174366,"class_name":"col-md-4","visibility":true,"settings":{"background_image":"","background_repeat":"no-repeat","background_size":"cover","background_attachment":"scroll","background_position":"0 0","items_align_center":0,"boxshadow":"0 0 0 0 #fff","sm_col":"col-sm-6","xs_col":"","hidden_xs":0,"hidden_sm":0,"hidden_md":0,"animationduration":"300","animationdelay":"0","instFormId":1515144174366,"padding":{"md":"15px 15px 15px 15px","sm":"   ","xs":"   "},"margin":{"md":"0px 0px 30px 0px","sm":"0px 0px 30px 0px","xs":"0px 0px 30px 0px"},"background":"#fff","use_border":0},"addons":[{"id":1515144174826,"name":"image","visibility":true,"settings":{"admin_label":"","title":"","heading_selector":"h3","title_fontsize":"","title_lineheight":"","title_letterspace":"0","title_position":"top","image":"https://sppagebuilder.com/sample-data/images/2018/wedding-img/thumb-8.png","border_radius":0,"alt_text":"img","position":"sppb-text-center","open_lightbox":1,"overlay_color":"rgba(95, 32, 57, 0.9)","link":"","class":"","instFormId":1515144174826,"global_use_background":1,"global_user_border":0,"global_margin":{"md":"   ","sm":"   ","xs":"   "},"global_padding":{"md":"   ","sm":"   ","xs":"   "},"global_use_animation":0,"global_use_overlay":0,"global_background_color":"#fff"}},{"id":1515385278307,"name":"heading","visibility":true,"settings":{"admin_label":"","title":"Central Park","heading_selector":"h4","use_link":0,"title_link":"","link_new_tab":"","title_fontsize":{"md":"24","sm":"","xs":"18"},"title_lineheight":{"md":"34","sm":"","xs":"28"},"title_letterspace":"0","title_margin":{"md":"40px 0px 10px 0px","sm":"   ","xs":"15px 0px 0px 0px"},"title_padding":{"md":"0px 0px 0px 0px","sm":"   ","xs":"   "},"title_icon_position":"before","alignment":"sppb-text-center","class":"","instFormId":1515385278044,"title_font_family":"Lato","title_font_style":{"weight":700},"global_use_background":0,"global_user_border":0,"global_margin":{"md":"0px 0px 3px 0px","sm":"   ","xs":"   "},"global_padding":{"md":"0px 15px 0px 15px","sm":"   ","xs":"   "},"global_use_animation":0,"global_text_color":"#5f2039"}},{"id":1515385278312,"name":"text_block","visibility":true,"settings":{"admin_label":"","title":"","heading_selector":"h4","title_fontsize":{"md":"24","sm":"","xs":""},"title_lineheight":{"md":"34","sm":"","xs":""},"title_letterspace":"0","text":"9068A South Union Ave. Williamstown, NJ 08094","alignment":"sppb-text-center","text_fontsize":{"md":"16","sm":"","xs":""},"text_lineheight":{"md":"22","sm":"","xs":""},"dropcap":0,"class":"","instFormId":1515144174800,"text_font_family":"Lato","font_family":"Lato","title_font_style":{"weight":700},"title_text_color":"#5f2039","global_use_background":0,"global_user_border":0,"global_margin":{"md":"0px 20px 25px 20px","sm":"   ","xs":"   "},"global_padding":{"md":"   ","sm":"   ","xs":"   "},"global_use_animation":0,"global_text_color":"#9c9c9c","title_margin_bottom":{"md":"12","sm":"","xs":""}}},{"id":1528179209110,"name":"icons_group","visibility":true,"settings":{"admin_label":"","size":{"md":"22"},"margin":{"md":"15"},"icon_alignment":"sppb-text-center","class":"","sp_icons_group_item":[{"title":"","icon_name":"fa-facebook","icon_link":"#","width":{"md":""},"height":{"md":""},"border_style":"","padding":{"md":"   ","sm":"   ","xs":"   "},"show_label":0,"label_position":"top","label_size":{"md":16},"use_hover":0,"icon_class":""},{"title":"","icon_name":"fa-twitter","icon_link":"#","width":{"md":""},"height":{"md":""},"border_style":"","padding":{"md":"   ","sm":"   ","xs":"   "},"show_label":0,"label_position":"top","label_size":{"md":16},"use_hover":0,"icon_class":""},{"title":"","icon_name":"fa-google-plus","icon_link":"#","width":{"md":""},"height":{"md":""},"border_style":"","padding":{"md":"   ","sm":"   ","xs":"   "},"show_label":0,"label_position":"top","label_size":{"md":16},"use_hover":0,"icon_class":""},{"title":"","icon_name":"fa-pinterest","icon_link":"#","width":{"md":""},"height":{"md":""},"border_style":"","padding":{"md":"   ","sm":"   ","xs":"   "},"show_label":0,"label_position":"top","label_size":{"md":16},"use_hover":0,"icon_class":""}],"global_background_type":"none","global_background_gradient":{"color":"#00c6fb","color2":"#005bea","deg":"45","type":"linear"},"global_use_overlay":0,"global_background_repeat":"no-repeat","global_background_size":"cover","global_background_attachment":"inherit","global_user_border":0,"global_border_width":"","global_border_radius":0,"global_margin":{"md":"0 0 20px 0","sm":"0 0 20px 0","xs":"0 0 10px 0"},"global_padding":{"md":"   ","sm":"   ","xs":"   "},"global_boxshadow":"0 0 0 0 #ffffff","global_use_animation":0,"global_animationduration":"300","global_animationdelay":"0","global_custom_css":".sppb-icons-group-list{\n\tdisplay: inline-block;\n}\n.sppb-addon-icons-group{\n\ttext-align: center;\n}","use_global_width":"0","hidden_md":"0","hidden_sm":"0","hidden_xs":"0","acl":"","instFormId":1528179209110,"global_link_color":"#dcdcdc","global_link_hover_color":"#5f2039"}}]},{"id":1515144174367,"class_name":"col-md-4","visibility":true,"settings":{"background_image":"","background_repeat":"no-repeat","background_size":"cover","background_attachment":"scroll","background_position":"0 0","items_align_center":0,"boxshadow":"0 0 0 0 #fff","sm_col":"col-sm-12","xs_col":"","hidden_xs":0,"hidden_sm":0,"hidden_md":0,"animationduration":"300","animationdelay":"0","instFormId":1515144174367,"padding":{"md":"15px 15px 15px 15px","sm":"   ","xs":"   "},"margin":{"md":"0px 0px 30px 0px","sm":"0px 0px 30px 0px","xs":"0px 0px 30px 0px"},"use_border":0,"background":"#fff"},"addons":[{"id":1515144174372,"name":"image","visibility":true,"settings":{"admin_label":"","title":"","heading_selector":"h3","title_fontsize":"","title_lineheight":"","title_letterspace":"0","title_position":"top","image":"https://sppagebuilder.com/sample-data/images/2018/wedding-img/thumb-9.png","border_radius":0,"alt_text":"img","position":"sppb-text-center","open_lightbox":1,"overlay_color":"rgba(95, 32, 57, 0.9)","link":"","class":"","instFormId":1515144174372,"global_use_background":1,"global_user_border":0,"global_margin":{"md":"   ","sm":"   ","xs":"   "},"global_padding":{"md":"   ","sm":"   ","xs":"   "},"global_use_animation":0,"global_use_overlay":0,"global_background_color":"#fff"}},{"id":1515385278044,"name":"heading","visibility":true,"settings":{"admin_label":"","title":"Park Street Club","heading_selector":"h4","use_link":0,"title_link":"","link_new_tab":"","title_fontsize":{"md":"24","sm":"","xs":"18"},"title_lineheight":{"md":"34","sm":"","xs":"28"},"title_letterspace":"0","title_margin":{"md":"40px 0px 10px 0px","sm":"   ","xs":"15px 0px 0px 0px"},"title_padding":{"md":"0px 0px 0px 0px","sm":"   ","xs":"   "},"title_icon_position":"before","alignment":"sppb-text-center","class":"","instFormId":1515385278044,"title_font_family":"Lato","title_font_style":{"weight":700},"global_use_background":0,"global_user_border":0,"global_margin":{"md":"0px 0px 3px 0px","sm":"   ","xs":"   "},"global_padding":{"md":"0px 15px 0px 15px","sm":"   ","xs":"   "},"global_use_animation":0,"global_text_color":"#5f2039"}},{"id":1515144174800,"name":"text_block","visibility":true,"settings":{"admin_label":"","title":"","heading_selector":"h4","title_fontsize":{"md":"24","sm":"","xs":""},"title_lineheight":{"md":"34","sm":"","xs":""},"title_letterspace":"0","text":"971 SW. Bank Rd. Yuba City,&nbsp;<br />CA 95993","alignment":"sppb-text-center","text_fontsize":{"md":"16","sm":"","xs":""},"text_lineheight":{"md":"22","sm":"","xs":""},"dropcap":0,"class":"","instFormId":1515144174800,"text_font_family":"Lato","font_family":"Lato","title_font_style":{"weight":700},"title_text_color":"#5f2039","global_use_background":0,"global_user_border":0,"global_margin":{"md":"0px 20px 25px 20px","sm":"   ","xs":"   "},"global_padding":{"md":"   ","sm":"   ","xs":"   "},"global_use_animation":0,"global_text_color":"#9c9c9c","title_margin_bottom":{"md":"12","sm":"","xs":""}}},{"id":1528178296619,"name":"icons_group","visibility":true,"settings":{"admin_label":"","size":{"md":"22"},"margin":{"md":"15"},"icon_alignment":"sppb-text-center","class":"","sp_icons_group_item":[{"title":"","icon_name":"fa-facebook","icon_link":"#","width":{"md":""},"height":{"md":""},"border_style":"","padding":{"md":"   ","sm":"   ","xs":"   "},"show_label":0,"label_position":"top","label_size":{"md":16},"use_hover":0,"icon_class":""},{"title":"","icon_name":"fa-twitter","icon_link":"#","width":{"md":""},"height":{"md":""},"border_style":"","padding":{"md":"   ","sm":"   ","xs":"   "},"show_label":0,"label_position":"top","label_size":{"md":16},"use_hover":0,"icon_class":""},{"title":"","icon_name":"fa-google-plus","icon_link":"#","width":{"md":""},"height":{"md":""},"border_style":"","padding":{"md":"   ","sm":"   ","xs":"   "},"show_label":0,"label_position":"top","label_size":{"md":16},"use_hover":0,"icon_class":""},{"title":"","icon_name":"fa-pinterest","icon_link":"#","width":{"md":""},"height":{"md":""},"border_style":"","padding":{"md":"   ","sm":"   ","xs":"   "},"show_label":0,"label_position":"top","label_size":{"md":16},"use_hover":0,"icon_class":""}],"global_background_type":"none","global_background_gradient":{"color":"#00c6fb","color2":"#005bea","deg":"45","type":"linear"},"global_use_overlay":0,"global_background_repeat":"no-repeat","global_background_size":"cover","global_background_attachment":"inherit","global_user_border":0,"global_border_width":"","global_border_radius":0,"global_margin":{"md":"0 0 20px 0","sm":"0 0 20px 0","xs":"0 0 10px 0"},"global_padding":{"md":"   ","sm":"   ","xs":"   "},"global_boxshadow":"0 0 0 0 #ffffff","global_use_animation":0,"global_animationduration":"300","global_animationdelay":"0","global_custom_css":".sppb-icons-group-list{\n\tdisplay: inline-block;\n}\n.sppb-addon-icons-group{\n\ttext-align: center;\n}","use_global_width":"0","hidden_md":"0","hidden_sm":"0","hidden_xs":"0","acl":"","instFormId":1528178296619,"global_link_color":"#dcdcdc","global_link_hover_color":"#5f2039"}}]}]}]