[{"id":1528192967863,"visibility":true,"collapse":false,"settings":{"admin_label":"","title":"","heading_selector":"h3","title_fontsize":"","title_fontweight":"","title_position":"sppb-text-center","columns_align_center":0,"fullscreen":0,"no_gutter":0,"padding":{"md":"100px 0px 70px 0px","sm":"   ","xs":"   "},"margin":{"md":"0px 0px 0px 0px","sm":"   ","xs":"   "},"background_image":"https://sppagebuilder.com/sample-data/images/2018/wedding-img/body-bg2.png","background_parallax":0,"background_repeat":"repeat","background_size":"inherit","background_attachment":"inherit","background_position":"0 0","background_video":0,"external_background_video":"0","show_top_shape":0,"shape_name":"clouds-flat","shape_color":"#e5e5e5","shape_width":{"md":100,"sm":100,"xs":100},"shape_height":"","shape_flip":false,"shape_invert":false,"shape_to_front":false,"show_bottom_shape":0,"bottom_shape_name":"clouds-opacity","bottom_shape_color":"#e5e5e5","bottom_shape_width":{"md":100,"sm":100,"xs":100},"bottom_shape_height":"","bottom_shape_flip":false,"bottom_shape_invert":false,"bottom_shape_to_front":false,"hidden_xs":"","hidden_sm":"","hidden_md":"","animationduration":"300","animationdelay":"0","instFormId":1528192967863},"layout":"12,5,2,5","columns":[{"id":1528192967875,"class_name":"col-md-12","visibility":true,"settings":{"background_image":"","background_repeat":"no-repeat","background_size":"cover","background_attachment":"scroll","background_position":"0 0","items_align_center":0,"boxshadow":"0 0 0 0 #fff","sm_col":"","xs_col":"","hidden_xs":"","hidden_sm":"","hidden_md":"","animationduration":"300","animationdelay":"0"},"addons":[{"id":1528192967876,"name":"heading","visibility":true,"settings":{"admin_label":"","title":"CONTACT INFORMATION","heading_selector":"h2","use_link":0,"title_link":"","link_new_tab":"","title_fontsize":{"md":"36","sm":"","xs":"20"},"title_lineheight":{"md":"46","sm":"","xs":"30"},"title_letterspace":"0","title_margin":{"md":"0px 0px 15px 0px","sm":"   ","xs":"   "},"title_padding":{"md":"0px 0px 0px 0px","sm":"   ","xs":"   "},"title_icon_position":"before","alignment":"sppb-text-center","class":"","instFormId":1528192967876,"title_font_style":{"uppercase":true,"weight":700},"global_use_background":0,"global_user_border":0,"global_margin":{"md":"   ","sm":"   ","xs":"   "},"global_padding":{"md":"   ","sm":"   ","xs":"   "},"global_use_animation":0,"global_text_color":"#5f2039","title_font_family":"Lato"}},{"id":1528192967877,"name":"image","visibility":true,"settings":{"admin_label":"","title":"","heading_selector":"h3","title_fontsize":"","title_lineheight":"","title_letterspace":"0","title_position":"top","image":"https://sppagebuilder.com/sample-data/images/2018/wedding-img/divider.png","border_radius":0,"alt_text":"Image","position":"sppb-text-center","open_lightbox":0,"overlay_color":"rgba(119, 219, 31, .5)","link":"","class":"","instFormId":1515126427052,"global_use_background":0,"global_user_border":0,"global_margin":{"md":"0px 0px 10px 0px","sm":"   ","xs":"   "},"global_padding":{"md":"   ","sm":"   ","xs":"   "},"global_use_animation":0}},{"id":1528192967878,"name":"heading","visibility":true,"settings":{"admin_label":"","title":"STAY WITH US","heading_selector":"h6","use_link":0,"title_link":"","link_new_tab":"","title_fontsize":{"md":"14","sm":"","xs":"12"},"title_lineheight":{"md":"24","sm":"","xs":"22"},"title_letterspace":"3px","title_margin":{"md":"0px 0px 0px 0px","sm":"   ","xs":"   "},"title_padding":{"md":"0px 0px 0px 0px","sm":"   ","xs":"   "},"title_icon_position":"before","alignment":"sppb-text-center","class":"","instFormId":1528192967878,"title_font_family":"Lato","title_font_style":{"uppercase":true,"weight":400},"global_use_background":0,"global_user_border":0,"global_margin":{"md":"0px 0px 55px 0px","sm":"   ","xs":"0px 0px 20px 0px"},"global_padding":{"md":"   ","sm":"   ","xs":"   "},"global_use_animation":0,"global_text_color":"#000000"}},{"id":1528192967879,"name":"text_block","visibility":true,"settings":{"admin_label":"","title":"","heading_selector":"h3","title_fontsize":"","title_lineheight":"","title_letterspace":"0","text":"Lorem ipsum dolor sit amet, consectetur adipisicing elit, sed do eiusmod tempor incididunt ut labore et dolore magna aliqua. Ut enim ad minim veniam, quis nostrud exercitation ullamco laboris nisi ut aliquip ex ea commodo consequat.","alignment":"sppb-text-center","text_fontsize":{"md":"16","sm":"","xs":"14"},"text_lineheight":{"md":"24","sm":"","xs":"22"},"dropcap":0,"class":"","instFormId":1528192967879,"global_use_background":0,"global_user_border":0,"global_margin":{"md":"0px auto 20px auto","sm":"   ","xs":"   "},"global_padding":{"md":"0px 15px 0px 15px","sm":"   ","xs":"   "},"global_use_animation":0,"global_text_color":"#000000","text_font_family":"Lato","use_global_width":1,"hidden_md":0,"hidden_sm":0,"hidden_xs":0,"global_width":{"md":"84","sm":"","xs":""}}},{"id":1528192967880,"name":"heading","visibility":true,"settings":{"admin_label":"","title":"Contact","heading_selector":"h4","use_link":0,"title_link":"","link_new_tab":"","title_fontsize":{"md":"24","sm":"","xs":"18"},"title_lineheight":{"md":"34","sm":"","xs":"28"},"title_letterspace":"0","title_margin":{"md":"25px 0px 0px 0px","sm":"   ","xs":"   "},"title_padding":{"md":"0px 0px 0px 0px","sm":"   ","xs":"   "},"title_icon_position":"before","alignment":"sppb-text-center","class":"","instFormId":1515151456441,"title_font_family":"Lato","title_font_style":{"weight":700},"global_use_background":0,"global_user_border":0,"global_margin":{"md":"0px 0px 30px 0px","sm":"   ","xs":"   "},"global_padding":{"md":"   ","sm":"   ","xs":"   "},"global_use_animation":0,"global_text_color":"#5f2039","title_text_transform":"uppercase"}}]},{"id":1528192967881,"class_name":"col-md-5","visibility":true,"settings":{"background_image":"","background_repeat":"no-repeat","background_size":"cover","background_attachment":"scroll","background_position":"0 0","items_align_center":1,"boxshadow":"0 0 0 0 #fff","sm_col":"col-sm-4","xs_col":"","hidden_xs":0,"hidden_sm":0,"hidden_md":0,"animationduration":"300","animationdelay":"0","instFormId":1528192967881,"padding":{"md":"   ","sm":"   ","xs":"0px 0px 0px 0px"},"margin":{"md":"   ","sm":"   ","xs":"   "},"use_border":0},"addons":[{"id":1528192967882,"name":"feature","visibility":true,"settings":{"admin_label":"","title":"+012 345 6789","heading_selector":"h5","title_position":"left","title_fontsize":{"md":16},"title_lineheight":{"md":"20"},"title_letterspace":"2px","title_text_color":"#5f2039","title_url":"","url_appear":"title","feature_type":"icon","feature_image":"","icon_name":"fa-phone","icon_size":{"md":"24"},"icon_color":"#5f2039","text":"","text_fontsize":"","text_lineheight":"","alignment":"sppb-text-right","class":"content-widget","instFormId":1519384632430,"icon_padding":{"md":"   ","sm":"   ","xs":"   "},"title_font_family":"Lato","title_margin_top":{"md":"","sm":"","xs":""},"title_font_style":{"weight":700},"icon_border_width":{"md":"0","sm":"","xs":""},"global_use_background":0,"global_user_border":0,"global_margin":{"md":"   ","sm":"   ","xs":"   "},"global_padding":{"md":"   ","sm":"   ","xs":"0px 0px 0px 0px"},"global_use_animation":0,"text_padding":{"md":"   ","sm":"   ","xs":"   "},"global_custom_css":".sppb-media{\n\tdisplay: inline-block;\n}\n.sppb-media-body{\n\ttext-align: left;\n}\n@media(max-width: 768px){\n  .sppb-addon-content{\n  \ttext-align: center;\n  }\n}"}}]},{"id":1528192967883,"class_name":"col-md-2","visibility":true,"settings":{"background_image":"","background_repeat":"no-repeat","background_size":"cover","background_attachment":"scroll","background_position":"0 0","items_align_center":0,"boxshadow":"0 0 0 0 #fff","sm_col":"col-sm-4","xs_col":"","hidden_xs":1,"hidden_sm":0,"hidden_md":0,"animationduration":"300","animationdelay":"0","instFormId":1528192967883,"padding":{"md":"50px 0px 50px 0px","sm":"   ","xs":"   "},"margin":{"md":"   ","sm":"   ","xs":"   "},"use_border":0},"addons":[{"id":1528192967884,"name":"heading","visibility":true,"settings":{"admin_label":"","title":"or","heading_selector":"h4","use_link":0,"title_link":"","link_new_tab":"","title_fontsize":{"md":"16","sm":"","xs":"18"},"title_lineheight":{"md":"22","sm":"","xs":"28"},"title_letterspace":"0","title_margin":{"md":"0px 0px 0px 0px","sm":"   ","xs":"   "},"title_padding":{"md":"0px 0px 0px 0px","sm":"   ","xs":"   "},"title_icon_position":"before","alignment":"sppb-text-center","class":"","instFormId":1528188870123,"title_font_family":"Lato","title_font_style":{"weight":700},"global_use_background":0,"global_user_border":0,"global_margin":{"md":"0px 0px 0px 0px","sm":"   ","xs":"   "},"global_padding":{"md":"   ","sm":"   ","xs":"   "},"global_use_animation":0,"global_text_color":"#c0c0c0","title_text_transform":"uppercase","global_custom_css":".sppb-addon-title {\n    position: relative;\n}\n.sppb-addon-title:after,\n.sppb-addon-title:before {\n    content: \"\";\n    position: absolute;\n    width: 2px;\n    height: 35px;\n    background-color: #c0c0c0;\n    opacity: 0.6;\n}\n.sppb-addon-title:before {\n    top: -50px;\n    right: 50%;\n    -webkit-transform: translateX(50%);\n    transform: translateX(50%);\n}\n.sppb-addon-title:after {\n    bottom: -50px;\n    left: 50%;\n    -webkit-transform: translateX(-50%);\n    transform: translateX(-50%);\n}"}}]},{"id":1528192967885,"class_name":"col-md-5","visibility":true,"settings":{"background_image":"","background_repeat":"no-repeat","background_size":"cover","background_attachment":"scroll","background_position":"0 0","items_align_center":1,"boxshadow":"0 0 0 0 #fff","sm_col":"col-sm-4","xs_col":"","hidden_xs":0,"hidden_sm":0,"hidden_md":0,"animationduration":"300","animationdelay":"0","instFormId":1528192967885,"padding":{"md":"   ","sm":"   ","xs":"0px 0px 0px 0px"},"margin":{"md":"   ","sm":"   ","xs":"   "},"use_border":0},"addons":[{"id":1528192967886,"name":"feature","visibility":true,"settings":{"admin_label":"","title":" Info@wedding.com","heading_selector":"h5","title_position":"left","title_fontsize":{"md":16},"title_lineheight":{"md":"20"},"title_letterspace":"4px","title_text_color":"#5f2039","title_url":"","url_appear":"title","feature_type":"icon","feature_image":"","icon_name":"fa-envelope-o","icon_size":{"md":"24"},"icon_color":"#5f2039","text":"","text_fontsize":"","text_lineheight":"","alignment":"sppb-text-center","class":"content-widget","instFormId":1528192967886,"icon_padding":{"md":"   ","sm":"   ","xs":"   "},"title_font_family":"Lato","title_margin_top":{"md":"","sm":"","xs":""},"title_font_style":{"weight":700},"icon_border_width":{"md":"0","sm":"","xs":""},"global_use_background":0,"global_user_border":0,"global_margin":{"md":"   ","sm":"   ","xs":"   "},"global_padding":{"md":"   ","sm":"   ","xs":"0px 0px 0px 0px"},"global_use_animation":0,"text_padding":{"md":"   ","sm":"   ","xs":"   "},"global_custom_css":".sppb-media-body{\n\ttext-align: left;\n}\n@media(max-width: 768px){\n  .sppb-media{\n\t\tdisplay: inline-block;\n\t}\n  .sppb-addon-content{\n  \ttext-align: center;\n  }\n}"}}]}]},{"id":1515394005896,"visibility":true,"collapse":false,"settings":{"admin_label":"","title":"","heading_selector":"h3","title_fontsize":"","title_fontweight":"","title_position":"sppb-text-center","columns_align_center":0,"fullscreen":1,"no_gutter":0,"padding":{"md":"30px 30px 30px 30px","sm":"   ","xs":"15px 15px 15px 15px"},"margin":{"md":"0px 0px 0px 0px","sm":"   ","xs":"   "},"background_image":"","background_parallax":0,"background_repeat":"repeat","background_size":"inherit","background_attachment":"inherit","background_position":"0 0","background_video":0,"external_background_video":"0","show_top_shape":0,"shape_name":"clouds-flat","shape_color":"#e5e5e5","shape_width":{"md":100,"sm":100,"xs":100},"shape_height":"","shape_flip":false,"shape_invert":false,"shape_to_front":false,"show_bottom_shape":0,"bottom_shape_name":"clouds-opacity","bottom_shape_color":"#e5e5e5","bottom_shape_width":{"md":100,"sm":100,"xs":100},"bottom_shape_height":"","bottom_shape_flip":false,"bottom_shape_invert":false,"bottom_shape_to_front":false,"hidden_xs":"","hidden_sm":"","hidden_md":"","animationduration":"300","animationdelay":"0","instFormId":1515394005896,"background_color":"#fff"},"layout":"12","columns":[{"id":1515394005895,"class_name":"col-md-12","visibility":true,"settings":{"background_image":"","background_repeat":"no-repeat","background_size":"cover","background_attachment":"scroll","background_position":"0 0","items_align_center":0,"boxshadow":"0 0 0 0 #fff","sm_col":"","xs_col":"","hidden_xs":"","hidden_sm":"","hidden_md":"","animationduration":"300","animationdelay":"0"},"addons":[{"id":1515394477833,"name":"gmap","visibility":true,"settings":{"admin_label":"","title":"","heading_selector":"h3","title_fontsize":"","title_lineheight":"","title_letterspace":"0","map":"23.755349,90.375961","height":{"md":"660","sm":"500","xs":"250"},"type":"ROADMAP","zoom":"18","mousescroll":"false","class":"","instFormId":1515394477833}}]}]},{"id":1515394005924,"visibility":true,"collapse":false,"settings":{"admin_label":"","title":"","heading_selector":"h3","title_fontsize":"","title_fontweight":"","title_position":"sppb-text-center","columns_align_center":0,"fullscreen":0,"no_gutter":0,"padding":{"md":"130px 0px 130px 0px","sm":"   ","xs":"70px 0px 50px 0px"},"margin":{"md":"0px 0px 0px 0px","sm":"   ","xs":"   "},"background_image":"https://sppagebuilder.com/sample-data/images/2018/wedding-img/body-bg2.png","background_parallax":0,"background_repeat":"repeat","background_size":"inherit","background_attachment":"inherit","background_position":"0 0","background_video":0,"external_background_video":"0","show_top_shape":0,"shape_name":"clouds-flat","shape_color":"#e5e5e5","shape_width":{"md":100,"sm":100,"xs":100},"shape_height":"","shape_flip":false,"shape_invert":false,"shape_to_front":false,"show_bottom_shape":0,"bottom_shape_name":"clouds-opacity","bottom_shape_color":"#e5e5e5","bottom_shape_width":{"md":100,"sm":100,"xs":100},"bottom_shape_height":"","bottom_shape_flip":false,"bottom_shape_invert":false,"bottom_shape_to_front":false,"hidden_xs":"","hidden_sm":"","hidden_md":"","animationduration":"300","animationdelay":"0","instFormId":1515394005924},"layout":"12","columns":[{"id":1515394005923,"class_name":"col-md-12","visibility":true,"settings":{"background_image":"","background_repeat":"no-repeat","background_size":"cover","background_attachment":"scroll","background_position":"0 0","items_align_center":0,"boxshadow":"0 0 0 0 #fff","sm_col":"","xs_col":"","hidden_xs":"","hidden_sm":"","hidden_md":"","animationduration":"300","animationdelay":"0"},"addons":[{"id":1515394831603,"name":"icon","visibility":true,"settings":{"admin_label":"","name":"fa-envelope-o","link":"","size":{"md":"72","xs":"50"},"width":{"md":""},"height":{"md":""},"use_hover":0,"hover_effect":"","alignment":"sppb-text-center","class":"","instFormId":1515394831603,"margin":{"md":"0px 0px 32px 0px","sm":"   ","xs":"0px 0px 5px 0px"},"color":"#f73a46"}},{"id":1515394005942,"name":"heading","visibility":true,"settings":{"admin_label":"","title":"Send us your feedback","heading_selector":"h2","use_link":0,"title_link":"","link_new_tab":"","title_fontsize":{"md":"36","sm":"","xs":"20"},"title_lineheight":{"md":"46","sm":"","xs":"30"},"title_letterspace":"0","title_margin":{"md":"0px 0px 55px 0px","sm":"   ","xs":"0px 0px 30px 0px"},"title_padding":{"md":"0px 0px 0px 0px","sm":"   ","xs":"   "},"title_icon_position":"before","alignment":"sppb-text-center","class":"","instFormId":1515394005942,"title_font_style":{"uppercase":true,"weight":700},"global_use_background":0,"global_user_border":0,"global_margin":{"md":"   ","sm":"   ","xs":"   "},"global_padding":{"md":"   ","sm":"   ","xs":"   "},"global_use_animation":0,"global_text_color":"#5f2039","title_font_family":"Lato"}},{"id":1515394903487,"name":"ajax_contact","visibility":true,"settings":{"admin_label":"","title":"","heading_selector":"h3","title_fontsize":"","title_lineheight":"","title_letterspace":"0","recipient_email":"email@yourdomain.com","from_name":"","from_email":"","formcaptcha":0,"captcha_type":"default","captcha_question":"3 + 4 = ?","captcha_input_col":"12","captcha_answer":"7","name_input_col":"4","email_input_col":"4","subject_input_col":"4","message_input_col":"12","show_label":0,"use_custom_button":1,"button_text":"Submit Your Feedback","button_letterspace":"0","button_type":"custom","button_appearance":"","button_background_color":"#5f2039","button_color":"#fff","button_background_color_hover":"#f73a46","button_color_hover":"#fff","class":"","instFormId":1515394903487,"button_font_family":"Lato","button_font_style":{"weight":400,"uppercase":true},"button_shape":"square","button_icon":"","button_icon_position":"","global_use_background":0,"global_user_border":0,"global_margin":{"md":"   ","sm":"   ","xs":"   "},"global_padding":{"md":"   ","sm":"   ","xs":"   "},"global_use_animation":0,"show_checkbox":0,"button_padding":{"md":"10px 40px 10px 40px","sm":"   ","xs":"   "},"button_status":"normal","global_custom_css":".sppb-ajaxt-contact-form .sppb-form-group {\n  margin-bottom: 35px;\n}\n.sppb-ajaxt-contact-form .sppb-form-control, .sppb-ajaxt-contact-form .sppb-form-group .sppb-form-control {\n  font-size: 14px;\n  font-weight: 400;\n  color: #5e5e5e;\n  line-height: 2.429;\n  background-color: #fff;\n  border-radius: 0;\n  padding: 12px 25px;\n  border: 0;\n  text-transform: none;\n  -webkit-transition: all 0.3s ease-in-out;\n  transition: all 0.3s ease-in-out;\n}\n.sppb-ajaxt-contact-form .sppb-form-control:focus, .sppb-ajaxt-contact-form .sppb-form-group .sppb-form-control:focus, .sppb-ajaxt-contact-form .sppb-form-control:hover, .sppb-ajaxt-contact-form .sppb-form-group .sppb-form-control:hover {\n  box-shadow: 1px 2px 10px 0 #eaeaea;\n}\n.sppb-ajaxt-contact-form .sppb-btn {\n  float: right;\n}"}}]}]}]