[{"id":1528184975622,"visibility":true,"collapse":false,"settings":{"admin_label":"","title":"","heading_selector":"h3","title_fontsize":"","title_fontweight":"","title_position":"sppb-text-center","columns_align_center":0,"fullscreen":0,"no_gutter":0,"padding":{"md":"90px 0px 50px 0px","sm":"   ","xs":"30px 0px 30px 0px"},"margin":{"md":"0px 0px 0px 0px","sm":"   ","xs":"   "},"background_type":"image","background_gradient":{"color":"#00c6fb","color2":"#005bea","deg":"45","type":"linear"},"background_image":"https://sppagebuilder.com/sample-data/images/2018/wedding-img/body-bg2.png","background_parallax":0,"background_repeat":"repeat","background_size":"inherit","background_attachment":"inherit","background_position":"0 0","external_background_video":"0","show_top_shape":0,"shape_name":"clouds-flat","shape_color":"#e5e5e5","shape_width":{"md":100,"sm":100,"xs":100},"shape_height":"","shape_flip":false,"shape_invert":false,"shape_to_front":false,"show_bottom_shape":0,"bottom_shape_name":"clouds-opacity","bottom_shape_color":"#e5e5e5","bottom_shape_width":{"md":100,"sm":100,"xs":100},"bottom_shape_height":"","bottom_shape_flip":false,"bottom_shape_invert":false,"bottom_shape_to_front":false,"hidden_xs":"","hidden_sm":"","hidden_md":"","animationduration":"300","animationdelay":"0","instFormId":1528184975622},"layout":"4,4,4,4,5,3,3,4,5","columns":[{"id":1528184975621,"class_name":"col-md-4","visibility":true,"settings":{"background_type":"none","background_gradient":{"color":"#00c6fb","color2":"#005bea","deg":"45","type":"linear"},"background_image":"","background_repeat":"no-repeat","background_size":"cover","background_attachment":"scroll","background_position":"0 0","items_align_center":0,"use_border":0,"border_width":"","border_radius":0,"boxshadow":"0 0 0 0 #fff","sm_col":"col-sm-4","xs_col":"","hidden_xs":0,"hidden_sm":0,"hidden_md":0,"animationduration":"300","animationdelay":"0","instFormId":1528184975621,"padding":{"md":"   ","sm":"   ","xs":"   "},"margin":{"md":"   ","sm":"   ","xs":"   "}},"addons":[{"id":1515149419471,"name":"image","visibility":true,"settings":{"admin_label":"","title":"","heading_selector":"h3","title_fontsize":"","title_lineheight":"","title_letterspace":"0","title_position":"top","image":"https://sppagebuilder.com/sample-data/images/2018/wedding-img/gallery-4.png","border_radius":0,"alt_text":"Image","position":"sppb-text-center","open_lightbox":1,"overlay_color":"rgba(95, 32, 57, 0.9)","link":"","class":"","instFormId":1515149419471,"global_use_background":1,"global_user_border":0,"global_margin":{"md":"0px 0px 30px 0px","sm":"   ","xs":"0px 0px 30px 0px"},"global_padding":{"md":"15px 15px 15px 15px","sm":"   ","xs":"10px 10px 10px 10px"},"global_use_animation":1,"global_use_overlay":0,"global_background_color":"#fff","global_animation":"fadeIn","global_animationduration":"800"}}]},{"id":1528184975623,"class_name":"col-md-4","visibility":true,"settings":{"instFormId":1528184975623,"padding":{"md":"   ","sm":"   ","xs":"   "},"margin":{"md":"   ","sm":"   ","xs":"   "},"hidden_xs":0,"hidden_sm":0,"hidden_md":0,"sm_col":"col-sm-4","xs_col":"","items_align_center":0,"use_border":0},"addons":[{"id":1515149419727,"name":"image","visibility":true,"settings":{"admin_label":"","title":"","heading_selector":"h3","title_fontsize":"","title_lineheight":"","title_letterspace":"0","title_position":"top","image":"https://sppagebuilder.com/sample-data/images/2018/wedding-img/gallery-1.png","border_radius":0,"alt_text":"Image","position":"sppb-text-center","open_lightbox":1,"overlay_color":"rgba(95, 32, 57, 0.9)","link":"","class":"","instFormId":1515149419727,"global_use_background":1,"global_user_border":0,"global_margin":{"md":"0px 0px 30px 0px","sm":"   ","xs":"0px 0px 30px 0px"},"global_padding":{"md":"15px 15px 15px 15px","sm":"   ","xs":"10px 10px 10px 10px"},"global_use_animation":1,"global_use_overlay":0,"global_background_color":"#fff","global_animation":"fadeIn","global_animationduration":"800","global_animationdelay":"200"}}]},{"id":1528184975624,"class_name":"col-md-4","visibility":true,"settings":{"instFormId":1528184975624,"items_align_center":0,"padding":{"md":"   ","sm":"   ","xs":"   "},"margin":{"md":"   ","sm":"   ","xs":"   "},"use_border":0,"hidden_xs":0,"hidden_sm":0,"hidden_md":0,"sm_col":"col-sm-4","xs_col":""},"addons":[{"id":1515149419722,"name":"image","visibility":true,"settings":{"admin_label":"","title":"","heading_selector":"h3","title_fontsize":"","title_lineheight":"","title_letterspace":"0","title_position":"top","image":"https://sppagebuilder.com/sample-data/images/2018/wedding-img/gallery-6.png","border_radius":0,"alt_text":"Image","position":"sppb-text-center","open_lightbox":1,"overlay_color":"rgba(95, 32, 57, 0.9)","link":"","class":"","instFormId":1515149419722,"global_use_background":1,"global_user_border":0,"global_margin":{"md":"0px 0px 30px 0px","sm":"   ","xs":"0px 0px 30px 0px"},"global_padding":{"md":"15px 15px 15px 15px","sm":"   ","xs":"10px 10px 10px 10px"},"global_use_animation":1,"global_use_overlay":0,"global_background_color":"#fff","global_animation":"fadeIn","global_animationduration":"800","global_animationdelay":"400"}}]},{"id":1528184975625,"class_name":"col-md-4","visibility":true,"settings":{"instFormId":1528184975625,"items_align_center":0,"padding":{"md":"   ","sm":"   ","xs":"   "},"margin":{"md":"   ","sm":"   ","xs":"   "},"use_border":0,"hidden_xs":0,"hidden_sm":0,"hidden_md":0,"sm_col":"col-sm-4","xs_col":""},"addons":[{"id":1515149419793,"name":"image","visibility":true,"settings":{"admin_label":"","title":"","heading_selector":"h3","title_fontsize":"","title_lineheight":"","title_letterspace":"0","title_position":"top","image":"https://sppagebuilder.com/sample-data/images/2018/wedding-img/gallery-9.png","border_radius":0,"alt_text":"Image","position":"sppb-text-center","open_lightbox":1,"overlay_color":"rgba(95, 32, 57, 0.9)","link":"","class":"","instFormId":1515149419793,"global_use_background":1,"global_user_border":0,"global_margin":{"md":"0px 0px 30px 0px","sm":"   ","xs":"0px 0px 30px 0px"},"global_padding":{"md":"15px 15px 15px 15px","sm":"   ","xs":"10px 10px 10px 10px"},"global_use_animation":1,"global_use_overlay":0,"global_background_color":"#fff","global_animation":"fadeIn","global_animationduration":"800","global_animationdelay":"600"}},{"id":1515149419708,"name":"image","visibility":true,"settings":{"admin_label":"","title":"","heading_selector":"h3","title_fontsize":"","title_lineheight":"","title_letterspace":"0","title_position":"top","image":"https://sppagebuilder.com/sample-data/images/2018/wedding-img/gallery-7.png","border_radius":0,"alt_text":"Image","position":"sppb-text-center","open_lightbox":1,"overlay_color":"rgba(95, 32, 57, 0.9)","link":"","class":"","instFormId":1515149419708,"global_use_background":1,"global_user_border":0,"global_margin":{"md":"0px 0px 30px 0px","sm":"   ","xs":"0px 0px 30px 0px"},"global_padding":{"md":"15px 15px 15px 15px","sm":"   ","xs":"10px 10px 10px 10px"},"global_use_animation":1,"global_use_overlay":0,"global_background_color":"#fff","global_animation":"fadeIn","global_animationduration":"800","global_animationdelay":"1000"}}]},{"id":1528184975626,"class_name":"col-md-5","visibility":true,"settings":{"instFormId":1528184975626,"items_align_center":0,"padding":{"md":"   ","sm":"   ","xs":"   "},"margin":{"md":"   ","sm":"   ","xs":"   "},"use_border":0,"hidden_xs":0,"hidden_sm":0,"hidden_md":0,"sm_col":"col-sm-5","xs_col":""},"addons":[{"id":1515149419473,"name":"image","visibility":true,"settings":{"admin_label":"","title":"","heading_selector":"h3","title_fontsize":"","title_lineheight":"","title_letterspace":"0","title_position":"top","image":"https://sppagebuilder.com/sample-data/images/2018/wedding-img/gallery-2.png","border_radius":0,"alt_text":"Image","position":"sppb-text-center","open_lightbox":1,"overlay_color":"rgba(95, 32, 57, 0.9)","link":"","class":"","instFormId":1515149419473,"global_use_background":1,"global_user_border":0,"global_margin":{"md":"0px 0px 30px 0px","sm":"   ","xs":"0px 0px 30px 0px"},"global_padding":{"md":"15px 15px 15px 15px","sm":"   ","xs":"10px 10px 10px 10px"},"global_use_animation":1,"global_use_overlay":0,"global_background_color":"#fff","global_animation":"fadeIn","global_animationduration":"800","global_animationdelay":"800"}}]},{"id":1528184975627,"class_name":"col-md-3","visibility":true,"settings":{"instFormId":1528184975627,"items_align_center":0,"padding":{"md":"   ","sm":"   ","xs":"   "},"margin":{"md":"   ","sm":"   ","xs":"   "},"use_border":0,"hidden_xs":0,"hidden_sm":0,"hidden_md":0,"sm_col":"col-sm-3","xs_col":""},"addons":[{"id":1515149419475,"name":"image","visibility":true,"settings":{"admin_label":"","title":"","heading_selector":"h3","title_fontsize":"","title_lineheight":"","title_letterspace":"0","title_position":"top","image":"https://sppagebuilder.com/sample-data/images/2018/wedding-img/gallery-8.png","border_radius":0,"alt_text":"Image","position":"sppb-text-center","open_lightbox":1,"overlay_color":"rgba(95, 32, 57, 0.9)","link":"","class":"","instFormId":1515149419475,"global_use_background":1,"global_user_border":0,"global_margin":{"md":"0px 0px 30px 0px","sm":"   ","xs":"0px 0px 30px 0px"},"global_padding":{"md":"15px 15px 15px 15px","sm":"   ","xs":"10px 10px 10px 10px"},"global_use_animation":1,"global_use_overlay":0,"global_background_color":"#fff","global_animation":"fadeIn","global_animationduration":"800","global_animationdelay":"900"}},{"id":1515149419788,"name":"image","visibility":true,"settings":{"admin_label":"","title":"","heading_selector":"h3","title_fontsize":"","title_lineheight":"","title_letterspace":"0","title_position":"top","image":"https://sppagebuilder.com/sample-data/images/2018/wedding-img/gallery-5.png","border_radius":0,"alt_text":"Image","position":"sppb-text-center","open_lightbox":1,"overlay_color":"rgba(95, 32, 57, 0.9)","link":"","class":"","instFormId":1515149419788,"global_use_background":1,"global_user_border":0,"global_margin":{"md":"0px 0px 30px 0px","sm":"   ","xs":"0px 0px 30px 0px"},"global_padding":{"md":"15px 15px 15px 15px","sm":"   ","xs":"10px 10px 10px 10px"},"global_use_animation":1,"global_use_overlay":0,"global_background_color":"#fff","global_animation":"fadeIn","global_animationduration":"800","global_animationdelay":"1100"}}]},{"id":1528184975628,"class_name":"col-md-3","visibility":true,"settings":{"instFormId":1528184975628,"padding":{"md":"   ","sm":"   ","xs":"   "},"margin":{"md":"   ","sm":"   ","xs":"   "},"items_align_center":0,"use_border":0,"hidden_xs":0,"hidden_sm":0,"hidden_md":0,"sm_col":"col-sm-3","xs_col":""},"addons":[{"id":1515149419476,"name":"image","visibility":true,"settings":{"admin_label":"","title":"","heading_selector":"h3","title_fontsize":"","title_lineheight":"","title_letterspace":"0","title_position":"top","image":"https://sppagebuilder.com/sample-data/images/2018/wedding-img/gallery-3.png","border_radius":0,"alt_text":"Image","position":"sppb-text-center","open_lightbox":1,"overlay_color":"rgba(95, 32, 57, 0.9)","link":"","class":"","instFormId":1515149419476,"global_use_background":1,"global_user_border":0,"global_margin":{"md":"0px 0px 30px 0px","sm":"   ","xs":"0px 0px 30px 0px"},"global_padding":{"md":"15px 15px 15px 15px","sm":"   ","xs":"10px 10px 10px 10px"},"global_use_animation":1,"global_use_overlay":0,"global_background_color":"#fff","global_animation":"fadeIn","global_animationduration":"800","global_animationdelay":"1200"}},{"id":1515149419808,"name":"image","visibility":true,"settings":{"admin_label":"","title":"","heading_selector":"h3","title_fontsize":"","title_lineheight":"","title_letterspace":"0","title_position":"top","image":"https://sppagebuilder.com/sample-data/images/2018/wedding-img/gallery-12.png","border_radius":0,"alt_text":"Image","position":"sppb-text-center","open_lightbox":1,"overlay_color":"rgba(95, 32, 57, 0.9)","link":"","class":"","instFormId":1515149419808,"global_use_background":1,"global_user_border":0,"global_margin":{"md":"0px 0px 30px 0px","sm":"   ","xs":"0px 0px 30px 0px"},"global_padding":{"md":"15px 15px 15px 15px","sm":"   ","xs":"10px 10px 10px 10px"},"global_use_animation":1,"global_use_overlay":0,"global_background_color":"#fff","global_animation":"fadeIn","global_animationduration":"800","global_animationdelay":"1800"}}]},{"id":1528184975629,"class_name":"col-md-4","visibility":true,"settings":{"instFormId":1528184975629,"items_align_center":0,"padding":{"md":"   ","sm":"   ","xs":"   "},"margin":{"md":"   ","sm":"   ","xs":"   "},"use_border":0,"hidden_xs":0,"hidden_sm":0,"hidden_md":0,"sm_col":"col-sm-4","xs_col":""},"addons":[{"id":1515149419717,"name":"image","visibility":true,"settings":{"admin_label":"","title":"","heading_selector":"h3","title_fontsize":"","title_lineheight":"","title_letterspace":"0","title_position":"top","image":"https://sppagebuilder.com/sample-data/images/2018/wedding-img/gallery-10.png","border_radius":0,"alt_text":"Image","position":"sppb-text-center","open_lightbox":1,"overlay_color":"rgba(95, 32, 57, 0.9)","link":"","class":"","instFormId":1515149419717,"global_use_background":1,"global_user_border":0,"global_margin":{"md":"0px 0px 30px 0px","sm":"   ","xs":"0px 0px 30px 0px"},"global_padding":{"md":"15px 15px 15px 15px","sm":"   ","xs":"10px 10px 10px 10px"},"global_use_animation":1,"global_use_overlay":0,"global_background_color":"#fff","global_animation":"fadeIn","global_animationduration":"800","global_animationdelay":"1400"}},{"id":1515149419803,"name":"image","visibility":true,"settings":{"admin_label":"","title":"","heading_selector":"h3","title_fontsize":"","title_lineheight":"","title_letterspace":"0","title_position":"top","image":"https://sppagebuilder.com/sample-data/images/2018/wedding-img/gallery-13.png","border_radius":0,"alt_text":"Image","position":"sppb-text-center","open_lightbox":1,"overlay_color":"rgba(95, 32, 57, 0.9)","link":"","class":"","instFormId":1515149419803,"global_use_background":1,"global_user_border":0,"global_margin":{"md":"0px 0px 30px 0px","sm":"   ","xs":"0px 0px 30px 0px"},"global_padding":{"md":"15px 15px 15px 15px","sm":"   ","xs":"10px 10px 10px 10px"},"global_use_animation":1,"global_use_overlay":0,"global_background_color":"#fff","global_animation":"fadeIn","global_animationduration":"800","global_animationdelay":"2000"}}]},{"id":1528184975630,"class_name":"col-md-5","visibility":true,"settings":{"instFormId":1528184975630,"items_align_center":0,"padding":{"md":"   ","sm":"   ","xs":"   "},"margin":{"md":"   ","sm":"   ","xs":"   "},"use_border":0,"hidden_xs":0,"hidden_sm":0,"hidden_md":0,"sm_col":"col-sm-5","xs_col":""},"addons":[{"id":1515149419798,"name":"image","visibility":true,"settings":{"admin_label":"","title":"","heading_selector":"h3","title_fontsize":"","title_lineheight":"","title_letterspace":"0","title_position":"top","image":"https://sppagebuilder.com/sample-data/images/2018/wedding-img/gallery-11.png","border_radius":0,"alt_text":"Image","position":"sppb-text-center","open_lightbox":1,"overlay_color":"rgba(95, 32, 57, 0.9)","link":"","class":"","instFormId":1515149419798,"global_use_background":1,"global_user_border":0,"global_margin":{"md":"0px 0px 30px 0px","sm":"   ","xs":"0px 0px 15px 0px"},"global_padding":{"md":"15px 15px 15px 15px","sm":"   ","xs":"10px 10px 10px 10px"},"global_use_animation":1,"global_use_overlay":0,"global_background_color":"#fff","global_animation":"fadeIn","global_animationduration":"800","global_animationdelay":"1600"}}]}]},{"id":1515149420011,"visibility":true,"collapse":false,"settings":{"admin_label":"","title":"","heading_selector":"h3","title_fontsize":"","title_fontweight":"","title_position":"sppb-text-center","columns_align_center":0,"fullscreen":0,"no_gutter":0,"padding":{"md":"40px 0px 110px 0px","sm":"   ","xs":"20px 0px 50px 0px"},"margin":{"md":"0px 0px 0px 0px","sm":"   ","xs":"   "},"background_image":"https://sppagebuilder.com/sample-data/images/2018/wedding-img/body-bg2.png","background_parallax":0,"background_repeat":"repeat","background_size":"inherit","background_attachment":"inherit","background_position":"0 0","background_video":0,"external_background_video":"0","show_top_shape":0,"shape_name":"clouds-flat","shape_color":"#e5e5e5","shape_width":{"md":100,"sm":100,"xs":100},"shape_height":"","shape_flip":false,"shape_invert":false,"shape_to_front":false,"show_bottom_shape":0,"bottom_shape_name":"clouds-opacity","bottom_shape_color":"#e5e5e5","bottom_shape_width":{"md":100,"sm":100,"xs":100},"bottom_shape_height":"","bottom_shape_flip":false,"bottom_shape_invert":false,"bottom_shape_to_front":false,"hidden_xs":0,"hidden_sm":0,"hidden_md":0,"animationduration":"300","animationdelay":"0","instFormId":1515149420011,"background_type":"image"},"layout":"12,4,4,4","columns":[{"id":1515149419478,"class_name":"col-md-12","visibility":true,"settings":{"background_image":"","background_repeat":"no-repeat","background_size":"cover","background_attachment":"scroll","background_position":"0 0","items_align_center":0,"boxshadow":"0 0 0 0 #fff","sm_col":"","xs_col":"","hidden_xs":"","hidden_sm":"","hidden_md":"","animationduration":"300","animationdelay":"0","instFormId":1515149419478,"padding":{"md":"0px 30px 38px 30px","sm":"   ","xs":"0px 0px 0px 0px"},"margin":{"md":"   ","sm":"   ","xs":"   "},"use_border":0},"addons":[{"id":1515149419481,"name":"heading","visibility":true,"settings":{"admin_label":"","title":"SOME Wedding FRAME","heading_selector":"h2","use_link":0,"title_link":"","link_new_tab":"","title_fontsize":{"md":"36","sm":"","xs":"20"},"title_lineheight":{"md":"46","sm":"","xs":"30"},"title_letterspace":"0","title_margin":{"md":"0px 0px 5px 0px","sm":"   ","xs":"   "},"title_padding":{"md":"0px 0px 0px 0px","sm":"   ","xs":"   "},"title_icon_position":"before","alignment":"sppb-text-center","class":"","instFormId":1515149419481,"title_font_style":{"uppercase":true,"weight":700},"global_use_background":0,"global_user_border":0,"global_margin":{"md":"   ","sm":"   ","xs":"   "},"global_padding":{"md":"   ","sm":"   ","xs":"   "},"global_use_animation":0,"global_text_color":"#5f2039","title_font_family":"Lato"}},{"id":1515149419482,"name":"image","visibility":true,"settings":{"admin_label":"","title":"","heading_selector":"h3","title_fontsize":"","title_lineheight":"","title_letterspace":"0","title_position":"top","image":"https://sppagebuilder.com/sample-data/images/2018/wedding-img/divider.png","border_radius":0,"alt_text":"Image","position":"sppb-text-center","open_lightbox":0,"overlay_color":"rgba(119, 219, 31, .5)","link":"","class":"","instFormId":1515061325440,"global_use_background":0,"global_user_border":0,"global_margin":{"md":"0px 0px 16px 0px","sm":"   ","xs":"   "},"global_padding":{"md":"   ","sm":"   ","xs":"   "},"global_use_animation":0}},{"id":1515149419483,"name":"heading","visibility":true,"settings":{"admin_label":"","title":"Choose your wedding venues","heading_selector":"h6","use_link":0,"title_link":"","link_new_tab":"","title_fontsize":{"md":"14","sm":"","xs":"12"},"title_lineheight":{"md":"24","sm":"","xs":"22"},"title_letterspace":"3px","title_margin":{"md":"0px 0px 0px 0px","sm":"   ","xs":"   "},"title_padding":{"md":"0px 0px 0px 0px","sm":"   ","xs":"   "},"title_icon_position":"before","alignment":"sppb-text-center","class":"","instFormId":1515149419483,"title_font_family":"Lato","title_font_style":{"uppercase":true,"weight":400},"global_use_background":0,"global_user_border":0,"global_margin":{"md":"0px 0px 35px 0px","sm":"   ","xs":"   "},"global_padding":{"md":"   ","sm":"   ","xs":"   "},"global_use_animation":0,"global_text_color":"#000000"}}]},{"id":1515149419484,"class_name":"col-md-4","visibility":true,"settings":{"background_image":"","background_repeat":"no-repeat","background_size":"cover","background_attachment":"scroll","background_position":"0 0","items_align_center":0,"boxshadow":"0 0 0 0 #fff","sm_col":"col-sm-6","xs_col":"","hidden_xs":0,"hidden_sm":0,"hidden_md":0,"animationduration":"300","animationdelay":"0","instFormId":1515149419484,"padding":{"md":"15px 15px 15px 15px","sm":"   ","xs":"10px 10px 10px 10px"},"margin":{"md":"0px 0px 30px 0px","sm":"0px 0px 30px 0px","xs":"0px 0px 30px 0px"},"use_border":0,"background":"#fff"},"addons":[{"id":1515149419487,"name":"image","visibility":true,"settings":{"admin_label":"","title":"","heading_selector":"h3","title_fontsize":"","title_lineheight":"","title_letterspace":"0","title_position":"top","image":"https://sppagebuilder.com/sample-data/images/2018/wedding-img/couple-1.png","border_radius":0,"alt_text":"img","position":"sppb-text-center","open_lightbox":1,"overlay_color":"rgba(95, 32, 57, 0.9)","link":"","class":"","instFormId":1515149419487,"global_use_background":1,"global_user_border":0,"global_margin":{"md":"   ","sm":"   ","xs":"   "},"global_padding":{"md":"   ","sm":"   ","xs":"   "},"global_use_animation":0,"global_use_overlay":0,"global_background_color":"#fff"}},{"id":1515385238477,"name":"heading","visibility":true,"settings":{"admin_label":"","title":"Maria & Jason","heading_selector":"h4","use_link":0,"title_link":"","link_new_tab":"","title_fontsize":{"md":"24","sm":"","xs":"18"},"title_lineheight":{"md":"34","sm":"","xs":"28"},"title_letterspace":"0","title_margin":{"md":"0px 0px 0px 0px","sm":"   ","xs":"   "},"title_padding":{"md":"0px 0px 0px 0px","sm":"   ","xs":"   "},"title_icon_position":"before","alignment":"sppb-text-center","class":"","instFormId":1515385238477,"title_font_family":"Lato","title_font_style":{"uppercase":false,"weight":700},"global_use_background":0,"global_user_border":0,"global_margin":{"md":"   ","sm":"   ","xs":"   "},"global_padding":{"md":"40px 0px 0px 0px","sm":"   ","xs":"   "},"global_use_animation":0,"global_text_color":"#5f2039"}},{"id":1515385238482,"name":"text_block","visibility":true,"settings":{"admin_label":"","title":"27 JAN, 2016","heading_selector":"h5","title_fontsize":{"md":"16","sm":"","xs":"14"},"title_lineheight":{"md":"26","sm":"","xs":"24"},"title_letterspace":"0","text":"The Hamptons Mansion","alignment":"sppb-text-center","text_fontsize":{"md":"16","sm":"","xs":""},"text_lineheight":{"md":"22","sm":"","xs":""},"dropcap":0,"class":"","instFormId":1515385238482,"text_font_family":"Lato","font_family":"Lato","title_font_style":{"weight":400,"uppercase":true},"title_text_color":"#9c9c9c","global_use_background":0,"global_user_border":0,"global_margin":{"md":"0px 20px 25px 20px","sm":"   ","xs":"   "},"global_padding":{"md":"   ","sm":"   ","xs":"   "},"global_use_animation":0,"global_text_color":"#9c9c9c","title_margin_bottom":{"md":"0","sm":"","xs":""}}}]},{"id":1515149419490,"class_name":"col-md-4","visibility":true,"settings":{"background_image":"","background_repeat":"no-repeat","background_size":"cover","background_attachment":"scroll","background_position":"0 0","items_align_center":0,"boxshadow":"0 0 0 0 #fff","sm_col":"col-sm-6","xs_col":"","hidden_xs":0,"hidden_sm":0,"hidden_md":0,"animationduration":"300","animationdelay":"0","instFormId":1515149419490,"padding":{"md":"15px 15px 15px 15px","sm":"   ","xs":"10px 10px 10px 10px"},"margin":{"md":"0px 0px 30px 0px","sm":"0px 0px 30px 0px","xs":"0px 0px 30px 0px"},"use_border":0,"background":"#fff"},"addons":[{"id":1515149419493,"name":"image","visibility":true,"settings":{"admin_label":"","title":"","heading_selector":"h3","title_fontsize":"","title_lineheight":"","title_letterspace":"0","title_position":"top","image":"https://sppagebuilder.com/sample-data/images/2018/wedding-img/couple-2.png","border_radius":0,"alt_text":"img","position":"sppb-text-center","open_lightbox":1,"overlay_color":"rgba(95, 32, 57, 0.9)","link":"","class":"","instFormId":1515149419493,"global_use_background":1,"global_user_border":0,"global_margin":{"md":"   ","sm":"   ","xs":"   "},"global_padding":{"md":"   ","sm":"   ","xs":"   "},"global_use_animation":0,"global_use_overlay":0,"global_background_color":"#fff"}},{"id":1515385238507,"name":"heading","visibility":true,"settings":{"admin_label":"","title":"Maria & Jason","heading_selector":"h4","use_link":0,"title_link":"","link_new_tab":"","title_fontsize":{"md":"24","sm":"","xs":"18"},"title_lineheight":{"md":"34","sm":"","xs":"28"},"title_letterspace":"0","title_margin":{"md":"0px 0px 0px 0px","sm":"   ","xs":"   "},"title_padding":{"md":"0px 0px 0px 0px","sm":"   ","xs":"   "},"title_icon_position":"before","alignment":"sppb-text-center","class":"","instFormId":1515385238507,"title_font_family":"Lato","title_font_style":{"uppercase":false,"weight":700},"global_use_background":0,"global_user_border":0,"global_margin":{"md":"   ","sm":"   ","xs":"   "},"global_padding":{"md":"40px 0px 0px 0px","sm":"   ","xs":"   "},"global_use_animation":0,"global_text_color":"#5f2039"}},{"id":1515385238512,"name":"text_block","visibility":true,"settings":{"admin_label":"","title":"12 FEB, 2017","heading_selector":"h5","title_fontsize":{"md":"16","sm":"","xs":"14"},"title_lineheight":{"md":"26","sm":"","xs":"24"},"title_letterspace":"0","text":"Hamtpon Bays Park","alignment":"sppb-text-center","text_fontsize":{"md":"16","sm":"","xs":""},"text_lineheight":{"md":"22","sm":"","xs":""},"dropcap":0,"class":"","instFormId":1515385238512,"text_font_family":"Lato","font_family":"Lato","title_font_style":{"weight":400,"uppercase":true},"title_text_color":"#9c9c9c","global_use_background":0,"global_user_border":0,"global_margin":{"md":"0px 20px 25px 20px","sm":"   ","xs":"   "},"global_padding":{"md":"   ","sm":"   ","xs":"   "},"global_use_animation":0,"global_text_color":"#9c9c9c","title_margin_bottom":{"md":"0","sm":"","xs":""}}}]},{"id":1515149419496,"class_name":"col-md-4","visibility":true,"settings":{"background_image":"","background_repeat":"no-repeat","background_size":"cover","background_attachment":"scroll","background_position":"0 0","items_align_center":0,"boxshadow":"0 0 0 0 #fff","sm_col":"col-sm-12","xs_col":"","hidden_xs":0,"hidden_sm":0,"hidden_md":0,"animationduration":"300","animationdelay":"0","instFormId":1515149419496,"padding":{"md":"15px 15px 15px 15px","sm":"   ","xs":"10px 10px 10px 10px"},"margin":{"md":"0px 0px 30px 0px","sm":"0px 0px 30px 0px","xs":"0px 0px 30px 0px"},"background":"#fff","use_border":0},"addons":[{"id":1515149419499,"name":"image","visibility":true,"settings":{"admin_label":"","title":"","heading_selector":"h3","title_fontsize":"","title_lineheight":"","title_letterspace":"0","title_position":"top","image":"https://sppagebuilder.com/sample-data/images/2018/wedding-img/couple-3.png","border_radius":0,"alt_text":"img","position":"sppb-text-center","open_lightbox":1,"overlay_color":"rgba(95, 32, 57, 0.9)","link":"","class":"","instFormId":1515149419499,"global_use_background":1,"global_user_border":0,"global_margin":{"md":"   ","sm":"   ","xs":"   "},"global_padding":{"md":"   ","sm":"   ","xs":"   "},"global_use_animation":0,"global_use_overlay":0,"global_background_color":"#fff"}},{"id":1515151197568,"name":"heading","visibility":true,"settings":{"admin_label":"","title":"Jacqueline & Marcel","heading_selector":"h4","use_link":0,"title_link":"","link_new_tab":"","title_fontsize":{"md":"24","sm":"","xs":"18"},"title_lineheight":{"md":"34","sm":"","xs":"28"},"title_letterspace":"0","title_margin":{"md":"0px 0px 0px 0px","sm":"   ","xs":"   "},"title_padding":{"md":"0px 0px 0px 0px","sm":"   ","xs":"   "},"title_icon_position":"before","alignment":"sppb-text-center","class":"","instFormId":1515151197568,"title_font_family":"Lato","title_font_style":{"uppercase":false,"weight":700},"global_use_background":0,"global_user_border":0,"global_margin":{"md":"   ","sm":"   ","xs":"   "},"global_padding":{"md":"40px 0px 0px 0px","sm":"   ","xs":"   "},"global_use_animation":0,"global_text_color":"#5f2039"}},{"id":1515149419488,"name":"text_block","visibility":true,"settings":{"admin_label":"","title":"27 FEB, 2017","heading_selector":"h5","title_fontsize":{"md":"16","sm":"","xs":"14"},"title_lineheight":{"md":"26","sm":"","xs":"24"},"title_letterspace":"0","text":"Central Park Club","alignment":"sppb-text-center","text_fontsize":{"md":"16","sm":"","xs":""},"text_lineheight":{"md":"22","sm":"","xs":""},"dropcap":0,"class":"","instFormId":1515149419488,"text_font_family":"Lato","font_family":"Lato","title_font_style":{"weight":400,"uppercase":true},"title_text_color":"#9c9c9c","global_use_background":0,"global_user_border":0,"global_margin":{"md":"0px 20px 25px 20px","sm":"   ","xs":"   "},"global_padding":{"md":"   ","sm":"   ","xs":"   "},"global_use_animation":0,"global_text_color":"#9c9c9c","title_margin_bottom":{"md":"0","sm":"","xs":""}}}]}]}]