[{"id":1528188870101,"visibility":true,"collapse":false,"settings":{"admin_label":"","title":"","heading_selector":"h3","title_fontsize":"","title_fontweight":"","title_position":"sppb-text-center","columns_align_center":0,"fullscreen":0,"no_gutter":0,"padding":{"md":"80px 0px 0px 0px","sm":"   ","xs":"20px 0px 0px 0px"},"margin":{"md":"0px 0px 0px 0px","sm":"   ","xs":"   "},"background_image":"https://sppagebuilder.com/sample-data/images/2018/wedding-img/body-bg2.png","background_parallax":0,"background_repeat":"repeat","background_size":"inherit","background_attachment":"inherit","background_position":"0 0","background_video":0,"external_background_video":"0","show_top_shape":0,"shape_name":"clouds-flat","shape_color":"#e5e5e5","shape_width":{"md":100,"sm":100,"xs":100},"shape_height":"","shape_flip":false,"shape_invert":false,"shape_to_front":false,"show_bottom_shape":0,"bottom_shape_name":"clouds-opacity","bottom_shape_color":"#e5e5e5","bottom_shape_width":{"md":100,"sm":100,"xs":100},"bottom_shape_height":"","bottom_shape_flip":false,"bottom_shape_invert":false,"bottom_shape_to_front":false,"hidden_xs":"","hidden_sm":"","hidden_md":"","animationduration":"300","animationdelay":"0","instFormId":1528188870101},"layout":"12,5,2,5,4,4,4","columns":[{"id":1528188870114,"class_name":"col-md-12","visibility":true,"settings":{"background_image":"","background_repeat":"no-repeat","background_size":"cover","background_attachment":"scroll","background_position":"0 0","items_align_center":0,"boxshadow":"0 0 0 0 #fff","sm_col":"","xs_col":"","hidden_xs":"","hidden_sm":"","hidden_md":"","animationduration":"300","animationdelay":"0"},"addons":[{"id":1528188870115,"name":"heading","visibility":true,"settings":{"admin_label":"","title":"BRINGING DREAMS TO LIFE","heading_selector":"h2","use_link":0,"title_link":"","link_new_tab":"","title_fontsize":{"md":"36","sm":"","xs":"20"},"title_lineheight":{"md":"46","sm":"","xs":"30"},"title_letterspace":"0","title_margin":{"md":"0px 0px 15px 0px","sm":"   ","xs":"   "},"title_padding":{"md":"0px 0px 0px 0px","sm":"   ","xs":"   "},"title_icon_position":"before","alignment":"sppb-text-center","class":"","instFormId":1515126427045,"title_font_style":{"uppercase":true,"weight":700},"global_use_background":0,"global_user_border":0,"global_margin":{"md":"   ","sm":"   ","xs":"   "},"global_padding":{"md":"   ","sm":"   ","xs":"   "},"global_use_animation":0,"global_text_color":"#5f2039","title_font_family":"Lato"}},{"id":1528188870116,"name":"image","visibility":true,"settings":{"admin_label":"","title":"","heading_selector":"h3","title_fontsize":"","title_lineheight":"","title_letterspace":"0","title_position":"top","image":"https://sppagebuilder.com/sample-data/images/2018/wedding-img/divider.png","border_radius":0,"alt_text":"Image","position":"sppb-text-center","open_lightbox":0,"overlay_color":"rgba(119, 219, 31, .5)","link":"","class":"","instFormId":1515126427052,"global_use_background":0,"global_user_border":0,"global_margin":{"md":"0px 0px 10px 0px","sm":"   ","xs":"   "},"global_padding":{"md":"   ","sm":"   ","xs":"   "},"global_use_animation":0}},{"id":1528188870117,"name":"heading","visibility":true,"settings":{"admin_label":"","title":"event & wedding designers","heading_selector":"h6","use_link":0,"title_link":"","link_new_tab":"","title_fontsize":{"md":"14","sm":"","xs":"12"},"title_lineheight":{"md":"24","sm":"","xs":"22"},"title_letterspace":"3px","title_margin":{"md":"0px 0px 0px 0px","sm":"   ","xs":"   "},"title_padding":{"md":"0px 0px 0px 0px","sm":"   ","xs":"   "},"title_icon_position":"before","alignment":"sppb-text-center","class":"","instFormId":1515126427055,"title_font_family":"Lato","title_font_style":{"uppercase":true,"weight":400},"global_use_background":0,"global_user_border":0,"global_margin":{"md":"0px 0px 55px 0px","sm":"   ","xs":"0px 0px 20px 0px"},"global_padding":{"md":"   ","sm":"   ","xs":"   "},"global_use_animation":0,"global_text_color":"#000000"}},{"id":1528188870118,"name":"text_block","visibility":true,"settings":{"admin_label":"","title":"","heading_selector":"h3","title_fontsize":"","title_lineheight":"","title_letterspace":"0","text":"<div style=\"font-weight: 400;\">Lorem ipsum dolor sit amet, consectetur adipisicing elit, sed do eiusmod tempor incididunt ut labore et dolore magna aliqua. Ut enim ad minim veniam, quis nostrud exercitation ullamco laboris nisi ut aliquip ex ea commodo consequat. <br /> <br /> Duis aute irure dolor in reprehenderit in voluptate velit esse cillum dolore eu fugiat nulla pariatur. Excepteur sint occaecat cupidatat non proident, sunt in culpa qui officia deserunt mollit anim id est laborum. Sed ut perspiciatis unde omnis iste natus error sit voluptatem accusantium doloremque laudantium, totam rem aperiam, eaque ipsa quae ab illo inventore veritatis et quasi architecto beatae vitae dicta sunt explicabo. Nemo enim ipsam voluptatem quia.</div>","alignment":"sppb-text-center","text_fontsize":{"md":"16","sm":"","xs":"14"},"text_lineheight":{"md":"24","sm":"","xs":"22"},"dropcap":0,"class":"","instFormId":1515061541495,"global_use_background":0,"global_user_border":0,"global_margin":{"md":"0px auto 20px auto","sm":"   ","xs":"   "},"global_padding":{"md":"0px 15px 0px 15px","sm":"   ","xs":"   "},"global_use_animation":0,"global_text_color":"#000000","text_font_family":"Lato","use_global_width":1,"hidden_md":0,"hidden_sm":0,"hidden_xs":0,"global_width":{"md":"84","sm":"","xs":""}}},{"id":1528188870119,"name":"heading","visibility":true,"settings":{"admin_label":"","title":"Contact","heading_selector":"h4","use_link":0,"title_link":"","link_new_tab":"","title_fontsize":{"md":"24","sm":"","xs":"18"},"title_lineheight":{"md":"34","sm":"","xs":"28"},"title_letterspace":"0","title_margin":{"md":"25px 0px 0px 0px","sm":"   ","xs":"   "},"title_padding":{"md":"0px 0px 0px 0px","sm":"   ","xs":"   "},"title_icon_position":"before","alignment":"sppb-text-center","class":"","instFormId":1515151456441,"title_font_family":"Lato","title_font_style":{"weight":700},"global_use_background":0,"global_user_border":0,"global_margin":{"md":"0px 0px 30px 0px","sm":"   ","xs":"   "},"global_padding":{"md":"   ","sm":"   ","xs":"   "},"global_use_animation":0,"global_text_color":"#5f2039","title_text_transform":"uppercase"}}]},{"id":1528188870120,"class_name":"col-md-5","visibility":true,"settings":{"background_image":"","background_repeat":"no-repeat","background_size":"cover","background_attachment":"scroll","background_position":"0 0","items_align_center":1,"boxshadow":"0 0 0 0 #fff","sm_col":"col-sm-4","xs_col":"","hidden_xs":0,"hidden_sm":0,"hidden_md":0,"animationduration":"300","animationdelay":"0","instFormId":1528188870120,"padding":{"md":"   ","sm":"   ","xs":"0px 0px 0px 0px"},"margin":{"md":"   ","sm":"   ","xs":"   "},"use_border":0},"addons":[{"id":1528188870121,"name":"feature","visibility":true,"settings":{"admin_label":"","title":"+012 345 6789","heading_selector":"h5","title_position":"left","title_fontsize":{"md":16},"title_lineheight":{"md":"20"},"title_letterspace":"2px","title_text_color":"#5f2039","title_url":"","url_appear":"title","feature_type":"icon","feature_image":"","icon_name":"fa-phone","icon_size":{"md":"24"},"icon_color":"#5f2039","text":"","text_fontsize":"","text_lineheight":"","alignment":"sppb-text-right","class":"content-widget","instFormId":1528188870121,"icon_padding":{"md":"   ","sm":"   ","xs":"   "},"title_font_family":"Lato","title_margin_top":{"md":"","sm":"","xs":""},"title_font_style":{"weight":700},"icon_border_width":{"md":"0","sm":"","xs":""},"global_use_background":0,"global_user_border":0,"global_margin":{"md":"   ","sm":"   ","xs":"   "},"global_padding":{"md":"   ","sm":"   ","xs":"0px 0px 0px 0px"},"global_use_animation":0,"text_padding":{"md":"   ","sm":"   ","xs":"   "},"global_custom_css":".sppb-media{\n\tdisplay: inline-block;\n}\n.sppb-media-body{\n\ttext-align: left;\n}\n@media(max-width: 768px){\n  .sppb-addon-content{\n  \ttext-align: center;\n  }\n}"}}]},{"id":1528188870122,"class_name":"col-md-2","visibility":true,"settings":{"background_image":"","background_repeat":"no-repeat","background_size":"cover","background_attachment":"scroll","background_position":"0 0","items_align_center":0,"boxshadow":"0 0 0 0 #fff","sm_col":"col-sm-4","xs_col":"","hidden_xs":1,"hidden_sm":0,"hidden_md":0,"animationduration":"300","animationdelay":"0","instFormId":1528188870122,"padding":{"md":"50px 0px 50px 0px","sm":"   ","xs":"   "},"margin":{"md":"   ","sm":"   ","xs":"   "},"use_border":0},"addons":[{"id":1528188870123,"name":"heading","visibility":true,"settings":{"admin_label":"","title":"or","heading_selector":"h4","use_link":0,"title_link":"","link_new_tab":"","title_fontsize":{"md":"16","sm":"","xs":"18"},"title_lineheight":{"md":"22","sm":"","xs":"28"},"title_letterspace":"0","title_margin":{"md":"0px 0px 0px 0px","sm":"   ","xs":"   "},"title_padding":{"md":"0px 0px 0px 0px","sm":"   ","xs":"   "},"title_icon_position":"before","alignment":"sppb-text-center","class":"","instFormId":1528188870123,"title_font_family":"Lato","title_font_style":{"weight":700},"global_use_background":0,"global_user_border":0,"global_margin":{"md":"0px 0px 0px 0px","sm":"   ","xs":"   "},"global_padding":{"md":"   ","sm":"   ","xs":"   "},"global_use_animation":0,"global_text_color":"#c0c0c0","title_text_transform":"uppercase","global_custom_css":".sppb-addon-title {\n    position: relative;\n}\n.sppb-addon-title:after,\n.sppb-addon-title:before {\n    content: \"\";\n    position: absolute;\n    width: 2px;\n    height: 35px;\n    background-color: #c0c0c0;\n    opacity: 0.6;\n}\n.sppb-addon-title:before {\n    top: -50px;\n    right: 50%;\n    -webkit-transform: translateX(50%);\n    transform: translateX(50%);\n}\n.sppb-addon-title:after {\n    bottom: -50px;\n    left: 50%;\n    -webkit-transform: translateX(-50%);\n    transform: translateX(-50%);\n}"}}]},{"id":1528188870124,"class_name":"col-md-5","visibility":true,"settings":{"background_image":"","background_repeat":"no-repeat","background_size":"cover","background_attachment":"scroll","background_position":"0 0","items_align_center":1,"boxshadow":"0 0 0 0 #fff","sm_col":"col-sm-4","xs_col":"","hidden_xs":0,"hidden_sm":0,"hidden_md":0,"animationduration":"300","animationdelay":"0","instFormId":1528188870124,"padding":{"md":"   ","sm":"   ","xs":"0px 0px 0px 0px"},"margin":{"md":"   ","sm":"   ","xs":"   "},"use_border":0},"addons":[{"id":1528188870125,"name":"feature","visibility":true,"settings":{"admin_label":"","title":" Info@wedding.com","heading_selector":"h5","title_position":"left","title_fontsize":{"md":16},"title_lineheight":{"md":"20"},"title_letterspace":"4px","title_text_color":"#5f2039","title_url":"","url_appear":"title","feature_type":"icon","feature_image":"","icon_name":"fa-envelope-o","icon_size":{"md":"24"},"icon_color":"#5f2039","text":"","text_fontsize":"","text_lineheight":"","alignment":"sppb-text-center","class":"content-widget","instFormId":1528188870125,"icon_padding":{"md":"   ","sm":"   ","xs":"   "},"title_font_family":"Lato","title_margin_top":{"md":"","sm":"","xs":""},"title_font_style":{"weight":700},"icon_border_width":{"md":"0","sm":"","xs":""},"global_use_background":0,"global_user_border":0,"global_margin":{"md":"   ","sm":"   ","xs":"   "},"global_padding":{"md":"   ","sm":"   ","xs":"0px 0px 0px 0px"},"global_use_animation":0,"text_padding":{"md":"   ","sm":"   ","xs":"   "},"global_custom_css":".sppb-media-body{\n\ttext-align: left;\n}\n@media(max-width: 768px){\n  .sppb-media{\n\t\tdisplay: inline-block;\n\t}\n  .sppb-addon-content{\n  \ttext-align: center;\n  }\n}"}}]},{"id":1528188870126,"class_name":"col-md-4","visibility":true,"settings":{"background_type":"none","background_gradient":{"color":"#00c6fb","color2":"#005bea","deg":"45","type":"linear"},"background_image":"","background_repeat":"no-repeat","background_size":"cover","background_attachment":"scroll","background_position":"0 0","items_align_center":0,"use_border":0,"border_width":"","border_radius":0,"boxshadow":"0 0 0 0 #fff","sm_col":"col-sm-4","xs_col":"","hidden_xs":0,"hidden_sm":0,"hidden_md":0,"animationduration":"300","animationdelay":"0","instFormId":1528188870126,"padding":{"md":"   ","sm":"   ","xs":"   "},"margin":{"md":"60px 0px 0px 0px","sm":"   ","xs":"   "}},"addons":[{"id":1515389396316,"name":"image","visibility":true,"settings":{"admin_label":"","title":"","heading_selector":"h3","title_fontsize":"","title_lineheight":"","title_letterspace":"0","title_position":"top","image":"https://sppagebuilder.com/sample-data/images/2018/wedding-img/thumb-10.png","border_radius":0,"alt_text":"Image","position":"sppb-text-center","open_lightbox":1,"overlay_color":"rgba(95, 32, 57, 0.9)","link":"","class":"","instFormId":1515389396316,"global_use_background":1,"global_user_border":0,"global_margin":{"md":"0px 0px 30px 0px","sm":"   ","xs":"0px 0px 30px 0px"},"global_padding":{"md":"15px 15px 15px 15px","sm":"   ","xs":"10px 10px 10px 10px"},"global_use_animation":0,"global_use_overlay":0,"global_background_color":"#fff"}}]},{"id":1528188870127,"class_name":"col-md-4","visibility":true,"settings":{"background_type":"none","background_gradient":{"color":"#00c6fb","color2":"#005bea","deg":"45","type":"linear"},"background_image":"","background_repeat":"no-repeat","background_size":"cover","background_attachment":"scroll","background_position":"0 0","items_align_center":0,"use_border":0,"border_width":"","border_radius":0,"boxshadow":"0 0 0 0 #fff","sm_col":"col-sm-4","xs_col":"","hidden_xs":0,"hidden_sm":0,"hidden_md":0,"animationduration":"300","animationdelay":"0","instFormId":1528188870127,"padding":{"md":"   ","sm":"   ","xs":"   "},"margin":{"md":"60px 0px 0px 0px","sm":"   ","xs":"0px 0px 0px 0px"}},"addons":[{"id":1515389396318,"name":"image","visibility":true,"settings":{"admin_label":"","title":"","heading_selector":"h3","title_fontsize":"","title_lineheight":"","title_letterspace":"0","title_position":"top","image":"https://sppagebuilder.com/sample-data/images/2018/wedding-img/thumb-11.png","border_radius":0,"alt_text":"Image","position":"sppb-text-center","open_lightbox":1,"overlay_color":"rgba(95, 32, 57, 0.9)","link":"","class":"","instFormId":1515389396318,"global_use_background":1,"global_user_border":0,"global_margin":{"md":"0px 0px 30px 0px","sm":"   ","xs":"0px 0px 30px 0px"},"global_padding":{"md":"15px 15px 15px 15px","sm":"   ","xs":"10px 10px 10px 10px"},"global_use_animation":0,"global_use_overlay":0,"global_background_color":"#fff"}}]},{"id":1528188870128,"class_name":"col-md-4","visibility":true,"settings":{"background_type":"none","background_gradient":{"color":"#00c6fb","color2":"#005bea","deg":"45","type":"linear"},"background_image":"","background_repeat":"no-repeat","background_size":"cover","background_attachment":"scroll","background_position":"0 0","items_align_center":0,"use_border":0,"border_width":"","border_radius":0,"boxshadow":"0 0 0 0 #fff","sm_col":"col-sm-4","xs_col":"","hidden_xs":0,"hidden_sm":0,"hidden_md":0,"animationduration":"300","animationdelay":"0","instFormId":1528188870128,"padding":{"md":"   ","sm":"   ","xs":"   "},"margin":{"md":"60px 0px 0px 0px","sm":"   ","xs":"0px 0px 0px 0px"}},"addons":[{"id":1515389396320,"name":"image","visibility":true,"settings":{"admin_label":"","title":"","heading_selector":"h3","title_fontsize":"","title_lineheight":"","title_letterspace":"0","title_position":"top","image":"https://sppagebuilder.com/sample-data/images/2018/wedding-img/thumb-12.png","border_radius":0,"alt_text":"Image","position":"sppb-text-center","open_lightbox":1,"overlay_color":"rgba(95, 32, 57, 0.9)","link":"","class":"","instFormId":1515389396320,"global_use_background":1,"global_user_border":0,"global_margin":{"md":"0px 0px 30px 0px","sm":"   ","xs":"0px 0px 15px 0px"},"global_padding":{"md":"15px 15px 15px 15px","sm":"   ","xs":"10px 10px 10px 10px"},"global_use_animation":0,"global_use_overlay":0,"global_background_color":"#fff"}}]}]},{"id":1515389829361,"visibility":true,"collapse":false,"settings":{"admin_label":"","title":"","heading_selector":"h3","title_fontsize":"","title_fontweight":"","title_position":"sppb-text-center","columns_align_center":0,"fullscreen":0,"no_gutter":0,"padding":{"md":"80px 0px 110px 0px","sm":"   ","xs":"70px 0px 50px 0px"},"margin":{"md":"0px 0px 0px 0px","sm":"   ","xs":"   "},"background_image":"https://sppagebuilder.com/sample-data/images/2018/wedding-img/body-bg2.png","background_parallax":0,"background_repeat":"repeat","background_size":"inherit","background_attachment":"inherit","background_position":"0 0","background_video":0,"external_background_video":"0","show_top_shape":0,"shape_name":"clouds-flat","shape_color":"#e5e5e5","shape_width":{"md":100,"sm":100,"xs":100},"shape_height":"","shape_flip":false,"shape_invert":false,"shape_to_front":false,"show_bottom_shape":0,"bottom_shape_name":"clouds-opacity","bottom_shape_color":"#e5e5e5","bottom_shape_width":{"md":100,"sm":100,"xs":100},"bottom_shape_height":"","bottom_shape_flip":false,"bottom_shape_invert":false,"bottom_shape_to_front":false,"hidden_xs":"","hidden_sm":"","hidden_md":"","animationduration":"300","animationdelay":"0","instFormId":1515389829361},"layout":"12,4,4,4,4,4,4","columns":[{"id":1515389829400,"class_name":"col-md-12","visibility":true,"settings":{"background_image":"","background_repeat":"no-repeat","background_size":"cover","background_attachment":"scroll","background_position":"0 0","items_align_center":0,"boxshadow":"0 0 0 0 #fff","sm_col":"","xs_col":"","hidden_xs":"","hidden_sm":"","hidden_md":"","animationduration":"300","animationdelay":"0","instFormId":1515389829400,"padding":{"md":"0px 30px 38px 30px","sm":"   ","xs":"0px 0px 0px 0px"},"margin":{"md":"   ","sm":"   ","xs":"   "},"use_border":0},"addons":[{"id":1515389829403,"name":"heading","visibility":true,"settings":{"admin_label":"","title":"meet our crew","heading_selector":"h2","use_link":0,"title_link":"","link_new_tab":"","title_fontsize":{"md":"36","sm":"","xs":"20"},"title_lineheight":{"md":"46","sm":"","xs":"30"},"title_letterspace":"0","title_margin":{"md":"0px 0px 5px 0px","sm":"   ","xs":"   "},"title_padding":{"md":"0px 0px 0px 0px","sm":"   ","xs":"   "},"title_icon_position":"before","alignment":"sppb-text-center","class":"","instFormId":1515389829403,"title_font_style":{"uppercase":true,"weight":700},"global_use_background":0,"global_user_border":0,"global_margin":{"md":"   ","sm":"   ","xs":"   "},"global_padding":{"md":"   ","sm":"   ","xs":"   "},"global_use_animation":0,"global_text_color":"#5f2039","title_font_family":"Lato"}},{"id":1515389829404,"name":"image","visibility":true,"settings":{"admin_label":"","title":"","heading_selector":"h3","title_fontsize":"","title_lineheight":"","title_letterspace":"0","title_position":"top","image":"https://sppagebuilder.com/sample-data/images/2018/wedding-img/divider.png","border_radius":0,"alt_text":"Image","position":"sppb-text-center","open_lightbox":0,"overlay_color":"rgba(119, 219, 31, .5)","link":"","class":"","instFormId":1515061325440,"global_use_background":0,"global_user_border":0,"global_margin":{"md":"0px 0px 16px 0px","sm":"   ","xs":"   "},"global_padding":{"md":"   ","sm":"   ","xs":"   "},"global_use_animation":0}},{"id":1515389829405,"name":"heading","visibility":true,"settings":{"admin_label":"","title":"Who we are","heading_selector":"h6","use_link":0,"title_link":"","link_new_tab":"","title_fontsize":{"md":"14","sm":"","xs":"12"},"title_lineheight":{"md":"24","sm":"","xs":"22"},"title_letterspace":"3px","title_margin":{"md":"0px 0px 0px 0px","sm":"   ","xs":"   "},"title_padding":{"md":"0px 0px 0px 0px","sm":"   ","xs":"   "},"title_icon_position":"before","alignment":"sppb-text-center","class":"","instFormId":1515389829405,"title_font_family":"Lato","title_font_style":{"uppercase":true,"weight":400},"global_use_background":0,"global_user_border":0,"global_margin":{"md":"0px 0px 35px 0px","sm":"   ","xs":"   "},"global_padding":{"md":"   ","sm":"   ","xs":"   "},"global_use_animation":0,"global_text_color":"#000000"}}]},{"id":1515389829406,"class_name":"col-md-4","visibility":true,"settings":{"background_image":"","background_repeat":"no-repeat","background_size":"cover","background_attachment":"scroll","background_position":"0 0","items_align_center":0,"boxshadow":"0 0 0 0 #fff","sm_col":"col-sm-6","xs_col":"","hidden_xs":0,"hidden_sm":0,"hidden_md":0,"animationduration":"300","animationdelay":"0","instFormId":1515389829406,"padding":{"md":"   ","sm":"   ","xs":"   "},"margin":{"md":"   ","sm":"   ","xs":"   "},"use_border":0},"addons":[{"id":1520252970107,"name":"person","visibility":true,"settings":{"admin_label":"","image":"https://sppagebuilder.com/sample-data/images/2018/wedding-img/team-1.png","image_border_radius":0,"name":"Jacqueline Maria","designation":"Founder & CEO","email":"","introtext":"","facebook":"#","twitter":"#","google_plus":"#","social_position":"after","alignment":"sppb-text-center","class":"","global_background_type":"color","global_background_gradient":{"color":"#00c6fb","color2":"#005bea","deg":"45","type":"linear"},"global_use_overlay":0,"global_background_repeat":"no-repeat","global_background_size":"cover","global_background_attachment":"inherit","global_user_border":0,"global_border_width":"","global_border_radius":0,"global_margin":{"md":"0 0 30px 0","sm":"0 0 30px 0","xs":"0 0 30px 0"},"global_padding":{"md":"15px 15px 15px 15px","sm":"   ","xs":"   "},"global_boxshadow":"0 0 0 0 #ffffff","global_use_animation":0,"global_animationduration":"300","global_animationdelay":"0","global_custom_css":"","use_global_width":"0","hidden_md":"0","hidden_sm":"0","hidden_xs":"0","acl":"","instFormId":1520252970107,"global_background_color":"#fff","name_font_family":"Lato","name_color":"#5f2039","designation_color":"#9c9c9c","designation_font_family":"Lato","pinterest":"#","global_link_color":"#9c9c9c","global_link_hover_color":""}}]},{"id":1515389829413,"class_name":"col-md-4","visibility":true,"settings":{"background_image":"","background_repeat":"no-repeat","background_size":"cover","background_attachment":"scroll","background_position":"0 0","items_align_center":0,"boxshadow":"0 0 0 0 #fff","sm_col":"col-sm-6","xs_col":"","hidden_xs":0,"hidden_sm":0,"hidden_md":0,"animationduration":"300","animationdelay":"0","instFormId":1515389829413,"padding":{"md":"   ","sm":"   ","xs":"   "},"margin":{"md":"   ","sm":"   ","xs":"   "},"use_border":0},"addons":[{"id":1520252970120,"name":"person","visibility":true,"settings":{"admin_label":"","image":"https://sppagebuilder.com/sample-data/images/2018/wedding-img/team-2.png","image_border_radius":0,"name":"Steven Marcel","designation":"Creative Designer","email":"","introtext":"","facebook":"#","twitter":"#","google_plus":"#","social_position":"after","alignment":"sppb-text-center","class":"","global_background_type":"color","global_background_gradient":{"color":"#00c6fb","color2":"#005bea","deg":"45","type":"linear"},"global_use_overlay":0,"global_background_repeat":"no-repeat","global_background_size":"cover","global_background_attachment":"inherit","global_user_border":0,"global_border_width":"","global_border_radius":0,"global_margin":{"md":"0 0 30px 0","sm":"0 0 30px 0","xs":"0 0 30px 0"},"global_padding":{"md":"15px 15px 15px 15px","sm":"   ","xs":"   "},"global_boxshadow":"0 0 0 0 #ffffff","global_use_animation":0,"global_animationduration":"300","global_animationdelay":"0","global_custom_css":"","use_global_width":"0","hidden_md":"0","hidden_sm":"0","hidden_xs":"0","acl":"","instFormId":1520252970120,"global_background_color":"#fff","name_font_family":"Lato","name_color":"#5f2039","designation_color":"#9c9c9c","designation_font_family":"Lato","pinterest":"#","global_link_color":"#9c9c9c","global_link_hover_color":""}}]},{"id":1515389829420,"class_name":"col-md-4","visibility":true,"settings":{"background_image":"","background_repeat":"no-repeat","background_size":"cover","background_attachment":"scroll","background_position":"0 0","items_align_center":0,"boxshadow":"0 0 0 0 #fff","sm_col":"col-sm-6","xs_col":"","hidden_xs":0,"hidden_sm":0,"hidden_md":0,"animationduration":"300","animationdelay":"0","instFormId":1515389829420,"padding":{"md":"   ","sm":"   ","xs":"   "},"margin":{"md":"   ","sm":"   ","xs":"   "},"use_border":0},"addons":[{"id":1520252970032,"name":"person","visibility":true,"settings":{"admin_label":"","image":"https://sppagebuilder.com/sample-data/images/2018/wedding-img/team-3.png","image_border_radius":0,"name":"Ascqueline Maria","designation":"Photographer","email":"","introtext":"","facebook":"#","twitter":"#","google_plus":"#","social_position":"after","alignment":"sppb-text-center","class":"","global_background_type":"color","global_background_gradient":{"color":"#00c6fb","color2":"#005bea","deg":"45","type":"linear"},"global_use_overlay":0,"global_background_repeat":"no-repeat","global_background_size":"cover","global_background_attachment":"inherit","global_user_border":0,"global_border_width":"","global_border_radius":0,"global_margin":{"md":"0 0 30px 0","sm":"0 0 30px 0","xs":"0 0 30px 0"},"global_padding":{"md":"15px 15px 15px 15px","sm":"   ","xs":"   "},"global_boxshadow":"0 0 0 0 #ffffff","global_use_animation":0,"global_animationduration":"300","global_animationdelay":"0","global_custom_css":"","use_global_width":"0","hidden_md":"0","hidden_sm":"0","hidden_xs":"0","acl":"","instFormId":1520252970032,"global_background_color":"#fff","name_font_family":"Lato","name_color":"#5f2039","designation_color":"#9c9c9c","designation_font_family":"Lato","pinterest":"#","global_link_color":"#9c9c9c","global_link_hover_color":""}}]},{"id":1520252969883,"class_name":"col-md-4","visibility":true,"settings":{"background_type":"none","background_gradient":{"color":"#00c6fb","color2":"#005bea","deg":"45","type":"linear"},"background_image":"","background_repeat":"no-repeat","background_size":"cover","background_attachment":"scroll","background_position":"0 0","items_align_center":0,"use_border":0,"border_width":"","border_radius":0,"boxshadow":"0 0 0 0 #fff","sm_col":"col-sm-6","xs_col":"","hidden_xs":0,"hidden_sm":0,"hidden_md":0,"animationduration":"300","animationdelay":"0","instFormId":1520252969883,"padding":{"md":"   ","sm":"   ","xs":"   "},"margin":{"md":"   ","sm":"   ","xs":"   "}},"addons":[{"id":1520252970092,"name":"person","visibility":true,"settings":{"admin_label":"","image":"https://sppagebuilder.com/sample-data/images/2018/wedding-img/team-4.png","image_border_radius":0,"name":"Jacqueline Maria","designation":"Founder & CEO","email":"","introtext":"","facebook":"#","twitter":"#","google_plus":"#","social_position":"after","alignment":"sppb-text-center","class":"","global_background_type":"color","global_background_gradient":{"color":"#00c6fb","color2":"#005bea","deg":"45","type":"linear"},"global_use_overlay":0,"global_background_repeat":"no-repeat","global_background_size":"cover","global_background_attachment":"inherit","global_user_border":0,"global_border_width":"","global_border_radius":0,"global_margin":{"md":"0 0 30px 0","sm":"0 0 30px 0","xs":"0 0 30px 0"},"global_padding":{"md":"15px 15px 15px 15px","sm":"   ","xs":"   "},"global_boxshadow":"0 0 0 0 #ffffff","global_use_animation":0,"global_animationduration":"300","global_animationdelay":"0","global_custom_css":"","use_global_width":"0","hidden_md":"0","hidden_sm":"0","hidden_xs":"0","acl":"","instFormId":1520252970092,"global_background_color":"#fff","name_font_family":"Lato","name_color":"#5f2039","designation_color":"#9c9c9c","designation_font_family":"Lato","pinterest":"#","global_link_color":"#9c9c9c","global_link_hover_color":""}}]},{"id":1520252969884,"class_name":"col-md-4","visibility":true,"settings":{"background_type":"none","background_gradient":{"color":"#00c6fb","color2":"#005bea","deg":"45","type":"linear"},"background_image":"","background_repeat":"no-repeat","background_size":"cover","background_attachment":"scroll","background_position":"0 0","items_align_center":0,"use_border":0,"border_width":"","border_radius":0,"boxshadow":"0 0 0 0 #fff","sm_col":"col-sm-6","xs_col":"","hidden_xs":0,"hidden_sm":0,"hidden_md":0,"animationduration":"300","animationdelay":"0","instFormId":1520252969884,"padding":{"md":"   ","sm":"   ","xs":"   "},"margin":{"md":"   ","sm":"   ","xs":"   "}},"addons":[{"id":1520252970041,"name":"person","visibility":true,"settings":{"admin_label":"","image":"https://sppagebuilder.com/sample-data/images/2018/wedding-img/team-5.png","image_border_radius":0,"name":"Steven Marcel","designation":"Creative Designer","email":"","introtext":"","facebook":"#","twitter":"#","google_plus":"#","social_position":"after","alignment":"sppb-text-center","class":"","global_background_type":"color","global_background_gradient":{"color":"#00c6fb","color2":"#005bea","deg":"45","type":"linear"},"global_use_overlay":0,"global_background_repeat":"no-repeat","global_background_size":"cover","global_background_attachment":"inherit","global_user_border":0,"global_border_width":"","global_border_radius":0,"global_margin":{"md":"0 0 30px 0","sm":"0 0 20px 0","xs":"0 0 30px 0"},"global_padding":{"md":"15px 15px 15px 15px","sm":"   ","xs":"   "},"global_boxshadow":"0 0 0 0 #ffffff","global_use_animation":0,"global_animationduration":"300","global_animationdelay":"0","global_custom_css":"","use_global_width":"0","hidden_md":"0","hidden_sm":"0","hidden_xs":"0","acl":"","instFormId":1520252970041,"global_background_color":"#fff","name_font_family":"Lato","name_color":"#5f2039","designation_color":"#9c9c9c","designation_font_family":"Lato","pinterest":"#","global_link_color":"#9c9c9c","global_link_hover_color":""}}]},{"id":1520252969885,"class_name":"col-md-4","visibility":true,"settings":{"background_type":"none","background_gradient":{"color":"#00c6fb","color2":"#005bea","deg":"45","type":"linear"},"background_image":"","background_repeat":"no-repeat","background_size":"cover","background_attachment":"scroll","background_position":"0 0","items_align_center":0,"use_border":0,"border_width":"","border_radius":0,"boxshadow":"0 0 0 0 #fff","sm_col":"col-sm-6","xs_col":"","hidden_xs":0,"hidden_sm":0,"hidden_md":0,"animationduration":"300","animationdelay":"0","instFormId":1520252969885,"padding":{"md":"   ","sm":"   ","xs":"   "},"margin":{"md":"   ","sm":"   ","xs":"   "}},"addons":[{"id":1520253020908,"name":"person","visibility":true,"settings":{"admin_label":"","image":"https://sppagebuilder.com/sample-data/images/2018/wedding-img/team-6.png","image_border_radius":0,"name":"Maryanne Nguyen","designation":"Photographer","email":"","introtext":"","facebook":"#","twitter":"#","google_plus":"#","social_position":"after","alignment":"sppb-text-center","class":"","global_background_type":"color","global_background_gradient":{"color":"#00c6fb","color2":"#005bea","deg":"45","type":"linear"},"global_use_overlay":0,"global_background_repeat":"no-repeat","global_background_size":"cover","global_background_attachment":"inherit","global_user_border":0,"global_border_width":"","global_border_radius":0,"global_margin":{"md":"0 0 30px 0","sm":"0 0 20px 0","xs":"0 0 30px 0"},"global_padding":{"md":"15px 15px 15px 15px","sm":"   ","xs":"   "},"global_boxshadow":"0 0 0 0 #ffffff","global_use_animation":0,"global_animationduration":"300","global_animationdelay":"0","global_custom_css":"","use_global_width":"0","hidden_md":"0","hidden_sm":"0","hidden_xs":"0","acl":"","instFormId":1520253020908,"global_background_color":"#fff","name_font_family":"Lato","name_color":"#5f2039","designation_color":"#9c9c9c","designation_font_family":"Lato","pinterest":"#","global_link_color":"#9c9c9c","global_link_hover_color":""}}]}]}]