[{"id":1591107343505,"visibility":true,"collapse":false,"settings":{"admin_label":"Animated Text 1","title":"","heading_selector":"h3","title_fontsize":"","title_fontweight":"","title_position":"sppb-text-center","columns_align_center":0,"fullscreen":0,"no_gutter":0,"padding":{"md":"180px 0px 180px 0px","sm":"   ","xs":"   "},"margin":{"md":"0px 0px 0px 0px","sm":"   ","xs":"   "},"background_type":"image","background_gradient":{"color":"#00c6fb","color2":"#005bea","deg":"45","type":"linear"},"background_image":"https://sppagebuilder.com/sample-data/images/2018/10/30/bitmap10.jpg","background_parallax":0,"background_repeat":"no-repeat","background_size":"cover","background_attachment":"scroll","background_position":"50% 50%","external_background_video":"0","video_loop":false,"overlay_type":"overlay_color","gradient_overlay":{"color":"rgba(127, 0, 255, 0.8)","color2":"rgba(225, 0, 255, 0.7)","deg":"45","type":"linear"},"pattern_overlay":"","overlay_pattern_color":"","show_top_shape":0,"shape_name":"clouds-flat","shape_color":"#e5e5e5","shape_width":{"md":100,"sm":100,"xs":100},"shape_height":"","shape_flip":false,"shape_invert":false,"shape_to_front":false,"show_bottom_shape":0,"bottom_shape_name":"clouds-opacity","bottom_shape_color":"#e5e5e5","bottom_shape_width":{"md":100,"sm":100,"xs":100},"bottom_shape_height":"","bottom_shape_flip":false,"bottom_shape_invert":false,"bottom_shape_to_front":false,"hidden_xs":"","hidden_sm":"","hidden_md":"","animationduration":"300","animationdelay":"0","instFormId":1539839143731},"layout":"12","columns":[{"id":1591107343530,"class_name":"col-md-12","visibility":true,"settings":{"background_type":"none","background_gradient":{"color":"#00c6fb","color2":"#005bea","deg":"45","type":"linear"},"background_image":"","overlay_type":"overlay_color","gradient_overlay":{"color":"rgba(127, 0, 255, 0.8)","color2":"rgba(225, 0, 255, 0.7)","deg":"45","type":"linear"},"pattern_overlay":"","overlay_pattern_color":"","background_repeat":"no-repeat","background_size":"cover","background_attachment":"scroll","background_position":"0 0","items_align_center":0,"use_border":0,"border_width":"","border_radius":0,"boxshadow":"0 0 0 0 #fff","sm_col":"","xs_col":"","hidden_xs":"","hidden_sm":"","hidden_md":"","animationduration":"300","animationdelay":"0"},"addons":[{"id":1591107343531,"name":"heading","visibility":true,"settings":{"admin_label":"","title":"Blinds Text Animation","heading_selector":"h2","use_link":0,"title_link":"","link_new_tab":"","title_fontsize":{"md":"22","sm":"","xs":""},"title_lineheight":"","title_letterspace":"3px","title_text_transform":"none","title_margin":{"md":"0px 0px 30px 0px","sm":"   ","xs":"   "},"title_padding":{"md":"0px 0px 0px 0px","sm":"   ","xs":"   "},"title_icon_position":"before","alignment":"sppb-text-center","title_text_shadow":"","class":"","global_background_type":"none","global_background_gradient":{"color":"#00c6fb","color2":"#005bea","deg":"45","type":"linear"},"global_use_overlay":0,"global_background_repeat":"no-repeat","global_background_size":"cover","global_background_attachment":"inherit","global_user_border":0,"global_border_width":"","global_border_radius":0,"global_margin":{"md":"0 0 0px 0","sm":"0 0 20px 0","xs":"0 0 10px 0"},"global_padding":{"md":"   ","sm":"   ","xs":"   "},"global_boxshadow":"0 0 0 0 #ffffff","global_use_animation":0,"global_animationduration":"300","global_animationdelay":"0","global_custom_css":"","use_global_width":"0","hidden_md":"0","hidden_sm":"0","hidden_xs":"0","acl":"","global_text_color":"#ffffff","instFormId":1540378111354,"title_font_style":{"weight":300},"title_font_family":"Josefin Sans"}},{"id":1591107343532,"name":"animated_heading","visibility":true,"settings":{"admin_label":"","heading_style":"text-animation","heading_before_part":"This animated","highlighted_text":"highlighted","highlighted_shape":"wave","shape_color":"","shape_width":"","shape_radius":0,"animated_text":"headline\nheader\nheading","text_animation_name":"blinds","heading_after_part":"is awesome just like the big jellyfish","heading_selector":"h2","style_options":"heading","heading_fontsize":{"md":"72","sm":"","xs":""},"heading_lineheight":{"md":"72","sm":"","xs":""},"heading_letterspace":"1px","heading_margin":{"md":"   ","sm":"   ","xs":"   "},"heading_padding":{"md":"   ","sm":"   ","xs":"   "},"animated_text_fontsize":{"md":"","sm":"","xs":""},"animated_text_letterspace":"","alignment":"sppb-text-center","class":"","global_background_type":"none","global_background_gradient":{"color":"#00c6fb","color2":"#005bea","deg":"45","type":"linear"},"global_use_overlay":0,"global_background_repeat":"no-repeat","global_background_size":"cover","global_background_attachment":"inherit","global_user_border":0,"global_border_width":"","global_border_radius":0,"global_margin":{"md":"0 0 0px 0","sm":"0 0 20px 0","xs":"0 0 10px 0"},"global_padding":{"md":"   ","sm":"   ","xs":"   "},"global_boxshadow":"0 0 0 0 #ffffff","global_use_animation":0,"global_animationduration":"300","global_animationdelay":"0","global_custom_css":"","use_global_width":"0","hidden_md":"0","hidden_sm":"0","hidden_xs":"0","acl":"","animated_text_color":"#e8007e","highlighted_text_font_family":"","animated_text_font_style":{"underline":false,"italic":false,"uppercase":false,"weight":400},"heading_font_style":{"underline":false,"uppercase":true,"weight":400},"instFormId":1540376679496,"heading_color":"#ffffff","heading_font_family":"Amatic SC"}}]}]},{"id":1591107343506,"visibility":true,"collapse":false,"settings":{"admin_label":"Animated Text 2","title":"","heading_selector":"h3","title_fontsize":"","title_fontweight":"","title_position":"sppb-text-center","columns_align_center":0,"fullscreen":1,"no_gutter":0,"padding":{"md":"220px 0px 220px 0px","sm":"   ","xs":"   "},"margin":{"md":"0px 0px 0px 0px","sm":"   ","xs":"   "},"background_type":"image","background_gradient":{"color":"#00c6fb","color2":"#005bea","deg":"45","type":"linear"},"background_image":"https://sppagebuilder.com/sample-data/images/2018/10/30/bitmap1.jpg","background_parallax":0,"background_repeat":"no-repeat","background_size":"cover","background_attachment":"scroll","background_position":"50% 50%","external_background_video":"0","video_loop":false,"overlay_type":"overlay_color","gradient_overlay":{"color":"rgba(127, 0, 255, 0.8)","color2":"rgba(225, 0, 255, 0.7)","deg":"45","type":"linear"},"pattern_overlay":"","overlay_pattern_color":"","show_top_shape":0,"shape_name":"clouds-flat","shape_color":"#e5e5e5","shape_width":{"md":100,"sm":100,"xs":100},"shape_height":"","shape_flip":false,"shape_invert":false,"shape_to_front":false,"show_bottom_shape":0,"bottom_shape_name":"clouds-opacity","bottom_shape_color":"#e5e5e5","bottom_shape_width":{"md":100,"sm":100,"xs":100},"bottom_shape_height":"","bottom_shape_flip":false,"bottom_shape_invert":false,"bottom_shape_to_front":false,"hidden_xs":"","hidden_sm":"","hidden_md":"","animationduration":"300","animationdelay":"0","instFormId":1540892791420,"style_options":"heading"},"layout":"12","columns":[{"id":1591107343534,"class_name":"col-md-12","visibility":true,"settings":{"background_type":"none","background_gradient":{"color":"#00c6fb","color2":"#005bea","deg":"45","type":"linear"},"background_image":"","overlay_type":"overlay_color","gradient_overlay":{"color":"rgba(127, 0, 255, 0.8)","color2":"rgba(225, 0, 255, 0.7)","deg":"45","type":"linear"},"pattern_overlay":"","overlay_pattern_color":"","background_repeat":"no-repeat","background_size":"cover","background_attachment":"scroll","background_position":"0 0","items_align_center":0,"use_border":0,"border_width":"","border_radius":0,"boxshadow":"0 0 0 0 #fff","sm_col":"","xs_col":"","hidden_xs":"","hidden_sm":"","hidden_md":"","animationduration":"300","animationdelay":"0"},"addons":[{"id":1591107343535,"name":"heading","visibility":true,"settings":{"admin_label":"","title":"Clip Text Animation","heading_selector":"h2","use_link":0,"title_link":"","link_new_tab":"","title_fontsize":{"md":"22","sm":"","xs":""},"title_lineheight":"","title_letterspace":"3px","title_text_transform":"none","title_margin":{"md":"0px 0px 30px 0px","sm":"   ","xs":"   "},"title_padding":{"md":"0px 0px 0px 0px","sm":"   ","xs":"   "},"title_icon_position":"before","alignment":"sppb-text-center","title_text_shadow":"","class":"","global_background_type":"none","global_background_gradient":{"color":"#00c6fb","color2":"#005bea","deg":"45","type":"linear"},"global_use_overlay":0,"global_background_repeat":"no-repeat","global_background_size":"cover","global_background_attachment":"inherit","global_user_border":0,"global_border_width":"","global_border_radius":0,"global_margin":{"md":"0 0 0px 0","sm":"0 0 20px 0","xs":"0 0 10px 0"},"global_padding":{"md":"   ","sm":"   ","xs":"   "},"global_boxshadow":"0 0 0 0 #ffffff","global_use_animation":0,"global_animationduration":"300","global_animationdelay":"0","global_custom_css":"","use_global_width":"0","hidden_md":"0","hidden_sm":"0","hidden_xs":"0","acl":"","global_text_color":"#4a4a4a","instFormId":1540892791423,"title_font_style":{"weight":300},"title_font_family":"Roboto"}},{"id":1591107343536,"name":"animated_heading","visibility":true,"settings":{"admin_label":"","heading_style":"text-animation","heading_before_part":"This animated headline is so","highlighted_text":"highlighted","highlighted_shape":"wave","shape_color":"","shape_width":"","shape_radius":0,"animated_text":"Cool\nAwesome\nNice","text_animation_name":"clip","heading_after_part":"","heading_selector":"h2","style_options":"heading","heading_fontsize":{"md":"72","sm":"","xs":""},"heading_lineheight":"","heading_letterspace":"1px","heading_margin":{"md":"   ","sm":"   ","xs":"   "},"heading_padding":{"md":"   ","sm":"   ","xs":"   "},"animated_text_fontsize":{"md":"","sm":"","xs":""},"animated_text_letterspace":"","alignment":"sppb-text-center","class":"","global_background_type":"none","global_background_gradient":{"color":"#00c6fb","color2":"#005bea","deg":"45","type":"linear"},"global_use_overlay":0,"global_background_repeat":"no-repeat","global_background_size":"cover","global_background_attachment":"inherit","global_user_border":0,"global_border_width":"","global_border_radius":0,"global_margin":{"md":"0 0 0px 0","sm":"0 0 20px 0","xs":"0 0 10px 0"},"global_padding":{"md":"   ","sm":"   ","xs":"   "},"global_boxshadow":"0 0 0 0 #ffffff","global_use_animation":0,"global_animationduration":"300","global_animationdelay":"0","global_custom_css":"","use_global_width":"0","hidden_md":"0","hidden_sm":"0","hidden_xs":"0","acl":"","animated_text_color":"#1bb739","highlighted_text_font_family":"","animated_text_font_style":{"underline":false,"italic":false,"uppercase":true,"weight":200},"heading_font_style":{"underline":false,"uppercase":false,"weight":200},"instFormId":1540892791424,"heading_color":"#313131","heading_font_family":"Raleway"}}]}]},{"id":1591107343507,"visibility":true,"collapse":false,"settings":{"admin_label":"Animated Text 3 [https://www.oceantheme.org]","title":"","heading_selector":"h3","title_fontsize":"","title_fontweight":"","title_position":"sppb-text-center","columns_align_center":0,"fullscreen":0,"no_gutter":0,"padding":{"md":"220px 0px 220px 0px","sm":"   ","xs":"   "},"margin":{"md":"0px 0px 0px 0px","sm":"   ","xs":"   "},"background_type":"image","background_gradient":{"color":"#00c6fb","color2":"#005bea","deg":"45","type":"linear"},"background_image":"https://sppagebuilder.com/sample-data/images/2018/10/30/bitmap3.jpg","background_parallax":0,"background_repeat":"no-repeat","background_size":"cover","background_attachment":"scroll","background_position":"50% 50%","external_background_video":"0","video_loop":false,"overlay_type":"overlay_color","gradient_overlay":{"color":"rgba(127, 0, 255, 0.8)","color2":"rgba(225, 0, 255, 0.7)","deg":"45","type":"linear"},"pattern_overlay":"","overlay_pattern_color":"","show_top_shape":0,"shape_name":"clouds-flat","shape_color":"#e5e5e5","shape_width":{"md":100,"sm":100,"xs":100},"shape_height":"","shape_flip":false,"shape_invert":false,"shape_to_front":false,"show_bottom_shape":0,"bottom_shape_name":"clouds-opacity","bottom_shape_color":"#e5e5e5","bottom_shape_width":{"md":100,"sm":100,"xs":100},"bottom_shape_height":"","bottom_shape_flip":false,"bottom_shape_invert":false,"bottom_shape_to_front":false,"hidden_xs":"","hidden_sm":"","hidden_md":"","animationduration":"300","animationdelay":"0","instFormId":1540892791782,"style_options":"heading"},"layout":"12","columns":[{"id":1591107343538,"class_name":"col-md-12","visibility":true,"settings":{"background_type":"none","background_gradient":{"color":"#00c6fb","color2":"#005bea","deg":"45","type":"linear"},"background_image":"","overlay_type":"overlay_color","gradient_overlay":{"color":"rgba(127, 0, 255, 0.8)","color2":"rgba(225, 0, 255, 0.7)","deg":"45","type":"linear"},"pattern_overlay":"","overlay_pattern_color":"","background_repeat":"no-repeat","background_size":"cover","background_attachment":"scroll","background_position":"0 0","items_align_center":0,"use_border":0,"border_width":"","border_radius":0,"boxshadow":"0 0 0 0 #fff","sm_col":"","xs_col":"","hidden_xs":"","hidden_sm":"","hidden_md":"","animationduration":"300","animationdelay":"0"},"addons":[{"id":1591107343539,"name":"heading","visibility":true,"settings":{"admin_label":"","title":"Flip Text Animation","heading_selector":"h2","use_link":0,"title_link":"","link_new_tab":"","title_fontsize":{"md":"22","sm":"","xs":""},"title_lineheight":"","title_letterspace":"3px","title_text_transform":"none","title_margin":{"md":"0px 0px 30px 0px","sm":"   ","xs":"   "},"title_padding":{"md":"0px 0px 0px 0px","sm":"   ","xs":"   "},"title_icon_position":"before","alignment":"sppb-text-center","title_text_shadow":"","class":"","global_background_type":"none","global_background_gradient":{"color":"#00c6fb","color2":"#005bea","deg":"45","type":"linear"},"global_use_overlay":0,"global_background_repeat":"no-repeat","global_background_size":"cover","global_background_attachment":"inherit","global_user_border":0,"global_border_width":"","global_border_radius":0,"global_margin":{"md":"0 0 0px 0","sm":"0 0 20px 0","xs":"0 0 10px 0"},"global_padding":{"md":"   ","sm":"   ","xs":"   "},"global_boxshadow":"0 0 0 0 #ffffff","global_use_animation":0,"global_animationduration":"300","global_animationdelay":"0","global_custom_css":"","use_global_width":"0","hidden_md":"0","hidden_sm":"0","hidden_xs":"0","acl":"","global_text_color":"#666666","instFormId":1540892791784,"title_font_style":{"weight":300},"title_font_family":"Abel","style_options":"heading"}},{"id":1591107343540,"name":"animated_heading","visibility":true,"settings":{"admin_label":"","heading_style":"text-animation","heading_before_part":"This animated","highlighted_text":"highlighted","highlighted_shape":"wave","shape_color":"","shape_width":"","shape_radius":0,"animated_text":"headline\nheader\nheading","text_animation_name":"flip","heading_after_part":"is fliping","heading_selector":"h2","style_options":"heading","heading_fontsize":{"md":"60","sm":"","xs":""},"heading_lineheight":"","heading_letterspace":"1px","heading_margin":{"md":"   ","sm":"   ","xs":"   "},"heading_padding":{"md":"   ","sm":"   ","xs":"   "},"animated_text_fontsize":{"md":"","sm":"","xs":""},"animated_text_letterspace":"","alignment":"sppb-text-center","class":"","global_background_type":"none","global_background_gradient":{"color":"#00c6fb","color2":"#005bea","deg":"45","type":"linear"},"global_use_overlay":0,"global_background_repeat":"no-repeat","global_background_size":"cover","global_background_attachment":"inherit","global_user_border":0,"global_border_width":"","global_border_radius":0,"global_margin":{"md":"0 0 0px 0","sm":"0 0 20px 0","xs":"0 0 10px 0"},"global_padding":{"md":"   ","sm":"   ","xs":"   "},"global_boxshadow":"0 0 0 0 #ffffff","global_use_animation":0,"global_animationduration":"300","global_animationdelay":"0","global_custom_css":"","use_global_width":"0","hidden_md":"0","hidden_sm":"0","hidden_xs":"0","acl":"","animated_text_color":"#407255","highlighted_text_font_family":"","animated_text_font_style":{"underline":false,"italic":false,"uppercase":false,"weight":200},"heading_font_style":{"underline":false,"uppercase":true,"weight":400},"instFormId":1540892791785,"heading_color":"#313131","heading_font_family":"Fjalla One"}}]}]},{"id":1591107343508,"visibility":true,"collapse":false,"settings":{"admin_label":"Animated Text 4","title":"","heading_selector":"h3","title_fontsize":"","title_fontweight":"","title_position":"sppb-text-center","columns_align_center":0,"fullscreen":0,"no_gutter":0,"padding":{"md":"220px 0px 220px 0px","sm":"   ","xs":"   "},"margin":{"md":"0px 0px 0px 0px","sm":"   ","xs":"   "},"background_type":"image","background_gradient":{"color":"#00c6fb","color2":"#005bea","deg":"45","type":"linear"},"background_image":"https://sppagebuilder.com/sample-data/images/2018/10/30/bitmap3.jpg","background_parallax":0,"background_repeat":"no-repeat","background_size":"cover","background_attachment":"scroll","background_position":"50% 50%","external_background_video":"0","video_loop":false,"overlay_type":"overlay_color","gradient_overlay":{"color":"rgba(127, 0, 255, 0.8)","color2":"rgba(225, 0, 255, 0.7)","deg":"45","type":"linear"},"pattern_overlay":"","overlay_pattern_color":"","show_top_shape":0,"shape_name":"clouds-flat","shape_color":"#e5e5e5","shape_width":{"md":100,"sm":100,"xs":100},"shape_height":"","shape_flip":false,"shape_invert":false,"shape_to_front":false,"show_bottom_shape":0,"bottom_shape_name":"clouds-opacity","bottom_shape_color":"#e5e5e5","bottom_shape_width":{"md":100,"sm":100,"xs":100},"bottom_shape_height":"","bottom_shape_flip":false,"bottom_shape_invert":false,"bottom_shape_to_front":false,"hidden_xs":"","hidden_sm":"","hidden_md":"","animationduration":"300","animationdelay":"0","instFormId":1540892791782,"style_options":"heading"},"layout":"12","columns":[{"id":1591107343542,"class_name":"col-md-12","visibility":true,"settings":{"background_type":"none","background_gradient":{"color":"#00c6fb","color2":"#005bea","deg":"45","type":"linear"},"background_image":"","overlay_type":"overlay_color","gradient_overlay":{"color":"rgba(127, 0, 255, 0.8)","color2":"rgba(225, 0, 255, 0.7)","deg":"45","type":"linear"},"pattern_overlay":"","overlay_pattern_color":"","background_repeat":"no-repeat","background_size":"cover","background_attachment":"scroll","background_position":"0 0","items_align_center":0,"use_border":0,"border_width":"","border_radius":0,"boxshadow":"0 0 0 0 #fff","sm_col":"","xs_col":"","hidden_xs":"","hidden_sm":"","hidden_md":"","animationduration":"300","animationdelay":"0"},"addons":[{"id":1591107343543,"name":"heading","visibility":true,"settings":{"admin_label":"","title":"Flip Text Animation","heading_selector":"h2","use_link":0,"title_link":"","link_new_tab":"","title_fontsize":{"md":"22","sm":"","xs":""},"title_lineheight":"","title_letterspace":"3px","title_text_transform":"none","title_margin":{"md":"0px 0px 30px 0px","sm":"   ","xs":"   "},"title_padding":{"md":"0px 0px 0px 0px","sm":"   ","xs":"   "},"title_icon_position":"before","alignment":"sppb-text-center","title_text_shadow":"","class":"","global_background_type":"none","global_background_gradient":{"color":"#00c6fb","color2":"#005bea","deg":"45","type":"linear"},"global_use_overlay":0,"global_background_repeat":"no-repeat","global_background_size":"cover","global_background_attachment":"inherit","global_user_border":0,"global_border_width":"","global_border_radius":0,"global_margin":{"md":"0 0 0px 0","sm":"0 0 20px 0","xs":"0 0 10px 0"},"global_padding":{"md":"   ","sm":"   ","xs":"   "},"global_boxshadow":"0 0 0 0 #ffffff","global_use_animation":0,"global_animationduration":"300","global_animationdelay":"0","global_custom_css":"","use_global_width":"0","hidden_md":"0","hidden_sm":"0","hidden_xs":"0","acl":"","global_text_color":"#666666","instFormId":1540892791784,"title_font_style":{"weight":300},"title_font_family":"Abel","style_options":"heading"}},{"id":1591107343544,"name":"animated_heading","visibility":true,"settings":{"admin_label":"","heading_style":"text-animation","heading_before_part":"This animated","highlighted_text":"highlighted","highlighted_shape":"wave","shape_color":"","shape_width":"","shape_radius":0,"animated_text":"headline\nheader\nheading","text_animation_name":"flip","heading_after_part":"is fliping","heading_selector":"h2","style_options":"heading","heading_fontsize":{"md":"60","sm":"","xs":""},"heading_lineheight":"","heading_letterspace":"1px","heading_margin":{"md":"   ","sm":"   ","xs":"   "},"heading_padding":{"md":"   ","sm":"   ","xs":"   "},"animated_text_fontsize":{"md":"","sm":"","xs":""},"animated_text_letterspace":"","alignment":"sppb-text-center","class":"","global_background_type":"none","global_background_gradient":{"color":"#00c6fb","color2":"#005bea","deg":"45","type":"linear"},"global_use_overlay":0,"global_background_repeat":"no-repeat","global_background_size":"cover","global_background_attachment":"inherit","global_user_border":0,"global_border_width":"","global_border_radius":0,"global_margin":{"md":"0 0 0px 0","sm":"0 0 20px 0","xs":"0 0 10px 0"},"global_padding":{"md":"   ","sm":"   ","xs":"   "},"global_boxshadow":"0 0 0 0 #ffffff","global_use_animation":0,"global_animationduration":"300","global_animationdelay":"0","global_custom_css":"","use_global_width":"0","hidden_md":"0","hidden_sm":"0","hidden_xs":"0","acl":"","animated_text_color":"#407255","highlighted_text_font_family":"","animated_text_font_style":{"underline":false,"italic":false,"uppercase":false,"weight":200},"heading_font_style":{"underline":false,"uppercase":true,"weight":400},"instFormId":1540892791785,"heading_color":"#313131","heading_font_family":"Fjalla One"}}]}]},{"id":1591107343509,"visibility":true,"collapse":false,"settings":{"admin_label":"Animated Text 5","title":"","heading_selector":"h3","title_fontsize":"","title_fontweight":"","title_position":"sppb-text-center","columns_align_center":0,"fullscreen":0,"no_gutter":0,"padding":{"md":"220px 0px 220px 0px","sm":"   ","xs":"   "},"margin":{"md":"0px 0px 0px 0px","sm":"   ","xs":"   "},"background_type":"image","background_gradient":{"color":"#00c6fb","color2":"#005bea","deg":"45","type":"linear"},"background_image":"https://sppagebuilder.com/sample-data/images/2018/10/30/bitmap4.jpg","background_parallax":0,"background_repeat":"no-repeat","background_size":"cover","background_attachment":"scroll","background_position":"50% 50%","external_background_video":"0","video_loop":false,"overlay_type":"overlay_color","gradient_overlay":{"color":"rgba(127, 0, 255, 0.8)","color2":"rgba(225, 0, 255, 0.7)","deg":"45","type":"linear"},"pattern_overlay":"","overlay_pattern_color":"","show_top_shape":0,"shape_name":"clouds-flat","shape_color":"#e5e5e5","shape_width":{"md":100,"sm":100,"xs":100},"shape_height":"","shape_flip":false,"shape_invert":false,"shape_to_front":false,"show_bottom_shape":0,"bottom_shape_name":"clouds-opacity","bottom_shape_color":"#e5e5e5","bottom_shape_width":{"md":100,"sm":100,"xs":100},"bottom_shape_height":"","bottom_shape_flip":false,"bottom_shape_invert":false,"bottom_shape_to_front":false,"hidden_xs":"","hidden_sm":"","hidden_md":"","animationduration":"300","animationdelay":"0","instFormId":1540892791834,"style_options":"heading"},"layout":"12","columns":[{"id":1591107343546,"class_name":"col-md-12","visibility":true,"settings":{"background_type":"none","background_gradient":{"color":"#00c6fb","color2":"#005bea","deg":"45","type":"linear"},"background_image":"","overlay_type":"overlay_color","gradient_overlay":{"color":"rgba(127, 0, 255, 0.8)","color2":"rgba(225, 0, 255, 0.7)","deg":"45","type":"linear"},"pattern_overlay":"","overlay_pattern_color":"","background_repeat":"no-repeat","background_size":"cover","background_attachment":"scroll","background_position":"0 0","items_align_center":0,"use_border":0,"border_width":"","border_radius":0,"boxshadow":"0 0 0 0 #fff","sm_col":"","xs_col":"","hidden_xs":"","hidden_sm":"","hidden_md":"","animationduration":"300","animationdelay":"0"},"addons":[{"id":1591107343547,"name":"heading","visibility":true,"settings":{"admin_label":"","title":"Fade In Text Animation","heading_selector":"h2","use_link":0,"title_link":"","link_new_tab":"","title_fontsize":{"md":"22","sm":"","xs":""},"title_lineheight":"","title_letterspace":"3px","title_text_transform":"none","title_margin":{"md":"0px 0px 30px 0px","sm":"   ","xs":"   "},"title_padding":{"md":"0px 0px 0px 0px","sm":"   ","xs":"   "},"title_icon_position":"before","alignment":"sppb-text-center","title_text_shadow":"","class":"","global_background_type":"none","global_background_gradient":{"color":"#00c6fb","color2":"#005bea","deg":"45","type":"linear"},"global_use_overlay":0,"global_background_repeat":"no-repeat","global_background_size":"cover","global_background_attachment":"inherit","global_user_border":0,"global_border_width":"","global_border_radius":0,"global_margin":{"md":"0 0 0px 0","sm":"0 0 20px 0","xs":"0 0 10px 0"},"global_padding":{"md":"   ","sm":"   ","xs":"   "},"global_boxshadow":"0 0 0 0 #ffffff","global_use_animation":0,"global_animationduration":"300","global_animationdelay":"0","global_custom_css":"","use_global_width":"0","hidden_md":"0","hidden_sm":"0","hidden_xs":"0","acl":"","global_text_color":"#666666","instFormId":1540892791836,"title_font_style":{"weight":300},"title_font_family":"Space Mono","style_options":"heading"}},{"id":1591107343548,"name":"animated_heading","visibility":true,"settings":{"admin_label":"","heading_style":"text-animation","heading_before_part":"This animated","highlighted_text":"highlighted","highlighted_shape":"wave","shape_color":"","shape_width":"","shape_radius":0,"animated_text":"headline\nheader\nheading","text_animation_name":"fade-in","heading_after_part":"is fading","heading_selector":"h2","style_options":"heading","heading_fontsize":{"md":"60","sm":"","xs":""},"heading_lineheight":"","heading_letterspace":"1px","heading_margin":{"md":"   ","sm":"   ","xs":"   "},"heading_padding":{"md":"   ","sm":"   ","xs":"   "},"animated_text_fontsize":{"md":"","sm":"","xs":""},"animated_text_letterspace":"","alignment":"sppb-text-center","class":"","global_background_type":"none","global_background_gradient":{"color":"#00c6fb","color2":"#005bea","deg":"45","type":"linear"},"global_use_overlay":0,"global_background_repeat":"no-repeat","global_background_size":"cover","global_background_attachment":"inherit","global_user_border":0,"global_border_width":"","global_border_radius":0,"global_margin":{"md":"0 0 0px 0","sm":"0 0 20px 0","xs":"0 0 10px 0"},"global_padding":{"md":"   ","sm":"   ","xs":"   "},"global_boxshadow":"0 0 0 0 #ffffff","global_use_animation":0,"global_animationduration":"300","global_animationdelay":"0","global_custom_css":"","use_global_width":"0","hidden_md":"0","hidden_sm":"0","hidden_xs":"0","acl":"","animated_text_color":"#007aef","highlighted_text_font_family":"","animated_text_font_style":{"underline":false,"italic":false,"uppercase":false,"weight":200},"heading_font_style":{"underline":false,"uppercase":true,"weight":300},"instFormId":1540892791837,"heading_color":"#313131","heading_font_family":"Nunito"}}]}]},{"id":1591107343510,"visibility":true,"collapse":false,"settings":{"admin_label":"Animated Text 6","title":"","heading_selector":"h3","title_fontsize":"","title_fontweight":"","title_position":"sppb-text-center","columns_align_center":0,"fullscreen":0,"no_gutter":0,"padding":{"md":"220px 0px 220px 0px","sm":"   ","xs":"   "},"margin":{"md":"0px 0px 0px 0px","sm":"   ","xs":"   "},"background_type":"image","background_gradient":{"color":"#00c6fb","color2":"#005bea","deg":"45","type":"linear"},"background_image":"https://sppagebuilder.com/sample-data/images/2018/10/30/bitmap5.jpg","background_parallax":0,"background_repeat":"no-repeat","background_size":"cover","background_attachment":"scroll","background_position":"50% 50%","external_background_video":"0","video_loop":false,"overlay_type":"overlay_color","gradient_overlay":{"color":"rgba(127, 0, 255, 0.8)","color2":"rgba(225, 0, 255, 0.7)","deg":"45","type":"linear"},"pattern_overlay":"","overlay_pattern_color":"","show_top_shape":0,"shape_name":"clouds-flat","shape_color":"#e5e5e5","shape_width":{"md":100,"sm":100,"xs":100},"shape_height":"","shape_flip":false,"shape_invert":false,"shape_to_front":false,"show_bottom_shape":0,"bottom_shape_name":"clouds-opacity","bottom_shape_color":"#e5e5e5","bottom_shape_width":{"md":100,"sm":100,"xs":100},"bottom_shape_height":"","bottom_shape_flip":false,"bottom_shape_invert":false,"bottom_shape_to_front":false,"hidden_xs":"","hidden_sm":"","hidden_md":"","animationduration":"300","animationdelay":"0","instFormId":1540892791970,"style_options":"heading"},"layout":"12","columns":[{"id":1591107343550,"class_name":"col-md-12","visibility":true,"settings":{"background_type":"none","background_gradient":{"color":"#00c6fb","color2":"#005bea","deg":"45","type":"linear"},"background_image":"","overlay_type":"overlay_color","gradient_overlay":{"color":"rgba(127, 0, 255, 0.8)","color2":"rgba(225, 0, 255, 0.7)","deg":"45","type":"linear"},"pattern_overlay":"","overlay_pattern_color":"","background_repeat":"no-repeat","background_size":"cover","background_attachment":"scroll","background_position":"0 0","items_align_center":0,"use_border":0,"border_width":"","border_radius":0,"boxshadow":"0 0 0 0 #fff","sm_col":"","xs_col":"","hidden_xs":"","hidden_sm":"","hidden_md":"","animationduration":"300","animationdelay":"0"},"addons":[{"id":1591107343551,"name":"heading","visibility":true,"settings":{"admin_label":"","title":"Loading Text Animation","heading_selector":"h2","use_link":0,"title_link":"","link_new_tab":"","title_fontsize":{"md":"22","sm":"","xs":""},"title_lineheight":"","title_letterspace":"3px","title_text_transform":"none","title_margin":{"md":"0px 0px 30px 0px","sm":"   ","xs":"   "},"title_padding":{"md":"0px 0px 0px 0px","sm":"   ","xs":"   "},"title_icon_position":"before","alignment":"sppb-text-center","title_text_shadow":"","class":"","global_background_type":"none","global_background_gradient":{"color":"#00c6fb","color2":"#005bea","deg":"45","type":"linear"},"global_use_overlay":0,"global_background_repeat":"no-repeat","global_background_size":"cover","global_background_attachment":"inherit","global_user_border":0,"global_border_width":"","global_border_radius":0,"global_margin":{"md":"0 0 0px 0","sm":"0 0 20px 0","xs":"0 0 10px 0"},"global_padding":{"md":"   ","sm":"   ","xs":"   "},"global_boxshadow":"0 0 0 0 #ffffff","global_use_animation":0,"global_animationduration":"300","global_animationdelay":"0","global_custom_css":"","use_global_width":"0","hidden_md":"0","hidden_sm":"0","hidden_xs":"0","acl":"","global_text_color":"#9b9b9b","instFormId":1540892791972,"title_font_style":{"weight":300},"title_font_family":"Raleway","style_options":"heading"}},{"id":1591107343552,"name":"animated_heading","visibility":true,"settings":{"admin_label":"","heading_style":"text-animation","heading_before_part":"This animated","highlighted_text":"highlighted","highlighted_shape":"wave","shape_color":"","shape_width":"","shape_radius":0,"animated_text":"headline\nheader\nheading","text_animation_name":"loading-bar","heading_after_part":"is loading","heading_selector":"h2","style_options":"heading","heading_fontsize":{"md":"52","sm":"","xs":""},"heading_lineheight":"","heading_letterspace":"0px","heading_margin":{"md":"   ","sm":"   ","xs":"   "},"heading_padding":{"md":"   ","sm":"   ","xs":"   "},"animated_text_fontsize":{"md":"","sm":"","xs":""},"animated_text_letterspace":"","alignment":"sppb-text-center","class":"","global_background_type":"none","global_background_gradient":{"color":"#00c6fb","color2":"#005bea","deg":"45","type":"linear"},"global_use_overlay":0,"global_background_repeat":"no-repeat","global_background_size":"cover","global_background_attachment":"inherit","global_user_border":0,"global_border_width":"","global_border_radius":0,"global_margin":{"md":"0 0 0px 0","sm":"0 0 20px 0","xs":"0 0 10px 0"},"global_padding":{"md":"   ","sm":"   ","xs":"   "},"global_boxshadow":"0 0 0 0 #ffffff","global_use_animation":0,"global_animationduration":"300","global_animationdelay":"0","global_custom_css":"","use_global_width":"0","hidden_md":"0","hidden_sm":"0","hidden_xs":"0","acl":"","animated_text_color":"","highlighted_text_font_family":"","animated_text_font_style":{"underline":false,"italic":false,"uppercase":false,"weight":200},"heading_font_style":{"underline":false,"uppercase":true,"weight":200},"instFormId":1540892791973,"heading_color":"#313131","heading_font_family":"Raleway"}}]}]},{"id":1591107343511,"visibility":true,"collapse":false,"settings":{"admin_label":"Animated Text 7","title":"","heading_selector":"h3","title_fontsize":"","title_fontweight":"","title_position":"sppb-text-center","columns_align_center":0,"fullscreen":0,"no_gutter":0,"padding":{"md":"220px 0px 220px 0px","sm":"   ","xs":"   "},"margin":{"md":"0px 0px 0px 0px","sm":"   ","xs":"   "},"background_type":"image","background_gradient":{"color":"#00c6fb","color2":"#005bea","deg":"45","type":"linear"},"background_image":"https://sppagebuilder.com/sample-data/images/2018/10/30/bitmap6.jpg","background_parallax":0,"background_repeat":"no-repeat","background_size":"cover","background_attachment":"scroll","background_position":"50% 50%","external_background_video":"0","video_loop":false,"overlay_type":"overlay_color","gradient_overlay":{"color":"rgba(127, 0, 255, 0.8)","color2":"rgba(225, 0, 255, 0.7)","deg":"45","type":"linear"},"pattern_overlay":"","overlay_pattern_color":"","show_top_shape":0,"shape_name":"clouds-flat","shape_color":"#e5e5e5","shape_width":{"md":100,"sm":100,"xs":100},"shape_height":"","shape_flip":false,"shape_invert":false,"shape_to_front":false,"show_bottom_shape":0,"bottom_shape_name":"clouds-opacity","bottom_shape_color":"#e5e5e5","bottom_shape_width":{"md":100,"sm":100,"xs":100},"bottom_shape_height":"","bottom_shape_flip":false,"bottom_shape_invert":false,"bottom_shape_to_front":false,"hidden_xs":"","hidden_sm":"","hidden_md":"","animationduration":"300","animationdelay":"0","instFormId":1540892792086,"style_options":"heading"},"layout":"12","columns":[{"id":1591107343554,"class_name":"col-md-12","visibility":true,"settings":{"background_type":"none","background_gradient":{"color":"#00c6fb","color2":"#005bea","deg":"45","type":"linear"},"background_image":"","overlay_type":"overlay_color","gradient_overlay":{"color":"rgba(127, 0, 255, 0.8)","color2":"rgba(225, 0, 255, 0.7)","deg":"45","type":"linear"},"pattern_overlay":"","overlay_pattern_color":"","background_repeat":"no-repeat","background_size":"cover","background_attachment":"scroll","background_position":"0 0","items_align_center":0,"use_border":0,"border_width":"","border_radius":0,"boxshadow":"0 0 0 0 #fff","sm_col":"","xs_col":"","hidden_xs":"","hidden_sm":"","hidden_md":"","animationduration":"300","animationdelay":"0"},"addons":[{"id":1591107343555,"name":"heading","visibility":true,"settings":{"admin_label":"","title":"Scale Text Animation","heading_selector":"h2","use_link":0,"title_link":"","link_new_tab":"","title_fontsize":{"md":"22","sm":"","xs":""},"title_lineheight":"","title_letterspace":"3px","title_text_transform":"none","title_margin":{"md":"0px 0px 30px 0px","sm":"   ","xs":"   "},"title_padding":{"md":"0px 0px 0px 0px","sm":"   ","xs":"   "},"title_icon_position":"before","alignment":"sppb-text-center","title_text_shadow":"","class":"","global_background_type":"none","global_background_gradient":{"color":"#00c6fb","color2":"#005bea","deg":"45","type":"linear"},"global_use_overlay":0,"global_background_repeat":"no-repeat","global_background_size":"cover","global_background_attachment":"inherit","global_user_border":0,"global_border_width":"","global_border_radius":0,"global_margin":{"md":"0 0 0px 0","sm":"0 0 20px 0","xs":"0 0 10px 0"},"global_padding":{"md":"   ","sm":"   ","xs":"   "},"global_boxshadow":"0 0 0 0 #ffffff","global_use_animation":0,"global_animationduration":"300","global_animationdelay":"0","global_custom_css":"","use_global_width":"0","hidden_md":"0","hidden_sm":"0","hidden_xs":"0","acl":"","global_text_color":"#ffffff","instFormId":1540892792088,"title_font_style":{"weight":300},"title_font_family":"Abel","style_options":"heading"}},{"id":1591107343556,"name":"animated_heading","visibility":true,"settings":{"admin_label":"","heading_style":"text-animation","heading_before_part":"This animated","highlighted_text":"highlighted","highlighted_shape":"wave","shape_color":"","shape_width":"","shape_radius":0,"animated_text":"headline\nheader\nheading","text_animation_name":"scale","heading_after_part":"is scaling","heading_selector":"h2","style_options":"heading","heading_fontsize":{"md":"72","sm":"","xs":""},"heading_lineheight":"","heading_letterspace":"1px","heading_margin":{"md":"   ","sm":"   ","xs":"   "},"heading_padding":{"md":"   ","sm":"   ","xs":"   "},"animated_text_fontsize":{"md":"","sm":"","xs":""},"animated_text_letterspace":"","alignment":"sppb-text-center","class":"","global_background_type":"none","global_background_gradient":{"color":"#00c6fb","color2":"#005bea","deg":"45","type":"linear"},"global_use_overlay":0,"global_background_repeat":"no-repeat","global_background_size":"cover","global_background_attachment":"inherit","global_user_border":0,"global_border_width":"","global_border_radius":0,"global_margin":{"md":"0 0 0px 0","sm":"0 0 20px 0","xs":"0 0 10px 0"},"global_padding":{"md":"   ","sm":"   ","xs":"   "},"global_boxshadow":"0 0 0 0 #ffffff","global_use_animation":0,"global_animationduration":"300","global_animationdelay":"0","global_custom_css":"","use_global_width":"0","hidden_md":"0","hidden_sm":"0","hidden_xs":"0","acl":"","animated_text_color":"#fff857","highlighted_text_font_family":"","animated_text_font_style":{"underline":false,"italic":false,"uppercase":false,"weight":200},"heading_font_style":{"underline":false,"uppercase":true,"weight":200},"instFormId":1540892792089,"heading_color":"#ffffff","heading_font_family":"Oswald"}}]}]},{"id":1591107343512,"visibility":true,"collapse":false,"settings":{"admin_label":"Animated Text 8","title":"","heading_selector":"h3","title_fontsize":"","title_fontweight":"","title_position":"sppb-text-center","columns_align_center":0,"fullscreen":1,"no_gutter":0,"padding":{"md":"220px 0px 220px 0px","sm":"   ","xs":"   "},"margin":{"md":"0px 0px 0px 0px","sm":"   ","xs":"   "},"background_type":"image","background_gradient":{"color":"#00c6fb","color2":"#005bea","deg":"45","type":"linear"},"background_image":"https://sppagebuilder.com/sample-data/images/2018/10/30/bitmap7.jpg","background_parallax":0,"background_repeat":"no-repeat","background_size":"cover","background_attachment":"scroll","background_position":"50% 50%","external_background_video":"0","video_loop":false,"overlay_type":"overlay_color","gradient_overlay":{"color":"rgba(127, 0, 255, 0.8)","color2":"rgba(225, 0, 255, 0.7)","deg":"45","type":"linear"},"pattern_overlay":"","overlay_pattern_color":"","show_top_shape":0,"shape_name":"clouds-flat","shape_color":"#e5e5e5","shape_width":{"md":100,"sm":100,"xs":100},"shape_height":"","shape_flip":false,"shape_invert":false,"shape_to_front":false,"show_bottom_shape":0,"bottom_shape_name":"clouds-opacity","bottom_shape_color":"#e5e5e5","bottom_shape_width":{"md":100,"sm":100,"xs":100},"bottom_shape_height":"","bottom_shape_flip":false,"bottom_shape_invert":false,"bottom_shape_to_front":false,"hidden_xs":"","hidden_sm":"","hidden_md":"","animationduration":"300","animationdelay":"0","instFormId":1540892792174,"style_options":"heading"},"layout":"12","columns":[{"id":1591107343558,"class_name":"col-md-12","visibility":true,"settings":{"background_type":"none","background_gradient":{"color":"#00c6fb","color2":"#005bea","deg":"45","type":"linear"},"background_image":"","overlay_type":"overlay_color","gradient_overlay":{"color":"rgba(127, 0, 255, 0.8)","color2":"rgba(225, 0, 255, 0.7)","deg":"45","type":"linear"},"pattern_overlay":"","overlay_pattern_color":"","background_repeat":"no-repeat","background_size":"cover","background_attachment":"scroll","background_position":"0 0","items_align_center":0,"use_border":0,"border_width":"","border_radius":0,"boxshadow":"0 0 0 0 #fff","sm_col":"","xs_col":"","hidden_xs":"","hidden_sm":"","hidden_md":"","animationduration":"300","animationdelay":"0"},"addons":[{"id":1591107343559,"name":"heading","visibility":true,"settings":{"admin_label":"","title":"Swirl Text Animation","heading_selector":"h2","use_link":0,"title_link":"","link_new_tab":"","title_fontsize":{"md":"22","sm":"","xs":""},"title_lineheight":"","title_letterspace":"3px","title_text_transform":"none","title_margin":{"md":"0px 0px 30px 0px","sm":"   ","xs":"   "},"title_padding":{"md":"0px 0px 0px 0px","sm":"   ","xs":"   "},"title_icon_position":"before","alignment":"sppb-text-center","title_text_shadow":"","class":"","global_background_type":"none","global_background_gradient":{"color":"#00c6fb","color2":"#005bea","deg":"45","type":"linear"},"global_use_overlay":0,"global_background_repeat":"no-repeat","global_background_size":"cover","global_background_attachment":"inherit","global_user_border":0,"global_border_width":"","global_border_radius":0,"global_margin":{"md":"0 0 0px 0","sm":"0 0 20px 0","xs":"0 0 10px 0"},"global_padding":{"md":"   ","sm":"   ","xs":"   "},"global_boxshadow":"0 0 0 0 #ffffff","global_use_animation":0,"global_animationduration":"300","global_animationdelay":"0","global_custom_css":"","use_global_width":"0","hidden_md":"0","hidden_sm":"0","hidden_xs":"0","acl":"","global_text_color":"#666666","instFormId":1540892792176,"title_font_style":{"weight":300},"title_font_family":"Abel","style_options":"heading"}},{"id":1591107343560,"name":"animated_heading","visibility":true,"settings":{"admin_label":"","heading_style":"text-animation","heading_before_part":"This animated","highlighted_text":"highlighted","highlighted_shape":"wave","shape_color":"","shape_width":"","shape_radius":0,"animated_text":"headline\nheader\nheading","text_animation_name":"slide","heading_after_part":"is swirling","heading_selector":"h2","style_options":"animated","heading_fontsize":{"md":"102","sm":"","xs":""},"heading_lineheight":"","heading_letterspace":"1px","heading_margin":{"md":"   ","sm":"   ","xs":"   "},"heading_padding":{"md":"   ","sm":"   ","xs":"   "},"animated_text_fontsize":{"md":"","sm":"","xs":""},"animated_text_letterspace":"","alignment":"sppb-text-center","class":"","global_background_type":"none","global_background_gradient":{"color":"#00c6fb","color2":"#005bea","deg":"45","type":"linear"},"global_use_overlay":0,"global_background_repeat":"no-repeat","global_background_size":"cover","global_background_attachment":"inherit","global_user_border":0,"global_border_width":"","global_border_radius":0,"global_margin":{"md":"0 0 0px 0","sm":"0 0 20px 0","xs":"0 0 10px 0"},"global_padding":{"md":"   ","sm":"   ","xs":"   "},"global_boxshadow":"0 0 0 0 #ffffff","global_use_animation":0,"global_animationduration":"300","global_animationdelay":"0","global_custom_css":"","use_global_width":"0","hidden_md":"0","hidden_sm":"0","hidden_xs":"0","acl":"","animated_text_color":"#348102","highlighted_text_font_family":"","animated_text_font_style":{"underline":false,"italic":false,"uppercase":false,"weight":200},"heading_font_style":{"underline":false,"uppercase":true,"weight":200},"instFormId":1540892792177,"heading_color":"#353535","heading_font_family":"Amatic SC"}}]}]},{"id":1591107343513,"visibility":true,"collapse":false,"settings":{"admin_label":"Animated Text 9","title":"","heading_selector":"h3","title_fontsize":"","title_fontweight":"","title_position":"sppb-text-center","columns_align_center":0,"fullscreen":1,"no_gutter":0,"padding":{"md":"200px 0px 250px 0px","sm":"   ","xs":"   "},"margin":{"md":"0px 0px 0px 0px","sm":"   ","xs":"   "},"background_type":"image","background_gradient":{"color":"#00c6fb","color2":"#005bea","deg":"45","type":"linear"},"background_image":"https://sppagebuilder.com/sample-data/images/2018/10/30/bitmap8.jpg","background_parallax":0,"background_repeat":"no-repeat","background_size":"cover","background_attachment":"scroll","background_position":"50% 50%","external_background_video":"0","video_loop":false,"overlay_type":"overlay_color","gradient_overlay":{"color":"rgba(127, 0, 255, 0.8)","color2":"rgba(225, 0, 255, 0.7)","deg":"45","type":"linear"},"pattern_overlay":"","overlay_pattern_color":"","show_top_shape":0,"shape_name":"clouds-flat","shape_color":"#e5e5e5","shape_width":{"md":100,"sm":100,"xs":100},"shape_height":"","shape_flip":false,"shape_invert":false,"shape_to_front":false,"show_bottom_shape":0,"bottom_shape_name":"clouds-opacity","bottom_shape_color":"#e5e5e5","bottom_shape_width":{"md":100,"sm":100,"xs":100},"bottom_shape_height":"","bottom_shape_flip":false,"bottom_shape_invert":false,"bottom_shape_to_front":false,"hidden_xs":0,"hidden_sm":0,"hidden_md":0,"animationduration":"300","animationdelay":"0","instFormId":1540892792256,"style_options":"heading"},"layout":"12","columns":[{"id":1591107343562,"class_name":"col-md-12","visibility":true,"settings":{"background_type":"none","background_gradient":{"color":"#00c6fb","color2":"#005bea","deg":"45","type":"linear"},"background_image":"","overlay_type":"overlay_color","gradient_overlay":{"color":"rgba(127, 0, 255, 0.8)","color2":"rgba(225, 0, 255, 0.7)","deg":"45","type":"linear"},"pattern_overlay":"","overlay_pattern_color":"","background_repeat":"no-repeat","background_size":"cover","background_attachment":"scroll","background_position":"0 0","items_align_center":0,"use_border":0,"border_width":"","border_radius":0,"boxshadow":"0 0 0 0 #fff","sm_col":"","xs_col":"","hidden_xs":"","hidden_sm":"","hidden_md":"","animationduration":"300","animationdelay":"0"},"addons":[{"id":1591107343563,"name":"heading","visibility":true,"settings":{"admin_label":"","title":"Push Text Animation","heading_selector":"h2","use_link":0,"title_link":"","link_new_tab":"","title_fontsize":{"md":"22","sm":"","xs":""},"title_lineheight":"","title_letterspace":"3px","title_text_transform":"none","title_margin":{"md":"0px 0px 30px 0px","sm":"   ","xs":"   "},"title_padding":{"md":"0px 0px 0px 0px","sm":"   ","xs":"   "},"title_icon_position":"before","alignment":"sppb-text-center","title_text_shadow":"","class":"","global_background_type":"none","global_background_gradient":{"color":"#00c6fb","color2":"#005bea","deg":"45","type":"linear"},"global_use_overlay":0,"global_background_repeat":"no-repeat","global_background_size":"cover","global_background_attachment":"inherit","global_user_border":0,"global_border_width":"","global_border_radius":0,"global_margin":{"md":"0 0 0px 0","sm":"0 0 20px 0","xs":"0 0 10px 0"},"global_padding":{"md":"   ","sm":"   ","xs":"   "},"global_boxshadow":"0 0 0 0 #ffffff","global_use_animation":0,"global_animationduration":"300","global_animationdelay":"0","global_custom_css":"","use_global_width":"0","hidden_md":"0","hidden_sm":"0","hidden_xs":"0","acl":"","global_text_color":"#666666","instFormId":1540892792258,"title_font_style":{"weight":300},"title_font_family":"Abel","style_options":"heading"}},{"id":1591107343564,"name":"animated_heading","visibility":true,"settings":{"admin_label":"","heading_style":"text-animation","heading_before_part":"This animated","highlighted_text":"highlighted","highlighted_shape":"wave","shape_color":"","shape_width":"","shape_radius":0,"animated_text":"headline\nheader\nheading","text_animation_name":"push","heading_after_part":"is pushing","heading_selector":"h2","style_options":"heading","heading_fontsize":{"md":"78","sm":"","xs":""},"heading_lineheight":"","heading_letterspace":"1px","heading_margin":{"md":"   ","sm":"   ","xs":"   "},"heading_padding":{"md":"   ","sm":"   ","xs":"   "},"animated_text_fontsize":{"md":"","sm":"","xs":""},"animated_text_letterspace":"","alignment":"sppb-text-center","class":"","global_background_type":"none","global_background_gradient":{"color":"#00c6fb","color2":"#005bea","deg":"45","type":"linear"},"global_use_overlay":0,"global_background_repeat":"no-repeat","global_background_size":"cover","global_background_attachment":"inherit","global_user_border":0,"global_border_width":"","global_border_radius":0,"global_margin":{"md":"0 0 80px 0","sm":"0 0 20px 0","xs":"0 0 10px 0"},"global_padding":{"md":"   ","sm":"   ","xs":"   "},"global_boxshadow":"0 0 0 0 #ffffff","global_use_animation":0,"global_animationduration":"300","global_animationdelay":"0","global_custom_css":"","use_global_width":"0","hidden_md":"0","hidden_sm":"0","hidden_xs":"0","acl":"","animated_text_color":"#dd4e3c","highlighted_text_font_family":"","animated_text_font_style":{"underline":false,"italic":false,"uppercase":false,"weight":400},"heading_font_style":{"underline":false,"uppercase":true,"weight":400},"instFormId":1540892792259,"heading_color":"#353535","heading_font_family":"Oswald"}}]}]},{"id":1591107343514,"visibility":true,"collapse":false,"settings":{"admin_label":"Animated Text 10","title":"","heading_selector":"h3","title_fontsize":"","title_fontweight":"","title_position":"sppb-text-center","columns_align_center":0,"fullscreen":1,"no_gutter":0,"padding":{"md":"220px 0px 220px 0px","sm":"   ","xs":"   "},"margin":{"md":"0px 0px 0px 0px","sm":"   ","xs":"   "},"background_type":"image","background_gradient":{"color":"#00c6fb","color2":"#005bea","deg":"45","type":"linear"},"background_image":"https://sppagebuilder.com/sample-data/images/2018/10/30/bitmap9.jpg","background_parallax":0,"background_repeat":"no-repeat","background_size":"cover","background_attachment":"scroll","background_position":"50% 50%","external_background_video":"0","video_loop":false,"overlay_type":"overlay_color","gradient_overlay":{"color":"rgba(127, 0, 255, 0.8)","color2":"rgba(225, 0, 255, 0.7)","deg":"45","type":"linear"},"pattern_overlay":"","overlay_pattern_color":"","show_top_shape":0,"shape_name":"clouds-flat","shape_color":"#e5e5e5","shape_width":{"md":100,"sm":100,"xs":100},"shape_height":"","shape_flip":false,"shape_invert":false,"shape_to_front":false,"show_bottom_shape":0,"bottom_shape_name":"clouds-opacity","bottom_shape_color":"#e5e5e5","bottom_shape_width":{"md":100,"sm":100,"xs":100},"bottom_shape_height":"","bottom_shape_flip":false,"bottom_shape_invert":false,"bottom_shape_to_front":false,"hidden_xs":0,"hidden_sm":0,"hidden_md":0,"animationduration":"300","animationdelay":"0","instFormId":1540892792354,"style_options":"heading"},"layout":"12","columns":[{"id":1591107343566,"class_name":"col-md-12","visibility":true,"settings":{"background_type":"none","background_gradient":{"color":"#00c6fb","color2":"#005bea","deg":"45","type":"linear"},"background_image":"","overlay_type":"overlay_color","gradient_overlay":{"color":"rgba(127, 0, 255, 0.8)","color2":"rgba(225, 0, 255, 0.7)","deg":"45","type":"linear"},"pattern_overlay":"","overlay_pattern_color":"","background_repeat":"no-repeat","background_size":"cover","background_attachment":"scroll","background_position":"0 0","items_align_center":0,"use_border":0,"border_width":"","border_radius":0,"boxshadow":"0 0 0 0 #fff","sm_col":"","xs_col":"","hidden_xs":"","hidden_sm":"","hidden_md":"","animationduration":"300","animationdelay":"0"},"addons":[{"id":1591107343567,"name":"heading","visibility":true,"settings":{"admin_label":"","title":"Twist Text Animation","heading_selector":"h2","use_link":0,"title_link":"","link_new_tab":"","title_fontsize":{"md":"22","sm":"","xs":""},"title_lineheight":"","title_letterspace":"3px","title_text_transform":"none","title_margin":{"md":"0px 0px 30px 0px","sm":"   ","xs":"   "},"title_padding":{"md":"0px 0px 0px 0px","sm":"   ","xs":"   "},"title_icon_position":"before","alignment":"sppb-text-center","title_text_shadow":"","class":"","global_background_type":"none","global_background_gradient":{"color":"#00c6fb","color2":"#005bea","deg":"45","type":"linear"},"global_use_overlay":0,"global_background_repeat":"no-repeat","global_background_size":"cover","global_background_attachment":"inherit","global_user_border":0,"global_border_width":"","global_border_radius":0,"global_margin":{"md":"0 0 0px 0","sm":"0 0 20px 0","xs":"0 0 10px 0"},"global_padding":{"md":"   ","sm":"   ","xs":"   "},"global_boxshadow":"0 0 0 0 #ffffff","global_use_animation":0,"global_animationduration":"300","global_animationdelay":"0","global_custom_css":"","use_global_width":"0","hidden_md":"0","hidden_sm":"0","hidden_xs":"0","acl":"","global_text_color":"#ffffff","instFormId":1540892792356,"title_font_style":{"weight":300},"title_font_family":"Abel","style_options":"heading"}},{"id":1591107343568,"name":"animated_heading","visibility":true,"settings":{"admin_label":"","heading_style":"text-animation","heading_before_part":"This animated","highlighted_text":"highlighted","highlighted_shape":"wave","shape_color":"","shape_width":"","shape_radius":0,"animated_text":"headline\nheader\nheading","text_animation_name":"wave","heading_after_part":"is Twisting","heading_selector":"h2","style_options":"heading","heading_fontsize":{"md":"72","sm":"","xs":""},"heading_lineheight":"","heading_letterspace":"1px","heading_margin":{"md":"   ","sm":"   ","xs":"   "},"heading_padding":{"md":"   ","sm":"   ","xs":"   "},"animated_text_fontsize":{"md":"","sm":"","xs":""},"animated_text_letterspace":"","alignment":"sppb-text-center","class":"","global_background_type":"none","global_background_gradient":{"color":"#00c6fb","color2":"#005bea","deg":"45","type":"linear"},"global_use_overlay":0,"global_background_repeat":"no-repeat","global_background_size":"cover","global_background_attachment":"inherit","global_user_border":0,"global_border_width":"","global_border_radius":0,"global_margin":{"md":"0 0 0px 0","sm":"0 0 20px 0","xs":"0 0 10px 0"},"global_padding":{"md":"   ","sm":"   ","xs":"   "},"global_boxshadow":"0 0 0 0 #ffffff","global_use_animation":0,"global_animationduration":"300","global_animationdelay":"0","global_custom_css":"","use_global_width":"0","hidden_md":"0","hidden_sm":"0","hidden_xs":"0","acl":"","animated_text_color":"#cb008f","highlighted_text_font_family":"","animated_text_font_style":{"underline":false,"italic":false,"uppercase":false,"weight":300},"heading_font_style":{"underline":false,"uppercase":true,"weight":300},"instFormId":1540892792357,"heading_color":"#ffffff","heading_font_family":"Rubik"}}]}]}]