[{"id":1591135099070,"visibility":true,"collapse":false,"settings":{"admin_label":"Blend Mode 1","title":"","heading_selector":"h3","title_fontsize":"","title_fontweight":"","title_position":"sppb-text-center","columns_align_center":0,"fullscreen":0,"no_gutter":0,"padding":{"md":"230px 0px 230px 0px","sm":"   ","xs":"   "},"margin":{"md":"0px 0px 0px 0px","sm":"   ","xs":"   "},"background_type":"image","background_gradient":{"color":"#00c6fb","color2":"#005bea","deg":"45","type":"linear"},"background_image":"https://sppagebuilder.com/sample-data/images/2019/01/02/blend1.jpg","background_parallax":0,"background_repeat":"no-repeat","background_size":"cover","background_attachment":"scroll","background_position":"50% 50%","external_background_video":"0","video_loop":1,"overlay_type":"overlay_gradient","gradient_overlay":{"color":"#ff002f","color2":"#302a52","deg":"120","type":"linear","pos":"46","pos2":"68"},"pattern_overlay":"","overlay_pattern_color":"","blend_mode":"multiply","show_top_shape":0,"shape_name":"clouds-flat","shape_color":"#e5e5e5","shape_width":{"md":100,"sm":100,"xs":100},"shape_height":"","shape_flip":false,"shape_invert":false,"shape_to_front":false,"show_bottom_shape":0,"bottom_shape_name":"clouds-opacity","bottom_shape_color":"#e5e5e5","bottom_shape_width":{"md":100,"sm":100,"xs":100},"bottom_shape_height":"","bottom_shape_flip":false,"bottom_shape_invert":false,"bottom_shape_to_front":false,"hidden_xs":"","hidden_sm":"","hidden_md":"","animationduration":"300","animationdelay":"0","instFormId":1546405633994},"layout":"6,6","columns":[{"id":1591135099095,"class_name":"col-md-6","visibility":true,"settings":{"background_type":"none","background_gradient":{"color":"#00c6fb","color2":"#005bea","deg":"45","type":"linear"},"background_image":"","background_repeat":"no-repeat","background_size":"cover","background_attachment":"scroll","background_position":"0 0","overlay_type":"overlay_color","gradient_overlay":{"color":"rgba(127, 0, 255, 0.8)","color2":"rgba(225, 0, 255, 0.7)","deg":"45","type":"linear"},"pattern_overlay":"","overlay_pattern_color":"","blend_mode":"normal","items_align_center":0,"use_border":0,"border_width":"","border_radius":0,"boxshadow":"0 0 0 0 #fff","sm_col":"","xs_col":"","hidden_xs":"","hidden_sm":"","hidden_md":"","animationduration":"300","animationdelay":"0"},"addons":[]},{"id":1591135099096,"class_name":"col-md-6","visibility":true,"settings":{"background_type":"none","background_gradient":{"color":"#00c6fb","color2":"#005bea","deg":"45","type":"linear"},"background_image":"","background_repeat":"no-repeat","background_size":"cover","background_attachment":"scroll","background_position":"0 0","overlay_type":"overlay_color","gradient_overlay":{"color":"rgba(127, 0, 255, 0.8)","color2":"rgba(225, 0, 255, 0.7)","deg":"45","type":"linear"},"pattern_overlay":"","overlay_pattern_color":"","blend_mode":"normal","items_align_center":0,"use_border":0,"border_width":"","border_radius":0,"boxshadow":"0 0 0 0 #fff","sm_col":"","xs_col":"","hidden_xs":"","hidden_sm":"","hidden_md":"","animationduration":"300","animationdelay":"0"},"addons":[{"id":1591135099097,"name":"text_block","visibility":true,"settings":{"admin_label":"","title":"","heading_selector":"h3","title_fontsize":"","title_lineheight":"","title_letterspace":"0","text":"If science fiction is the mythology of modern technology, then its <strong>myth is tragic</strong>.","alignment":"","text_fontsize":{"md":"30","sm":"","xs":""},"text_lineheight":{"md":"46","sm":"","xs":""},"text_fontweight":"300","dropcap":0,"class":"","global_background_type":"none","global_background_gradient":{"color":"#00c6fb","color2":"#005bea","deg":"45","type":"linear"},"global_use_overlay":0,"global_background_repeat":"no-repeat","global_background_size":"cover","global_background_attachment":"inherit","global_user_border":0,"global_border_width":"","global_border_radius":0,"global_margin":{"md":"0px 0px 55px 0px","sm":"0px 0px 20px 0px","xs":"0px 0px 10px 0px"},"global_padding":{"md":"   ","sm":"   ","xs":"   "},"global_boxshadow":"0 0 0 0 #ffffff","global_use_animation":0,"global_animationduration":"300","global_animationdelay":"0","global_custom_css":"","use_global_width":"0","hidden_md":"0","hidden_sm":"0","hidden_xs":"0","acl":"","instFormId":1546405870824,"global_text_color":"#9B9B9B","text_font_family":"Open Sans"}},{"id":1591135099098,"name":"heading","visibility":true,"settings":{"admin_label":"","title":"- K . Lin Ursula Guin","heading_selector":"h2","use_link":0,"title_link":"","link_new_tab":"","title_fontsize":{"md":"46","sm":"","xs":"33"},"title_lineheight":{"md":"56","sm":"","xs":""},"title_letterspace":"0","title_text_transform":"none","title_margin":{"md":"0px 0px 30px 0px","sm":"   ","xs":"   "},"title_padding":{"md":"0px 0px 0px 0px","sm":"   ","xs":"   "},"title_icon_position":"before","alignment":"sppb-text-center","title_text_shadow":"","class":"","global_background_type":"none","global_background_gradient":{"color":"#00c6fb","color2":"#005bea","deg":"45","type":"linear"},"global_use_overlay":0,"global_background_repeat":"no-repeat","global_background_size":"cover","global_background_attachment":"inherit","global_user_border":0,"global_border_width":"","global_border_radius":0,"global_margin":{"md":"0px 0px 30px 0px","sm":"0px 0px 20px 0px","xs":"0px 0px 10px 0px"},"global_padding":{"md":"   ","sm":"   ","xs":"   "},"global_boxshadow":"0 0 0 0 #ffffff","global_use_animation":0,"global_animationduration":"300","global_animationdelay":"0","global_custom_css":"","use_global_width":"0","hidden_md":"0","hidden_sm":"0","hidden_xs":"0","acl":"","instFormId":1546406366825,"global_text_color":"#9B9B9B","title_font_family":"Open Sans","title_font_style":{"weight":300}}}]}]},{"id":1591135099071,"visibility":true,"collapse":false,"settings":{"admin_label":"Blend Mode 2","title":"","heading_selector":"h3","title_fontsize":"","title_fontweight":"","title_position":"sppb-text-center","columns_align_center":0,"fullscreen":0,"no_gutter":0,"padding":{"md":"230px 0px 230px 0px","sm":"   ","xs":"   "},"margin":{"md":"0px 0px 0px 0px","sm":"   ","xs":"   "},"background_type":"image","background_gradient":{"color":"#00c6fb","color2":"#005bea","deg":"45","type":"linear"},"background_image":"https://sppagebuilder.com/sample-data/images/2019/01/02/blend2-1.jpg","background_parallax":0,"background_repeat":"no-repeat","background_size":"cover","background_attachment":"scroll","background_position":"50% 50%","external_background_video":"0","video_loop":1,"overlay_type":"overlay_gradient","gradient_overlay":{"color":"#1d48dc","color2":"#302a52","deg":"360","type":"linear","pos":"100"},"pattern_overlay":"","overlay_pattern_color":"","blend_mode":"overlay","show_top_shape":0,"shape_name":"clouds-flat","shape_color":"#e5e5e5","shape_width":{"md":100,"sm":100,"xs":100},"shape_height":"","shape_flip":false,"shape_invert":false,"shape_to_front":false,"show_bottom_shape":0,"bottom_shape_name":"clouds-opacity","bottom_shape_color":"#e5e5e5","bottom_shape_width":{"md":100,"sm":100,"xs":100},"bottom_shape_height":"","bottom_shape_flip":false,"bottom_shape_invert":false,"bottom_shape_to_front":false,"hidden_xs":"","hidden_sm":"","hidden_md":"","animationduration":"300","animationdelay":"0","instFormId":1546405646743},"layout":"6,6","columns":[{"id":1591135099100,"class_name":"col-md-6","visibility":true,"settings":{"background_type":"none","background_gradient":{"color":"#00c6fb","color2":"#005bea","deg":"45","type":"linear"},"background_image":"","background_repeat":"no-repeat","background_size":"cover","background_attachment":"scroll","background_position":"0 0","overlay_type":"overlay_color","gradient_overlay":{"color":"rgba(127, 0, 255, 0.8)","color2":"rgba(225, 0, 255, 0.7)","deg":"45","type":"linear"},"pattern_overlay":"","overlay_pattern_color":"","blend_mode":"normal","items_align_center":0,"use_border":0,"border_width":"","border_radius":0,"boxshadow":"0 0 0 0 #fff","sm_col":"","xs_col":"","hidden_xs":"","hidden_sm":"","hidden_md":"","animationduration":"300","animationdelay":"0"},"addons":[{"id":1591135099101,"name":"image","visibility":true,"settings":{"admin_label":"","title":"","heading_selector":"h3","title_fontsize":"","title_lineheight":"","title_letterspace":"0","title_padding":"","title_position":"top","image":"https://sppagebuilder.com/sample-data/images/2019/01/02/rectangle.png","border_radius":0,"alt_text":"Image","position":"sppb-text-left","open_lightbox":0,"overlay_color":"rgba(119, 219, 31, .5)","link":"","class":"","global_background_type":"none","global_background_gradient":{"color":"#00c6fb","color2":"#005bea","deg":"45","type":"linear"},"global_use_overlay":0,"global_background_repeat":"no-repeat","global_background_size":"cover","global_background_attachment":"inherit","global_user_border":0,"global_border_width":"","global_border_radius":0,"global_margin":{"md":"0px 0px 30px 0px","sm":"0px 0px 20px 0px","xs":"0px 0px 10px 0px"},"global_padding":"","global_boxshadow":"0 0 0 0 #ffffff","global_use_animation":0,"global_animationduration":"300","global_animationdelay":"0","global_custom_css":"","use_global_width":"0","hidden_md":"0","hidden_sm":"0","hidden_xs":"0","acl":"","instFormId":1546406872876}},{"id":1591135099102,"name":"heading","visibility":true,"settings":{"admin_label":"","title":"INNOVATION IS PART OF OUR LIFE","heading_selector":"h2","use_link":0,"title_link":"","link_new_tab":"","title_fontsize":{"md":"56","sm":"","xs":"40"},"title_lineheight":{"md":"64","sm":"","xs":""},"title_letterspace":"0","title_text_transform":"none","title_margin":{"md":"0px 0px 30px 0px","sm":"   ","xs":"   "},"title_padding":{"md":"0px 30px 0px 0px","sm":"   ","xs":"   "},"title_icon_position":"before","alignment":"sppb-text-left","title_text_shadow":"","class":"","global_background_type":"none","global_background_gradient":{"color":"#00c6fb","color2":"#005bea","deg":"45","type":"linear"},"global_use_overlay":0,"global_background_repeat":"no-repeat","global_background_size":"cover","global_background_attachment":"inherit","global_user_border":0,"global_border_width":"","global_border_radius":0,"global_margin":{"md":"0px 0px 60px 0px","sm":"0px 0px 20px 0px","xs":"0px 0px 10px 0px"},"global_padding":{"md":"   ","sm":"   ","xs":"   "},"global_boxshadow":"0 0 0 0 #ffffff","global_use_animation":0,"global_animationduration":"300","global_animationdelay":"0","global_custom_css":"","use_global_width":"0","hidden_md":"0","hidden_sm":"0","hidden_xs":"0","acl":"","instFormId":1546406940832,"title_font_family":"Open Sans","title_font_style":{"weight":300},"global_text_color":"#ffffff"}},{"id":1591135099103,"name":"button","visibility":true,"settings":{"admin_label":"","text":"Start Inventing","alignment":"sppb-text-left","letterspace":"0","type":"custom","appearance":"","fontsize":{"md":"18"},"button_status":"hover","background_color":"#EBEBF1","background_gradient":{"color":"#B4EC51","color2":"#429321","deg":"45","type":"linear"},"color":"#000","background_color_hover":"#FFE600","background_gradient_hover":{"color":"#429321","color2":"#B4EC51","deg":"45","type":"linear"},"color_hover":"#000","link_button_status":"normal","link_button_color":"","link_button_border_width":"","link_border_color":"","link_button_padding_bottom":"","link_button_hover_color":"","link_button_border_hover_color":"","button_padding":{"md":"20px 40px 20px 40px","sm":"   ","xs":"   "},"icon_margin":{"md":"0px 0px 0px 0px","sm":"   ","xs":"   "},"icon_position":"left","class":"","global_background_type":"none","global_background_gradient":{"color":"#00c6fb","color2":"#005bea","deg":"45","type":"linear"},"global_use_overlay":0,"global_background_repeat":"no-repeat","global_background_size":"cover","global_background_attachment":"inherit","global_user_border":0,"global_border_width":"","global_border_radius":0,"global_margin":{"md":"0px 0px 30px 0px","sm":"0px 0px 20px 0px","xs":"0px 0px 10px 0px"},"global_padding":"","global_boxshadow":"0 0 0 0 #ffffff","global_use_animation":0,"global_animationduration":"300","global_animationdelay":"0","global_custom_css":"","use_global_width":"0","hidden_md":"0","hidden_sm":"0","hidden_xs":"0","acl":"","instFormId":1546407116753,"font_family":"Open Sans","url":"#","shape":"square"}}]},{"id":1591135099104,"class_name":"col-md-6","visibility":true,"settings":{"background_type":"none","background_gradient":{"color":"#00c6fb","color2":"#005bea","deg":"45","type":"linear"},"background_image":"","background_repeat":"no-repeat","background_size":"cover","background_attachment":"scroll","background_position":"0 0","overlay_type":"overlay_color","gradient_overlay":{"color":"rgba(127, 0, 255, 0.8)","color2":"rgba(225, 0, 255, 0.7)","deg":"45","type":"linear"},"pattern_overlay":"","overlay_pattern_color":"","blend_mode":"normal","items_align_center":0,"use_border":0,"border_width":"","border_radius":0,"boxshadow":"0 0 0 0 #fff","sm_col":"","xs_col":"","hidden_xs":"","hidden_sm":"","hidden_md":"","animationduration":"300","animationdelay":"0"},"addons":[]}]},{"id":1591135099072,"visibility":true,"collapse":false,"settings":{"admin_label":"Blend Mode 3 [https://www.oceantheme.org]","title":"","heading_selector":"h3","title_fontsize":"","title_fontweight":"","title_position":"sppb-text-center","columns_align_center":0,"fullscreen":0,"no_gutter":0,"padding":{"md":"230px 0px 230px 0px","sm":"   ","xs":"   "},"margin":{"md":"0px 0px 0px 0px","sm":"   ","xs":"   "},"background_type":"image","background_gradient":{"color":"#00c6fb","color2":"#005bea","deg":"45","type":"linear"},"background_image":"https://sppagebuilder.com/sample-data/images/2019/01/02/blend3.jpg","background_parallax":0,"background_repeat":"no-repeat","background_size":"cover","background_attachment":"fixed","background_position":"50% 50%","external_background_video":"0","video_loop":1,"overlay_type":"overlay_pattern","gradient_overlay":{"color":"rgba(127, 0, 255, 0.8)","color2":"rgba(225, 0, 255, 0.7)","deg":"45","type":"linear"},"pattern_overlay":"https://sppagebuilder.com/sample-data/images/2019/01/02/blend3-overlay.png","overlay_pattern_color":"","blend_mode":"multiply","show_top_shape":0,"shape_name":"clouds-flat","shape_color":"#e5e5e5","shape_width":{"md":100,"sm":100,"xs":100},"shape_height":"","shape_flip":false,"shape_invert":false,"shape_to_front":false,"show_bottom_shape":0,"bottom_shape_name":"clouds-opacity","bottom_shape_color":"#e5e5e5","bottom_shape_width":{"md":100,"sm":100,"xs":100},"bottom_shape_height":"","bottom_shape_flip":false,"bottom_shape_invert":false,"bottom_shape_to_front":false,"hidden_xs":"","hidden_sm":"","hidden_md":"","animationduration":"300","animationdelay":"0","instFormId":1546405646890},"layout":"8,4","columns":[{"id":1591135099106,"class_name":"col-md-8","visibility":true,"settings":{"background_type":"none","background_gradient":{"color":"#00c6fb","color2":"#005bea","deg":"45","type":"linear"},"background_image":"","background_repeat":"no-repeat","background_size":"cover","background_attachment":"scroll","background_position":"0 0","overlay_type":"overlay_color","gradient_overlay":{"color":"rgba(127, 0, 255, 0.8)","color2":"rgba(225, 0, 255, 0.7)","deg":"45","type":"linear"},"pattern_overlay":"","overlay_pattern_color":"","blend_mode":"normal","items_align_center":0,"use_border":0,"border_width":"","border_radius":0,"boxshadow":"0 0 0 0 #fff","sm_col":"","xs_col":"","hidden_xs":"","hidden_sm":"","hidden_md":"","animationduration":"300","animationdelay":"0"},"addons":[{"id":1591135099107,"name":"heading","visibility":true,"settings":{"admin_label":"","title":"Explore the <span style=\"color:#23E0F5;\">Original</span> Summer Collection","heading_selector":"h2","use_link":0,"title_link":"","link_new_tab":"","title_fontsize":{"md":"72","sm":"","xs":"45"},"title_lineheight":{"md":"86","sm":"","xs":"50"},"title_letterspace":"0","title_text_transform":"none","title_margin":{"md":"0px 0px 30px 0px","sm":"   ","xs":"   "},"title_padding":{"md":"0px 0px 0px 0px","sm":"   ","xs":"   "},"title_icon_position":"before","alignment":"sppb-text-left","title_text_shadow":"","class":"","global_background_type":"none","global_background_gradient":{"color":"#00c6fb","color2":"#005bea","deg":"45","type":"linear"},"global_use_overlay":0,"global_background_repeat":"no-repeat","global_background_size":"cover","global_background_attachment":"inherit","global_user_border":0,"global_border_width":"","global_border_radius":0,"global_margin":{"md":"0px 0px 70px 0px","sm":"0px 0px 20px 0px","xs":"0px 0px 10px 0px"},"global_padding":{"md":"   ","sm":"   ","xs":"   "},"global_boxshadow":"0 0 0 0 #ffffff","global_use_animation":0,"global_animationduration":"300","global_animationdelay":"0","global_custom_css":"","use_global_width":"0","hidden_md":"0","hidden_sm":"0","hidden_xs":"0","acl":"","instFormId":1546407471450,"title_font_family":"Abril Fatface","global_text_color":"#ffffff"}},{"id":1591135099108,"name":"button","visibility":true,"settings":{"admin_label":"","text":"See The Collection","alignment":"sppb-text-left","letterspace":"0","type":"custom","appearance":"outline","fontsize":{"md":16},"button_status":"hover","background_color":"#23E0F5","background_gradient":{"color":"#B4EC51","color2":"#429321","deg":"45","type":"linear"},"color":"#23E0F5","background_color_hover":"#23E0F5","background_gradient_hover":{"color":"#429321","color2":"#B4EC51","deg":"45","type":"linear"},"color_hover":"#fff","link_button_status":"normal","link_button_color":"","link_button_border_width":"","link_border_color":"","link_button_padding_bottom":"","link_button_hover_color":"","link_button_border_hover_color":"","button_padding":{"md":"15px 30px 15px 30px","sm":"   ","xs":"   "},"icon_margin":{"md":"0px 0px 0px 0px","sm":"   ","xs":"   "},"icon_position":"left","class":"","global_background_type":"none","global_background_gradient":{"color":"#00c6fb","color2":"#005bea","deg":"45","type":"linear"},"global_use_overlay":0,"global_background_repeat":"no-repeat","global_background_size":"cover","global_background_attachment":"inherit","global_user_border":0,"global_border_width":"","global_border_radius":0,"global_margin":{"md":"0px 0px 30px 0px","sm":"0px 0px 20px 0px","xs":"0px 0px 10px 0px"},"global_padding":"","global_boxshadow":"0 0 0 0 #ffffff","global_use_animation":0,"global_animationduration":"300","global_animationdelay":"0","global_custom_css":"","use_global_width":"0","hidden_md":"0","hidden_sm":"0","hidden_xs":"0","acl":"","instFormId":1546407737532,"url":"#","font_style":{"uppercase":true},"shape":"square"}}]},{"id":1591135099109,"class_name":"col-md-4","visibility":true,"settings":{"background_type":"none","background_gradient":{"color":"#00c6fb","color2":"#005bea","deg":"45","type":"linear"},"background_image":"","background_repeat":"no-repeat","background_size":"cover","background_attachment":"scroll","background_position":"0 0","overlay_type":"overlay_color","gradient_overlay":{"color":"rgba(127, 0, 255, 0.8)","color2":"rgba(225, 0, 255, 0.7)","deg":"45","type":"linear"},"pattern_overlay":"","overlay_pattern_color":"","blend_mode":"normal","items_align_center":0,"use_border":0,"border_width":"","border_radius":0,"boxshadow":"0 0 0 0 #fff","sm_col":"","xs_col":"","hidden_xs":"","hidden_sm":"","hidden_md":"","animationduration":"300","animationdelay":"0"},"addons":[]}]},{"id":1591135099073,"visibility":true,"collapse":false,"settings":{"admin_label":"Blend Mode 4","title":"","heading_selector":"h3","title_fontsize":"","title_fontweight":"","title_position":"sppb-text-center","columns_align_center":0,"fullscreen":0,"no_gutter":0,"padding":{"md":"320px 0px 300px 0px","sm":"   ","xs":"   "},"margin":{"md":"0px 0px 0px 0px","sm":"   ","xs":"   "},"background_type":"image","background_gradient":{"color":"#00c6fb","color2":"#005bea","deg":"45","type":"linear"},"background_image":"https://sppagebuilder.com/sample-data/images/2019/01/02/double-exposer-mundu-1.jpg","background_parallax":0,"background_repeat":"no-repeat","background_size":"cover","background_attachment":"fixed","background_position":"50% 50%","external_background_video":"0","video_loop":1,"overlay_type":"overlay_pattern","gradient_overlay":{"color":"rgba(127, 0, 255, 0.8)","color2":"rgba(225, 0, 255, 0.7)","deg":"45","type":"linear"},"pattern_overlay":"https://sppagebuilder.com/sample-data/images/2019/01/02/double-exposer-background.jpg","overlay_pattern_color":"","blend_mode":"screen","show_top_shape":0,"shape_name":"clouds-flat","shape_color":"#e5e5e5","shape_width":{"md":100,"sm":100,"xs":100},"shape_height":"","shape_flip":false,"shape_invert":false,"shape_to_front":false,"show_bottom_shape":0,"bottom_shape_name":"clouds-opacity","bottom_shape_color":"#e5e5e5","bottom_shape_width":{"md":100,"sm":100,"xs":100},"bottom_shape_height":"","bottom_shape_flip":false,"bottom_shape_invert":false,"bottom_shape_to_front":false,"hidden_xs":"","hidden_sm":"","hidden_md":"","animationduration":"300","animationdelay":"0","instFormId":1546408400158,"button_status":"normal"},"layout":"7,5","columns":[{"id":1591135099111,"class_name":"col-md-7","visibility":true,"settings":{"background_type":"none","background_gradient":{"color":"#00c6fb","color2":"#005bea","deg":"45","type":"linear"},"background_image":"","background_repeat":"no-repeat","background_size":"cover","background_attachment":"scroll","background_position":"0 0","overlay_type":"overlay_color","gradient_overlay":{"color":"rgba(127, 0, 255, 0.8)","color2":"rgba(225, 0, 255, 0.7)","deg":"45","type":"linear"},"pattern_overlay":"","overlay_pattern_color":"","blend_mode":"normal","items_align_center":0,"use_border":0,"border_width":"","border_radius":0,"boxshadow":"0 0 0 0 #fff","sm_col":"","xs_col":"","hidden_xs":"","hidden_sm":"","hidden_md":"","animationduration":"300","animationdelay":"0"},"addons":[{"id":1591135099112,"name":"text_block","visibility":true,"settings":{"admin_label":"","title":"","heading_selector":"h3","title_fontsize":"","title_lineheight":"","title_letterspace":"0","text":"Success is where preparation and opportunity meet.","alignment":"sppb-text-left","text_fontsize":{"md":"40","sm":"","xs":""},"text_lineheight":{"md":"50","sm":"","xs":""},"text_fontweight":"400","dropcap":0,"class":"","global_background_type":"none","global_background_gradient":{"color":"#00c6fb","color2":"#005bea","deg":"45","type":"linear"},"global_use_overlay":0,"global_background_repeat":"no-repeat","global_background_size":"cover","global_background_attachment":"inherit","global_user_border":0,"global_border_width":"","global_border_radius":0,"global_margin":{"md":"0px 0px 50px 0px","sm":"0px 0px 20px 0px","xs":"0px 0px 10px 0px"},"global_padding":{"md":"   ","sm":"   ","xs":"   "},"global_boxshadow":"0 0 0 0 #ffffff","global_use_animation":0,"global_animationduration":"300","global_animationdelay":"0","global_custom_css":"","use_global_width":"0","hidden_md":"0","hidden_sm":"0","hidden_xs":"0","acl":"","instFormId":1546408773209,"text_font_family":"Libre Baskerville","global_text_color":"#272727"}},{"id":1591135099113,"name":"heading","visibility":true,"settings":{"admin_label":"","title":"- Bobby Unser","heading_selector":"h2","use_link":0,"title_link":"","link_new_tab":"","title_fontsize":{"md":"32","sm":"","xs":""},"title_lineheight":"","title_letterspace":"0","title_text_transform":"none","title_margin":{"md":"0px 0px 30px 0px","sm":"   ","xs":"   "},"title_padding":{"md":"0px 50px 0px 0px","sm":"   ","xs":"   "},"title_icon_position":"before","alignment":"sppb-text-right","title_text_shadow":"","class":"","global_background_type":"none","global_background_gradient":{"color":"#00c6fb","color2":"#005bea","deg":"45","type":"linear"},"global_use_overlay":0,"global_background_repeat":"no-repeat","global_background_size":"cover","global_background_attachment":"inherit","global_user_border":0,"global_border_width":"","global_border_radius":0,"global_margin":{"md":"0px 0px 30px 0px","sm":"0px 0px 20px 0px","xs":"0px 0px 10px 0px"},"global_padding":"","global_boxshadow":"0 0 0 0 #ffffff","global_use_animation":0,"global_animationduration":"300","global_animationdelay":"0","global_custom_css":"","use_global_width":"0","hidden_md":"0","hidden_sm":"0","hidden_xs":"0","acl":"","instFormId":1546408870394,"title_font_family":"Open Sans","title_font_style":{"italic":true,"weight":700}}}]},{"id":1591135099114,"class_name":"col-md-5","visibility":true,"settings":{"background_type":"none","background_gradient":{"color":"#00c6fb","color2":"#005bea","deg":"45","type":"linear"},"background_image":"","background_repeat":"no-repeat","background_size":"cover","background_attachment":"scroll","background_position":"0 0","overlay_type":"overlay_color","gradient_overlay":{"color":"rgba(127, 0, 255, 0.8)","color2":"rgba(225, 0, 255, 0.7)","deg":"45","type":"linear"},"pattern_overlay":"","overlay_pattern_color":"","blend_mode":"normal","items_align_center":0,"use_border":0,"border_width":"","border_radius":0,"boxshadow":"0 0 0 0 #fff","sm_col":"","xs_col":"","hidden_xs":"","hidden_sm":"","hidden_md":"","animationduration":"300","animationdelay":"0"},"addons":[]}]},{"id":1591135099074,"visibility":true,"collapse":false,"settings":{"admin_label":"Blend Mode 5","title":"","heading_selector":"h3","title_fontsize":"","title_fontweight":"","title_position":"sppb-text-center","columns_align_center":0,"fullscreen":0,"no_gutter":0,"padding":{"md":"220px 0px 200px 0px","sm":"   ","xs":"   "},"margin":{"md":"0px 0px 0px 0px","sm":"   ","xs":"   "},"background_type":"image","background_gradient":{"color":"#00c6fb","color2":"#005bea","deg":"45","type":"linear"},"background_image":"https://sppagebuilder.com/sample-data/images/2019/01/02/blend5.jpg","background_parallax":0,"background_repeat":"no-repeat","background_size":"cover","background_attachment":"scroll","background_position":"50% 50%","external_background_video":"0","video_loop":1,"overlay_type":"overlay_gradient","gradient_overlay":{"color":"#3023ae","color2":"#c86dd7","deg":"90","type":"linear","pos":"5","pos2":"80"},"pattern_overlay":"","overlay_pattern_color":"","blend_mode":"multiply","show_top_shape":0,"shape_name":"clouds-flat","shape_color":"#e5e5e5","shape_width":{"md":100,"sm":100,"xs":100},"shape_height":"","shape_flip":false,"shape_invert":false,"shape_to_front":false,"show_bottom_shape":0,"bottom_shape_name":"clouds-opacity","bottom_shape_color":"#e5e5e5","bottom_shape_width":{"md":100,"sm":100,"xs":100},"bottom_shape_height":"","bottom_shape_flip":false,"bottom_shape_invert":false,"bottom_shape_to_front":false,"hidden_xs":"","hidden_sm":"","hidden_md":"","animationduration":"300","animationdelay":"0","instFormId":1546408400247},"layout":"2,8,2","columns":[{"id":1591135099116,"class_name":"col-md-2","visibility":true,"settings":{"background_type":"none","background_gradient":{"color":"#00c6fb","color2":"#005bea","deg":"45","type":"linear"},"background_image":"","background_repeat":"no-repeat","background_size":"cover","background_attachment":"scroll","background_position":"0 0","overlay_type":"overlay_color","gradient_overlay":{"color":"rgba(127, 0, 255, 0.8)","color2":"rgba(225, 0, 255, 0.7)","deg":"45","type":"linear"},"pattern_overlay":"","overlay_pattern_color":"","blend_mode":"normal","items_align_center":0,"use_border":0,"border_width":"","border_radius":0,"boxshadow":"0 0 0 0 #fff","sm_col":"","xs_col":"","hidden_xs":"","hidden_sm":"","hidden_md":"","animationduration":"300","animationdelay":"0"},"addons":[]},{"id":1591135099117,"class_name":"col-md-8","visibility":true,"settings":{"background_type":"none","background_gradient":{"color":"#00c6fb","color2":"#005bea","deg":"45","type":"linear"},"background_image":"","background_repeat":"no-repeat","background_size":"cover","background_attachment":"scroll","background_position":"0 0","overlay_type":"overlay_color","gradient_overlay":{"color":"rgba(127, 0, 255, 0.8)","color2":"rgba(225, 0, 255, 0.7)","deg":"45","type":"linear"},"pattern_overlay":"","overlay_pattern_color":"","blend_mode":"normal","items_align_center":0,"use_border":0,"border_width":"","border_radius":0,"boxshadow":"0 0 0 0 #fff","sm_col":"","xs_col":"","hidden_xs":"","hidden_sm":"","hidden_md":"","animationduration":"300","animationdelay":"0"},"addons":[{"id":1591135099118,"name":"heading","visibility":true,"settings":{"admin_label":"","title":"If you can’t feed a team with two pizzas, it’s too large.","heading_selector":"h2","use_link":0,"title_link":"","link_new_tab":"","title_fontsize":{"md":"67","sm":"","xs":"50"},"title_lineheight":{"md":"90","sm":"","xs":"60"},"title_letterspace":"0","title_text_transform":"none","title_margin":{"md":"0px 0px 30px 0px","sm":"   ","xs":"   "},"title_padding":{"md":"0px 0px 0px 0px","sm":"   ","xs":"   "},"title_icon_position":"before","alignment":"sppb-text-left","title_text_shadow":"","class":"","global_background_type":"none","global_background_gradient":{"color":"#00c6fb","color2":"#005bea","deg":"45","type":"linear"},"global_use_overlay":0,"global_background_repeat":"no-repeat","global_background_size":"cover","global_background_attachment":"inherit","global_user_border":0,"global_border_width":"","global_border_radius":0,"global_margin":{"md":"0px 0px 50px 0px","sm":"0px 0px 20px 0px","xs":"0px 0px 10px 0px"},"global_padding":{"md":"   ","sm":"   ","xs":"   "},"global_boxshadow":"0 0 0 0 #ffffff","global_use_animation":0,"global_animationduration":"300","global_animationdelay":"0","global_custom_css":"","use_global_width":"0","hidden_md":"0","hidden_sm":"0","hidden_xs":"0","acl":"","instFormId":1546409180373,"global_text_color":"#ffffff","title_font_family":"Abril Fatface"}},{"id":1591135099119,"name":"heading","visibility":true,"settings":{"admin_label":"","title":"- Jeff Bezos","heading_selector":"h2","use_link":0,"title_link":"","link_new_tab":"","title_fontsize":{"md":"67","sm":"","xs":"40"},"title_lineheight":{"md":"72","sm":"","xs":""},"title_letterspace":"0","title_text_transform":"none","title_margin":{"md":"0px 0px 30px 0px","sm":"   ","xs":"   "},"title_padding":{"md":"0px 0px 0px 0px","sm":"   ","xs":"   "},"title_icon_position":"before","alignment":"sppb-text-left","title_text_shadow":"","class":"","global_background_type":"none","global_background_gradient":{"color":"#00c6fb","color2":"#005bea","deg":"45","type":"linear"},"global_use_overlay":0,"global_background_repeat":"no-repeat","global_background_size":"cover","global_background_attachment":"inherit","global_user_border":0,"global_border_width":"","global_border_radius":0,"global_margin":{"md":"0px 0px 0px 0px","sm":"0px 0px 20px 0px","xs":"0px 0px 10px 0px"},"global_padding":{"md":"   ","sm":"   ","xs":"   "},"global_boxshadow":"0 0 0 0 #ffffff","global_use_animation":0,"global_animationduration":"300","global_animationdelay":"0","global_custom_css":"","use_global_width":"0","hidden_md":"0","hidden_sm":"0","hidden_xs":"0","acl":"","instFormId":1546409339230,"title_font_family":"Libre Baskerville","global_text_color":"#FF69E4","title_font_style":{"weight":700}}}]},{"id":1591135099120,"class_name":"col-md-2","visibility":true,"settings":{"background_type":"none","background_gradient":{"color":"#00c6fb","color2":"#005bea","deg":"45","type":"linear"},"background_image":"","background_repeat":"no-repeat","background_size":"cover","background_attachment":"scroll","background_position":"0 0","overlay_type":"overlay_color","gradient_overlay":{"color":"rgba(127, 0, 255, 0.8)","color2":"rgba(225, 0, 255, 0.7)","deg":"45","type":"linear"},"pattern_overlay":"","overlay_pattern_color":"","blend_mode":"normal","items_align_center":0,"use_border":0,"border_width":"","border_radius":0,"boxshadow":"0 0 0 0 #fff","sm_col":"","xs_col":"","hidden_xs":"","hidden_sm":"","hidden_md":"","animationduration":"300","animationdelay":"0","instFormId":1546408400348},"addons":[]}]},{"id":1591135099075,"visibility":true,"collapse":false,"settings":{"admin_label":"Blend Mode 6","title":"","heading_selector":"h3","title_fontsize":"","title_fontweight":"","title_position":"sppb-text-center","columns_align_center":0,"fullscreen":1,"no_gutter":1,"padding":{"md":"0px 0px 0px 0px","sm":"   ","xs":"   "},"margin":{"md":"0px 0px 0px 0px","sm":"   ","xs":"   "},"background_type":"none","background_gradient":{"color":"#00c6fb","color2":"#005bea","deg":"45","type":"linear"},"background_image":"","background_parallax":"0","background_repeat":"no-repeat","background_size":"cover","background_attachment":"fixed","background_position":"0 0","external_background_video":"0","video_loop":1,"overlay_type":"overlay_none","gradient_overlay":{"color":"rgba(127, 0, 255, 0.8)","color2":"rgba(225, 0, 255, 0.7)","deg":"45","type":"linear"},"pattern_overlay":"","overlay_pattern_color":"","blend_mode":"normal","show_top_shape":0,"shape_name":"clouds-flat","shape_color":"#e5e5e5","shape_width":{"md":100,"sm":100,"xs":100},"shape_height":"","shape_flip":false,"shape_invert":false,"shape_to_front":false,"show_bottom_shape":0,"bottom_shape_name":"clouds-opacity","bottom_shape_color":"#e5e5e5","bottom_shape_width":{"md":100,"sm":100,"xs":100},"bottom_shape_height":"","bottom_shape_flip":false,"bottom_shape_invert":false,"bottom_shape_to_front":false,"hidden_xs":"","hidden_sm":"","hidden_md":"","animationduration":"300","animationdelay":"0","instFormId":1546408400347},"layout":"4,8","columns":[{"id":1591135099122,"class_name":"col-md-4","visibility":true,"settings":{"background_type":"none","background_gradient":{"color":"#00c6fb","color2":"#005bea","deg":"45","type":"linear"},"background_image":"","background_repeat":"no-repeat","background_size":"cover","background_attachment":"scroll","background_position":"50% 50%","overlay_type":"overlay_none","gradient_overlay":{"color":"#6608ea","color2":"#2af598","deg":"234","type":"linear","pos":"5","pos2":"93"},"pattern_overlay":"","overlay_pattern_color":"","blend_mode":"","items_align_center":0,"use_border":0,"border_width":"","border_radius":0,"boxshadow":"0 0 0 0 #fff","sm_col":"","xs_col":"","hidden_xs":"","hidden_sm":"","hidden_md":"","animationduration":"300","animationdelay":"0","instFormId":1546408400346,"padding":{"md":"   ","sm":"   ","xs":"   "},"margin":{"md":"   ","sm":"   ","xs":"   "}},"addons":[{"id":1591135099123,"name":"heading","visibility":true,"settings":{"admin_label":"","title":"SCREEN","heading_selector":"h2","use_link":0,"title_link":"","link_new_tab":"","title_fontsize":"","title_lineheight":"","title_letterspace":"0","title_text_transform":"none","title_margin":{"md":"0px 0px 30px 0px","sm":"   ","xs":"   "},"title_padding":{"md":"0px 0px 0px 0px","sm":"   ","xs":"   "},"title_icon_position":"before","alignment":"sppb-text-left","title_text_shadow":"","class":"","global_background_type":"image","global_background_gradient":{"color":"#00c6fb","color2":"#005bea","deg":"45","type":"linear"},"global_use_overlay":1,"global_background_repeat":"no-repeat","global_background_size":"cover","global_background_attachment":"scroll","global_user_border":0,"global_border_width":"","global_border_radius":0,"global_margin":{"md":"0px 0px 0px 0px","sm":"0px 0px 20px 0px","xs":"0px 0px 10px 0px"},"global_padding":{"md":"50px 0px 380px 50px","sm":"   ","xs":"   "},"global_boxshadow":"0 0 0 0 #ffffff","global_use_animation":0,"global_animationduration":"300","global_animationdelay":"0","global_custom_css":"","use_global_width":"0","hidden_md":"0","hidden_sm":"0","hidden_xs":"0","acl":"","instFormId":1546409706159,"global_background_image":"https://sppagebuilder.com/sample-data/images/2019/01/02/blend-6-1.jpg","blend_mode":"screen","global_background_overlay":"#f50404","global_overlay_type":"overlay_gradient","global_gradient_overlay":{"color":"#6608ea","pos":"5","deg":"234","color2":"#2af598","pos2":"93","type":"linear"}}},{"id":1591135099124,"name":"heading","visibility":true,"settings":{"admin_label":"","title":"SCREEN\n","heading_selector":"h2","use_link":0,"title_link":"","link_new_tab":"","title_fontsize":"","title_lineheight":"","title_letterspace":"0","title_text_transform":"none","title_margin":{"md":"0px 0px 30px 0px","sm":"   ","xs":"   "},"title_padding":{"md":"0px 0px 0px 0px","sm":"   ","xs":"   "},"title_icon_position":"before","alignment":"sppb-text-right","title_text_shadow":"","class":"","global_background_type":"image","global_background_gradient":{"color":"#00c6fb","color2":"#005bea","deg":"45","type":"linear"},"global_background_repeat":"no-repeat","global_background_size":"cover","global_background_attachment":"scroll","global_use_overlay":1,"global_overlay_type":"overlay_gradient","global_gradient_overlay":{"color":"#617efa","color2":"#ffa26d","deg":"235","type":"linear","pos":"5","pos2":"80"},"global_pattern_overlay":"","global_overlay_pattern_color":"","blend_mode":"screen","global_user_border":0,"global_border_width":"","global_border_radius":0,"global_margin":{"md":"0px 0px 0px 0px","sm":"0px 0px 20px 0px","xs":"0px 0px 10px 0px"},"global_padding":{"md":"50px 50px 380px 0px","sm":"   ","xs":"   "},"global_boxshadow":"0 0 0 0 #ffffff","global_use_animation":0,"global_animationduration":"300","global_animationdelay":"0","global_custom_css":"","use_global_width":"0","hidden_md":"0","hidden_sm":"0","hidden_xs":"0","acl":"","instFormId":1546418711283,"global_background_image":"https://sppagebuilder.com/sample-data/images/2019/01/02/blend-6-3.jpg","global_text_color":"#ffffff"}}]},{"id":1591135099125,"class_name":"col-md-8","visibility":true,"settings":{"background_type":"image","background_gradient":{"color":"#00c6fb","color2":"#005bea","deg":"45","type":"linear"},"background_image":"https://sppagebuilder.com/sample-data/images/2019/01/02/blend-6-2.jpg","background_repeat":"no-repeat","background_size":"cover","background_attachment":"scroll","background_position":"50% 50%","overlay_type":"overlay_gradient","gradient_overlay":{"color":"#1de9b6","color2":"#1dc4e9","deg":"234","type":"linear","pos":"5","pos2":"93"},"pattern_overlay":"","overlay_pattern_color":"","blend_mode":"multiply","items_align_center":0,"use_border":0,"border_width":"","border_radius":0,"boxshadow":"0 0 0 0 #fff","sm_col":"","xs_col":"","hidden_xs":"","hidden_sm":"","hidden_md":"","animationduration":"300","animationdelay":"0","instFormId":1546408400348,"padding":{"md":"   ","sm":"   ","xs":"   "},"margin":{"md":"   ","sm":"   ","xs":"   "}},"addons":[{"id":1591135099126,"name":"heading","visibility":true,"settings":{"admin_label":"","title":"MULTIPLY","heading_selector":"h2","use_link":0,"title_link":"","link_new_tab":"","title_fontsize":"","title_lineheight":"","title_letterspace":"0","title_text_transform":"none","title_margin":{"md":"0px 0px 30px 0px","sm":"   ","xs":"   "},"title_padding":{"md":"0px 0px 0px 0px","sm":"   ","xs":"   "},"title_icon_position":"before","alignment":"sppb-text-left","title_text_shadow":"","class":"","global_background_type":"color","global_background_gradient":{"color":"#00c6fb","color2":"#005bea","deg":"45","type":"linear"},"global_use_overlay":1,"global_background_repeat":"no-repeat","global_background_size":"cover","global_background_attachment":"inherit","global_user_border":0,"global_border_width":"","global_border_radius":0,"global_margin":{"md":"0px 0px 0px 0px","sm":"0px 0px 20px 0px","xs":"0px 0px 10px 0px"},"global_padding":{"md":"50px 0px 380px 50px","sm":"   ","xs":"   "},"global_boxshadow":"0 0 0 0 #ffffff","global_use_animation":0,"global_animationduration":"300","global_animationdelay":"0","global_custom_css":"","use_global_width":"0","hidden_md":"0","hidden_sm":"0","hidden_xs":"0","acl":"","instFormId":1546408400436,"global_text_color":"#ffffff"}}]}]},{"id":1591135099076,"visibility":true,"collapse":false,"settings":{"admin_label":"Blend Mode 7","title":"","heading_selector":"h3","title_fontsize":"","title_fontweight":"","title_position":"sppb-text-center","columns_align_center":0,"fullscreen":1,"no_gutter":1,"padding":{"md":"0px 0px 0px 0px","sm":"   ","xs":"   "},"margin":{"md":"0px 0px 0px 0px","sm":"   ","xs":"   "},"background_type":"none","background_gradient":{"color":"#00c6fb","color2":"#005bea","deg":"45","type":"linear"},"background_image":"","background_parallax":"0","background_repeat":"no-repeat","background_size":"cover","background_attachment":"fixed","background_position":"0 0","external_background_video":"0","video_loop":1,"overlay_type":"overlay_none","gradient_overlay":{"color":"rgba(127, 0, 255, 0.8)","color2":"rgba(225, 0, 255, 0.7)","deg":"45","type":"linear"},"pattern_overlay":"","overlay_pattern_color":"","blend_mode":"normal","show_top_shape":0,"shape_name":"clouds-flat","shape_color":"#e5e5e5","shape_width":{"md":100,"sm":100,"xs":100},"shape_height":"","shape_flip":false,"shape_invert":false,"shape_to_front":false,"show_bottom_shape":0,"bottom_shape_name":"clouds-opacity","bottom_shape_color":"#e5e5e5","bottom_shape_width":{"md":100,"sm":100,"xs":100},"bottom_shape_height":"","bottom_shape_flip":false,"bottom_shape_invert":false,"bottom_shape_to_front":false,"hidden_xs":"","hidden_sm":"","hidden_md":"","animationduration":"300","animationdelay":"0","instFormId":1546408400378},"layout":"4,4,4","columns":[{"id":1591135099128,"class_name":"col-md-4","visibility":true,"settings":{"background_type":"none","background_gradient":{"color":"#00c6fb","color2":"#005bea","deg":"45","type":"linear"},"background_image":"","background_repeat":"no-repeat","background_size":"cover","background_attachment":"scroll","background_position":"0 0","overlay_type":"overlay_color","gradient_overlay":{"color":"rgba(127, 0, 255, 0.8)","color2":"rgba(225, 0, 255, 0.7)","deg":"45","type":"linear"},"pattern_overlay":"","overlay_pattern_color":"","blend_mode":"normal","items_align_center":0,"use_border":0,"border_width":"","border_radius":0,"boxshadow":"0 0 0 0 #fff","sm_col":"","xs_col":"","hidden_xs":"","hidden_sm":"","hidden_md":"","animationduration":"300","animationdelay":"0","instFormId":1546408400348},"addons":[{"id":1591135099129,"name":"heading","visibility":true,"settings":{"admin_label":"","title":"COLOR BURN","heading_selector":"h2","use_link":0,"title_link":"","link_new_tab":"","title_fontsize":"","title_lineheight":"","title_letterspace":"0","title_text_transform":"none","title_margin":{"md":"0px 0px 30px 0px","sm":"   ","xs":"   "},"title_padding":{"md":"0px 0px 0px 0px","sm":"   ","xs":"   "},"title_icon_position":"before","alignment":"sppb-text-left","title_text_shadow":"","class":"","global_background_type":"image","global_background_gradient":{"color":"#00c6fb","color2":"#005bea","deg":"45","type":"linear"},"global_background_repeat":"no-repeat","global_background_size":"cover","global_background_attachment":"scroll","global_use_overlay":1,"global_overlay_type":"overlay_gradient","global_gradient_overlay":{"color":"#fad961","color2":"#ffa979","deg":"122","type":"linear","pos":"15","pos2":"80"},"global_pattern_overlay":"","global_overlay_pattern_color":"","blend_mode":"color-burn","global_user_border":0,"global_border_width":"","global_border_radius":0,"global_margin":{"md":"0px 0px 0px 0px","sm":"0px 0px 20px 0px","xs":"0px 0px 10px 0px"},"global_padding":{"md":"50px 0px 500px 50px","sm":"   ","xs":"   "},"global_boxshadow":"0 0 0 0 #ffffff","global_use_animation":0,"global_animationduration":"300","global_animationdelay":"0","global_custom_css":"","use_global_width":"0","hidden_md":"0","hidden_sm":"0","hidden_xs":"0","acl":"","instFormId":1546419144583,"global_background_image":"https://sppagebuilder.com/sample-data/images/2019/01/02/blend7-1.jpg"}},{"id":1591135099130,"name":"heading","visibility":true,"settings":{"admin_label":"","title":"COLOR","heading_selector":"h2","use_link":0,"title_link":"","link_new_tab":"","title_fontsize":"","title_lineheight":"","title_letterspace":"0","title_text_transform":"none","title_margin":{"md":"0px 0px 30px 0px","sm":"   ","xs":"   "},"title_padding":{"md":"0px 0px 0px 0px","sm":"   ","xs":"   "},"title_icon_position":"before","alignment":"sppb-text-left","title_text_shadow":"","class":"","global_background_type":"image","global_background_gradient":{"color":"#00c6fb","color2":"#005bea","deg":"45","type":"linear"},"global_background_repeat":"no-repeat","global_background_size":"cover","global_background_attachment":"scroll","global_use_overlay":1,"global_overlay_type":"overlay_gradient","global_gradient_overlay":{"color":"#fad961","color2":"#f76b1c","deg":"168","type":"linear","pos":"15","pos2":"80"},"global_pattern_overlay":"","global_overlay_pattern_color":"","blend_mode":"color","global_user_border":0,"global_border_width":"","global_border_radius":0,"global_margin":{"md":"0px 0px 0px 0px","sm":"0px 0px 20px 0px","xs":"0px 0px 10px 0px"},"global_padding":{"md":"50px 0px 500px 50px","sm":"   ","xs":"   "},"global_boxshadow":"0 0 0 0 #ffffff","global_use_animation":0,"global_animationduration":"300","global_animationdelay":"0","global_custom_css":"","use_global_width":"0","hidden_md":"0","hidden_sm":"0","hidden_xs":"0","acl":"","instFormId":1546418951119,"global_background_image":"https://sppagebuilder.com/sample-data/images/2019/01/02/blend7-4.jpg","global_text_color":"#000000"}}]},{"id":1591135099131,"class_name":"col-md-4","visibility":true,"settings":{"background_type":"none","background_gradient":{"color":"#00c6fb","color2":"#005bea","deg":"45","type":"linear"},"background_image":"","background_repeat":"no-repeat","background_size":"cover","background_attachment":"scroll","background_position":"0 0","overlay_type":"overlay_color","gradient_overlay":{"color":"rgba(127, 0, 255, 0.8)","color2":"rgba(225, 0, 255, 0.7)","deg":"45","type":"linear"},"pattern_overlay":"","overlay_pattern_color":"","blend_mode":"normal","items_align_center":0,"use_border":0,"border_width":"","border_radius":0,"boxshadow":"0 0 0 0 #fff","sm_col":"","xs_col":"","hidden_xs":"","hidden_sm":"","hidden_md":"","animationduration":"300","animationdelay":"0"},"addons":[{"id":1591135099132,"name":"heading","visibility":true,"settings":{"admin_label":"","title":"SOFT LIGHT","heading_selector":"h2","use_link":0,"title_link":"","link_new_tab":"","title_fontsize":"","title_lineheight":"","title_letterspace":"0","title_text_transform":"none","title_margin":{"md":"0px 0px 30px 0px","sm":"   ","xs":"   "},"title_padding":{"md":"0px 0px 0px 0px","sm":"   ","xs":"   "},"title_icon_position":"before","alignment":"sppb-text-left","title_text_shadow":"","class":"","global_background_type":"image","global_background_gradient":{"color":"#00c6fb","color2":"#005bea","deg":"45","type":"linear"},"global_background_repeat":"no-repeat","global_background_size":"cover","global_background_attachment":"scroll","global_use_overlay":1,"global_overlay_type":"overlay_gradient","global_gradient_overlay":{"color":"#373c52","color2":"#21252f","deg":"122","type":"linear","pos":"15","pos2":"80"},"global_pattern_overlay":"","global_overlay_pattern_color":"","blend_mode":"soft-light","global_user_border":0,"global_border_width":"","global_border_radius":0,"global_margin":{"md":"0px 0px 0px 0px","sm":"0px 0px 20px 0px","xs":"0px 0px 10px 0px"},"global_padding":{"md":"50px 0px 500px 50px","sm":"   ","xs":"   "},"global_boxshadow":"0 0 0 0 #ffffff","global_use_animation":0,"global_animationduration":"300","global_animationdelay":"0","global_custom_css":"","use_global_width":"0","hidden_md":"0","hidden_sm":"0","hidden_xs":"0","acl":"","instFormId":1546418951038,"global_background_image":"https://sppagebuilder.com/sample-data/images/2019/01/02/blend7-2.jpg","global_text_color":"#ffffff"}},{"id":1591135099133,"name":"heading","visibility":true,"settings":{"admin_label":"","title":"OVERLAY","heading_selector":"h2","use_link":0,"title_link":"","link_new_tab":"","title_fontsize":"","title_lineheight":"","title_letterspace":"0","title_text_transform":"none","title_margin":{"md":"0px 0px 30px 0px","sm":"   ","xs":"   "},"title_padding":{"md":"0px 0px 0px 0px","sm":"   ","xs":"   "},"title_icon_position":"before","alignment":"sppb-text-left","title_text_shadow":"","class":"","global_background_type":"image","global_background_gradient":{"color":"#00c6fb","color2":"#005bea","deg":"45","type":"linear"},"global_background_repeat":"no-repeat","global_background_size":"cover","global_background_attachment":"scroll","global_use_overlay":1,"global_overlay_type":"overlay_gradient","global_gradient_overlay":{"color":"#a9fa61","color2":"#79ffe9","deg":"122","type":"linear","pos":"15","pos2":"80"},"global_pattern_overlay":"","global_overlay_pattern_color":"","blend_mode":"overlay","global_user_border":0,"global_border_width":"","global_border_radius":0,"global_margin":{"md":"0px 0px 0px 0px","sm":"0px 0px 20px 0px","xs":"0px 0px 10px 0px"},"global_padding":{"md":"50px 0px 500px 50px","sm":"   ","xs":"   "},"global_boxshadow":"0 0 0 0 #ffffff","global_use_animation":0,"global_animationduration":"300","global_animationdelay":"0","global_custom_css":"","use_global_width":"0","hidden_md":"0","hidden_sm":"0","hidden_xs":"0","acl":"","instFormId":1546418951112,"global_background_image":"https://sppagebuilder.com/sample-data/images/2019/01/02/blend7-5.jpg","global_text_color":"#fdfdfd"}}]},{"id":1591135099134,"class_name":"col-md-4","visibility":true,"settings":{"background_type":"none","background_gradient":{"color":"#00c6fb","color2":"#005bea","deg":"45","type":"linear"},"background_image":"","background_repeat":"no-repeat","background_size":"cover","background_attachment":"scroll","background_position":"0 0","overlay_type":"overlay_color","gradient_overlay":{"color":"rgba(127, 0, 255, 0.8)","color2":"rgba(225, 0, 255, 0.7)","deg":"45","type":"linear"},"pattern_overlay":"","overlay_pattern_color":"","blend_mode":"normal","items_align_center":0,"use_border":0,"border_width":"","border_radius":0,"boxshadow":"0 0 0 0 #fff","sm_col":"","xs_col":"","hidden_xs":"","hidden_sm":"","hidden_md":"","animationduration":"300","animationdelay":"0"},"addons":[{"id":1591135099135,"name":"heading","visibility":true,"settings":{"admin_label":"","title":"LIGHTEN","heading_selector":"h2","use_link":0,"title_link":"","link_new_tab":"","title_fontsize":"","title_lineheight":"","title_letterspace":"0","title_text_transform":"none","title_margin":{"md":"0px 0px 30px 0px","sm":"   ","xs":"   "},"title_padding":{"md":"0px 0px 0px 0px","sm":"   ","xs":"   "},"title_icon_position":"before","alignment":"sppb-text-left","title_text_shadow":"","class":"","global_background_type":"image","global_background_gradient":{"color":"#00c6fb","color2":"#005bea","deg":"45","type":"linear"},"global_background_repeat":"no-repeat","global_background_size":"cover","global_background_attachment":"scroll","global_use_overlay":1,"global_overlay_type":"overlay_gradient","global_gradient_overlay":{"color":"#6968ff","color2":"#faaca8","deg":"272","type":"linear","pos":"15","pos2":"100"},"global_pattern_overlay":"","global_overlay_pattern_color":"","blend_mode":"lighten","global_user_border":0,"global_border_width":"","global_border_radius":0,"global_margin":{"md":"0px 0px 0px 0px","sm":"0px 0px 20px 0px","xs":"0px 0px 10px 0px"},"global_padding":{"md":"50px 0px 500px 50px","sm":"   ","xs":"   "},"global_boxshadow":"0 0 0 0 #ffffff","global_use_animation":0,"global_animationduration":"300","global_animationdelay":"0","global_custom_css":"","use_global_width":"0","hidden_md":"0","hidden_sm":"0","hidden_xs":"0","acl":"","instFormId":1546418951081,"global_background_image":"https://sppagebuilder.com/sample-data/images/2019/01/02/blend7-3.jpg","global_text_color":"#000000"}},{"id":1591135099136,"name":"heading","visibility":true,"settings":{"admin_label":"","title":"SATURATION","heading_selector":"h2","use_link":0,"title_link":"","link_new_tab":"","title_fontsize":"","title_lineheight":"","title_letterspace":"0","title_text_transform":"none","title_margin":{"md":"0px 0px 30px 0px","sm":"   ","xs":"   "},"title_padding":{"md":"0px 0px 0px 0px","sm":"   ","xs":"   "},"title_icon_position":"before","alignment":"sppb-text-left","title_text_shadow":"","class":"","global_background_type":"image","global_background_gradient":{"color":"#00c6fb","color2":"#005bea","deg":"45","type":"linear"},"global_background_repeat":"no-repeat","global_background_size":"cover","global_background_attachment":"scroll","global_use_overlay":1,"global_overlay_type":"overlay_gradient","global_gradient_overlay":{"color":"#3023ae","color2":"#c86dd7","deg":"186","type":"linear","pos":"15","pos2":"80"},"global_pattern_overlay":"","global_overlay_pattern_color":"","blend_mode":"saturation","global_user_border":0,"global_border_width":"","global_border_radius":0,"global_margin":{"md":"0px 0px 0px 0px","sm":"0px 0px 20px 0px","xs":"0px 0px 10px 0px"},"global_padding":{"md":"50px 0px 500px 50px","sm":"   ","xs":"   "},"global_boxshadow":"0 0 0 0 #ffffff","global_use_animation":0,"global_animationduration":"300","global_animationdelay":"0","global_custom_css":"","use_global_width":"0","hidden_md":"0","hidden_sm":"0","hidden_xs":"0","acl":"","instFormId":1546418951524,"global_background_image":"https://sppagebuilder.com/sample-data/images/2019/01/02/blend7-6.jpg","global_text_color":"#000000"}}]}]}]