[{"id":1591104350246,"visibility":true,"collapse":false,"settings":{"padding":{"md":"50px 0px 50px 0px","sm":"   ","xs":"   "},"margin":{"md":"0px 0px 0px 0px","sm":"   ","xs":"   "},"columns_equal_height":1,"columns_align_center":1,"fullscreen":0,"no_gutter":0,"background_parallax":0,"background_video":0,"background_color":"#ffffff","color":"","admin_label":"Call to Action 1"},"layout":"9,3","columns":[{"id":1591104350272,"class_name":"col-md-9","visibility":true,"settings":{},"addons":[{"id":1591104350273,"name":"text_block","visibility":true,"settings":{"admin_label":"","title":"A Brief History Of Creation","heading_selector":"h3","title_fontsize":{"md":"36","sm":"32","xs":"24"},"title_lineheight":{"md":"48","sm":"36","xs":"32"},"title_fontstyle":["bold"],"title_letterspace":"0","title_fontweight":"","text":"She was bouncing away, when a cry from the two women, who had turned ip","alignment":"","text_fontsize":{"md":"18","sm":"","xs":"16"},"text_lineheight":{"md":"26","sm":"","xs":"24"},"dropcap":0,"class":"","global_use_background":0,"global_user_border":0,"global_margin":{"md":"   ","sm":"0px 0px 30px 0px","xs":"0px 0px 30px 0px"},"global_padding":{"md":"   ","sm":"   ","xs":"   "},"global_use_animation":0,"global_text_color":"rgba(70, 72, 85, 0.7)","title_text_color":"#464855"}}]},{"id":1591104350274,"class_name":"col-md-3","visibility":true,"settings":{},"addons":[{"id":1591104350275,"name":"button","visibility":true,"settings":{"admin_label":"","text":"Learn More","alignment":"sppb-text-left","fontstyle":["bold"],"letterspace":"0","type":"custom","appearance":"flat","background_color":"#4060FF","color":"#FFFFFF","background_color_hover":"#3b57e4","color_hover":"#FFFFFF","button_padding":{"md":"25px 25px 25px 25px","sm":"20px 50px 20px 50px","xs":"15px 15px 15px 15px"},"icon_position":"left","class":"","block":"sppb-btn-block","global_use_background":0,"global_user_border":0,"global_margin":{"md":"   ","sm":"   ","xs":"   "},"global_padding":{"md":"   ","sm":"   ","xs":"   "},"global_use_animation":0,"use_global_width":0,"hidden_md":0,"hidden_sm":0,"hidden_xs":0}}]}]},{"id":1591104350247,"visibility":true,"collapse":false,"settings":{"padding":{"md":"50px 0px 50px 0px","sm":"   ","xs":"   "},"margin":{"md":"0px 0px 0px 0px","sm":"   ","xs":"   "},"columns_equal_height":1,"columns_align_center":1,"fullscreen":0,"no_gutter":0,"background_parallax":0,"background_video":0,"background_color":"#141414","color":"#ffffff","admin_label":"Call to Action 2"},"layout":"9,3","columns":[{"id":1591104350277,"class_name":"col-md-9","visibility":true,"settings":{},"addons":[{"id":1591104350278,"name":"text_block","visibility":true,"settings":{"admin_label":"","title":"A Brief History Of Creation","heading_selector":"h3","title_fontsize":{"md":"36","sm":"32","xs":"24"},"title_lineheight":{"md":"48","sm":"36","xs":"32"},"title_fontstyle":["bold"],"title_letterspace":"0","title_fontweight":"","text":"She was bouncing away, when a cry from the two women, who had turned ip","alignment":"","text_fontsize":{"md":"18","sm":"","xs":"16"},"text_lineheight":{"md":"26","sm":"","xs":"24"},"dropcap":0,"class":"","global_use_background":0,"global_user_border":0,"global_margin":{"md":"   ","sm":"0px 0px 30px 0px","xs":"0px 0px 30px 0px"},"global_padding":{"md":"   ","sm":"   ","xs":"   "},"global_use_animation":0,"global_text_color":"rgba(255, 255, 255, 0.82)","title_text_color":"#ffffff"}}]},{"id":1591104350279,"class_name":"col-md-3","visibility":true,"settings":{},"addons":[{"id":1591104350280,"name":"button","visibility":true,"settings":{"admin_label":"","text":"Learn More","alignment":"sppb-text-left","fontstyle":["bold"],"letterspace":"0","type":"custom","appearance":"flat","background_color":"#4060FF","color":"#FFFFFF","background_color_hover":"#3b57e4","color_hover":"#FFFFFF","button_padding":{"md":"25px 25px 25px 25px","sm":"20px 50px 20px 50px","xs":"15px 15px 15px 15px"},"icon_position":"left","class":"","block":"sppb-btn-block","global_use_background":0,"global_user_border":0,"global_margin":{"md":"   ","sm":"   ","xs":"   "},"global_padding":{"md":"   ","sm":"   ","xs":"   "},"global_use_animation":0,"use_global_width":0,"hidden_md":0,"hidden_sm":0,"hidden_xs":0}}]}]},{"id":1591104350248,"visibility":true,"collapse":false,"settings":{"padding":{"md":"50px 0px 50px 0px","sm":"   ","xs":"   "},"margin":{"md":"0px 0px 0px 0px","sm":"   ","xs":"   "},"columns_equal_height":1,"columns_align_center":1,"fullscreen":0,"no_gutter":0,"background_parallax":0,"background_video":0,"background_color":"#00AEEF","color":"#ffffff","admin_label":"Call to Action 3 [https://www.oceantheme.org]"},"layout":"9,3","columns":[{"id":1591104350282,"class_name":"col-md-9","visibility":true,"settings":{"background_image":"","background_repeat":"no-repeat","background_size":"cover","background_attachment":"scroll","background_position":"0 0","boxshadow":"0 0 0 0 #fff","sm_col":"","xs_col":"","hidden_xs":"","hidden_sm":"","hidden_md":"","animationduration":"300","animationdelay":"0","padding":{"md":"   ","sm":"   ","xs":"   "}},"addons":[{"id":1591104350283,"name":"heading","visibility":true,"settings":{"admin_label":"","title":"What Is The Big R For Marketing Your Business","heading_selector":"h2","use_link":0,"title_link":"","link_new_tab":"","title_fontsize":{"md":"24","sm":"","xs":""},"title_lineheight":{"md":"36","sm":"","xs":""},"title_fontstyle":["lighter"],"title_fontweight":"","title_letterspace":"0","title_margin":{"md":"0px 0px 0px 0px","sm":"0px 0px 20px 0px","xs":"0px 0px 20px 0px"},"title_padding":{"md":"0px 0px 0px 0px","sm":"   ","xs":"   "},"alignment":"sppb-text-left","class":""},"htmlContent":"","assets":""}]},{"id":1591104350284,"class_name":"col-md-3","visibility":true,"settings":{"background_image":"","background_repeat":"no-repeat","background_size":"cover","background_attachment":"scroll","background_position":"0 0","boxshadow":"0 0 0 0 #fff","sm_col":"","xs_col":"","hidden_xs":"","hidden_sm":"","hidden_md":"","animationduration":"300","animationdelay":"0","padding":{"md":"   ","sm":"   ","xs":"   "}},"addons":[{"id":1591104350285,"name":"button","visibility":true,"settings":{"admin_label":"","text":"Learn More","alignment":"sppb-text-left","fontstyle":["bold"],"letterspace":"0","type":"custom","appearance":"outline","background_color":"#fff","color":"#FFFFFF","background_color_hover":"#333","color_hover":"#FFFFFF","button_padding":{"md":"15px 15px 15px 15px","sm":"12px 50px 12px 50px","xs":"12px 12px 12px 12px"},"icon_position":"left","class":"","block":"sppb-btn-block","global_use_background":0,"global_user_border":0,"global_margin":{"md":"   ","sm":"   ","xs":"   "},"global_padding":{"md":"   ","sm":"   ","xs":"   "},"global_use_animation":0,"use_global_width":0,"hidden_md":0,"hidden_sm":0,"hidden_xs":0}}]}]},{"id":1591104350249,"visibility":true,"collapse":false,"settings":{"padding":{"md":"160px 0px 160px 0px","sm":"   ","xs":"100px 0px 100px 0px"},"margin":{"md":"0px 0px 0px 0px","sm":"   ","xs":"   "},"columns_equal_height":0,"columns_align_center":0,"fullscreen":0,"no_gutter":0,"background_parallax":0,"background_video":0,"background_image":"https://sppagebuilder.com/sections/cta/bg-1.jpg","overlay":"rgba(20, 20, 20, 0.8)","background_repeat":"no-repeat","background_size":"cover","background_attachment":"inherit","background_position":"50% 50%","hidden_xs":0,"hidden_sm":0,"hidden_md":0,"admin_label":"Call to Action 4"},"layout":"12","columns":[{"id":1591104350287,"class_name":"col-md-12","visibility":true,"settings":{},"addons":[{"id":1591104350288,"name":"text_block","visibility":true,"settings":{"admin_label":"","title":"A Brief History Of Creation","heading_selector":"h2","title_fontsize":{"md":"48","sm":"36","xs":"28"},"title_lineheight":{"md":"72","sm":"48","xs":"36"},"title_fontstyle":"","title_letterspace":"0","title_fontweight":"","text":"She was bouncing away, when a cry from the two women, who had turned <br class=\"sppb-hidden-xs\" />towards the bed, caused her to look round.","alignment":"sppb-text-center","text_fontsize":{"md":"18","sm":"","xs":""},"text_lineheight":{"md":"32","sm":"","xs":""},"dropcap":0,"class":"","title_text_color":"#ffffff","title_margin_top":{"md":"0","sm":"","xs":""},"title_margin_bottom":{"md":"20","sm":"","xs":""},"global_use_background":0,"global_user_border":0,"global_margin":{"md":"0px 0px 50px 0px","sm":"0px 0px 40px 0px","xs":"0px 0px 20px 0px"},"global_padding":{"md":"   ","sm":"   ","xs":"   "},"global_use_animation":0,"global_text_color":"rgba(255, 255, 255, 0.8)"}},{"id":1591104350289,"name":"modal","visibility":true,"settings":{"admin_label":"","modal_selector":"icon","button_text":"Button Text","button_type":"default","button_fontstyle":"","button_letterspace":"0","button_padding":"","button_background_color":"#444444","button_color":"#fff","button_background_color_hover":"#222","button_color_hover":"#fff","button_appearance":"flat","selector_icon_name":"fa-play","selector_icon_size":{"md":"18"},"modal_content_type":"video","modal_content_text":"Kevin chicken fatback sirloin ball tip, flank meatloaf t-bone. Meatloaf shankle swine pancetta biltong capicola ham hock meatball. Shoulder bacon andouille ground round pancetta pastrami. Sirloin beef ribs tenderloin rump corned beef filet mignon capicola kielbasa drumstick chuck turducken beef t-bone ribeye. Pork loin ground round t-bone chuck beef ribs swine pastrami cow. Venison tenderloin drumstick, filet mignon salami jowl sausage shank hamburger meatball ribeye kevin tri-tip. Swine kielbasa tenderloin fatback pork shankle andouille, flank frankfurter jerky chicken tri-tip jowl leberkas.&lt;br&gt;&lt;br&gt;Pancetta chicken pork belly beef cow kielbasa fatback sirloin biltong andouille bacon. Sirloin beef tenderloin porchetta, jerky tri-tip andouille sausage landjaeger shank bresaola short ribs tongue meatloaf fatback. Kielbasa pancetta shoulder tri-tip pastrami filet mignon ham corned beef prosciutto doner beef ribs. Doner sausage ham hock, shoulder sirloin pancetta boudin filet mignon chuck. Meatball ham hock beef, filet mignon tri-tip andouille venison ground round chuck turducken drumstick.","modal_popup_width":"760","modal_popup_height":"440","alignment":"sppb-text-center","class":"","selector_icon_color":"#ffffff","selector_icon_background":"#4060FF","selector_icon_border_width":{"md":"0","sm":"","xs":""},"selector_icon_border_radius":{"md":"100","sm":"100","xs":"100"},"selector_icon_padding":{"md":"40","sm":"30","xs":"20"},"modal_content_video_url":"https://www.youtube.com/watch?v=BWLRMBrKH_c"}}]}]},{"id":1591104350250,"visibility":true,"collapse":false,"settings":{"padding":{"md":"180px 0px 180px 0px","sm":"   ","xs":"100px 0px 100px 0px"},"margin":{"md":"0px 0px 0px 0px","sm":"   ","xs":"   "},"columns_equal_height":0,"columns_align_center":0,"fullscreen":0,"no_gutter":0,"background_parallax":0,"background_video":0,"admin_label":"Call to Action 5"},"layout":"12","columns":[{"id":1591104350291,"class_name":"col-md-12","visibility":true,"settings":{},"addons":[{"id":1591104350292,"name":"text_block","visibility":true,"settings":{"admin_label":"","title":"A Brief History Of Creation","heading_selector":"h2","title_fontsize":{"md":"48","sm":"36","xs":"28"},"title_lineheight":{"md":"72","sm":"48","xs":"36"},"title_fontstyle":"","title_letterspace":"0","title_fontweight":"","text":"She was bouncing away, when a cry from the two women, who had turned<br class=\"sppb-hidden-xs\" />towards the bed, caused her to look round.","alignment":"sppb-text-center","text_fontsize":{"md":"18","sm":"","xs":""},"text_lineheight":{"md":"32","sm":"","xs":""},"dropcap":0,"class":"","title_text_color":"#464855","title_margin_top":{"md":"0","sm":"","xs":""},"title_margin_bottom":{"md":"20","sm":"","xs":""},"global_use_background":0,"global_user_border":0,"global_margin":{"md":"0px 0px 50px 0px","sm":"0px 0px 40px 0px","xs":"0px 0px 20px 0px"},"global_padding":{"md":"   ","sm":"   ","xs":"   "},"global_use_animation":0,"global_text_color":"#464855"},"htmlContent":"","assets":""},{"id":1591104350293,"name":"button","visibility":true,"settings":{"admin_label":"","text":"Learn More","alignment":"sppb-text-center","fontstyle":"","letterspace":"0","type":"custom","appearance":"flat","background_color":"#4060FF","color":"#FFFFFF","background_color_hover":"#3250e8","color_hover":"#FFFFFF","button_padding":{"md":"25px 60px 25px 60px","sm":"18px 40px 18px 40px","xs":"12px 30px 12px 30px"},"icon_position":"left","class":"","global_margin":{"md":"   ","sm":"   ","xs":"   "},"global_padding":{"md":"   ","sm":"   ","xs":"   "},"url":"#"},"htmlContent":"","assets":""}]}]},{"id":1591104350251,"visibility":true,"collapse":false,"settings":{"admin_label":"Call to Action 6","title":"","heading_selector":"h3","title_fontsize":"","title_fontweight":"","subtitle_fontsize":"","title_position":"sppb-text-center","columns_align_center":1,"fullscreen":0,"no_gutter":0,"padding":{"md":"150px 0px 120px 0px","sm":"100  100 ","xs":"60px  20px "},"margin":{"md":"0px 0px 0px 0px","sm":"   ","xs":"   "},"background_image":"https://sppagebuilder.com/sections/images/2017/10/24/group-3.png","background_parallax":0,"background_repeat":"no-repeat","background_size":"cover","background_attachment":"scroll","background_position":"0 0","background_video":0,"external_background_video":"0","show_top_shape":0,"shape_name":"clouds-flat","shape_color":"#e5e5e5","shape_width":{"md":100,"sm":100,"xs":100},"shape_height":"","shape_flip":false,"shape_invert":false,"shape_to_front":false,"show_bottom_shape":0,"bottom_shape_name":"clouds-opacity","bottom_shape_color":"#e5e5e5","bottom_shape_width":{"md":100,"sm":100,"xs":100},"bottom_shape_height":"","bottom_shape_flip":false,"bottom_shape_invert":false,"bottom_shape_to_front":false,"hidden_xs":"","hidden_sm":"","hidden_md":"","animationduration":"300","animationdelay":"0","background_color":"#ededed"},"layout":"12","columns":[{"id":1591104350295,"class_name":"col-md-12","visibility":true,"settings":{"background_image":"","background_repeat":"no-repeat","background_size":"cover","background_attachment":"scroll","background_position":"0 0","boxshadow":"0 0 0 0 #fff","sm_col":"","xs_col":"","hidden_xs":0,"hidden_sm":0,"hidden_md":0,"animationduration":"300","animationdelay":"0","padding":{"md":"   ","sm":"   ","xs":"   "}},"addons":[{"id":1591104350296,"name":"text_block","visibility":true,"settings":{"admin_label":"","title":"A Brief History Of Creation","heading_selector":"h2","title_fontsize":{"md":"50","sm":"36","xs":"28"},"title_lineheight":{"md":"52","sm":"48","xs":"36"},"title_fontstyle":"","title_letterspace":"0","title_fontweight":"","text":"She was bouncing away, when a cry from the two women, who had turned towards the bed, caused her to look round.","alignment":"sppb-text-center","text_fontsize":{"md":"18","sm":"","xs":""},"text_lineheight":{"md":"30","sm":"","xs":""},"dropcap":0,"class":"","title_text_color":"#464855","title_margin_top":{"md":"0","sm":"","xs":""},"title_margin_bottom":{"md":"22","sm":"","xs":"10"},"global_use_background":0,"global_user_border":0,"global_margin":{"md":"0px auto 0px auto","sm":"0px 0px 40px 0px","xs":"0px 0px 20px 0px"},"global_padding":{"md":"   ","sm":"   ","xs":"   "},"global_use_animation":0,"global_text_color":"rgba(70, 72, 85, 0.7)","use_global_width":1,"hidden_md":0,"hidden_sm":0,"hidden_xs":0,"title_font_style":{"weight":400},"global_width":{"md":"61","sm":"100","xs":"100"}}},{"id":1591104350297,"name":"optin_form","visibility":true,"settings":{"admin_label":"","title":"","heading_selector":"h3","title_fontsize":"","title_lineheight":"","title_letterspace":"0","title_fontweight":"","platform":"mailchimp","hide_name":0,"mailchimp_api":"6a57b4cfe5c69dae263c77e834405c23-us7","mailchimp_listid":"b34927d5e3","mailchimp_action":"subscribed","sendgrid_api":"","sendinblue_api":"","sendinblue_listid":"","madmimi_user":"","madmimi_api":"","madmimi_listname":"","grid":"","optin_type":"normal","optin_timein":2000,"optin_timeout":10000,"optin_width":"600","alignment":"sppb-text-left","form_inline":1,"custom_input":1,"custom_input_bgcolor":"#fff","custom_input_color":"#999","custom_input_borderless":1,"custom_input_border_side":"","custom_input_border_style":"","custom_input_padding":"15px 15px  ","media_type":"","alt_text":"","icon_name":"","icon_size":82,"media_position":"","content":"","button_text":"Subscribe","use_custom_button":1,"button_fontstyle":[],"button_letterspace":"0","button_type":"custom","button_appearance":"","button_background_color":"#4060FF","button_color":"#fff","button_background_color_hover":"rgba(64, 96, 255, 0.75)","button_color_hover":"#fff","class":"","button_padding":"8px 35px 8px 35px","global_use_background":0,"global_user_border":0,"global_margin":{"md":"   ","sm":"   ","xs":"   "},"global_padding":{"md":"0px 200px 0px 200px","sm":" 0  0","xs":" 0  0"},"global_use_animation":0,"use_global_width":1,"hidden_md":0,"hidden_sm":0,"hidden_xs":0,"global_width":{"md":"100","sm":"","xs":""},"global_use_overlay":0,"button_size":"lg","button_position":"sppb-text-center"}}]}]},{"id":1591104350252,"visibility":true,"collapse":false,"settings":{"admin_label":"Call to Action 7","title":"","heading_selector":"h3","title_fontsize":"","title_fontweight":"","subtitle_fontsize":"","title_position":"sppb-text-center","columns_align_center":1,"fullscreen":0,"no_gutter":0,"padding":{"md":"148px 0px 145px 0px","sm":"80px  80px ","xs":"50px  50px "},"margin":{"md":"0px 0px 0px 0px","sm":"   ","xs":"   "},"background_image":"https://sppagebuilder.com/sections/images/2017/10/25/felix-russell-saw-130815-2.png","background_parallax":0,"background_repeat":"no-repeat","background_size":"cover","background_attachment":"scroll","background_position":"50% 0","background_video":0,"external_background_video":"0","show_top_shape":0,"shape_name":"clouds-flat","shape_color":"#e5e5e5","shape_width":{"md":100,"sm":100,"xs":100},"shape_height":"","shape_flip":false,"shape_invert":false,"shape_to_front":false,"show_bottom_shape":0,"bottom_shape_name":"clouds-opacity","bottom_shape_color":"#e5e5e5","bottom_shape_width":{"md":100,"sm":100,"xs":100},"bottom_shape_height":"","bottom_shape_flip":false,"bottom_shape_invert":false,"bottom_shape_to_front":false,"hidden_xs":"","hidden_sm":"","hidden_md":"","animationduration":"300","animationdelay":"0","overlay":"rgba(0, 0, 0, 0.79)"},"layout":"5,2,5","columns":[{"id":1591104350299,"class_name":"col-md-5","visibility":true,"settings":{"background_image":"","background_repeat":"no-repeat","background_size":"cover","background_attachment":"scroll","background_position":"0 0","boxshadow":"0 0 0 0 #fff","sm_col":"","xs_col":"","hidden_xs":"","hidden_sm":"","hidden_md":"","animationduration":"300","animationdelay":"0"},"addons":[{"id":1591104350300,"name":"heading","visibility":true,"settings":{"admin_label":"","title":"Watch Now","heading_selector":"h2","use_link":0,"title_link":"","link_new_tab":"","title_fontsize":{"md":"40","sm":"","xs":"30"},"title_lineheight":{"md":"38","sm":"","xs":""},"title_letterspace":"0","title_margin":{"md":"0px 0px 0px 0px","sm":"   ","xs":"  30px "},"title_padding":{"md":"0px 0px 0px 0px","sm":"   ","xs":"   "},"alignment":"sppb-text-right","class":"","global_use_background":0,"global_user_border":0,"global_margin":{"md":"   ","sm":"   ","xs":"   "},"global_padding":{"md":"   ","sm":"   ","xs":"   "},"global_use_animation":0,"global_text_color":"#ffffff","title_font_style":{"weight":400}}}]},{"id":1591104350301,"class_name":"col-md-2","visibility":true,"settings":{},"addons":[{"id":1591104350302,"name":"icon","visibility":true,"settings":{"admin_label":"","name":"fa-play","link":"","size":{"md":"26","xs":"20"},"height":{"md":"120","xs":"60"},"width":{"md":"120","xs":"60"},"use_hover":0,"hover_effect":"zoom-in","alignment":"sppb-text-center","class":"","margin":{"md":"0px   ","sm":"  30px ","xs":"  30px "},"background":"#4060FF","border_radius":{"md":"100","sm":"","xs":""},"color":"#ffffff","use_global_width":0,"hidden_md":0,"hidden_sm":0,"hidden_xs":0,"global_use_background":0,"global_user_border":0,"global_margin":{"md":"   ","sm":"   ","xs":"   "},"global_padding":{"md":"   ","sm":"   ","xs":"   "},"global_use_animation":0,"global_use_overlay":1,"border_width":{"md":"0","sm":"","xs":"0"}}}]},{"id":1591104350303,"class_name":"col-md-5","visibility":true,"settings":{},"addons":[{"id":1591104350304,"name":"heading","visibility":true,"settings":{"admin_label":"","title":"She was bouncing away, when a cry\nfrom the two women,","heading_selector":"span","use_link":0,"title_link":"","link_new_tab":"","title_fontsize":{"md":"15","sm":"","xs":""},"title_lineheight":{"md":"25","sm":"","xs":""},"title_letterspace":"0","title_margin":{"md":"0px 0px 30px 0px","sm":"   ","xs":"   "},"title_padding":{"md":"0px 0px 0px 0px","sm":"   ","xs":"   "},"alignment":"sppb-text-left","class":"","global_use_background":0,"global_user_border":0,"global_margin":{"md":"   ","sm":"   ","xs":"   "},"global_padding":{"md":"   ","sm":"   ","xs":"   "},"global_use_animation":0,"global_text_color":"#ffffff","use_global_width":1,"hidden_md":0,"hidden_sm":0,"hidden_xs":0,"global_width":{"md":"58","sm":"","xs":""}}}]}]},{"id":1591104350253,"visibility":true,"collapse":false,"settings":{"admin_label":"Call to Action 8","title":"","heading_selector":"h3","title_fontsize":"","title_fontweight":"","subtitle_fontsize":"","title_position":"sppb-text-center","columns_align_center":0,"fullscreen":0,"no_gutter":0,"padding":{"md":"40px 0px 110px 0px","sm":"60px  80px ","xs":"50px  70px "},"margin":{"md":"0px 0px 0px 0px","sm":"   ","xs":"   "},"background_image":"","background_parallax":0,"background_repeat":"no-repeat","background_size":"cover","background_attachment":"fixed","background_position":"0 0","background_video":0,"external_background_video":"0","show_top_shape":0,"shape_name":"clouds-flat","shape_color":"#e5e5e5","shape_width":{"md":100,"sm":100,"xs":100},"shape_height":"","shape_flip":false,"shape_invert":false,"shape_to_front":false,"show_bottom_shape":0,"bottom_shape_name":"clouds-opacity","bottom_shape_color":"#e5e5e5","bottom_shape_width":{"md":100,"sm":100,"xs":100},"bottom_shape_height":"","bottom_shape_flip":false,"bottom_shape_invert":false,"bottom_shape_to_front":false,"hidden_xs":"","hidden_sm":"","hidden_md":"","animationduration":"300","animationdelay":"0"},"layout":"12","columns":[{"id":1591104350306,"class_name":"col-md-12","visibility":true,"settings":{"background_image":"","background_repeat":"no-repeat","background_size":"cover","background_attachment":"scroll","background_position":"0 0","boxshadow":"0 0 0 0 #fff","sm_col":"","xs_col":"","hidden_xs":"","hidden_sm":"","hidden_md":"","animationduration":"300","animationdelay":"0"},"addons":[{"id":1591104350307,"name":"icon","visibility":true,"settings":{"admin_label":"","name":"fa-yelp","link":"","size":{"md":"60"},"height":{"md":"65"},"width":{"md":"65"},"use_hover":0,"hover_effect":"zoom-in","alignment":"sppb-text-center","class":"","margin":{"md":"   ","sm":"   ","xs":"   "},"background":"rgba(144, 96, 96, 0)","border_radius":{"md":"0","sm":"","xs":""},"color":"#F4F7F9","use_global_width":0,"hidden_md":0,"hidden_sm":0,"hidden_xs":0,"global_use_background":0,"global_user_border":0,"global_margin":{"md":"   ","sm":"   ","xs":"   "},"global_padding":{"md":"   ","sm":"   ","xs":"   "},"global_use_animation":0,"global_use_overlay":1,"border_width":{"md":"0","sm":"","xs":""}}},{"id":1591104350308,"name":"heading","visibility":true,"settings":{"admin_label":"","title":"Choosing the best Audio Player Software for your computer","heading_selector":"h2","use_link":0,"title_link":"","link_new_tab":"","title_fontsize":{"md":"36","sm":"","xs":""},"title_lineheight":{"md":"49","sm":"","xs":""},"title_letterspace":"0","title_margin":{"md":"0px 0px  0px","sm":"   ","xs":"   "},"title_padding":{"md":"30px 0px 10px 0px","sm":"   ","xs":"   "},"alignment":"sppb-text-center","class":"","global_use_background":0,"global_user_border":0,"global_margin":{"md":" auto  auto","sm":"   ","xs":"   "},"global_padding":{"md":"   ","sm":"   ","xs":"   "},"global_use_animation":0,"global_text_color":"#464855","title_font_style":{"weight":400},"use_global_width":1,"hidden_md":0,"hidden_sm":0,"hidden_xs":0,"global_width":{"md":"66","sm":"","xs":""}}},{"id":1591104350309,"name":"button_group","visibility":true,"settings":{"admin_label":"","alignment":"sppb-text-center","margin":{"md":"10","sm":"8","xs":"5"},"class":"","sp_button_group_item":[{"title":"Learn More","fontstyle":["uppercase"],"letterspace":"1px","url":"#","type":"custom","appearance":"","background_color":"#4060FF","color":"#ffffff","background_color_hover":"rgba(64,96,255, .9)","color_hover":"#ffffff","size":"sm","button_padding":{"md":"15px 30px 15px 30px","sm":"10px 20px 10px 20px","xs":"8px 12px 8px 12px"},"shape":"rounded","block":"","icon":"","icon_position":"left","target":""},{"title":"Purchase Now","fontstyle":["uppercase"],"letterspace":"0","url":"#","type":"custom","appearance":"outline","background_color":"#4060FF","color":"#4060FF","background_color_hover":"#4060FF","color_hover":"#fff","size":"sm","button_padding":{"md":"15px 30px 15px 30px","sm":"10px 20px 10px 20px","xs":"8px 12px 8px 12px"},"shape":"rounded","block":"","icon":"","icon_position":"left","target":""}],"global_options":"","global_text_color":"","global_link_color":"","global_link_hover_color":"","global_use_background":0,"global_background_color":"","global_background_image":"","global_background_repeat":"no-repeat","global_background_size":"cover","global_background_attachment":"inherit","global_user_border":0,"global_border_width":"","global_border_color":"","global_boder_style":"none","global_border_radius":"","global_margin":{"md":"32px 0 0 0","sm":"   ","xs":"   "},"global_padding":{"md":"   ","sm":"   ","xs":"   "},"global_boxshadow":"","global_use_animation":1,"global_animation":"fadeInUp","global_animationduration":"","global_animationdelay":"200","hidden_md":"0","hidden_sm":"0","hidden_xs":"0","acl":null}}]}]},{"id":1591104350254,"visibility":true,"collapse":false,"settings":{"admin_label":"Call to Action 9","title":"","heading_selector":"h3","title_fontsize":"","title_fontweight":"","subtitle_fontsize":"","title_position":"sppb-text-center","columns_align_center":1,"fullscreen":0,"no_gutter":0,"padding":{"md":"95px 0px 130px 0px","sm":"60px  20px ","xs":"30px  20px "},"margin":{"md":"0px 0px 0px 0px","sm":"   ","xs":"   "},"background_image":"","background_parallax":0,"background_repeat":"no-repeat","background_size":"cover","background_attachment":"fixed","background_position":"0 0","background_video":0,"external_background_video":"0","show_top_shape":0,"shape_name":"clouds-flat","shape_color":"#e5e5e5","shape_width":{"md":100,"sm":100,"xs":100},"shape_height":"","shape_flip":false,"shape_invert":false,"shape_to_front":false,"show_bottom_shape":0,"bottom_shape_name":"clouds-opacity","bottom_shape_color":"#e5e5e5","bottom_shape_width":{"md":100,"sm":100,"xs":100},"bottom_shape_height":"","bottom_shape_flip":false,"bottom_shape_invert":false,"bottom_shape_to_front":false,"hidden_xs":"","hidden_sm":"","hidden_md":"","animationduration":"300","animationdelay":"0"},"layout":"6,6","columns":[{"id":1591104350311,"class_name":"col-md-6","visibility":true,"settings":{"background_image":"","background_repeat":"no-repeat","background_size":"cover","background_attachment":"scroll","background_position":"0 0","boxshadow":"0 0 0 0 #fff","sm_col":"","xs_col":"","hidden_xs":"","hidden_sm":"","hidden_md":"","animationduration":"300","animationdelay":"0"},"addons":[{"id":1591104350312,"name":"text_block","visibility":true,"settings":{"admin_label":"","title":"The Idea Of Time Is Not Henceforth Relevant","heading_selector":"h2","title_fontsize":{"md":"50","sm":"35","xs":"25"},"title_lineheight":{"md":"67","sm":"","xs":"32"},"title_letterspace":"0","title_fontweight":"","text":"Looking cautiously round, to ascer-tain that they were not overheard, the two hags cowered nearer to the fire. She was bouncing away, when a cry from the two women.","alignment":"","text_fontsize":{"md":"18","sm":"","xs":""},"text_lineheight":{"md":"27","sm":"","xs":""},"dropcap":0,"class":"","global_use_background":0,"global_user_border":0,"global_margin":{"md":"   ","sm":"   ","xs":"   "},"global_padding":{"md":"   ","sm":"   ","xs":"   "},"global_use_animation":0,"global_text_color":"rgba(70, 72, 85, 0.7)","title_text_color":"#464855","title_margin_bottom":{"md":"20","sm":"","xs":""}}},{"id":1591104350313,"name":"button","visibility":true,"settings":{"admin_label":"","text":"Learn More","alignment":"sppb-text-left","letterspace":"0","type":"custom","appearance":"flat","background_color":"#4060FF","color":"#FFFFFF","background_color_hover":"rgba(64, 96, 255, 0.9)","color_hover":"#FFFFFF","button_padding":{"md":"15px 40px 15px 40px","sm":"   ","xs":"   "},"icon_position":"left","class":"","font_style":{"weight":400},"global_use_background":0,"global_user_border":0,"global_margin":{"md":"30px   ","sm":"   ","xs":"   "},"global_padding":{"md":"   ","sm":"   ","xs":"   "},"global_use_animation":0,"use_global_width":0,"hidden_md":0,"hidden_sm":0,"hidden_xs":0}}]},{"id":1591104350314,"class_name":"col-md-6","visibility":true,"settings":{},"addons":[{"id":1591104350315,"name":"image","visibility":true,"settings":{"admin_label":"","title":"","heading_selector":"h3","title_fontsize":"","title_lineheight":"","title_letterspace":"0","image":"https://sppagebuilder.com/sections/images/2017/10/27/desktop-mobile.png","border_radius":0,"alt_text":"Image","position":"sppb-text-center","open_lightbox":0,"overlay_color":"rgba(119, 219, 31, .5)","link":"","class":"","global_use_background":0,"global_user_border":0,"global_margin":{"md":" -310px  ","sm":"0px 0px 0px 0px","xs":" 0  "},"global_padding":{"md":"70px   ","sm":"   ","xs":"   "},"global_use_animation":0}}]}]},{"id":1591104350255,"visibility":true,"collapse":false,"settings":{"admin_label":"Call to Action 10","title":"","heading_selector":"h3","title_fontsize":"","title_fontweight":"","subtitle_fontsize":"","title_position":"sppb-text-center","columns_align_center":1,"fullscreen":0,"no_gutter":0,"padding":{"md":"152px 0px 152px 0px","sm":"100px  100px ","xs":"50px  50px "},"margin":{"md":"0px 0px 0px 0px","sm":"   ","xs":"   "},"background_image":"https://sppagebuilder.com/sections/images/2017/10/25/call-to-action.jpg","background_parallax":0,"background_repeat":"no-repeat","background_size":"cover","background_attachment":"scroll","background_position":"50% 50%","background_video":0,"external_background_video":"0","show_top_shape":0,"shape_name":"clouds-flat","shape_color":"#e5e5e5","shape_width":{"md":100,"sm":100,"xs":100},"shape_height":"","shape_flip":false,"shape_invert":false,"shape_to_front":false,"show_bottom_shape":0,"bottom_shape_name":"clouds-opacity","bottom_shape_color":"#e5e5e5","bottom_shape_width":{"md":100,"sm":100,"xs":100},"bottom_shape_height":"","bottom_shape_flip":false,"bottom_shape_invert":false,"bottom_shape_to_front":false,"hidden_xs":"","hidden_sm":"","hidden_md":"","animationduration":"300","animationdelay":"0","overlay":"rgba(0, 0, 0, 0.2)"},"layout":"12","columns":[{"id":1591104350317,"class_name":"col-md-12","visibility":true,"settings":{"background_image":"","background_repeat":"no-repeat","background_size":"cover","background_attachment":"scroll","background_position":"0 0","boxshadow":"0 0 0 0 #fff","sm_col":"","xs_col":"","hidden_xs":"","hidden_sm":"","hidden_md":"","animationduration":"300","animationdelay":"0"},"addons":[{"id":1591104350318,"name":"heading","visibility":true,"settings":{"admin_label":"","title":"Book Your Apartment","heading_selector":"div","use_link":0,"title_link":"","link_new_tab":"","title_fontsize":{"md":"15","sm":"","xs":""},"title_lineheight":{"md":"25","sm":"","xs":""},"title_letterspace":"0","title_margin":{"md":"0px 0px 0px 0px","sm":"   ","xs":"   "},"title_padding":{"md":"0px 0px 0px 0px","sm":"   ","xs":"   "},"alignment":"sppb-text-center","class":"","global_use_background":0,"global_user_border":0,"global_margin":{"md":"   ","sm":"   ","xs":"   "},"global_padding":{"md":"   ","sm":"   ","xs":"   "},"global_use_animation":0,"global_text_color":"#ffffff"}},{"id":1591104350319,"name":"heading","visibility":true,"settings":{"admin_label":"","title":"Call Us Now: 1-900-222-1234","heading_selector":"h2","use_link":0,"title_link":"","link_new_tab":"","title_fontsize":{"md":"40","sm":"","xs":"30"},"title_lineheight":{"md":"50","sm":"","xs":""},"title_letterspace":"0","title_margin":{"md":"20px 0px 30px 0px","sm":"   ","xs":"   "},"title_padding":{"md":"0px 0px 0px 0px","sm":"   ","xs":"   "},"alignment":"sppb-text-center","class":"","global_use_background":0,"global_user_border":0,"global_margin":{"md":"   ","sm":"   ","xs":"   "},"global_padding":{"md":"   ","sm":"   ","xs":"   "},"global_use_animation":0,"global_text_color":"#ffffff","title_font_style":{"weight":400}}}]}]},{"id":1591104350256,"visibility":true,"collapse":false,"settings":{"admin_label":"Call to Action 11","title":"","heading_selector":"h3","title_fontsize":"","title_fontweight":"","subtitle_fontsize":"","title_position":"sppb-text-center","columns_align_center":1,"fullscreen":0,"no_gutter":0,"padding":{"md":"100px 0px 108px 0px","sm":"100px  100px ","xs":"60px  60px "},"margin":{"md":"0px 0px 0px 0px","sm":"   ","xs":"   "},"background_image":"https://sppagebuilder.com/sections/images/2017/10/25/call-to-action-08.png","background_parallax":0,"background_repeat":"no-repeat","background_size":"cover","background_attachment":"scroll","background_position":"50% 50%","background_video":0,"external_background_video":"0","show_top_shape":0,"shape_name":"clouds-flat","shape_color":"#e5e5e5","shape_width":{"md":100,"sm":100,"xs":100},"shape_height":"","shape_flip":false,"shape_invert":false,"shape_to_front":false,"show_bottom_shape":0,"bottom_shape_name":"clouds-opacity","bottom_shape_color":"#e5e5e5","bottom_shape_width":{"md":100,"sm":100,"xs":100},"bottom_shape_height":"","bottom_shape_flip":false,"bottom_shape_invert":false,"bottom_shape_to_front":false,"hidden_xs":0,"hidden_sm":0,"hidden_md":0,"animationduration":"300","animationdelay":"0"},"layout":"12","columns":[{"id":1591104350321,"class_name":"col-md-12","visibility":true,"settings":{"background_image":"","background_repeat":"no-repeat","background_size":"cover","background_attachment":"scroll","background_position":"0 0","boxshadow":"0 0 0 0 #fff","sm_col":"","xs_col":"","hidden_xs":"","hidden_sm":"","hidden_md":"","animationduration":"300","animationdelay":"0"},"addons":[{"id":1591104350322,"name":"text_block","visibility":true,"settings":{"admin_label":"","title":"","heading_selector":"h3","title_fontsize":"","title_lineheight":"","title_letterspace":"0","title_fontweight":"","text":"Pre-Book Section","alignment":"sppb-text-center","text_fontsize":{"md":"15","sm":"","xs":""},"text_lineheight":{"md":"25","sm":"","xs":""},"dropcap":0,"class":"","global_use_background":0,"global_user_border":0,"global_margin":{"md":"   ","sm":"   ","xs":"   "},"global_padding":{"md":"   ","sm":"   ","xs":"   "},"global_use_animation":0,"global_text_color":"#ffffff"}},{"id":1591104350323,"name":"text_block","visibility":true,"settings":{"admin_label":"","title":"Book Your Tickets Now!","heading_selector":"h3","title_fontsize":{"md":"40","sm":"","xs":"24"},"title_lineheight":{"md":"55","sm":"","xs":""},"title_letterspace":"0","title_fontweight":"","text":"","alignment":"sppb-text-center","text_fontsize":{"md":"15","sm":"","xs":""},"text_lineheight":{"md":"25","sm":"","xs":""},"dropcap":0,"class":"","global_use_background":0,"global_user_border":0,"global_margin":{"md":"   ","sm":"   ","xs":"   "},"global_padding":{"md":"   ","sm":"   ","xs":"   "},"global_use_animation":0,"title_margin_bottom":{"md":"40","sm":"","xs":""},"title_margin_top":{"md":"20","sm":"","xs":""},"title_text_color":"#ffffff"}},{"id":1591104350324,"name":"button","visibility":true,"settings":{"admin_label":"","text":"Book Now","alignment":"sppb-text-center","letterspace":"0","type":"custom","appearance":"flat","background_color":"#4060FF","color":"#FFFFFF","background_color_hover":"rgba(64, 96, 255, 0.9)","color_hover":"#FFFFFF","button_padding":{"md":"15px 40px 15px 40px","sm":"   ","xs":"   "},"icon_position":"left","class":"","font_style":{"weight":400},"global_use_background":0,"global_user_border":0,"global_margin":{"md":"   ","sm":"   ","xs":"   "},"global_padding":{"md":"   ","sm":"   ","xs":"   "},"global_use_animation":0,"use_global_width":0,"hidden_md":0,"hidden_sm":0,"hidden_xs":0}}]}]},{"id":1591104350257,"visibility":true,"collapse":false,"settings":{"admin_label":"Call to Action 12","title":"","heading_selector":"h3","title_fontsize":"","title_fontweight":"","subtitle_fontsize":"","title_position":"sppb-text-center","columns_align_center":0,"fullscreen":0,"no_gutter":0,"padding":{"md":"240px 0px 240px 0px","sm":"100px  100px ","xs":"50px  50px "},"margin":{"md":"0px 0px 0px 0px","sm":"   ","xs":"   "},"background_image":"https://sppagebuilder.com/sections/images/2017/10/25/call-to-action-09.jpg","background_parallax":0,"background_repeat":"no-repeat","background_size":"cover","background_attachment":"scroll","background_position":"50% 50%","background_video":0,"external_background_video":"0","show_top_shape":0,"shape_name":"clouds-flat","shape_color":"#e5e5e5","shape_width":{"md":100,"sm":100,"xs":100},"shape_height":"","shape_flip":false,"shape_invert":false,"shape_to_front":false,"show_bottom_shape":0,"bottom_shape_name":"clouds-opacity","bottom_shape_color":"#e5e5e5","bottom_shape_width":{"md":100,"sm":100,"xs":100},"bottom_shape_height":"","bottom_shape_flip":false,"bottom_shape_invert":false,"bottom_shape_to_front":false,"hidden_xs":"","hidden_sm":"","hidden_md":"","animationduration":"300","animationdelay":"0"},"layout":"12","columns":[{"id":1591104350326,"class_name":"col-md-12","visibility":true,"settings":{"background_image":"","background_repeat":"no-repeat","background_size":"cover","background_attachment":"scroll","background_position":"0 0","boxshadow":"0 0 0 0 #fff","sm_col":"","xs_col":"","hidden_xs":"","hidden_sm":"","hidden_md":"","animationduration":"300","animationdelay":"0"},"addons":[{"id":1591104350327,"name":"heading","visibility":true,"settings":{"admin_label":"","title":"Choosing the best Audio Player Software for your computer","heading_selector":"h2","use_link":0,"title_link":"","link_new_tab":"","title_fontsize":{"md":"36","sm":"","xs":"25"},"title_lineheight":{"md":"49","sm":"","xs":"40"},"title_letterspace":"0","title_margin":{"md":"0px 0px 20px 0px","sm":"   ","xs":"   "},"title_padding":{"md":"0px 0px 0px 0px","sm":"   ","xs":"   "},"alignment":"sppb-text-center","class":"","global_use_background":0,"global_user_border":0,"global_margin":{"md":" auto  auto","sm":"   ","xs":"   "},"global_padding":{"md":"   ","sm":"   ","xs":"   "},"global_use_animation":0,"global_text_color":"#464855","use_global_width":1,"hidden_md":0,"hidden_sm":0,"hidden_xs":0,"global_width":{"md":"74","sm":"","xs":""}}},{"id":1591104350328,"name":"button_group","visibility":true,"settings":{"admin_label":"","alignment":"sppb-text-center","margin":{"md":"10","sm":"8","xs":"5"},"class":"","sp_button_group_item":[{"title":"Learn More","fontstyle":["uppercase"],"letterspace":"1px","url":"#","type":"custom","appearance":"","background_color":"#4060FF","color":"#ffffff","background_color_hover":"rgba(64,96,255, .9)","color_hover":"#ffffff","size":"sm","button_padding":{"md":"15px 30px 15px 30px","sm":"10px 20px 10px 20px","xs":"8px 12px 8px 12px"},"shape":"rounded","block":"","icon":"","icon_position":"left","target":""},{"title":"Purchase Now","fontstyle":["uppercase"],"letterspace":"0","url":"#","type":"custom","appearance":"outline","background_color":"#4060FF","color":"#4060FF","background_color_hover":"#4060FF","color_hover":"#fff","size":"sm","button_padding":{"md":"15px 30px 15px 30px","sm":"10px 20px 10px 20px","xs":"8px 12px 8px 12px"},"shape":"rounded","block":"","icon":"","icon_position":"left","target":""}],"global_options":"","global_text_color":"","global_link_color":"","global_link_hover_color":"","global_use_background":0,"global_background_color":"","global_background_image":"","global_background_repeat":"no-repeat","global_background_size":"cover","global_background_attachment":"inherit","global_user_border":0,"global_border_width":"","global_border_color":"","global_boder_style":"none","global_border_radius":"","global_margin":{"md":"32px 0 0 0","sm":"   ","xs":"   "},"global_padding":{"md":"   ","sm":"   ","xs":"   "},"global_boxshadow":"","global_use_animation":1,"global_animation":"fadeInUp","global_animationduration":"","global_animationdelay":"200","hidden_md":"0","hidden_sm":"0","hidden_xs":"0","acl":null}}]}]},{"id":1591104350258,"visibility":true,"collapse":false,"settings":{"padding":{"md":"30px 0px 30px 0px","sm":"   ","xs":"   "},"margin":{"md":"   ","sm":"   ","xs":"   "},"columns_equal_height":1,"columns_align_center":1,"fullscreen":0,"no_gutter":0,"background_parallax":0,"background_video":0,"background_color":"#ffffff","color":"","show_top_shape":0,"show_bottom_shape":0,"hidden_xs":0,"hidden_sm":0,"hidden_md":0,"admin_label":"Call to Action 13"},"layout":"9,3","columns":[{"id":1591104350330,"class_name":"col-md-9","visibility":true,"settings":{},"addons":[{"id":1591104350331,"name":"heading","visibility":true,"settings":{"admin_label":"","title":"Spectrum Is A Fully Responsive, Clean & Multipurpose Theme To Build\nStunning Modern & Future Proof Websites.","heading_selector":"div","use_link":0,"title_link":"","link_new_tab":"","title_fontsize":{"md":"18","sm":"","xs":""},"title_lineheight":{"md":"30","sm":"","xs":""},"title_letterspace":"0","title_margin":{"md":"0px 0px 0px 0px","sm":"   ","xs":"   "},"title_padding":{"md":"0px 0px 0px 0px","sm":"   ","xs":"   "},"alignment":"sppb-text-left","class":"","title_font_style":{"weight":400},"global_use_background":0,"global_user_border":0,"global_margin":{"md":"   95px","sm":"  30px 0","xs":"   "},"global_padding":{"md":"   ","sm":"   ","xs":"   "},"global_use_animation":0,"global_text_color":"#7d7e88","use_global_width":1,"hidden_md":0,"hidden_sm":0,"hidden_xs":0,"global_width":{"md":"78","sm":"","xs":""}}}]},{"id":1591104350332,"class_name":"col-md-3","visibility":true,"settings":{},"addons":[{"id":1591104350333,"name":"button","visibility":true,"settings":{"admin_label":"","text":"Learn More","alignment":"sppb-text-left","letterspace":"0","type":"custom","appearance":"flat","background_color":"#4060FF","color":"#FFFFFF","background_color_hover":"rgba(64, 96, 255, 0.9)","color_hover":"#FFFFFF","button_padding":{"md":"15px 40px 15px 40px","sm":"   ","xs":"   "},"icon_position":"left","class":"","font_style":{"weight":400},"global_use_background":0,"global_user_border":0,"global_margin":{"md":"   ","sm":"   ","xs":"   "},"global_padding":{"md":"   ","sm":"   ","xs":"   "},"global_use_animation":0,"use_global_width":0,"hidden_md":0,"hidden_sm":0,"hidden_xs":0}}]}]},{"id":1591104350259,"visibility":true,"collapse":false,"settings":{"padding":{"md":"46px 0px 46px 0px","sm":"   ","xs":"   "},"margin":{"md":"   ","sm":"   ","xs":"   "},"columns_equal_height":1,"columns_align_center":1,"fullscreen":0,"no_gutter":0,"background_parallax":0,"background_video":0,"background_color":"#fff","color":"","show_top_shape":0,"show_bottom_shape":0,"hidden_xs":0,"hidden_sm":0,"hidden_md":0,"admin_label":"Call to Action 14"},"layout":"12","columns":[{"id":1591104350335,"class_name":"col-md-12","visibility":true,"settings":{},"addons":[{"id":1591104350336,"type":"inner_row","settings":{"padding":{"md":"60px 95px 60px 95px","sm":"   ","xs":"20px 20px 20px 20px"},"margin":{"md":"0px 0px 0px 0px","sm":"   ","xs":"   "},"background_parallax":0,"background_video":0,"show_top_shape":0,"show_bottom_shape":0,"background_color":"#f3f5fb","columns_align_center":1,"fullscreen":0,"no_gutter":0},"layout":"8,4","visibility":true,"columns":[{"id":1591104350337,"class_name":"col-md-8","visibility":true,"settings":{},"addons":[{"id":1591104350338,"name":"text_block","visibility":true,"settings":{"admin_label":"","title":"","heading_selector":"h3","title_fontsize":{"md":"18","sm":"32","xs":"24"},"title_lineheight":{"md":"25","sm":"36","xs":"32"},"title_fontstyle":["bold"],"title_letterspace":"0","title_fontweight":"","text":"<div>Spectrum Is A Fully Responsive, Clean &amp; Multipurpose Theme To Build Stunning Modern &amp; Future Proof Websites.</div>","alignment":"sppb-text-left","text_fontsize":{"md":"18","sm":"","xs":"16"},"text_lineheight":{"md":"30","sm":"","xs":"24"},"dropcap":0,"class":"","global_use_background":0,"global_user_border":0,"global_margin":{"md":"0 0 0 0","sm":"   ","xs":"0px auto 30px auto"},"global_padding":{"md":"   ","sm":"   ","xs":" 30px  30px"},"global_use_animation":0,"global_text_color":"#7D7E88","title_text_color":"#7D7E88","title_font_style":{"weight":400},"use_global_width":0,"hidden_md":0,"hidden_sm":0,"hidden_xs":0,"global_use_overlay":0}}]},{"id":1591104350339,"class_name":"col-md-4","visibility":true,"settings":{},"addons":[{"id":1591104350340,"name":"button","visibility":true,"settings":{"admin_label":"","text":"Learn More","alignment":"sppb-text-right","fontstyle":["bold"],"letterspace":"0","type":"custom","appearance":"flat","background_color":"#4060FF","color":"#FFFFFF","background_color_hover":"#3b57e4","color_hover":"#FFFFFF","button_padding":{"md":"18px 35px 18px 35px","sm":"20px 50px 20px 50px","xs":"15px 25px 15px 25px"},"icon_position":"left","class":"","block":"","global_use_background":0,"global_user_border":0,"global_margin":{"md":" 0px  ","sm":"40px 0px  ","xs":" 0  "},"global_padding":{"md":"   ","sm":"   ","xs":"   "},"global_use_animation":0,"use_global_width":0,"hidden_md":0,"hidden_sm":0,"hidden_xs":0,"font_style":{"weight":400}}}]}]}]}]}]