[{"id":1591106735792,"visibility":true,"collapse":false,"settings":{"padding":{"md":"70px 0px 70px 0px","sm":"   ","xs":"   "},"margin":{"md":"0px 0px 0px 0px","sm":"   ","xs":"   "},"columns_equal_height":0,"columns_align_center":0,"fullscreen":0,"no_gutter":0,"background_parallax":0,"background_video":0,"admin_label":"Contacts 1"},"layout":"12,6,6","columns":[{"id":1591106735802,"class_name":"col-md-12","visibility":true,"settings":{},"addons":[{"id":1591106735803,"name":"text_block","visibility":true,"settings":{"admin_label":"","title":"Contact Form","heading_selector":"h2","title_fontsize":{"md":"48","sm":"36","xs":"28"},"title_lineheight":{"md":"72","sm":"48","xs":"36"},"title_fontstyle":"","title_letterspace":"0","title_fontweight":"","text":"She was bouncing away, when a cry from the two women, who had turned<br class=\"sppb-hidden-xs\" />towards the bed, caused her to look round.","alignment":"sppb-text-center","text_fontsize":{"md":"18","sm":"","xs":""},"text_lineheight":{"md":"28","sm":"","xs":""},"dropcap":0,"class":"","title_text_color":"#464855","title_margin_top":{"md":"0","sm":"","xs":""},"title_margin_bottom":{"md":"20","sm":"","xs":""},"global_use_background":0,"global_user_border":0,"global_margin":{"md":"0px 0px 50px 0px","sm":"0px 0px 50px 0px","xs":"0px 0px 30px 0px"},"global_padding":{"md":"   ","sm":"   ","xs":"   "},"global_use_animation":0,"global_text_color":"rgba(70, 72, 85, 0.8)","use_global_width":0,"hidden_md":0,"hidden_sm":0,"hidden_xs":0}},{"id":1591106735804,"name":"gmap","visibility":true,"settings":{"admin_label":"","title":"","heading_selector":"h3","title_fontsize":"","title_lineheight":"","title_fontstyle":"","title_letterspace":"0","title_fontweight":"","map":"23.755349,90.375961","height":{"md":"400"},"type":"ROADMAP","zoom":"18","mousescroll":"false","class":"","global_margin":{"md":"0px 0px 50px 0px","sm":"0px 0px 50px 0px","xs":"0px 0px 30px 0px"},"global_padding":{"md":"10px 10px 10px 10px","sm":"   ","xs":"   "},"use_global_width":0,"hidden_md":0,"hidden_sm":0,"hidden_xs":0,"global_use_background":1,"global_user_border":0,"global_use_animation":0,"global_background_color":"#fdfdfd","global_boxshadow":"0 0 10px 0 #d4d4d4","global_border_radius":{"md":"","sm":"","xs":""}}}]},{"id":1591106735805,"class_name":"col-md-6","visibility":true,"settings":{"background_image":"","background_repeat":"no-repeat","background_size":"cover","background_attachment":"scroll","background_position":"0 0","boxshadow":"0 0 0 0 #fff","sm_col":"","xs_col":"","hidden_xs":"","hidden_sm":"","hidden_md":"","animationduration":"300","animationdelay":"0","padding":{"md":"   ","sm":"   ","xs":"   "}},"addons":[{"id":1591106735806,"name":"ajax_contact","visibility":true,"settings":{"admin_label":"","title":"","heading_selector":"h3","title_fontsize":"","title_lineheight":"","title_fontstyle":"","title_letterspace":"0","recipient_email":"email@yourdomain.com","from_name":"","from_email":"","formcaptcha":1,"captcha_type":"default","captcha_question":"3 + 4 = ?","captcha_answer":"7","use_custom_button":0,"button_text":"Send Message","button_fontstyle":["uppercase"],"button_letterspace":"0","button_type":"success","button_appearance":"flat","button_background_color":"#444444","button_color":"#fff","button_background_color_hover":"#222","button_color_hover":"#fff","class":"","global_use_background":0,"global_user_border":0,"global_margin":{"md":"0px 50px 0px 0px","sm":"0px 0px 0px 0px","xs":"0px 0px 0px 0px"},"global_padding":{"md":"   ","sm":"   ","xs":"   "},"global_use_animation":0,"use_global_width":0,"hidden_md":0,"hidden_sm":0,"hidden_xs":0}}]},{"id":1591106735807,"class_name":"col-md-6","visibility":true,"settings":{"background_image":"","background_repeat":"no-repeat","background_size":"cover","background_attachment":"scroll","background_position":"0 0","boxshadow":"0 0 0 0 #fff","sm_col":"","xs_col":"","hidden_xs":"","hidden_sm":"","hidden_md":"","animationduration":"300","animationdelay":"0","padding":{"md":"   ","sm":"   ","xs":"   "},"background":""},"addons":[{"id":1591106735808,"name":"feature","visibility":true,"settings":{"admin_label":"","title":"Address","heading_selector":"h3","title_position":"left","title_fontsize":{"md":"18"},"title_lineheight":{"md":"24"},"title_fontstyle":"","title_letterspace":"0","title_text_color":"#4A4A4A","title_url":"","url_appear":"title","feature_type":"icon","feature_image":"","icon_name":"fa-map-marker","icon_size":{"md":"48"},"icon_color":"rgba(70, 72, 85, 0.8)","text":"3601 Timber Creek Dr NW, Comstock Park, MI, 49321, United Kingdom","text_fontsize":{"md":"16","sm":"","xs":""},"text_lineheight":{"md":"26","sm":"","xs":""},"alignment":"sppb-text-left","class":"","icon_padding":{"md":"   ","sm":"   ","xs":"   "},"global_use_background":0,"global_user_border":0,"global_margin":{"md":"0px 0px 50px 50px","sm":"50px 0px 50px 0px","xs":"30px 0px 30px 0px"},"global_padding":{"md":"   ","sm":"   ","xs":"   "},"global_use_animation":0,"global_text_color":"rgba(70, 72, 85, 0.8)"}},{"id":1591106735809,"name":"feature","visibility":true,"settings":{"admin_label":"","title":"Email Address","heading_selector":"h3","title_position":"left","title_fontsize":{"md":"18"},"title_lineheight":{"md":"24"},"title_fontstyle":"","title_letterspace":"0","title_text_color":"#4A4A4A","title_url":"","url_appear":"title","feature_type":"icon","feature_image":"","icon_name":"fa-envelope-o","icon_size":{"md":"48"},"icon_color":"rgba(70, 72, 85, 0.8)","text":"support@rhino.com<br />Info@rhino.com","text_fontsize":{"md":"16","sm":"","xs":""},"text_lineheight":{"md":"26","sm":"","xs":""},"alignment":"sppb-text-left","class":"","icon_padding":{"md":"   ","sm":"   ","xs":"   "},"global_use_background":0,"global_user_border":0,"global_margin":{"md":"0px 0px 50px 50px","sm":"0px 0px 50px 0px","xs":"0px 0px 30px 0px"},"global_padding":{"md":"   ","sm":"   ","xs":"   "},"global_use_animation":0,"global_text_color":"rgba(70, 72, 85, 0.8)"}},{"id":1591106735810,"name":"feature","visibility":true,"settings":{"admin_label":"","title":"Phone Number","heading_selector":"h3","title_position":"left","title_fontsize":{"md":"18"},"title_lineheight":{"md":"24"},"title_fontstyle":"","title_letterspace":"0","title_text_color":"#4A4A4A","title_url":"","url_appear":"title","feature_type":"icon","feature_image":"","icon_name":"fa-phone","icon_size":{"md":"48"},"icon_color":"rgba(70, 72, 85, 0.8)","text":"Support: +123 456 789<br />Sales: +098 765 4321","text_fontsize":{"md":"16","sm":"","xs":""},"text_lineheight":{"md":"26","sm":"","xs":""},"alignment":"sppb-text-left","class":"","icon_padding":{"md":"   ","sm":"   ","xs":"   "},"global_use_background":0,"global_user_border":0,"global_margin":{"md":"0px 0px 0px 50px","sm":"0px 0px 0px 0px","xs":"0px 0px 0px 0px"},"global_padding":{"md":"   ","sm":"   ","xs":"   "},"global_use_animation":0,"global_text_color":"rgba(70, 72, 85, 0.8)"}}]}]},{"id":1591106735793,"visibility":true,"collapse":false,"settings":{"padding":{"md":"100px 0px 100px 0px","sm":"   ","xs":"30px 0px 30px 0px"},"margin":{"md":"0px 0px 0px 0px","sm":"   ","xs":"   "},"columns_equal_height":0,"columns_align_center":0,"fullscreen":0,"no_gutter":0,"background_parallax":0,"background_video":0,"background_color":"#f5f5f5","admin_label":"Contacts 2"},"layout":"4,8,12","columns":[{"id":1591106735812,"class_name":"col-md-4","visibility":true,"settings":{"background_image":"","background_repeat":"no-repeat","background_size":"cover","background_attachment":"scroll","background_position":"0 0","boxshadow":"0 0 0 0 #fff","sm_col":"col-sm-4","xs_col":"","hidden_xs":0,"hidden_sm":0,"hidden_md":0,"animationduration":"300","animationdelay":"0","padding":{"md":"   ","sm":"   ","xs":"   "}},"addons":[{"id":1591106735813,"name":"text_block","visibility":true,"settings":{"admin_label":"","title":"Contact Form","heading_selector":"h3","title_fontsize":{"md":"18","sm":"","xs":""},"title_lineheight":{"md":"26","sm":"","xs":""},"title_fontstyle":["uppercase","bold"],"title_letterspace":"0","title_fontweight":"","text":"23621 15 Mile Rd #C104, Clinton MI, 48035, New York, USA<br /><br /><strong>Phone:</strong>&nbsp;+1 (2) 345 6789<br /><strong>Fax:&nbsp;</strong>+1 (2) 345 6789<br /><strong>Email:&nbsp;</strong>contact@yourdomain.com<br /><strong>Web:&nbsp;</strong><a href=\"https://www.joomshaper.com\" target=\"_blank\" rel=\"noopener noreferrer\">www.joomshaper.com</a>","alignment":"","text_fontsize":{"md":"16","sm":"","xs":""},"text_lineheight":{"md":"24","sm":"","xs":""},"dropcap":0,"class":"","global_use_background":0,"global_user_border":0,"global_margin":{"md":"0px 0px 30px 0px","sm":"   ","xs":"   "},"global_padding":{"md":"   ","sm":"   ","xs":"   "},"global_use_animation":0,"title_text_color":"#000000","title_margin_top":{"md":"0","sm":"","xs":""},"title_margin_bottom":{"md":"15","sm":"","xs":""}},"htmlContent":"","assets":""}]},{"id":1591106735814,"class_name":"col-md-8","visibility":true,"settings":{},"addons":[{"id":1591106735815,"name":"gmap","visibility":true,"settings":{"admin_label":"","title":"","heading_selector":"h3","title_fontsize":"","title_lineheight":"","title_fontstyle":"","title_letterspace":"0","title_fontweight":"","map":"23.755349,90.375961","height":{"md":300},"type":"ROADMAP","zoom":"18","mousescroll":"true","class":"","global_margin":{"md":"0px 0px 30px 0px","sm":"   ","xs":"   "},"global_padding":{"md":"   ","sm":"   ","xs":"   "}}}]},{"id":1591106735816,"class_name":"col-md-12","visibility":true,"settings":{},"addons":[{"id":1591106735817,"name":"ajax_contact","visibility":true,"settings":{"admin_label":"","title":"","heading_selector":"h3","title_fontsize":"","title_lineheight":"","title_fontstyle":"","title_letterspace":"0","recipient_email":"email@yourdomain.com","from_name":"","from_email":"","formcaptcha":"1","captcha_type":"default","captcha_question":"3 + 4 = ?","captcha_answer":"7","use_custom_button":0,"button_text":"Send Message","button_fontstyle":"","button_letterspace":"0","button_type":"success","button_appearance":"flat","button_background_color":"#444444","button_color":"#fff","button_background_color_hover":"#222","button_color_hover":"#fff","class":"","global_margin":{"md":"   ","sm":"   ","xs":"   "},"global_padding":{"md":"30px 30px 10px 30px","sm":"   ","xs":"   "},"global_use_background":1,"global_background_color":"#ffffff","global_border_radius":{"md":"0","sm":"","xs":""},"global_boxshadow":"0 0 10px 0 rgba(0,0,0,0.13)","global_use_animation":0},"htmlContent":"","assets":""}]}]},{"id":1591106735794,"visibility":true,"collapse":false,"settings":{"admin_label":"Contacts 3  [https://www.oceantheme.org]","title":"","heading_selector":"h3","title_fontsize":"","title_fontweight":"","subtitle_fontsize":"","title_position":"sppb-text-center","columns_align_center":1,"fullscreen":0,"no_gutter":0,"padding":{"md":"160px 0px 160px 0px","sm":"   ","xs":"50px 0px 50px 0px"},"margin":{"md":"0px 0px 0px 0px","sm":"   ","xs":"   "},"background_image":"http://sppagebuilder.com/sections/images/2017/10/26/bg-img1.jpg","background_parallax":0,"background_repeat":"no-repeat","background_size":"cover","background_attachment":"fixed","background_position":"50% 50%","background_video":0,"external_background_video":"0","show_top_shape":0,"shape_name":"clouds-flat","shape_color":"#e5e5e5","shape_width":{"md":100,"sm":100,"xs":100},"shape_height":"","shape_flip":false,"shape_invert":false,"shape_to_front":false,"show_bottom_shape":0,"bottom_shape_name":"clouds-opacity","bottom_shape_color":"#e5e5e5","bottom_shape_width":{"md":100,"sm":100,"xs":100},"bottom_shape_height":"","bottom_shape_flip":false,"bottom_shape_invert":false,"bottom_shape_to_front":false,"hidden_xs":"","hidden_sm":"","hidden_md":"","animationduration":"300","animationdelay":"0"},"layout":"7,5","columns":[{"id":1591106735819,"class_name":"col-md-7","visibility":true,"settings":{"background_image":"","background_repeat":"no-repeat","background_size":"cover","background_attachment":"scroll","background_position":"0 0","boxshadow":"0 0 0 0 #fff","sm_col":"","xs_col":"","hidden_xs":"","hidden_sm":"","hidden_md":"","animationduration":"300","animationdelay":"0","padding":{"md":"   ","sm":"   ","xs":"   "}},"addons":[{"id":1591106735820,"name":"ajax_contact","visibility":true,"settings":{"admin_label":"","title":"Get In Touch","heading_selector":"h3","title_fontsize":{"md":"40","sm":"","xs":"25"},"title_lineheight":{"md":"55","sm":"","xs":"35"},"title_letterspace":"0","recipient_email":"email@yourdomain.com","from_name":"","from_email":"","formcaptcha":0,"captcha_type":"default","captcha_question":"3 + 4 = ?","captcha_input_col":"12","captcha_answer":"7","name_input_col":"6","email_input_col":"6","subject_input_col":"12","message_input_col":"12","show_label":0,"use_custom_button":1,"button_text":"Send Message","button_letterspace":"0","button_type":"custom","button_appearance":"flat","button_background_color":"#4060FF","button_color":"#fff","button_background_color_hover":"#222","button_color_hover":"#fff","class":"text-center","global_use_background":1,"global_user_border":0,"global_margin":{"md":"   ","sm":"0px 0px 30px 0px","xs":"0px 0px 30px 0px"},"global_padding":{"md":"60px 60px 70px 60px","sm":"40px 40px 40px 40px","xs":"30px 30px 30px 30px"},"global_use_animation":0,"global_use_overlay":0,"global_background_color":"#fff","global_text_color":"#464855","global_border_radius":{"md":"","sm":"","xs":""},"title_margin_top":{"md":"0","sm":"","xs":""},"title_margin_bottom":{"md":"40","sm":"","xs":"20"},"global_boxshadow":"0px 20px 30px 0px rgba(0,0,0,0.6)","title_font_style":{"weight":600}}}]},{"id":1591106735821,"class_name":"col-md-5","visibility":true,"settings":{"background_image":"","background_repeat":"no-repeat","background_size":"cover","background_attachment":"scroll","background_position":"0 0","boxshadow":"0 0 0 0 #fff","sm_col":"","xs_col":"","hidden_xs":"","hidden_sm":"","hidden_md":"","animationduration":"300","animationdelay":"0","padding":{"md":"50px 50px 50px 50px","sm":"   ","xs":"25px 25px 25px 25px"},"color":"#fff","background":"rgba(255, 255, 255, 0.05)"},"addons":[{"id":1591106735822,"name":"text_block","visibility":true,"settings":{"admin_label":"","title":"e-mail","heading_selector":"h3","title_fontsize":{"md":"15","sm":"","xs":""},"title_lineheight":"","title_letterspace":"0","title_fontweight":"","text":"getcraftwork@gmail.com","alignment":"","text_fontsize":{"md":"20","sm":"","xs":"18"},"text_lineheight":"","dropcap":0,"class":"","title_font_style":{"weight":400},"title_margin_bottom":{"md":"20","sm":"","xs":"10"},"global_use_background":0,"global_user_border":0,"global_margin":{"md":"0px 0px 20px 0px","sm":"   ","xs":"   "},"global_padding":{"md":"   ","sm":"   ","xs":"   "},"global_use_animation":0}},{"id":1591106735823,"name":"text_block","visibility":true,"settings":{"admin_label":"","title":"phone","heading_selector":"h3","title_fontsize":{"md":"15","sm":"","xs":""},"title_lineheight":"","title_letterspace":"0","title_fontweight":"","text":"+7(978)-810-57-43","alignment":"","text_fontsize":{"md":"20","sm":"","xs":"18"},"text_lineheight":"","dropcap":0,"class":"","title_font_style":{"weight":400},"title_margin_bottom":{"md":"20","sm":"","xs":"10"},"global_use_background":0,"global_user_border":0,"global_margin":{"md":"0px 0px 20px 0px","sm":"   ","xs":"   "},"global_padding":{"md":"   ","sm":"   ","xs":"   "},"global_use_animation":0}},{"id":1591106735824,"name":"text_block","visibility":true,"settings":{"admin_label":"","title":"website","heading_selector":"h3","title_fontsize":{"md":"15","sm":"","xs":""},"title_lineheight":"","title_letterspace":"0","title_fontweight":"","text":"getcraftwork.com","alignment":"","text_fontsize":{"md":"20","sm":"","xs":"18"},"text_lineheight":"","dropcap":0,"class":"","title_font_style":{"weight":400},"title_margin_bottom":{"md":"20","sm":"","xs":"10"},"global_use_background":0,"global_user_border":0,"global_margin":{"md":"0px 0px 20px 0px","sm":"   ","xs":"   "},"global_padding":{"md":"   ","sm":"   ","xs":"   "},"global_use_animation":0}},{"id":1591106735825,"name":"text_block","visibility":true,"settings":{"admin_label":"","title":"address","heading_selector":"h3","title_fontsize":{"md":"15","sm":"","xs":""},"title_lineheight":"","title_letterspace":"0","title_fontweight":"","text":"San Francisco, CA 560 Bush St &amp; 20th Ave, Apt 5 San Francisco, 230909","alignment":"","text_fontsize":{"md":"20","sm":"","xs":"18"},"text_lineheight":"","dropcap":0,"class":"","title_font_style":{"weight":400},"title_margin_bottom":{"md":"20","sm":"","xs":"10"},"global_use_background":0,"global_user_border":0,"global_margin":{"md":"0px 0px 20px 0px","sm":"   ","xs":"   "},"global_padding":{"md":"   ","sm":"   ","xs":"   "},"global_use_animation":0}}]}]},{"id":1591106735795,"visibility":true,"collapse":false,"settings":{"admin_label":"Contacts 4","title":"","heading_selector":"h3","title_fontsize":"","title_fontweight":"","subtitle_fontsize":"","title_position":"sppb-text-center","columns_align_center":1,"fullscreen":0,"no_gutter":0,"padding":{"md":"160px 0px 120px 0px","sm":"   ","xs":"50px 0px 50px 0px"},"margin":{"md":"0px 0px 0px 0px","sm":"   ","xs":"   "},"background_image":"http://sppagebuilder.com/sections/images/2017/10/26/bg-img1.jpg","background_parallax":0,"background_repeat":"no-repeat","background_size":"cover","background_attachment":"fixed","background_position":"50% 50%","background_video":0,"external_background_video":"0","show_top_shape":0,"shape_name":"clouds-flat","shape_color":"#e5e5e5","shape_width":{"md":100,"sm":100,"xs":100},"shape_height":"","shape_flip":false,"shape_invert":false,"shape_to_front":false,"show_bottom_shape":0,"bottom_shape_name":"clouds-opacity","bottom_shape_color":"#e5e5e5","bottom_shape_width":{"md":100,"sm":100,"xs":100},"bottom_shape_height":"","bottom_shape_flip":false,"bottom_shape_invert":false,"bottom_shape_to_front":false,"hidden_xs":"","hidden_sm":"","hidden_md":"","animationduration":"300","animationdelay":"0"},"layout":"12","columns":[{"id":1591106735827,"class_name":"col-md-12","visibility":true,"settings":{"background_image":"","background_repeat":"no-repeat","background_size":"cover","background_attachment":"scroll","background_position":"0 0","boxshadow":"0 0 0 0 #fff","sm_col":"","xs_col":"","hidden_xs":0,"hidden_sm":0,"hidden_md":0,"animationduration":"300","animationdelay":"0","padding":{"md":"   ","sm":"   ","xs":"   "}},"addons":[{"id":1591106735828,"name":"ajax_contact","visibility":true,"settings":{"admin_label":"","title":"Get In Touch","heading_selector":"h3","title_fontsize":{"md":"40","sm":"","xs":"25"},"title_lineheight":{"md":"55","sm":"","xs":"35"},"title_letterspace":"0","recipient_email":"email@yourdomain.com","from_name":"","from_email":"","formcaptcha":0,"captcha_type":"default","captcha_question":"3 + 4 = ?","captcha_input_col":"12","captcha_answer":"7","name_input_col":"6","email_input_col":"6","subject_input_col":"12","message_input_col":"12","show_label":0,"use_custom_button":1,"button_text":"Send Message","button_letterspace":"0","button_type":"custom","button_appearance":"flat","button_background_color":"#4060FF","button_color":"#fff","button_background_color_hover":"#222","button_color_hover":"#fff","class":"text-center","global_use_background":1,"global_user_border":0,"global_margin":{"md":" auto  auto","sm":" auto  auto","xs":"0px 0px 30px 0px"},"global_padding":{"md":"60px 60px 70px 60px","sm":"40px 40px 40px 40px","xs":"30px 30px 30px 30px"},"global_use_animation":0,"global_use_overlay":0,"global_background_color":"#fff","global_text_color":"#464855","global_border_radius":{"md":"7","sm":"","xs":""},"title_margin_top":{"md":"0","sm":"","xs":""},"title_margin_bottom":{"md":"40","sm":"","xs":"20"},"global_boxshadow":"0px 20px 30px 0px rgba(0,0,0,0.6)","title_font_style":{"weight":600},"use_global_width":1,"hidden_md":0,"hidden_sm":0,"hidden_xs":0,"global_width":{"md":"57","sm":"80","xs":"100"}}},{"id":1591106735829,"type":"inner_row","settings":{"padding":{"md":"50px 140px 0px 140px","sm":"50px 100px 0px 70px","xs":"20px 0px 0px 0px"},"margin":{"md":"0px 0px 0px 0px","sm":"   ","xs":"0px 0px 0px 0px"},"columns_align_center":0,"fullscreen":0,"no_gutter":0,"background_parallax":0,"background_video":0,"show_top_shape":0,"show_bottom_shape":0,"color":"#fff"},"layout":"4,4,4","visibility":true,"columns":[{"id":1591106735830,"class_name":"col-md-4","visibility":true,"settings":{},"addons":[{"id":1591106735831,"name":"feature","visibility":true,"settings":{"admin_label":"","title":"+7(978)-810-57-43 <br> +7(978)-888-77-88","heading_selector":"h3","title_position":"left","title_fontsize":{"md":16},"title_lineheight":{"md":22},"title_letterspace":"0","title_text_color":"","title_url":"","url_appear":"title","feature_type":"icon","feature_image":"","icon_name":"fa-phone","icon_size":{"md":"26"},"icon_color":"","text":"","text_fontsize":"","text_lineheight":"","alignment":"sppb-text-left","class":"","icon_padding":{"md":"   ","sm":"   ","xs":"   "},"global_use_background":0,"global_user_border":0,"global_margin":{"md":"0px 0px 30px 0px","sm":"   ","xs":"   "},"global_padding":{"md":"   ","sm":"   ","xs":"   "},"global_use_animation":0,"title_margin_top":{"md":"-5","sm":"","xs":""}}}]},{"id":1591106735832,"class_name":"col-md-4","visibility":true,"settings":{},"addons":[{"id":1591106735833,"name":"feature","visibility":true,"settings":{"admin_label":"","title":"denis@getcraftwork.com <br> support@getcraftwork.com","heading_selector":"h3","title_position":"left","title_fontsize":{"md":16},"title_lineheight":{"md":22},"title_letterspace":"0","title_text_color":"","title_url":"","url_appear":"title","feature_type":"icon","feature_image":"","icon_name":"fa-envelope-o","icon_size":{"md":"26"},"icon_color":"","text":"","text_fontsize":"","text_lineheight":"","alignment":"sppb-text-left","class":"","icon_padding":{"md":"   ","sm":"   ","xs":"   "},"global_use_background":0,"global_user_border":0,"global_margin":{"md":"0px 0px 30px 0px","sm":"   ","xs":"   "},"global_padding":{"md":"   ","sm":"   ","xs":"   "},"global_use_animation":0,"title_margin_top":{"md":"-5","sm":"","xs":""}}}]},{"id":1591106735834,"class_name":"col-md-4","visibility":true,"settings":{},"addons":[{"id":1591106735835,"name":"feature","visibility":true,"settings":{"admin_label":"","title":"124 North Street, New<br> York, NY 36264","heading_selector":"h3","title_position":"left","title_fontsize":{"md":16},"title_lineheight":{"md":22},"title_letterspace":"0","title_text_color":"","title_url":"","url_appear":"title","feature_type":"icon","feature_image":"","icon_name":"fa-map-marker","icon_size":{"md":"26"},"icon_color":"","text":"","text_fontsize":"","text_lineheight":"","alignment":"sppb-text-left","class":"","icon_padding":{"md":"   ","sm":"   ","xs":"   "},"global_use_background":0,"global_user_border":0,"global_margin":{"md":"0px 0px 30px 0px","sm":"   ","xs":"   "},"global_padding":{"md":"   ","sm":"   ","xs":"   "},"global_use_animation":0,"title_margin_top":{"md":"-5","sm":"","xs":""}}}]}]}]}]},{"id":1591106735796,"visibility":true,"collapse":false,"settings":{"admin_label":"Contacts 5","title":"","heading_selector":"h3","title_fontsize":"","title_fontweight":"","subtitle_fontsize":"","title_position":"sppb-text-center","columns_align_center":1,"fullscreen":0,"no_gutter":0,"padding":{"md":"160px 0px 160px 0px","sm":"   ","xs":"50px 0px 50px 0px"},"margin":{"md":"0px 0px 0px 0px","sm":"   ","xs":"   "},"background_image":"http://sppagebuilder.com/sections/images/2017/10/26/bg-img1.jpg","background_parallax":1,"background_repeat":"no-repeat","background_size":"cover","background_attachment":"","background_position":"50% 50%","background_video":0,"external_background_video":"0","show_top_shape":0,"shape_name":"clouds-flat","shape_color":"#e5e5e5","shape_width":{"md":100,"sm":100,"xs":100},"shape_height":"","shape_flip":false,"shape_invert":false,"shape_to_front":false,"show_bottom_shape":0,"bottom_shape_name":"clouds-opacity","bottom_shape_color":"#e5e5e5","bottom_shape_width":{"md":100,"sm":100,"xs":100},"bottom_shape_height":"","bottom_shape_flip":false,"bottom_shape_invert":false,"bottom_shape_to_front":false,"hidden_xs":"","hidden_sm":"","hidden_md":"","animationduration":"300","animationdelay":"0"},"layout":"12","columns":[{"id":1591106735837,"class_name":"col-md-12","visibility":true,"settings":{"background_image":"","background_repeat":"no-repeat","background_size":"cover","background_attachment":"scroll","background_position":"0 0","boxshadow":"0 0 0 0 #fff","sm_col":"","xs_col":"","hidden_xs":"","hidden_sm":"","hidden_md":"","animationduration":"300","animationdelay":"0","padding":{"md":"100px 140px 70px 140px","sm":"0px 0px 0px 0px","xs":"0px 0px 0px 0px"},"background":"#fff"},"addons":[{"id":1591106735838,"name":"ajax_contact","visibility":true,"settings":{"admin_label":"","title":"Get In Touch","heading_selector":"h3","title_fontsize":{"md":"40","sm":"","xs":"25"},"title_lineheight":{"md":"55","sm":"","xs":"35"},"title_letterspace":"0","recipient_email":"email@yourdomain.com","from_name":"","from_email":"","formcaptcha":0,"captcha_type":"default","captcha_question":"3 + 4 = ?","captcha_input_col":"12","captcha_answer":"7","name_input_col":"4","email_input_col":"4","subject_input_col":"4","message_input_col":"12","show_label":0,"use_custom_button":1,"button_text":"Send Message","button_letterspace":"0","button_type":"custom","button_appearance":"flat","button_background_color":"#4060FF","button_color":"#fff","button_background_color_hover":"#222","button_color_hover":"#fff","class":"text-center","global_use_background":0,"global_user_border":0,"global_margin":{"md":"   ","sm":"0px 0px 30px 0px","xs":"0px 0px 30px 0px"},"global_padding":{"md":"   ","sm":"40px 40px 40px 40px","xs":"30px 30px 30px 30px"},"global_use_animation":0,"global_use_overlay":0,"global_background_color":"","global_text_color":"#464855","global_border_radius":{"md":"","sm":"","xs":""},"title_margin_top":{"md":"0","sm":"","xs":""},"title_margin_bottom":{"md":"40","sm":"","xs":"20"},"global_boxshadow":"0 0 0 0 ","title_font_style":{"weight":600}}},{"id":1591106735839,"type":"inner_row","settings":{"padding":{"md":"50px 30px 30px 30px","sm":"0px 30px 30px 30px","xs":"0px 30px 30px 30px"},"margin":{"md":"0px 0px 0px 0px","sm":"   ","xs":"   "},"columns_align_center":0,"fullscreen":0,"no_gutter":0,"background_parallax":0,"background_video":0,"show_top_shape":0,"show_bottom_shape":0},"layout":"6,6","visibility":true,"columns":[{"id":1591106735840,"class_name":"col-md-6","visibility":true,"settings":{},"addons":[{"id":1591106735841,"name":"text_block","visibility":true,"settings":{"admin_label":"","title":"website","heading_selector":"h3","title_fontsize":{"md":"15","sm":"","xs":""},"title_lineheight":"","title_letterspace":"0","title_fontweight":"","text":"getcraftwork.com","alignment":"","text_fontsize":{"md":"20","sm":"","xs":"18"},"text_lineheight":"","dropcap":0,"class":"","title_font_style":{"weight":""},"title_margin_bottom":{"md":"20","sm":"","xs":"10"},"global_use_background":0,"global_user_border":0,"global_margin":{"md":"0px 0px 30px 0px","sm":"   ","xs":"  10px "},"global_padding":{"md":"   ","sm":"   ","xs":"   "},"global_use_animation":0,"title_text_color":"#4060FF"}},{"id":1591106735842,"name":"text_block","visibility":true,"settings":{"admin_label":"","title":"address","heading_selector":"h3","title_fontsize":{"md":"15","sm":"","xs":""},"title_lineheight":"","title_letterspace":"0","title_fontweight":"","text":"<div style=\"line-height: 1.5;\">San Francisco, CA 560 Bush St &amp; <br class=\"sppb-hidden-xs\" />20th Ave, Apt 5 San Francisco,<br class=\"sppb-hidden-xs\" /> 230909</div>","alignment":"","text_fontsize":{"md":"20","sm":"","xs":"18"},"text_lineheight":"","dropcap":0,"class":"","title_font_style":{"weight":400},"title_margin_bottom":{"md":"20","sm":"","xs":"10"},"global_use_background":0,"global_user_border":0,"global_margin":{"md":"0px 0px 20px 0px","sm":"   ","xs":"  10px "},"global_padding":{"md":"   ","sm":"   ","xs":"   "},"global_use_animation":0,"title_text_color":"#4060FF"}}]},{"id":1591106735843,"class_name":"col-md-6","visibility":true,"settings":{},"addons":[{"id":1591106735844,"name":"text_block","visibility":true,"settings":{"admin_label":"","title":"e-mail","heading_selector":"h3","title_fontsize":{"md":"15","sm":"","xs":""},"title_lineheight":"","title_letterspace":"0","title_fontweight":"","text":"getcraftwork@gmail.com","alignment":"","text_fontsize":{"md":"20","sm":"","xs":"18"},"text_lineheight":"","dropcap":0,"class":"","title_font_style":{"weight":400},"title_margin_bottom":{"md":"20","sm":"","xs":"10"},"global_use_background":0,"global_user_border":0,"global_margin":{"md":"0px 0px 30px 0px","sm":"   ","xs":"  10px "},"global_padding":{"md":"   ","sm":"   ","xs":"   "},"global_use_animation":0,"title_text_color":"#4060FF"}},{"id":1591106735845,"name":"text_block","visibility":true,"settings":{"admin_label":"","title":"phone","heading_selector":"h3","title_fontsize":{"md":"15","sm":"","xs":""},"title_lineheight":"","title_letterspace":"0","title_fontweight":"","text":"+7(978)-810-57-43","alignment":"","text_fontsize":{"md":"20","sm":"","xs":"18"},"text_lineheight":"","dropcap":0,"class":"","title_font_style":{"weight":400},"title_margin_bottom":{"md":"20","sm":"","xs":"10"},"global_use_background":0,"global_user_border":0,"global_margin":{"md":"0px 0px 20px 0px","sm":"   ","xs":"  10px "},"global_padding":{"md":"   ","sm":"   ","xs":"   "},"global_use_animation":0,"title_text_color":"#4060FF"}}]}]}]}]},{"id":1591106735797,"visibility":true,"collapse":false,"settings":{"admin_label":"Contacts 6","title":"","heading_selector":"h3","title_fontsize":"","title_fontweight":"","subtitle_fontsize":"","title_position":"sppb-text-center","columns_align_center":1,"fullscreen":0,"no_gutter":0,"padding":{"md":"160px 0px 160px 0px","sm":"   ","xs":"50px 0px 50px 0px"},"margin":{"md":"0px 0px 0px 0px","sm":"   ","xs":"   "},"background_image":"","background_parallax":1,"background_repeat":"no-repeat","background_size":"cover","background_attachment":"","background_position":"50% 50%","background_video":0,"external_background_video":"0","show_top_shape":0,"shape_name":"clouds-flat","shape_color":"#e5e5e5","shape_width":{"md":100,"sm":100,"xs":100},"shape_height":"","shape_flip":false,"shape_invert":false,"shape_to_front":false,"show_bottom_shape":0,"bottom_shape_name":"clouds-opacity","bottom_shape_color":"#e5e5e5","bottom_shape_width":{"md":100,"sm":100,"xs":100},"bottom_shape_height":"","bottom_shape_flip":false,"bottom_shape_invert":false,"bottom_shape_to_front":false,"hidden_xs":"","hidden_sm":"","hidden_md":"","animationduration":"300","animationdelay":"0","background_color":"#fff","color":"#464855"},"layout":"7,5","columns":[{"id":1591106735847,"class_name":"col-md-7","visibility":true,"settings":{"background_image":"","background_repeat":"no-repeat","background_size":"cover","background_attachment":"scroll","background_position":"0 0","boxshadow":"0 0 0 0 #fff","sm_col":"","xs_col":"","hidden_xs":"","hidden_sm":"","hidden_md":"","animationduration":"300","animationdelay":"0","padding":{"md":"   ","sm":"   ","xs":"   "}},"addons":[{"id":1591106735848,"name":"ajax_contact","visibility":true,"settings":{"admin_label":"","title":"Get In Touch","heading_selector":"h3","title_fontsize":{"md":"40","sm":"","xs":"25"},"title_lineheight":{"md":"55","sm":"","xs":"35"},"title_letterspace":"0","recipient_email":"email@yourdomain.com","from_name":"","from_email":"","formcaptcha":0,"captcha_type":"default","captcha_question":"3 + 4 = ?","captcha_input_col":"12","captcha_answer":"7","name_input_col":"6","email_input_col":"6","subject_input_col":"12","message_input_col":"12","show_label":1,"use_custom_button":1,"button_text":"Send Message","button_letterspace":"0","button_type":"custom","button_appearance":"flat","button_background_color":"#DFE2EB","button_color":"#333","button_background_color_hover":"#222","button_color_hover":"#fff","class":"","global_use_background":1,"global_user_border":0,"global_margin":{"md":"   ","sm":"0px 0px 30px 0px","xs":"0px 0px 30px 0px"},"global_padding":{"md":"60px 60px 70px 60px","sm":"40px 40px 40px 40px","xs":"30px 30px 30px 30px"},"global_use_animation":0,"global_use_overlay":0,"global_background_color":"#F3F5FB","global_text_color":"#464855","global_border_radius":{"md":"","sm":"","xs":""},"title_margin_top":{"md":"0","sm":"","xs":""},"title_margin_bottom":{"md":"40","sm":"","xs":"20"},"global_boxshadow":"0 0 0 0 ","title_font_style":{"weight":600},"use_global_width":0,"hidden_md":0,"hidden_sm":0,"hidden_xs":0}}]},{"id":1591106735849,"class_name":"col-md-5","visibility":true,"settings":{"background_image":"","background_repeat":"no-repeat","background_size":"cover","background_attachment":"scroll","background_position":"0 0","boxshadow":"0 0 0 0 #fff","sm_col":"","xs_col":"","hidden_xs":"","hidden_sm":"","hidden_md":"","animationduration":"300","animationdelay":"0","padding":{"md":"   ","sm":"   ","xs":"   "},"color":"","background":""},"addons":[{"id":1591106735850,"type":"inner_row","settings":{"padding":{"md":"65px 60px 40px 60px","sm":"   ","xs":"35px 35px 15px 35px"},"margin":{"md":"0px 0px 30px 0px","sm":"   ","xs":"   "},"columns_align_center":0,"fullscreen":0,"no_gutter":0,"background_parallax":0,"background_video":0,"show_top_shape":0,"show_bottom_shape":0,"color":"#fff","background_color":"#4060FF"},"layout":"12","visibility":true,"columns":[{"id":1591106735851,"class_name":"col-md-12","visibility":true,"settings":{},"addons":[{"id":1591106735852,"name":"heading","visibility":true,"settings":{"admin_label":"","title":"Contact","heading_selector":"h2","use_link":0,"title_link":"","link_new_tab":"","title_fontsize":{"md":"40","sm":"","xs":"25"},"title_lineheight":{"md":"50","sm":"","xs":"35"},"title_letterspace":"0","title_margin":{"md":"0px 0px 46px 0px","sm":"   ","xs":"0px 0px 20px 0px"},"title_padding":{"md":"0px 0px 0px 0px","sm":"   ","xs":"   "},"alignment":"sppb-text-left","class":"","global_use_background":0,"global_user_border":0,"global_margin":{"md":"   ","sm":"   ","xs":"   "},"global_padding":{"md":"   ","sm":"   ","xs":"   "},"global_use_animation":0}},{"id":1591106735853,"name":"feature","visibility":true,"settings":{"admin_label":"","title":"+7(978)-810-57-43 <br> +7(978)-888-77-88","heading_selector":"h3","title_position":"left","title_fontsize":{"md":"15","xs":""},"title_lineheight":{"md":22,"xs":""},"title_letterspace":"0","title_text_color":"rgba(255, 255, 255, 0.7)","title_url":"","url_appear":"title","feature_type":"icon","feature_image":"","icon_name":"fa-phone","icon_size":{"md":"26"},"icon_color":"","text":"","text_fontsize":"","text_lineheight":"","alignment":"sppb-text-left","class":"","icon_padding":{"md":"   ","sm":"   ","xs":"   "},"global_use_background":0,"global_user_border":0,"global_margin":{"md":"0px 0px 30px 0px","sm":"   ","xs":"   "},"global_padding":{"md":"   ","sm":"   ","xs":"   "},"global_use_animation":0,"title_margin_top":{"md":"-5","sm":"","xs":""}}},{"id":1591106735854,"name":"feature","visibility":true,"settings":{"admin_label":"","title":"denis@getcraftwork.com <br> support@getcraftwork.com","heading_selector":"h3","title_position":"left","title_fontsize":{"md":"15"},"title_lineheight":{"md":22},"title_letterspace":"0","title_text_color":"rgba(255, 255, 255, 0.7)","title_url":"","url_appear":"title","feature_type":"icon","feature_image":"","icon_name":"fa-envelope-o","icon_size":{"md":"26"},"icon_color":"","text":"","text_fontsize":"","text_lineheight":"","alignment":"sppb-text-left","class":"","icon_padding":{"md":"   ","sm":"   ","xs":"   "},"global_use_background":0,"global_user_border":0,"global_margin":{"md":"0px 0px 30px 0px","sm":"   ","xs":"   "},"global_padding":{"md":"   ","sm":"   ","xs":"   "},"global_use_animation":0,"title_margin_top":{"md":"-5","sm":"","xs":""}}}]}]},{"id":1591106735855,"name":"gmap","visibility":true,"settings":{"admin_label":"","title":"","heading_selector":"h3","title_fontsize":"","title_lineheight":"","title_letterspace":"0","title_fontweight":"","map":"23.755349,90.375961","height":{"md":"230"},"type":"ROADMAP","zoom":"18","mousescroll":"true","class":"","global_use_background":0,"global_user_border":0,"global_margin":{"md":"   ","sm":"   ","xs":"   "},"global_padding":{"md":"   ","sm":"   ","xs":"   "},"global_use_animation":0}}]}]}]