[{"id":1591109303754,"visibility":true,"collapse":false,"settings":{"admin_label":"Highlighted Heading 1","title":"","heading_selector":"h3","title_fontsize":"","title_fontweight":"","title_position":"sppb-text-center","columns_align_center":0,"fullscreen":0,"no_gutter":0,"padding":{"md":"150px 0px 150px 0px","sm":"   ","xs":"   "},"margin":{"md":"0px 0px 0px 0px","sm":"   ","xs":"   "},"background_type":"image","background_gradient":{"color":"#00c6fb","color2":"#005bea","deg":"45","type":"linear"},"background_image":"https://sppagebuilder.com/sample-data/images/2018/10/30/highlight-bg.jpg","background_parallax":0,"background_repeat":"no-repeat","background_size":"cover","background_attachment":"scroll","background_position":"50% 50%","external_background_video":"0","video_loop":false,"overlay_type":"overlay_color","gradient_overlay":{"color":"rgba(127, 0, 255, 0.8)","color2":"rgba(225, 0, 255, 0.7)","deg":"45","type":"linear"},"pattern_overlay":"","overlay_pattern_color":"","show_top_shape":0,"shape_name":"clouds-flat","shape_color":"#e5e5e5","shape_width":{"md":100,"sm":100,"xs":100},"shape_height":"","shape_flip":false,"shape_invert":false,"shape_to_front":false,"show_bottom_shape":0,"bottom_shape_name":"clouds-opacity","bottom_shape_color":"#e5e5e5","bottom_shape_width":{"md":100,"sm":100,"xs":100},"bottom_shape_height":"","bottom_shape_flip":false,"bottom_shape_invert":false,"bottom_shape_to_front":false,"hidden_xs":"","hidden_sm":"","hidden_md":"","animationduration":"300","animationdelay":"0","instFormId":1539839143731},"layout":"12","columns":[{"id":1591109303764,"class_name":"col-md-12","visibility":true,"settings":{"background_type":"none","background_gradient":{"color":"#00c6fb","color2":"#005bea","deg":"45","type":"linear"},"background_image":"","overlay_type":"overlay_color","gradient_overlay":{"color":"rgba(127, 0, 255, 0.8)","color2":"rgba(225, 0, 255, 0.7)","deg":"45","type":"linear"},"pattern_overlay":"","overlay_pattern_color":"","background_repeat":"no-repeat","background_size":"cover","background_attachment":"scroll","background_position":"0 0","items_align_center":0,"use_border":0,"border_width":"","border_radius":0,"boxshadow":"0 0 0 0 #fff","sm_col":"","xs_col":"","hidden_xs":"","hidden_sm":"","hidden_md":"","animationduration":"300","animationdelay":"0"},"addons":[{"id":1591109303765,"name":"heading","visibility":true,"settings":{"admin_label":"","title":"Background fill","heading_selector":"p","use_link":0,"title_link":"","link_new_tab":"","title_fontsize":{"md":"20","sm":"","xs":""},"title_lineheight":"","title_letterspace":"0","title_text_transform":"none","title_margin":{"md":"0px 0px 30px 0px","sm":"   ","xs":"   "},"title_padding":{"md":"0px 0px 0px 0px","sm":"   ","xs":"   "},"title_icon_position":"before","alignment":"sppb-text-center","title_text_shadow":"","class":"","global_background_type":"none","global_background_gradient":{"color":"#00c6fb","color2":"#005bea","deg":"45","type":"linear"},"global_use_overlay":0,"global_background_repeat":"no-repeat","global_background_size":"cover","global_background_attachment":"inherit","global_user_border":0,"global_border_width":"","global_border_radius":0,"global_margin":{"md":"0 0 0px 0","sm":"0 0 20px 0","xs":"0 0 10px 0"},"global_padding":{"md":"   ","sm":"   ","xs":"   "},"global_boxshadow":"0 0 0 0 #ffffff","global_use_animation":0,"global_animationduration":"300","global_animationdelay":"0","global_custom_css":"","use_global_width":"0","hidden_md":"0","hidden_sm":"0","hidden_xs":"0","acl":"","global_text_color":"#ffffff","instFormId":1540378111354,"title_font_style":{"uppercase":true,"weight":300,"italic":false,"underline":false},"title_font_family":"Nunito"}},{"id":1591109303766,"name":"animated_heading","visibility":true,"settings":{"admin_label":"","heading_style":"highlighted","heading_before_part":"This heading is","highlighted_text":"awesome","highlighted_shape":"bg-fill","shape_color":"#ea14cc","shape_width":"85","shape_radius":0,"animated_text":"awesome\n\t\t\t\t\tnice\n\t\t\t\t\tcool","text_animation_name":"clip","heading_after_part":"from the beginning.","heading_selector":"h2","style_options":"heading","heading_fontsize":{"md":"48","sm":"","xs":""},"heading_lineheight":"","heading_letterspace":"","heading_margin":{"md":"   ","sm":"   ","xs":"   "},"heading_padding":{"md":"   ","sm":"   ","xs":"   "},"animated_text_fontsize":"","animated_text_letterspace":"","alignment":"sppb-text-center","class":"","global_background_type":"none","global_background_gradient":{"color":"#00c6fb","color2":"#005bea","deg":"45","type":"linear"},"global_use_overlay":0,"global_background_repeat":"no-repeat","global_background_size":"cover","global_background_attachment":"inherit","global_user_border":0,"global_border_width":"","global_border_radius":0,"global_margin":{"md":"0 0 30px 0","sm":"0 0 20px 0","xs":"0 0 10px 0"},"global_padding":"","global_boxshadow":"0 0 0 0 #ffffff","global_use_animation":0,"global_animationduration":"300","global_animationdelay":"0","global_custom_css":"","use_global_width":"0","hidden_md":"0","hidden_sm":"0","hidden_xs":"0","acl":"","instFormId":1540882354892,"heading_color":"#ffffff","heading_font_style":{"weight":300},"animated_text_font_style":{"weight":700,"uppercase":true}}}]}]},{"id":1591109303755,"visibility":true,"collapse":false,"settings":{"admin_label":"Highlighted Heading 2","title":"","heading_selector":"h3","title_fontsize":"","title_fontweight":"","title_position":"sppb-text-center","columns_align_center":0,"fullscreen":0,"no_gutter":0,"padding":{"md":"150px 0px 150px 0px","sm":"   ","xs":"   "},"margin":{"md":"0px 0px 0px 0px","sm":"   ","xs":"   "},"background_type":"image","background_gradient":{"color":"#00c6fb","color2":"#005bea","deg":"45","type":"linear"},"background_image":"https://sppagebuilder.com/sample-data/images/2018/10/30/highlight-bg.jpg","background_parallax":0,"background_repeat":"no-repeat","background_size":"cover","background_attachment":"scroll","background_position":"50% 50%","external_background_video":"0","video_loop":false,"overlay_type":"overlay_color","gradient_overlay":{"color":"rgba(127, 0, 255, 0.8)","color2":"rgba(225, 0, 255, 0.7)","deg":"45","type":"linear"},"pattern_overlay":"","overlay_pattern_color":"","show_top_shape":0,"shape_name":"clouds-flat","shape_color":"#e5e5e5","shape_width":{"md":100,"sm":100,"xs":100},"shape_height":"","shape_flip":false,"shape_invert":false,"shape_to_front":false,"show_bottom_shape":0,"bottom_shape_name":"clouds-opacity","bottom_shape_color":"#e5e5e5","bottom_shape_width":{"md":100,"sm":100,"xs":100},"bottom_shape_height":"","bottom_shape_flip":false,"bottom_shape_invert":false,"bottom_shape_to_front":false,"hidden_xs":"","hidden_sm":"","hidden_md":"","animationduration":"300","animationdelay":"0","instFormId":1540885505563},"layout":"12","columns":[{"id":1591109303768,"class_name":"col-md-12","visibility":true,"settings":{"background_type":"none","background_gradient":{"color":"#00c6fb","color2":"#005bea","deg":"45","type":"linear"},"background_image":"","overlay_type":"overlay_color","gradient_overlay":{"color":"rgba(127, 0, 255, 0.8)","color2":"rgba(225, 0, 255, 0.7)","deg":"45","type":"linear"},"pattern_overlay":"","overlay_pattern_color":"","background_repeat":"no-repeat","background_size":"cover","background_attachment":"scroll","background_position":"0 0","items_align_center":0,"use_border":0,"border_width":"","border_radius":0,"boxshadow":"0 0 0 0 #fff","sm_col":"","xs_col":"","hidden_xs":"","hidden_sm":"","hidden_md":"","animationduration":"300","animationdelay":"0"},"addons":[{"id":1591109303769,"name":"heading","visibility":true,"settings":{"admin_label":"","title":"Circle","heading_selector":"p","use_link":0,"title_link":"","link_new_tab":"","title_fontsize":{"md":"20","sm":"","xs":""},"title_lineheight":"","title_letterspace":"0","title_text_transform":"none","title_margin":{"md":"0px 0px 30px 0px","sm":"   ","xs":"   "},"title_padding":{"md":"0px 0px 0px 0px","sm":"   ","xs":"   "},"title_icon_position":"before","alignment":"sppb-text-center","title_text_shadow":"","class":"","global_background_type":"none","global_background_gradient":{"color":"#00c6fb","color2":"#005bea","deg":"45","type":"linear"},"global_use_overlay":0,"global_background_repeat":"no-repeat","global_background_size":"cover","global_background_attachment":"inherit","global_user_border":0,"global_border_width":"","global_border_radius":0,"global_margin":{"md":"0 0 0px 0","sm":"0 0 20px 0","xs":"0 0 10px 0"},"global_padding":{"md":"   ","sm":"   ","xs":"   "},"global_boxshadow":"0 0 0 0 #ffffff","global_use_animation":0,"global_animationduration":"300","global_animationdelay":"0","global_custom_css":"","use_global_width":"0","hidden_md":"0","hidden_sm":"0","hidden_xs":"0","acl":"","global_text_color":"#ffffff","instFormId":1540885505565,"title_font_style":{"uppercase":true,"weight":300,"italic":false,"underline":false},"title_font_family":"Nunito"}},{"id":1591109303770,"name":"animated_heading","visibility":true,"settings":{"admin_label":"","heading_style":"highlighted","heading_before_part":"This heading is","highlighted_text":"awesome","highlighted_shape":"circle","shape_color":"#ea14cc","shape_width":"15","shape_radius":0,"animated_text":"awesome\n\t\t\t\t\tnice\n\t\t\t\t\tcool","text_animation_name":"clip","heading_after_part":"from the beginning.","heading_selector":"h2","style_options":"heading","heading_fontsize":{"md":"48","sm":"","xs":""},"heading_lineheight":"","heading_letterspace":"","heading_margin":{"md":"   ","sm":"   ","xs":"   "},"heading_padding":{"md":"   ","sm":"   ","xs":"   "},"animated_text_fontsize":"","animated_text_letterspace":"","alignment":"sppb-text-center","class":"","global_background_type":"none","global_background_gradient":{"color":"#00c6fb","color2":"#005bea","deg":"45","type":"linear"},"global_use_overlay":0,"global_background_repeat":"no-repeat","global_background_size":"cover","global_background_attachment":"inherit","global_user_border":0,"global_border_width":"","global_border_radius":0,"global_margin":{"md":"0 0 30px 0","sm":"0 0 20px 0","xs":"0 0 10px 0"},"global_padding":"","global_boxshadow":"0 0 0 0 #ffffff","global_use_animation":0,"global_animationduration":"300","global_animationdelay":"0","global_custom_css":"","use_global_width":"0","hidden_md":"0","hidden_sm":"0","hidden_xs":"0","acl":"","instFormId":1540885505566,"heading_color":"#ffffff","heading_font_style":{"weight":300},"animated_text_font_style":{"weight":700,"uppercase":true}}}]}]},{"id":1591109303756,"visibility":true,"collapse":false,"settings":{"admin_label":"Highlighted Heading 3 [https://www.oceantheme.org]","title":"","heading_selector":"h3","title_fontsize":"","title_fontweight":"","title_position":"sppb-text-center","columns_align_center":0,"fullscreen":0,"no_gutter":0,"padding":{"md":"150px 0px 150px 0px","sm":"   ","xs":"   "},"margin":{"md":"0px 0px 0px 0px","sm":"   ","xs":"   "},"background_type":"image","background_gradient":{"color":"#00c6fb","color2":"#005bea","deg":"45","type":"linear"},"background_image":"https://sppagebuilder.com/sample-data/images/2018/10/30/highlight-bg.jpg","background_parallax":0,"background_repeat":"no-repeat","background_size":"cover","background_attachment":"scroll","background_position":"50% 50%","external_background_video":"0","video_loop":false,"overlay_type":"overlay_color","gradient_overlay":{"color":"rgba(127, 0, 255, 0.8)","color2":"rgba(225, 0, 255, 0.7)","deg":"45","type":"linear"},"pattern_overlay":"","overlay_pattern_color":"","show_top_shape":0,"shape_name":"clouds-flat","shape_color":"#e5e5e5","shape_width":{"md":100,"sm":100,"xs":100},"shape_height":"","shape_flip":false,"shape_invert":false,"shape_to_front":false,"show_bottom_shape":0,"bottom_shape_name":"clouds-opacity","bottom_shape_color":"#e5e5e5","bottom_shape_width":{"md":100,"sm":100,"xs":100},"bottom_shape_height":"","bottom_shape_flip":false,"bottom_shape_invert":false,"bottom_shape_to_front":false,"hidden_xs":"","hidden_sm":"","hidden_md":"","animationduration":"300","animationdelay":"0","instFormId":1540889699779},"layout":"12","columns":[{"id":1591109303772,"class_name":"col-md-12","visibility":true,"settings":{"background_type":"none","background_gradient":{"color":"#00c6fb","color2":"#005bea","deg":"45","type":"linear"},"background_image":"","overlay_type":"overlay_color","gradient_overlay":{"color":"rgba(127, 0, 255, 0.8)","color2":"rgba(225, 0, 255, 0.7)","deg":"45","type":"linear"},"pattern_overlay":"","overlay_pattern_color":"","background_repeat":"no-repeat","background_size":"cover","background_attachment":"scroll","background_position":"0 0","items_align_center":0,"use_border":0,"border_width":"","border_radius":0,"boxshadow":"0 0 0 0 #fff","sm_col":"","xs_col":"","hidden_xs":"","hidden_sm":"","hidden_md":"","animationduration":"300","animationdelay":"0"},"addons":[{"id":1591109303773,"name":"heading","visibility":true,"settings":{"admin_label":"","title":"Cross(X)","heading_selector":"p","use_link":0,"title_link":"","link_new_tab":"","title_fontsize":{"md":"20","sm":"","xs":""},"title_lineheight":"","title_letterspace":"0","title_text_transform":"none","title_margin":{"md":"0px 0px 30px 0px","sm":"   ","xs":"   "},"title_padding":{"md":"0px 0px 0px 0px","sm":"   ","xs":"   "},"title_icon_position":"before","alignment":"sppb-text-center","title_text_shadow":"","class":"","global_background_type":"none","global_background_gradient":{"color":"#00c6fb","color2":"#005bea","deg":"45","type":"linear"},"global_use_overlay":0,"global_background_repeat":"no-repeat","global_background_size":"cover","global_background_attachment":"inherit","global_user_border":0,"global_border_width":"","global_border_radius":0,"global_margin":{"md":"0 0 0px 0","sm":"0 0 20px 0","xs":"0 0 10px 0"},"global_padding":{"md":"   ","sm":"   ","xs":"   "},"global_boxshadow":"0 0 0 0 #ffffff","global_use_animation":0,"global_animationduration":"300","global_animationdelay":"0","global_custom_css":"","use_global_width":"0","hidden_md":"0","hidden_sm":"0","hidden_xs":"0","acl":"","global_text_color":"#ffffff","instFormId":1540889699781,"title_font_style":{"uppercase":true,"weight":300,"italic":false,"underline":false},"title_font_family":"Nunito"}},{"id":1591109303774,"name":"animated_heading","visibility":true,"settings":{"admin_label":"","heading_style":"highlighted","heading_before_part":"This heading is","highlighted_text":"awesome","highlighted_shape":"cross","shape_color":"#ea14cc","shape_width":"15","shape_radius":0,"animated_text":"awesome\n\t\t\t\t\tnice\n\t\t\t\t\tcool","text_animation_name":"clip","heading_after_part":"from the beginning.","heading_selector":"h2","style_options":"heading","heading_fontsize":{"md":"48","sm":"","xs":""},"heading_lineheight":"","heading_letterspace":"","heading_margin":{"md":"   ","sm":"   ","xs":"   "},"heading_padding":{"md":"   ","sm":"   ","xs":"   "},"animated_text_fontsize":"","animated_text_letterspace":"","alignment":"sppb-text-center","class":"","global_background_type":"none","global_background_gradient":{"color":"#00c6fb","color2":"#005bea","deg":"45","type":"linear"},"global_use_overlay":0,"global_background_repeat":"no-repeat","global_background_size":"cover","global_background_attachment":"inherit","global_user_border":0,"global_border_width":"","global_border_radius":0,"global_margin":{"md":"0 0 30px 0","sm":"0 0 20px 0","xs":"0 0 10px 0"},"global_padding":"","global_boxshadow":"0 0 0 0 #ffffff","global_use_animation":0,"global_animationduration":"300","global_animationdelay":"0","global_custom_css":"","use_global_width":"0","hidden_md":"0","hidden_sm":"0","hidden_xs":"0","acl":"","instFormId":1540889699782,"heading_color":"#ffffff","heading_font_style":{"weight":300},"animated_text_font_style":{"weight":700,"uppercase":true}}}]}]},{"id":1591109303757,"visibility":true,"collapse":false,"settings":{"admin_label":"Highlighted Heading 4","title":"","heading_selector":"h3","title_fontsize":"","title_fontweight":"","title_position":"sppb-text-center","columns_align_center":0,"fullscreen":0,"no_gutter":0,"padding":{"md":"150px 0px 150px 0px","sm":"   ","xs":"   "},"margin":{"md":"0px 0px 0px 0px","sm":"   ","xs":"   "},"background_type":"image","background_gradient":{"color":"#00c6fb","color2":"#005bea","deg":"45","type":"linear"},"background_image":"https://sppagebuilder.com/sample-data/images/2018/10/30/highlight-bg.jpg","background_parallax":0,"background_repeat":"no-repeat","background_size":"cover","background_attachment":"scroll","background_position":"50% 50%","external_background_video":"0","video_loop":false,"overlay_type":"overlay_color","gradient_overlay":{"color":"rgba(127, 0, 255, 0.8)","color2":"rgba(225, 0, 255, 0.7)","deg":"45","type":"linear"},"pattern_overlay":"","overlay_pattern_color":"","show_top_shape":0,"shape_name":"clouds-flat","shape_color":"#e5e5e5","shape_width":{"md":100,"sm":100,"xs":100},"shape_height":"","shape_flip":false,"shape_invert":false,"shape_to_front":false,"show_bottom_shape":0,"bottom_shape_name":"clouds-opacity","bottom_shape_color":"#e5e5e5","bottom_shape_width":{"md":100,"sm":100,"xs":100},"bottom_shape_height":"","bottom_shape_flip":false,"bottom_shape_invert":false,"bottom_shape_to_front":false,"hidden_xs":"","hidden_sm":"","hidden_md":"","animationduration":"300","animationdelay":"0","instFormId":1540889699815},"layout":"12","columns":[{"id":1591109303776,"class_name":"col-md-12","visibility":true,"settings":{"background_type":"none","background_gradient":{"color":"#00c6fb","color2":"#005bea","deg":"45","type":"linear"},"background_image":"","overlay_type":"overlay_color","gradient_overlay":{"color":"rgba(127, 0, 255, 0.8)","color2":"rgba(225, 0, 255, 0.7)","deg":"45","type":"linear"},"pattern_overlay":"","overlay_pattern_color":"","background_repeat":"no-repeat","background_size":"cover","background_attachment":"scroll","background_position":"0 0","items_align_center":0,"use_border":0,"border_width":"","border_radius":0,"boxshadow":"0 0 0 0 #fff","sm_col":"","xs_col":"","hidden_xs":"","hidden_sm":"","hidden_md":"","animationduration":"300","animationdelay":"0"},"addons":[{"id":1591109303777,"name":"heading","visibility":true,"settings":{"admin_label":"","title":"Diagonal","heading_selector":"p","use_link":0,"title_link":"","link_new_tab":"","title_fontsize":{"md":"20","sm":"","xs":""},"title_lineheight":"","title_letterspace":"0","title_text_transform":"none","title_margin":{"md":"0px 0px 30px 0px","sm":"   ","xs":"   "},"title_padding":{"md":"0px 0px 0px 0px","sm":"   ","xs":"   "},"title_icon_position":"before","alignment":"sppb-text-center","title_text_shadow":"","class":"","global_background_type":"none","global_background_gradient":{"color":"#00c6fb","color2":"#005bea","deg":"45","type":"linear"},"global_use_overlay":0,"global_background_repeat":"no-repeat","global_background_size":"cover","global_background_attachment":"inherit","global_user_border":0,"global_border_width":"","global_border_radius":0,"global_margin":{"md":"0 0 0px 0","sm":"0 0 20px 0","xs":"0 0 10px 0"},"global_padding":{"md":"   ","sm":"   ","xs":"   "},"global_boxshadow":"0 0 0 0 #ffffff","global_use_animation":0,"global_animationduration":"300","global_animationdelay":"0","global_custom_css":"","use_global_width":"0","hidden_md":"0","hidden_sm":"0","hidden_xs":"0","acl":"","global_text_color":"#ffffff","instFormId":1540889699817,"title_font_style":{"uppercase":true,"weight":300,"italic":false,"underline":false},"title_font_family":"Nunito"}},{"id":1591109303778,"name":"animated_heading","visibility":true,"settings":{"admin_label":"","heading_style":"highlighted","heading_before_part":"This heading is","highlighted_text":"awesome","highlighted_shape":"diagonal","shape_color":"#ea14cc","shape_width":"15","shape_radius":0,"animated_text":"awesome\n\t\t\t\t\tnice\n\t\t\t\t\tcool","text_animation_name":"clip","heading_after_part":"from the beginning.","heading_selector":"h2","style_options":"heading","heading_fontsize":{"md":"48","sm":"","xs":""},"heading_lineheight":"","heading_letterspace":"","heading_margin":{"md":"   ","sm":"   ","xs":"   "},"heading_padding":{"md":"   ","sm":"   ","xs":"   "},"animated_text_fontsize":"","animated_text_letterspace":"","alignment":"sppb-text-center","class":"","global_background_type":"none","global_background_gradient":{"color":"#00c6fb","color2":"#005bea","deg":"45","type":"linear"},"global_use_overlay":0,"global_background_repeat":"no-repeat","global_background_size":"cover","global_background_attachment":"inherit","global_user_border":0,"global_border_width":"","global_border_radius":0,"global_margin":{"md":"0 0 30px 0","sm":"0 0 20px 0","xs":"0 0 10px 0"},"global_padding":"","global_boxshadow":"0 0 0 0 #ffffff","global_use_animation":0,"global_animationduration":"300","global_animationdelay":"0","global_custom_css":"","use_global_width":"0","hidden_md":"0","hidden_sm":"0","hidden_xs":"0","acl":"","instFormId":1540889699818,"heading_color":"#ffffff","heading_font_style":{"weight":300},"animated_text_font_style":{"weight":700,"uppercase":true}}}]}]},{"id":1591109303758,"visibility":true,"collapse":false,"settings":{"admin_label":"Highlighted Heading 5","title":"","heading_selector":"h3","title_fontsize":"","title_fontweight":"","title_position":"sppb-text-center","columns_align_center":0,"fullscreen":0,"no_gutter":0,"padding":{"md":"150px 0px 150px 0px","sm":"   ","xs":"   "},"margin":{"md":"0px 0px 0px 0px","sm":"   ","xs":"   "},"background_type":"image","background_gradient":{"color":"#00c6fb","color2":"#005bea","deg":"45","type":"linear"},"background_image":"https://sppagebuilder.com/sample-data/images/2018/10/30/highlight-bg.jpg","background_parallax":0,"background_repeat":"no-repeat","background_size":"cover","background_attachment":"scroll","background_position":"50% 50%","external_background_video":"0","video_loop":false,"overlay_type":"overlay_color","gradient_overlay":{"color":"rgba(127, 0, 255, 0.8)","color2":"rgba(225, 0, 255, 0.7)","deg":"45","type":"linear"},"pattern_overlay":"","overlay_pattern_color":"","show_top_shape":0,"shape_name":"clouds-flat","shape_color":"#e5e5e5","shape_width":{"md":100,"sm":100,"xs":100},"shape_height":"","shape_flip":false,"shape_invert":false,"shape_to_front":false,"show_bottom_shape":0,"bottom_shape_name":"clouds-opacity","bottom_shape_color":"#e5e5e5","bottom_shape_width":{"md":100,"sm":100,"xs":100},"bottom_shape_height":"","bottom_shape_flip":false,"bottom_shape_invert":false,"bottom_shape_to_front":false,"hidden_xs":"","hidden_sm":"","hidden_md":"","animationduration":"300","animationdelay":"0","instFormId":1540889699843},"layout":"12","columns":[{"id":1591109303780,"class_name":"col-md-12","visibility":true,"settings":{"background_type":"none","background_gradient":{"color":"#00c6fb","color2":"#005bea","deg":"45","type":"linear"},"background_image":"","overlay_type":"overlay_color","gradient_overlay":{"color":"rgba(127, 0, 255, 0.8)","color2":"rgba(225, 0, 255, 0.7)","deg":"45","type":"linear"},"pattern_overlay":"","overlay_pattern_color":"","background_repeat":"no-repeat","background_size":"cover","background_attachment":"scroll","background_position":"0 0","items_align_center":0,"use_border":0,"border_width":"","border_radius":0,"boxshadow":"0 0 0 0 #fff","sm_col":"","xs_col":"","hidden_xs":"","hidden_sm":"","hidden_md":"","animationduration":"300","animationdelay":"0"},"addons":[{"id":1591109303781,"name":"heading","visibility":true,"settings":{"admin_label":"","title":"Strikethrough","heading_selector":"p","use_link":0,"title_link":"","link_new_tab":"","title_fontsize":{"md":"20","sm":"","xs":""},"title_lineheight":"","title_letterspace":"0","title_text_transform":"none","title_margin":{"md":"0px 0px 30px 0px","sm":"   ","xs":"   "},"title_padding":{"md":"0px 0px 0px 0px","sm":"   ","xs":"   "},"title_icon_position":"before","alignment":"sppb-text-center","title_text_shadow":"","class":"","global_background_type":"none","global_background_gradient":{"color":"#00c6fb","color2":"#005bea","deg":"45","type":"linear"},"global_use_overlay":0,"global_background_repeat":"no-repeat","global_background_size":"cover","global_background_attachment":"inherit","global_user_border":0,"global_border_width":"","global_border_radius":0,"global_margin":{"md":"0 0 0px 0","sm":"0 0 20px 0","xs":"0 0 10px 0"},"global_padding":{"md":"   ","sm":"   ","xs":"   "},"global_boxshadow":"0 0 0 0 #ffffff","global_use_animation":0,"global_animationduration":"300","global_animationdelay":"0","global_custom_css":"","use_global_width":"0","hidden_md":"0","hidden_sm":"0","hidden_xs":"0","acl":"","global_text_color":"#ffffff","instFormId":1540889699845,"title_font_style":{"uppercase":true,"weight":300,"italic":false,"underline":false},"title_font_family":"Nunito"}},{"id":1591109303782,"name":"animated_heading","visibility":true,"settings":{"admin_label":"","heading_style":"highlighted","heading_before_part":"This heading is","highlighted_text":"awesome","highlighted_shape":"strikethrough","shape_color":"#ea14cc","shape_width":"15","shape_radius":0,"animated_text":"awesome\n\t\t\t\t\tnice\n\t\t\t\t\tcool","text_animation_name":"clip","heading_after_part":"from the beginning.","heading_selector":"h2","style_options":"heading","heading_fontsize":{"md":"48","sm":"","xs":""},"heading_lineheight":"","heading_letterspace":"","heading_margin":{"md":"   ","sm":"   ","xs":"   "},"heading_padding":{"md":"   ","sm":"   ","xs":"   "},"animated_text_fontsize":"","animated_text_letterspace":"","alignment":"sppb-text-center","class":"","global_background_type":"none","global_background_gradient":{"color":"#00c6fb","color2":"#005bea","deg":"45","type":"linear"},"global_use_overlay":0,"global_background_repeat":"no-repeat","global_background_size":"cover","global_background_attachment":"inherit","global_user_border":0,"global_border_width":"","global_border_radius":0,"global_margin":{"md":"0 0 30px 0","sm":"0 0 20px 0","xs":"0 0 10px 0"},"global_padding":"","global_boxshadow":"0 0 0 0 #ffffff","global_use_animation":0,"global_animationduration":"300","global_animationdelay":"0","global_custom_css":"","use_global_width":"0","hidden_md":"0","hidden_sm":"0","hidden_xs":"0","acl":"","instFormId":1540889699846,"heading_color":"#ffffff","heading_font_style":{"weight":300},"animated_text_font_style":{"weight":700,"uppercase":true}}}]}]},{"id":1591109303759,"visibility":true,"collapse":false,"settings":{"admin_label":"Highlighted Heading 6","title":"","heading_selector":"h3","title_fontsize":"","title_fontweight":"","title_position":"sppb-text-center","columns_align_center":0,"fullscreen":0,"no_gutter":0,"padding":{"md":"150px 0px 150px 0px","sm":"   ","xs":"   "},"margin":{"md":"0px 0px 0px 0px","sm":"   ","xs":"   "},"background_type":"image","background_gradient":{"color":"#00c6fb","color2":"#005bea","deg":"45","type":"linear"},"background_image":"https://sppagebuilder.com/sample-data/images/2018/10/30/highlight-bg.jpg","background_parallax":0,"background_repeat":"no-repeat","background_size":"cover","background_attachment":"scroll","background_position":"50% 50%","external_background_video":"0","video_loop":false,"overlay_type":"overlay_color","gradient_overlay":{"color":"rgba(127, 0, 255, 0.8)","color2":"rgba(225, 0, 255, 0.7)","deg":"45","type":"linear"},"pattern_overlay":"","overlay_pattern_color":"","show_top_shape":0,"shape_name":"clouds-flat","shape_color":"#e5e5e5","shape_width":{"md":100,"sm":100,"xs":100},"shape_height":"","shape_flip":false,"shape_invert":false,"shape_to_front":false,"show_bottom_shape":0,"bottom_shape_name":"clouds-opacity","bottom_shape_color":"#e5e5e5","bottom_shape_width":{"md":100,"sm":100,"xs":100},"bottom_shape_height":"","bottom_shape_flip":false,"bottom_shape_invert":false,"bottom_shape_to_front":false,"hidden_xs":"","hidden_sm":"","hidden_md":"","animationduration":"300","animationdelay":"0","instFormId":1540889699895},"layout":"12","columns":[{"id":1591109303784,"class_name":"col-md-12","visibility":true,"settings":{"background_type":"none","background_gradient":{"color":"#00c6fb","color2":"#005bea","deg":"45","type":"linear"},"background_image":"","overlay_type":"overlay_color","gradient_overlay":{"color":"rgba(127, 0, 255, 0.8)","color2":"rgba(225, 0, 255, 0.7)","deg":"45","type":"linear"},"pattern_overlay":"","overlay_pattern_color":"","background_repeat":"no-repeat","background_size":"cover","background_attachment":"scroll","background_position":"0 0","items_align_center":0,"use_border":0,"border_width":"","border_radius":0,"boxshadow":"0 0 0 0 #fff","sm_col":"","xs_col":"","hidden_xs":"","hidden_sm":"","hidden_md":"","animationduration":"300","animationdelay":"0"},"addons":[{"id":1591109303785,"name":"heading","visibility":true,"settings":{"admin_label":"","title":"Rectangle","heading_selector":"p","use_link":0,"title_link":"","link_new_tab":"","title_fontsize":{"md":"20","sm":"","xs":""},"title_lineheight":"","title_letterspace":"0","title_text_transform":"none","title_margin":{"md":"0px 0px 30px 0px","sm":"   ","xs":"   "},"title_padding":{"md":"0px 0px 0px 0px","sm":"   ","xs":"   "},"title_icon_position":"before","alignment":"sppb-text-center","title_text_shadow":"","class":"","global_background_type":"none","global_background_gradient":{"color":"#00c6fb","color2":"#005bea","deg":"45","type":"linear"},"global_use_overlay":0,"global_background_repeat":"no-repeat","global_background_size":"cover","global_background_attachment":"inherit","global_user_border":0,"global_border_width":"","global_border_radius":0,"global_margin":{"md":"0 0 0px 0","sm":"0 0 20px 0","xs":"0 0 10px 0"},"global_padding":{"md":"   ","sm":"   ","xs":"   "},"global_boxshadow":"0 0 0 0 #ffffff","global_use_animation":0,"global_animationduration":"300","global_animationdelay":"0","global_custom_css":"","use_global_width":"0","hidden_md":"0","hidden_sm":"0","hidden_xs":"0","acl":"","global_text_color":"#ffffff","instFormId":1540889699897,"title_font_style":{"uppercase":true,"weight":300,"italic":false,"underline":false},"title_font_family":"Nunito"}},{"id":1591109303786,"name":"animated_heading","visibility":true,"settings":{"admin_label":"","heading_style":"highlighted","heading_before_part":"This heading is","highlighted_text":"awesome","highlighted_shape":"square","shape_color":"#ea14cc","shape_width":"15","shape_radius":0,"animated_text":"awesome\n\t\t\t\t\tnice\n\t\t\t\t\tcool","text_animation_name":"clip","heading_after_part":"from the beginning.","heading_selector":"h2","style_options":"heading","heading_fontsize":{"md":"48","sm":"","xs":""},"heading_lineheight":"","heading_letterspace":"","heading_margin":{"md":"   ","sm":"   ","xs":"   "},"heading_padding":{"md":"   ","sm":"   ","xs":"   "},"animated_text_fontsize":"","animated_text_letterspace":"","alignment":"sppb-text-center","class":"","global_background_type":"none","global_background_gradient":{"color":"#00c6fb","color2":"#005bea","deg":"45","type":"linear"},"global_use_overlay":0,"global_background_repeat":"no-repeat","global_background_size":"cover","global_background_attachment":"inherit","global_user_border":0,"global_border_width":"","global_border_radius":0,"global_margin":{"md":"0 0 30px 0","sm":"0 0 20px 0","xs":"0 0 10px 0"},"global_padding":"","global_boxshadow":"0 0 0 0 #ffffff","global_use_animation":0,"global_animationduration":"300","global_animationdelay":"0","global_custom_css":"","use_global_width":"0","hidden_md":"0","hidden_sm":"0","hidden_xs":"0","acl":"","instFormId":1540889699898,"heading_color":"#ffffff","heading_font_style":{"weight":300},"animated_text_font_style":{"weight":700,"uppercase":true}}}]}]},{"id":1591109303760,"visibility":true,"collapse":false,"settings":{"admin_label":"Highlighted Heading 7","title":"","heading_selector":"h3","title_fontsize":"","title_fontweight":"","title_position":"sppb-text-center","columns_align_center":0,"fullscreen":0,"no_gutter":0,"padding":{"md":"150px 0px 150px 0px","sm":"   ","xs":"   "},"margin":{"md":"0px 0px 0px 0px","sm":"   ","xs":"   "},"background_type":"image","background_gradient":{"color":"#00c6fb","color2":"#005bea","deg":"45","type":"linear"},"background_image":"https://sppagebuilder.com/sample-data/images/2018/10/30/highlight-bg.jpg","background_parallax":0,"background_repeat":"no-repeat","background_size":"cover","background_attachment":"scroll","background_position":"50% 50%","external_background_video":"0","video_loop":false,"overlay_type":"overlay_color","gradient_overlay":{"color":"rgba(127, 0, 255, 0.8)","color2":"rgba(225, 0, 255, 0.7)","deg":"45","type":"linear"},"pattern_overlay":"","overlay_pattern_color":"","show_top_shape":0,"shape_name":"clouds-flat","shape_color":"#e5e5e5","shape_width":{"md":100,"sm":100,"xs":100},"shape_height":"","shape_flip":false,"shape_invert":false,"shape_to_front":false,"show_bottom_shape":0,"bottom_shape_name":"clouds-opacity","bottom_shape_color":"#e5e5e5","bottom_shape_width":{"md":100,"sm":100,"xs":100},"bottom_shape_height":"","bottom_shape_flip":false,"bottom_shape_invert":false,"bottom_shape_to_front":false,"hidden_xs":"","hidden_sm":"","hidden_md":"","animationduration":"300","animationdelay":"0","instFormId":1540889699925},"layout":"12","columns":[{"id":1591109303788,"class_name":"col-md-12","visibility":true,"settings":{"background_type":"none","background_gradient":{"color":"#00c6fb","color2":"#005bea","deg":"45","type":"linear"},"background_image":"","overlay_type":"overlay_color","gradient_overlay":{"color":"rgba(127, 0, 255, 0.8)","color2":"rgba(225, 0, 255, 0.7)","deg":"45","type":"linear"},"pattern_overlay":"","overlay_pattern_color":"","background_repeat":"no-repeat","background_size":"cover","background_attachment":"scroll","background_position":"0 0","items_align_center":0,"use_border":0,"border_width":"","border_radius":0,"boxshadow":"0 0 0 0 #fff","sm_col":"","xs_col":"","hidden_xs":"","hidden_sm":"","hidden_md":"","animationduration":"300","animationdelay":"0"},"addons":[{"id":1591109303789,"name":"heading","visibility":true,"settings":{"admin_label":"","title":"Top bottom line","heading_selector":"p","use_link":0,"title_link":"","link_new_tab":"","title_fontsize":{"md":"20","sm":"","xs":""},"title_lineheight":"","title_letterspace":"0","title_text_transform":"none","title_margin":{"md":"0px 0px 30px 0px","sm":"   ","xs":"   "},"title_padding":{"md":"0px 0px 0px 0px","sm":"   ","xs":"   "},"title_icon_position":"before","alignment":"sppb-text-center","title_text_shadow":"","class":"","global_background_type":"none","global_background_gradient":{"color":"#00c6fb","color2":"#005bea","deg":"45","type":"linear"},"global_use_overlay":0,"global_background_repeat":"no-repeat","global_background_size":"cover","global_background_attachment":"inherit","global_user_border":0,"global_border_width":"","global_border_radius":0,"global_margin":{"md":"0 0 0px 0","sm":"0 0 20px 0","xs":"0 0 10px 0"},"global_padding":{"md":"   ","sm":"   ","xs":"   "},"global_boxshadow":"0 0 0 0 #ffffff","global_use_animation":0,"global_animationduration":"300","global_animationdelay":"0","global_custom_css":"","use_global_width":"0","hidden_md":"0","hidden_sm":"0","hidden_xs":"0","acl":"","global_text_color":"#ffffff","instFormId":1540889699927,"title_font_style":{"uppercase":true,"weight":300,"italic":false,"underline":false},"title_font_family":"Nunito"}},{"id":1591109303790,"name":"animated_heading","visibility":true,"settings":{"admin_label":"","heading_style":"highlighted","heading_before_part":"This heading is","highlighted_text":"awesome","highlighted_shape":"top-botm-line","shape_color":"#ea14cc","shape_width":"15","shape_radius":0,"animated_text":"awesome\n\t\t\t\t\tnice\n\t\t\t\t\tcool","text_animation_name":"clip","heading_after_part":"from the beginning.","heading_selector":"h2","style_options":"heading","heading_fontsize":{"md":"48","sm":"","xs":""},"heading_lineheight":"","heading_letterspace":"","heading_margin":{"md":"   ","sm":"   ","xs":"   "},"heading_padding":{"md":"   ","sm":"   ","xs":"   "},"animated_text_fontsize":"","animated_text_letterspace":"","alignment":"sppb-text-center","class":"","global_background_type":"none","global_background_gradient":{"color":"#00c6fb","color2":"#005bea","deg":"45","type":"linear"},"global_use_overlay":0,"global_background_repeat":"no-repeat","global_background_size":"cover","global_background_attachment":"inherit","global_user_border":0,"global_border_width":"","global_border_radius":0,"global_margin":{"md":"0 0 30px 0","sm":"0 0 20px 0","xs":"0 0 10px 0"},"global_padding":"","global_boxshadow":"0 0 0 0 #ffffff","global_use_animation":0,"global_animationduration":"300","global_animationdelay":"0","global_custom_css":"","use_global_width":"0","hidden_md":"0","hidden_sm":"0","hidden_xs":"0","acl":"","instFormId":1540889699928,"heading_color":"#ffffff","heading_font_style":{"weight":300},"animated_text_font_style":{"weight":700,"uppercase":true}}}]}]},{"id":1591109303761,"visibility":true,"collapse":false,"settings":{"admin_label":"Highlighted Heading 8","title":"","heading_selector":"h3","title_fontsize":"","title_fontweight":"","title_position":"sppb-text-center","columns_align_center":0,"fullscreen":0,"no_gutter":0,"padding":{"md":"150px 0px 150px 0px","sm":"   ","xs":"   "},"margin":{"md":"0px 0px 0px 0px","sm":"   ","xs":"   "},"background_type":"image","background_gradient":{"color":"#00c6fb","color2":"#005bea","deg":"45","type":"linear"},"background_image":"https://sppagebuilder.com/sample-data/images/2018/10/30/highlight-bg.jpg","background_parallax":0,"background_repeat":"no-repeat","background_size":"cover","background_attachment":"scroll","background_position":"50% 50%","external_background_video":"0","video_loop":false,"overlay_type":"overlay_color","gradient_overlay":{"color":"rgba(127, 0, 255, 0.8)","color2":"rgba(225, 0, 255, 0.7)","deg":"45","type":"linear"},"pattern_overlay":"","overlay_pattern_color":"","show_top_shape":0,"shape_name":"clouds-flat","shape_color":"#e5e5e5","shape_width":{"md":100,"sm":100,"xs":100},"shape_height":"","shape_flip":false,"shape_invert":false,"shape_to_front":false,"show_bottom_shape":0,"bottom_shape_name":"clouds-opacity","bottom_shape_color":"#e5e5e5","bottom_shape_width":{"md":100,"sm":100,"xs":100},"bottom_shape_height":"","bottom_shape_flip":false,"bottom_shape_invert":false,"bottom_shape_to_front":false,"hidden_xs":"","hidden_sm":"","hidden_md":"","animationduration":"300","animationdelay":"0","instFormId":1540889699967},"layout":"12","columns":[{"id":1591109303792,"class_name":"col-md-12","visibility":true,"settings":{"background_type":"none","background_gradient":{"color":"#00c6fb","color2":"#005bea","deg":"45","type":"linear"},"background_image":"","overlay_type":"overlay_color","gradient_overlay":{"color":"rgba(127, 0, 255, 0.8)","color2":"rgba(225, 0, 255, 0.7)","deg":"45","type":"linear"},"pattern_overlay":"","overlay_pattern_color":"","background_repeat":"no-repeat","background_size":"cover","background_attachment":"scroll","background_position":"0 0","items_align_center":0,"use_border":0,"border_width":"","border_radius":0,"boxshadow":"0 0 0 0 #fff","sm_col":"","xs_col":"","hidden_xs":"","hidden_sm":"","hidden_md":"","animationduration":"300","animationdelay":"0"},"addons":[{"id":1591109303793,"name":"heading","visibility":true,"settings":{"admin_label":"","title":"Underline","heading_selector":"p","use_link":0,"title_link":"","link_new_tab":"","title_fontsize":{"md":"20","sm":"","xs":""},"title_lineheight":"","title_letterspace":"0","title_text_transform":"none","title_margin":{"md":"0px 0px 30px 0px","sm":"   ","xs":"   "},"title_padding":{"md":"0px 0px 0px 0px","sm":"   ","xs":"   "},"title_icon_position":"before","alignment":"sppb-text-center","title_text_shadow":"","class":"","global_background_type":"none","global_background_gradient":{"color":"#00c6fb","color2":"#005bea","deg":"45","type":"linear"},"global_use_overlay":0,"global_background_repeat":"no-repeat","global_background_size":"cover","global_background_attachment":"inherit","global_user_border":0,"global_border_width":"","global_border_radius":0,"global_margin":{"md":"0 0 0px 0","sm":"0 0 20px 0","xs":"0 0 10px 0"},"global_padding":{"md":"   ","sm":"   ","xs":"   "},"global_boxshadow":"0 0 0 0 #ffffff","global_use_animation":0,"global_animationduration":"300","global_animationdelay":"0","global_custom_css":"","use_global_width":"0","hidden_md":"0","hidden_sm":"0","hidden_xs":"0","acl":"","global_text_color":"#ffffff","instFormId":1540889699969,"title_font_style":{"uppercase":true,"weight":300,"italic":false,"underline":false},"title_font_family":"Nunito"}},{"id":1591109303794,"name":"animated_heading","visibility":true,"settings":{"admin_label":"","heading_style":"highlighted","heading_before_part":"This heading is","highlighted_text":"awesome","highlighted_shape":"underline","shape_color":"#ea14cc","shape_width":"15","shape_radius":0,"animated_text":"awesome\n\t\t\t\t\tnice\n\t\t\t\t\tcool","text_animation_name":"clip","heading_after_part":"from the beginning.","heading_selector":"h2","style_options":"heading","heading_fontsize":{"md":"48","sm":"","xs":""},"heading_lineheight":"","heading_letterspace":"","heading_margin":{"md":"   ","sm":"   ","xs":"   "},"heading_padding":{"md":"   ","sm":"   ","xs":"   "},"animated_text_fontsize":"","animated_text_letterspace":"","alignment":"sppb-text-center","class":"","global_background_type":"none","global_background_gradient":{"color":"#00c6fb","color2":"#005bea","deg":"45","type":"linear"},"global_use_overlay":0,"global_background_repeat":"no-repeat","global_background_size":"cover","global_background_attachment":"inherit","global_user_border":0,"global_border_width":"","global_border_radius":0,"global_margin":{"md":"0 0 30px 0","sm":"0 0 20px 0","xs":"0 0 10px 0"},"global_padding":"","global_boxshadow":"0 0 0 0 #ffffff","global_use_animation":0,"global_animationduration":"300","global_animationdelay":"0","global_custom_css":"","use_global_width":"0","hidden_md":"0","hidden_sm":"0","hidden_xs":"0","acl":"","instFormId":1540889699970,"heading_color":"#ffffff","heading_font_style":{"weight":300},"animated_text_font_style":{"weight":700,"uppercase":true}}}]}]},{"id":1591109303762,"visibility":true,"collapse":false,"settings":{"admin_label":"Highlighted Heading 9","title":"","heading_selector":"h3","title_fontsize":"","title_fontweight":"","title_position":"sppb-text-center","columns_align_center":0,"fullscreen":0,"no_gutter":0,"padding":{"md":"150px 0px 150px 0px","sm":"   ","xs":"   "},"margin":{"md":"0px 0px 0px 0px","sm":"   ","xs":"   "},"background_type":"image","background_gradient":{"color":"#00c6fb","color2":"#005bea","deg":"45","type":"linear"},"background_image":"https://sppagebuilder.com/sample-data/images/2018/10/30/highlight-bg.jpg","background_parallax":0,"background_repeat":"no-repeat","background_size":"cover","background_attachment":"scroll","background_position":"50% 50%","external_background_video":"0","video_loop":false,"overlay_type":"overlay_color","gradient_overlay":{"color":"rgba(127, 0, 255, 0.8)","color2":"rgba(225, 0, 255, 0.7)","deg":"45","type":"linear"},"pattern_overlay":"","overlay_pattern_color":"","show_top_shape":0,"shape_name":"clouds-flat","shape_color":"#e5e5e5","shape_width":{"md":100,"sm":100,"xs":100},"shape_height":"","shape_flip":false,"shape_invert":false,"shape_to_front":false,"show_bottom_shape":0,"bottom_shape_name":"clouds-opacity","bottom_shape_color":"#e5e5e5","bottom_shape_width":{"md":100,"sm":100,"xs":100},"bottom_shape_height":"","bottom_shape_flip":false,"bottom_shape_invert":false,"bottom_shape_to_front":false,"hidden_xs":"","hidden_sm":"","hidden_md":"","animationduration":"300","animationdelay":"0","instFormId":1540889700003},"layout":"12","columns":[{"id":1591109303796,"class_name":"col-md-12","visibility":true,"settings":{"background_type":"none","background_gradient":{"color":"#00c6fb","color2":"#005bea","deg":"45","type":"linear"},"background_image":"","overlay_type":"overlay_color","gradient_overlay":{"color":"rgba(127, 0, 255, 0.8)","color2":"rgba(225, 0, 255, 0.7)","deg":"45","type":"linear"},"pattern_overlay":"","overlay_pattern_color":"","background_repeat":"no-repeat","background_size":"cover","background_attachment":"scroll","background_position":"0 0","items_align_center":0,"use_border":0,"border_width":"","border_radius":0,"boxshadow":"0 0 0 0 #fff","sm_col":"","xs_col":"","hidden_xs":"","hidden_sm":"","hidden_md":"","animationduration":"300","animationdelay":"0"},"addons":[{"id":1591109303797,"name":"heading","visibility":true,"settings":{"admin_label":"","title":"Double Underline","heading_selector":"p","use_link":0,"title_link":"","link_new_tab":"","title_fontsize":{"md":"20","sm":"","xs":""},"title_lineheight":"","title_letterspace":"0","title_text_transform":"none","title_margin":{"md":"0px 0px 30px 0px","sm":"   ","xs":"   "},"title_padding":{"md":"0px 0px 0px 0px","sm":"   ","xs":"   "},"title_icon_position":"before","alignment":"sppb-text-center","title_text_shadow":"","class":"","global_background_type":"none","global_background_gradient":{"color":"#00c6fb","color2":"#005bea","deg":"45","type":"linear"},"global_use_overlay":0,"global_background_repeat":"no-repeat","global_background_size":"cover","global_background_attachment":"inherit","global_user_border":0,"global_border_width":"","global_border_radius":0,"global_margin":{"md":"0 0 0px 0","sm":"0 0 20px 0","xs":"0 0 10px 0"},"global_padding":{"md":"   ","sm":"   ","xs":"   "},"global_boxshadow":"0 0 0 0 #ffffff","global_use_animation":0,"global_animationduration":"300","global_animationdelay":"0","global_custom_css":"","use_global_width":"0","hidden_md":"0","hidden_sm":"0","hidden_xs":"0","acl":"","global_text_color":"#ffffff","instFormId":1540889700005,"title_font_style":{"uppercase":true,"weight":300,"italic":false,"underline":false},"title_font_family":"Nunito"}},{"id":1591109303798,"name":"animated_heading","visibility":true,"settings":{"admin_label":"","heading_style":"highlighted","heading_before_part":"This heading is","highlighted_text":"awesome","highlighted_shape":"dubl-underline","shape_color":"#ea14cc","shape_width":"15","shape_radius":0,"animated_text":"awesome\n\t\t\t\t\tnice\n\t\t\t\t\tcool","text_animation_name":"clip","heading_after_part":"from the beginning.","heading_selector":"h2","style_options":"heading","heading_fontsize":{"md":"48","sm":"","xs":""},"heading_lineheight":"","heading_letterspace":"","heading_margin":{"md":"   ","sm":"   ","xs":"   "},"heading_padding":{"md":"   ","sm":"   ","xs":"   "},"animated_text_fontsize":"","animated_text_letterspace":"","alignment":"sppb-text-center","class":"","global_background_type":"none","global_background_gradient":{"color":"#00c6fb","color2":"#005bea","deg":"45","type":"linear"},"global_use_overlay":0,"global_background_repeat":"no-repeat","global_background_size":"cover","global_background_attachment":"inherit","global_user_border":0,"global_border_width":"","global_border_radius":0,"global_margin":{"md":"0 0 30px 0","sm":"0 0 20px 0","xs":"0 0 10px 0"},"global_padding":"","global_boxshadow":"0 0 0 0 #ffffff","global_use_animation":0,"global_animationduration":"300","global_animationdelay":"0","global_custom_css":"","use_global_width":"0","hidden_md":"0","hidden_sm":"0","hidden_xs":"0","acl":"","instFormId":1540889700006,"heading_color":"#ffffff","heading_font_style":{"weight":300},"animated_text_font_style":{"weight":700,"uppercase":true}}}]}]},{"id":1591109303763,"visibility":true,"collapse":false,"settings":{"admin_label":"Highlighted Heading 10","title":"","heading_selector":"h3","title_fontsize":"","title_fontweight":"","title_position":"sppb-text-center","columns_align_center":0,"fullscreen":0,"no_gutter":0,"padding":{"md":"150px 0px 150px 0px","sm":"   ","xs":"   "},"margin":{"md":"0px 0px 0px 0px","sm":"   ","xs":"   "},"background_type":"image","background_gradient":{"color":"#00c6fb","color2":"#005bea","deg":"45","type":"linear"},"background_image":"https://sppagebuilder.com/sample-data/images/2018/10/30/highlight-bg.jpg","background_parallax":0,"background_repeat":"no-repeat","background_size":"cover","background_attachment":"scroll","background_position":"50% 50%","external_background_video":"0","video_loop":false,"overlay_type":"overlay_color","gradient_overlay":{"color":"rgba(127, 0, 255, 0.8)","color2":"rgba(225, 0, 255, 0.7)","deg":"45","type":"linear"},"pattern_overlay":"","overlay_pattern_color":"","show_top_shape":0,"shape_name":"clouds-flat","shape_color":"#e5e5e5","shape_width":{"md":100,"sm":100,"xs":100},"shape_height":"","shape_flip":false,"shape_invert":false,"shape_to_front":false,"show_bottom_shape":0,"bottom_shape_name":"clouds-opacity","bottom_shape_color":"#e5e5e5","bottom_shape_width":{"md":100,"sm":100,"xs":100},"bottom_shape_height":"","bottom_shape_flip":false,"bottom_shape_invert":false,"bottom_shape_to_front":false,"hidden_xs":"","hidden_sm":"","hidden_md":"","animationduration":"300","animationdelay":"0","instFormId":1540889700031},"layout":"12","columns":[{"id":1591109303800,"class_name":"col-md-12","visibility":true,"settings":{"background_type":"none","background_gradient":{"color":"#00c6fb","color2":"#005bea","deg":"45","type":"linear"},"background_image":"","overlay_type":"overlay_color","gradient_overlay":{"color":"rgba(127, 0, 255, 0.8)","color2":"rgba(225, 0, 255, 0.7)","deg":"45","type":"linear"},"pattern_overlay":"","overlay_pattern_color":"","background_repeat":"no-repeat","background_size":"cover","background_attachment":"scroll","background_position":"0 0","items_align_center":0,"use_border":0,"border_width":"","border_radius":0,"boxshadow":"0 0 0 0 #fff","sm_col":"","xs_col":"","hidden_xs":"","hidden_sm":"","hidden_md":"","animationduration":"300","animationdelay":"0"},"addons":[{"id":1591109303801,"name":"heading","visibility":true,"settings":{"admin_label":"","title":"Scribble underline","heading_selector":"p","use_link":0,"title_link":"","link_new_tab":"","title_fontsize":{"md":"20","sm":"","xs":""},"title_lineheight":"","title_letterspace":"0","title_text_transform":"none","title_margin":{"md":"0px 0px 30px 0px","sm":"   ","xs":"   "},"title_padding":{"md":"0px 0px 0px 0px","sm":"   ","xs":"   "},"title_icon_position":"before","alignment":"sppb-text-center","title_text_shadow":"","class":"","global_background_type":"none","global_background_gradient":{"color":"#00c6fb","color2":"#005bea","deg":"45","type":"linear"},"global_use_overlay":0,"global_background_repeat":"no-repeat","global_background_size":"cover","global_background_attachment":"inherit","global_user_border":0,"global_border_width":"","global_border_radius":0,"global_margin":{"md":"0 0 0px 0","sm":"0 0 20px 0","xs":"0 0 10px 0"},"global_padding":{"md":"   ","sm":"   ","xs":"   "},"global_boxshadow":"0 0 0 0 #ffffff","global_use_animation":0,"global_animationduration":"300","global_animationdelay":"0","global_custom_css":"","use_global_width":"0","hidden_md":"0","hidden_sm":"0","hidden_xs":"0","acl":"","global_text_color":"#ffffff","instFormId":1540889700033,"title_font_style":{"uppercase":true,"weight":300,"italic":false,"underline":false},"title_font_family":"Nunito"}},{"id":1591109303802,"name":"animated_heading","visibility":true,"settings":{"admin_label":"","heading_style":"highlighted","heading_before_part":"This heading is","highlighted_text":"awesome","highlighted_shape":"zigzag-underline","shape_color":"#ea14cc","shape_width":"15","shape_radius":0,"animated_text":"awesome\n\t\t\t\t\tnice\n\t\t\t\t\tcool","text_animation_name":"clip","heading_after_part":"from the beginning.","heading_selector":"h2","style_options":"heading","heading_fontsize":{"md":"48","sm":"","xs":""},"heading_lineheight":"","heading_letterspace":"","heading_margin":{"md":"   ","sm":"   ","xs":"   "},"heading_padding":{"md":"   ","sm":"   ","xs":"   "},"animated_text_fontsize":"","animated_text_letterspace":"","alignment":"sppb-text-center","class":"","global_background_type":"none","global_background_gradient":{"color":"#00c6fb","color2":"#005bea","deg":"45","type":"linear"},"global_use_overlay":0,"global_background_repeat":"no-repeat","global_background_size":"cover","global_background_attachment":"inherit","global_user_border":0,"global_border_width":"","global_border_radius":0,"global_margin":{"md":"0 0 30px 0","sm":"0 0 20px 0","xs":"0 0 10px 0"},"global_padding":"","global_boxshadow":"0 0 0 0 #ffffff","global_use_animation":0,"global_animationduration":"300","global_animationdelay":"0","global_custom_css":"","use_global_width":"0","hidden_md":"0","hidden_sm":"0","hidden_xs":"0","acl":"","instFormId":1540889700034,"heading_color":"#ffffff","heading_font_style":{"weight":300},"animated_text_font_style":{"weight":700,"uppercase":true}}}]}]},{"id":1591109303764,"visibility":true,"collapse":false,"settings":{"admin_label":"Highlighted Heading 11","title":"","heading_selector":"h3","title_fontsize":"","title_fontweight":"","title_position":"sppb-text-center","columns_align_center":0,"fullscreen":0,"no_gutter":0,"padding":{"md":"150px 0px 150px 0px","sm":"   ","xs":"   "},"margin":{"md":"0px 0px 0px 0px","sm":"   ","xs":"   "},"background_type":"image","background_gradient":{"color":"#00c6fb","color2":"#005bea","deg":"45","type":"linear"},"background_image":"https://sppagebuilder.com/sample-data/images/2018/10/30/highlight-bg.jpg","background_parallax":0,"background_repeat":"no-repeat","background_size":"cover","background_attachment":"scroll","background_position":"50% 50%","external_background_video":"0","video_loop":false,"overlay_type":"overlay_color","gradient_overlay":{"color":"rgba(127, 0, 255, 0.8)","color2":"rgba(225, 0, 255, 0.7)","deg":"45","type":"linear"},"pattern_overlay":"","overlay_pattern_color":"","show_top_shape":0,"shape_name":"clouds-flat","shape_color":"#e5e5e5","shape_width":{"md":100,"sm":100,"xs":100},"shape_height":"","shape_flip":false,"shape_invert":false,"shape_to_front":false,"show_bottom_shape":0,"bottom_shape_name":"clouds-opacity","bottom_shape_color":"#e5e5e5","bottom_shape_width":{"md":100,"sm":100,"xs":100},"bottom_shape_height":"","bottom_shape_flip":false,"bottom_shape_invert":false,"bottom_shape_to_front":false,"hidden_xs":"","hidden_sm":"","hidden_md":"","animationduration":"300","animationdelay":"0","instFormId":1540889700077},"layout":"12","columns":[{"id":1591109303804,"class_name":"col-md-12","visibility":true,"settings":{"background_type":"none","background_gradient":{"color":"#00c6fb","color2":"#005bea","deg":"45","type":"linear"},"background_image":"","overlay_type":"overlay_color","gradient_overlay":{"color":"rgba(127, 0, 255, 0.8)","color2":"rgba(225, 0, 255, 0.7)","deg":"45","type":"linear"},"pattern_overlay":"","overlay_pattern_color":"","background_repeat":"no-repeat","background_size":"cover","background_attachment":"scroll","background_position":"0 0","items_align_center":0,"use_border":0,"border_width":"","border_radius":0,"boxshadow":"0 0 0 0 #fff","sm_col":"","xs_col":"","hidden_xs":"","hidden_sm":"","hidden_md":"","animationduration":"300","animationdelay":"0"},"addons":[{"id":1591109303805,"name":"heading","visibility":true,"settings":{"admin_label":"","title":"sharpe zigzag underline","heading_selector":"p","use_link":0,"title_link":"","link_new_tab":"","title_fontsize":{"md":"20","sm":"","xs":""},"title_lineheight":"","title_letterspace":"0","title_text_transform":"none","title_margin":{"md":"0px 0px 30px 0px","sm":"   ","xs":"   "},"title_padding":{"md":"0px 0px 0px 0px","sm":"   ","xs":"   "},"title_icon_position":"before","alignment":"sppb-text-center","title_text_shadow":"","class":"","global_background_type":"none","global_background_gradient":{"color":"#00c6fb","color2":"#005bea","deg":"45","type":"linear"},"global_use_overlay":0,"global_background_repeat":"no-repeat","global_background_size":"cover","global_background_attachment":"inherit","global_user_border":0,"global_border_width":"","global_border_radius":0,"global_margin":{"md":"0 0 0px 0","sm":"0 0 20px 0","xs":"0 0 10px 0"},"global_padding":{"md":"   ","sm":"   ","xs":"   "},"global_boxshadow":"0 0 0 0 #ffffff","global_use_animation":0,"global_animationduration":"300","global_animationdelay":"0","global_custom_css":"","use_global_width":"0","hidden_md":"0","hidden_sm":"0","hidden_xs":"0","acl":"","global_text_color":"#ffffff","instFormId":1540889700079,"title_font_style":{"uppercase":true,"weight":300,"italic":false,"underline":false},"title_font_family":"Nunito"}},{"id":1591109303806,"name":"animated_heading","visibility":true,"settings":{"admin_label":"","heading_style":"highlighted","heading_before_part":"This heading is","highlighted_text":"awesome","highlighted_shape":"sharpe-zigzag","shape_color":"#ea14cc","shape_width":"15","shape_radius":0,"animated_text":"awesome\n\t\t\t\t\tnice\n\t\t\t\t\tcool","text_animation_name":"clip","heading_after_part":"from the beginning.","heading_selector":"h2","style_options":"heading","heading_fontsize":{"md":"48","sm":"","xs":""},"heading_lineheight":"","heading_letterspace":"","heading_margin":{"md":"   ","sm":"   ","xs":"   "},"heading_padding":{"md":"   ","sm":"   ","xs":"   "},"animated_text_fontsize":"","animated_text_letterspace":"","alignment":"sppb-text-center","class":"","global_background_type":"none","global_background_gradient":{"color":"#00c6fb","color2":"#005bea","deg":"45","type":"linear"},"global_use_overlay":0,"global_background_repeat":"no-repeat","global_background_size":"cover","global_background_attachment":"inherit","global_user_border":0,"global_border_width":"","global_border_radius":0,"global_margin":{"md":"0 0 30px 0","sm":"0 0 20px 0","xs":"0 0 10px 0"},"global_padding":"","global_boxshadow":"0 0 0 0 #ffffff","global_use_animation":0,"global_animationduration":"300","global_animationdelay":"0","global_custom_css":"","use_global_width":"0","hidden_md":"0","hidden_sm":"0","hidden_xs":"0","acl":"","instFormId":1540889700080,"heading_color":"#ffffff","heading_font_style":{"weight":300},"animated_text_font_style":{"weight":700,"uppercase":true}}}]}]},{"id":1591109303765,"visibility":true,"collapse":false,"settings":{"admin_label":"Highlighted Heading 12","title":"","heading_selector":"h3","title_fontsize":"","title_fontweight":"","title_position":"sppb-text-center","columns_align_center":0,"fullscreen":0,"no_gutter":0,"padding":{"md":"150px 0px 150px 0px","sm":"   ","xs":"   "},"margin":{"md":"0px 0px 0px 0px","sm":"   ","xs":"   "},"background_type":"image","background_gradient":{"color":"#00c6fb","color2":"#005bea","deg":"45","type":"linear"},"background_image":"https://sppagebuilder.com/sample-data/images/2018/10/30/highlight-bg.jpg","background_parallax":0,"background_repeat":"no-repeat","background_size":"cover","background_attachment":"scroll","background_position":"50% 50%","external_background_video":"0","video_loop":false,"overlay_type":"overlay_color","gradient_overlay":{"color":"rgba(127, 0, 255, 0.8)","color2":"rgba(225, 0, 255, 0.7)","deg":"45","type":"linear"},"pattern_overlay":"","overlay_pattern_color":"","show_top_shape":0,"shape_name":"clouds-flat","shape_color":"#e5e5e5","shape_width":{"md":100,"sm":100,"xs":100},"shape_height":"","shape_flip":false,"shape_invert":false,"shape_to_front":false,"show_bottom_shape":0,"bottom_shape_name":"clouds-opacity","bottom_shape_color":"#e5e5e5","bottom_shape_width":{"md":100,"sm":100,"xs":100},"bottom_shape_height":"","bottom_shape_flip":false,"bottom_shape_invert":false,"bottom_shape_to_front":false,"hidden_xs":"","hidden_sm":"","hidden_md":"","animationduration":"300","animationdelay":"0","instFormId":1540889700123},"layout":"12","columns":[{"id":1591109303808,"class_name":"col-md-12","visibility":true,"settings":{"background_type":"none","background_gradient":{"color":"#00c6fb","color2":"#005bea","deg":"45","type":"linear"},"background_image":"","overlay_type":"overlay_color","gradient_overlay":{"color":"rgba(127, 0, 255, 0.8)","color2":"rgba(225, 0, 255, 0.7)","deg":"45","type":"linear"},"pattern_overlay":"","overlay_pattern_color":"","background_repeat":"no-repeat","background_size":"cover","background_attachment":"scroll","background_position":"0 0","items_align_center":0,"use_border":0,"border_width":"","border_radius":0,"boxshadow":"0 0 0 0 #fff","sm_col":"","xs_col":"","hidden_xs":"","hidden_sm":"","hidden_md":"","animationduration":"300","animationdelay":"0"},"addons":[{"id":1591109303809,"name":"heading","visibility":true,"settings":{"admin_label":"","title":"wave","heading_selector":"p","use_link":0,"title_link":"","link_new_tab":"","title_fontsize":{"md":"20","sm":"","xs":""},"title_lineheight":"","title_letterspace":"0","title_text_transform":"none","title_margin":{"md":"0px 0px 30px 0px","sm":"   ","xs":"   "},"title_padding":{"md":"0px 0px 0px 0px","sm":"   ","xs":"   "},"title_icon_position":"before","alignment":"sppb-text-center","title_text_shadow":"","class":"","global_background_type":"none","global_background_gradient":{"color":"#00c6fb","color2":"#005bea","deg":"45","type":"linear"},"global_use_overlay":0,"global_background_repeat":"no-repeat","global_background_size":"cover","global_background_attachment":"inherit","global_user_border":0,"global_border_width":"","global_border_radius":0,"global_margin":{"md":"0 0 0px 0","sm":"0 0 20px 0","xs":"0 0 10px 0"},"global_padding":{"md":"   ","sm":"   ","xs":"   "},"global_boxshadow":"0 0 0 0 #ffffff","global_use_animation":0,"global_animationduration":"300","global_animationdelay":"0","global_custom_css":"","use_global_width":"0","hidden_md":"0","hidden_sm":"0","hidden_xs":"0","acl":"","global_text_color":"#ffffff","instFormId":1540889700125,"title_font_style":{"uppercase":true,"weight":300,"italic":false,"underline":false},"title_font_family":"Nunito"}},{"id":1591109303810,"name":"animated_heading","visibility":true,"settings":{"admin_label":"","heading_style":"highlighted","heading_before_part":"This heading is","highlighted_text":"awesome","highlighted_shape":"wave","shape_color":"#ea14cc","shape_width":"15","shape_radius":0,"animated_text":"awesome\n\t\t\t\t\tnice\n\t\t\t\t\tcool","text_animation_name":"clip","heading_after_part":"from the beginning.","heading_selector":"h2","style_options":"heading","heading_fontsize":{"md":"48","sm":"","xs":""},"heading_lineheight":"","heading_letterspace":"","heading_margin":{"md":"   ","sm":"   ","xs":"   "},"heading_padding":{"md":"   ","sm":"   ","xs":"   "},"animated_text_fontsize":"","animated_text_letterspace":"","alignment":"sppb-text-center","class":"","global_background_type":"none","global_background_gradient":{"color":"#00c6fb","color2":"#005bea","deg":"45","type":"linear"},"global_use_overlay":0,"global_background_repeat":"no-repeat","global_background_size":"cover","global_background_attachment":"inherit","global_user_border":0,"global_border_width":"","global_border_radius":0,"global_margin":{"md":"0 0 30px 0","sm":"0 0 20px 0","xs":"0 0 10px 0"},"global_padding":"","global_boxshadow":"0 0 0 0 #ffffff","global_use_animation":0,"global_animationduration":"300","global_animationdelay":"0","global_custom_css":"","use_global_width":"0","hidden_md":"0","hidden_sm":"0","hidden_xs":"0","acl":"","instFormId":1540889700126,"heading_color":"#ffffff","heading_font_style":{"weight":300},"animated_text_font_style":{"weight":700,"uppercase":true}}}]}]}]