[{"id":1591135554822,"visibility":true,"collapse":false,"settings":{"admin_label":"Image Carousel 1","title":"","heading_selector":"h3","title_fontsize":"","title_fontweight":"","title_position":"sppb-text-center","columns_align_center":0,"fullscreen":0,"no_gutter":0,"padding":{"md":"100px 0px 100px 0px","sm":"   ","xs":"   "},"margin":{"md":"0px 0px 0px 0px","sm":"   ","xs":"   "},"background_type":"none","background_gradient":{"color":"#00c6fb","color2":"#005bea","deg":"45","type":"linear"},"background_image":"","background_parallax":"0","background_repeat":"no-repeat","background_size":"cover","background_attachment":"fixed","background_position":"0 0","external_background_video":"0","video_loop":1,"overlay_type":"overlay_none","gradient_overlay":{"color":"rgba(127, 0, 255, 0.8)","color2":"rgba(225, 0, 255, 0.7)","deg":"45","type":"linear"},"pattern_overlay":"","overlay_pattern_color":"","blend_mode":"normal","show_top_shape":0,"shape_name":"clouds-flat","shape_color":"#e5e5e5","shape_width":{"md":100,"sm":100,"xs":100},"shape_height":"","shape_flip":false,"shape_invert":false,"shape_to_front":false,"show_bottom_shape":0,"bottom_shape_name":"clouds-opacity","bottom_shape_color":"#e5e5e5","bottom_shape_width":{"md":100,"sm":100,"xs":100},"bottom_shape_height":"","bottom_shape_flip":false,"bottom_shape_invert":false,"bottom_shape_to_front":false,"hidden_xs":"","hidden_sm":"","hidden_md":"","animationduration":"300","animationdelay":"0","instFormId":1573537318240,"id":"image-carousel-1"},"layout":"12","columns":[{"id":1591135554850,"class_name":"col-md-12","visibility":true,"settings":{"background_type":"none","background_gradient":{"color":"#00c6fb","color2":"#005bea","deg":"45","type":"linear"},"background_image":"","background_repeat":"no-repeat","background_size":"cover","background_attachment":"scroll","background_position":"0 0","overlay_type":"overlay_color","gradient_overlay":{"color":"rgba(127, 0, 255, 0.8)","color2":"rgba(225, 0, 255, 0.7)","deg":"45","type":"linear"},"pattern_overlay":"","overlay_pattern_color":"","blend_mode":"normal","items_align_center":0,"use_border":0,"border_width":"","border_radius":0,"boxshadow":"0 0 0 0 #fff","sm_col":"","xs_col":"","tablet_order":"","mobile_order":"","hidden_xs":"","hidden_sm":"","hidden_md":"","animationduration":"300","animationdelay":"0"},"addons":[{"id":1591135554851,"name":"image_carousel","visibility":true,"settings":{"admin_label":"","carousel_options":"elements","image_carousel_layout":"layout1","carousel_height":500,"carousel_margin":"15","carousel_center_padding":180,"carousel_autoplay":0,"carousel_speed":800,"carousel_interval":4500,"carousel_overlay":1,"overlay_gradient":{"color":"rgba(58, 25, 208, 0.55)","color2":"rgba(255, 79, 226, 0.7)","deg":"125","type":"linear"},"item_content_verti_align":"middle","item_content_hori_align":"center","content_style":"subtitle_style","content_title_fontsize":{"md":"12","sm":"","xs":""},"content_title_lineheight":"","content_title_letterspace":"2px","content_subtitle_fontsize":{"md":"46","sm":"30","xs":"24"},"content_subtitle_lineheight":"","content_subtitle_letterspace":"0px","description_fontsize":"","description_lineheight":"","description_letterspace":"0px","sp_image_carousel_item":[{"image_carousel_img":"https://sppagebuilder.com/images/2019/image-carousel/image-carousel-1.jpg","item_title":"Introducing","item_subtitle":"Image Carousel Addon"},{"image_carousel_img":"https://sppagebuilder.com/images/2019/image-carousel/image-carousel-2.jpg","item_title":"Introducing","item_subtitle":"Image Carousel Addon"},{"image_carousel_img":"https://sppagebuilder.com/images/2019/image-carousel/image-carousel-3.jpg","item_title":"Introducing","item_subtitle":"Image Carousel Addon"},{"image_carousel_img":"https://sppagebuilder.com/images/2019/image-carousel/image-carousel-4.jpg","item_title":"Introducing","item_subtitle":"Image Carousel Addon"},{"item_title":"Introducing","item_subtitle":"Image Carousel Addon","image_carousel_img":"https://sppagebuilder.com/images/2019/image-carousel/image-carousel-5.jpg"},{"item_title":"Introducing","item_subtitle":"Image Carousel Addon","image_carousel_img":"https://sppagebuilder.com/images/2019/image-carousel/image-carousel-6.jpg"}],"carousel_navigation":"bullet_controller","carousel_bullet":0,"bullet_style":"normal_bullet","bullet_height":4,"bullet_width":25,"bullet_background":"","bullet_border_width":0,"bullet_border_color":"","bullet_border_radius":"","bullet_active_background":"","carousel_arrow":1,"arrow_icon":"angle","arrow_style":"hover_arrow","arrow_height":"215","arrow_width":"40","arrow_background":"#f5f5f5","arrow_color":"#e2e2e2","arrow_font_size":"50","arrow_border_width":0,"arrow_border_color":"#f5f5f5","arrow_border_radius":"10","arrow_hover_background":"","arrow_hover_color":"#0070f5","arrow_hover_border_color":"","class":"","global_background_type":"none","global_background_gradient":{"color":"#00c6fb","color2":"#005bea","deg":"45","type":"linear"},"global_background_repeat":"no-repeat","global_background_size":"cover","global_background_attachment":"inherit","global_background_position":"50% 50%","global_use_overlay":0,"global_overlay_type":"overlay_none","global_gradient_overlay":{"color":"rgba(127, 0, 255, 0.8)","color2":"rgba(225, 0, 255, 0.7)","deg":"45","type":"linear"},"global_pattern_overlay":"","global_overlay_pattern_color":"","blend_mode":"normal","global_user_border":0,"global_border_width":"","global_border_radius":0,"global_margin":{"md":"0px 0px 0px 0px","sm":"0px 0px 20px 0px","xs":"0px 0px 10px 0px"},"global_padding":{"md":"0px 80px 0px 80px","sm":"10px 10px 10px 10px","xs":"0px 30px 0px 30px"},"global_boxshadow":"0 0 0 0 #ffffff","global_use_animation":0,"global_animationduration":"300","global_animationdelay":"0","global_custom_css":"","global_custom_position":0,"global_seclect_position":"relative","global_addon_position_left":{"unit":"px"},"global_addon_position_top":{"unit":"px"},"use_global_width":"0","hidden_md":"0","hidden_sm":"0","hidden_xs":"0","acl":"","while_scroll_view":[{"enable_while_scroll_view":0,"on_scroll_actions":[{"id":"b3fdc1c1e6bfde5942ea","index":0,"keyframe":0,"name":"move","property":{"x":"0","y":"-100","z":"0"},"range":{"max":500,"min":-500,"stop":1},"single":true,"title":"Move"},{"id":"936e0225e6dc8edfba7d","index":1,"keyframe":100,"name":"move","property":{"x":0,"y":0,"z":0},"range":{"max":500,"min":-500,"stop":1},"single":true,"title":"Move"}],"transition_origin_x":"center","transition_origin_y":"center","enable_tablet":0,"enable_mobile":0}],"mouse_movement":[{"enable_tilt_effect":0,"mouse_tilt_direction":"direct","mouse_tilt_speed":"1","mouse_tilt_max":"15","enable_tablet":0,"enable_mobile":0}],"instFormId":1573537336036,"content_title_margin":{"md":"   ","sm":"   ","xs":"   "},"content_title_font_family":"Poppins","content_title_font_style":{"weight":700,"uppercase":true},"content_subtitle_font_family":"Roboto","content_subtitle_font_style":{"weight":700},"arrow_position_verti":{"md":"","sm":"","xs":""},"arrow_position_hori":{"md":"-40","sm":"","xs":""}}}]}]},{"id":1591135554823,"visibility":true,"collapse":false,"settings":{"admin_label":"Image Carousel 2","title":"","heading_selector":"h3","title_fontsize":"","title_fontweight":"","title_position":"sppb-text-center","columns_align_center":0,"fullscreen":1,"no_gutter":0,"padding":{"md":"120px 0px 0px 0px","sm":"   ","xs":"   "},"margin":{"md":"0px 0px 0px 0px","sm":"   ","xs":"   "},"background_type":"color","background_gradient":{"color":"#00c6fb","color2":"#005bea","deg":"45","type":"linear"},"background_image":"","background_parallax":"0","background_repeat":"no-repeat","background_size":"cover","background_attachment":"fixed","background_position":"0 0","external_background_video":"0","video_loop":1,"overlay_type":"overlay_none","gradient_overlay":{"color":"rgba(127, 0, 255, 0.8)","color2":"rgba(225, 0, 255, 0.7)","deg":"45","type":"linear"},"pattern_overlay":"","overlay_pattern_color":"","blend_mode":"normal","show_top_shape":0,"shape_name":"clouds-flat","shape_color":"#e5e5e5","shape_width":{"md":100,"sm":100,"xs":100},"shape_height":"","shape_flip":false,"shape_invert":false,"shape_to_front":false,"show_bottom_shape":0,"bottom_shape_name":"clouds-opacity","bottom_shape_color":"#e5e5e5","bottom_shape_width":{"md":100,"sm":100,"xs":100},"bottom_shape_height":"","bottom_shape_flip":false,"bottom_shape_invert":false,"bottom_shape_to_front":false,"hidden_xs":"","hidden_sm":"","hidden_md":"","animationduration":"300","animationdelay":"0","instFormId":1573541329813,"background_color":"#212121","id":"image-carousel-2"},"layout":"12","columns":[{"id":1591135554853,"class_name":"col-md-12","visibility":true,"settings":{"background_type":"none","background_gradient":{"color":"#00c6fb","color2":"#005bea","deg":"45","type":"linear"},"background_image":"","background_repeat":"no-repeat","background_size":"cover","background_attachment":"scroll","background_position":"0 0","overlay_type":"overlay_color","gradient_overlay":{"color":"rgba(127, 0, 255, 0.8)","color2":"rgba(225, 0, 255, 0.7)","deg":"45","type":"linear"},"pattern_overlay":"","overlay_pattern_color":"","blend_mode":"normal","items_align_center":0,"use_border":0,"border_width":"","border_radius":0,"boxshadow":"0 0 0 0 #fff","sm_col":"","xs_col":"","tablet_order":"","mobile_order":"","hidden_xs":"","hidden_sm":"","hidden_md":"","animationduration":"300","animationdelay":"0"},"addons":[{"id":1591135554854,"name":"image_carousel","visibility":true,"settings":{"admin_label":"","carousel_options":"elements","image_carousel_layout":"layout2","carousel_height":500,"carousel_margin":"20","carousel_center_padding":"80","carousel_autoplay":0,"carousel_speed":800,"carousel_interval":4500,"carousel_overlay":0,"overlay_gradient":{"color":"rgba(59, 25, 208, 0.5)","color2":"rgba(255, 79, 226, 0.5)","deg":"125","type":"linear"},"item_content_verti_align":"middle","item_content_hori_align":"center","content_style":"title_style","content_title_fontsize":"","content_title_lineheight":"","content_title_letterspace":"0px","content_subtitle_fontsize":"","content_subtitle_lineheight":"","content_subtitle_letterspace":"0px","description_fontsize":"","description_lineheight":"","description_letterspace":"0px","sp_image_carousel_item":[{"image_carousel_img":"https://sppagebuilder.com/images/2019/image-carousel/image-carousel-v2-1.jpg"},{"image_carousel_img":"https://sppagebuilder.com/images/2019/image-carousel/image-carousel-v2-2.jpg"},{"image_carousel_img":"https://sppagebuilder.com/images/2019/image-carousel/image-carousel-v2-3.jpg"},{"image_carousel_img":"https://sppagebuilder.com/images/2019/image-carousel/image-carousel-v2-4.jpg"},{"image_carousel_img":"https://sppagebuilder.com/images/2019/image-carousel/image-carousel-v2-5.jpg"},{"image_carousel_img":"https://sppagebuilder.com/images/2019/image-carousel/image-carousel-v2-1.jpg"},{"image_carousel_img":"https://sppagebuilder.com/images/2019/image-carousel/image-carousel-v2-2.jpg"},{"image_carousel_img":"https://sppagebuilder.com/images/2019/image-carousel/image-carousel-v2-3.jpg"},{"image_carousel_img":"https://sppagebuilder.com/images/2019/image-carousel/image-carousel-v2-4.jpg"},{"image_carousel_img":"https://sppagebuilder.com/images/2019/image-carousel/image-carousel-v2-5.jpg"},{"image_carousel_img":"https://sppagebuilder.com/images/2019/image-carousel/image-carousel-v2-1.jpg"},{"image_carousel_img":"https://sppagebuilder.com/images/2019/image-carousel/image-carousel-v2-2.jpg"},{"image_carousel_img":"https://sppagebuilder.com/images/2019/image-carousel/image-carousel-v2-3.jpg"},{"image_carousel_img":"https://sppagebuilder.com/images/2019/image-carousel/image-carousel-v2-4.jpg"},{"image_carousel_img":"https://sppagebuilder.com/images/2019/image-carousel/image-carousel-v2-5.jpg"}],"carousel_navigation":"arrow_controller","carousel_bullet":1,"bullet_style":"normal_bullet","bullet_height":4,"bullet_width":"30","bullet_background":"#454545","bullet_border_width":0,"bullet_border_color":"","bullet_border_radius":"0","bullet_active_background":"","carousel_arrow":1,"arrow_icon":"long_arrow","arrow_style":"normal_arrow","arrow_height":"32","arrow_width":"70","arrow_background":"rgba(255, 255, 255, 0)","arrow_color":"#454545","arrow_font_size":"20","arrow_border_width":"2","arrow_border_color":"#454545","arrow_border_radius":"","arrow_hover_background":"","arrow_hover_color":"#0070f5","arrow_hover_border_color":"#0070f5","class":"","global_background_type":"none","global_background_gradient":{"color":"#00c6fb","color2":"#005bea","deg":"45","type":"linear"},"global_background_repeat":"no-repeat","global_background_size":"cover","global_background_attachment":"inherit","global_background_position":"50% 50%","global_use_overlay":0,"global_overlay_type":"overlay_none","global_gradient_overlay":{"color":"rgba(127, 0, 255, 0.8)","color2":"rgba(225, 0, 255, 0.7)","deg":"45","type":"linear"},"global_pattern_overlay":"","global_overlay_pattern_color":"","blend_mode":"normal","global_user_border":0,"global_border_width":"","global_border_radius":0,"global_margin":{"md":"0px 0px 0px 0px","sm":"0px 0px 20px 0px","xs":"0px 0px 10px 0px"},"global_padding":{"md":"0px 0px 185px 0px","sm":"   ","xs":"   "},"global_boxshadow":"0 0 0 0 #ffffff","global_use_animation":0,"global_animationduration":"300","global_animationdelay":"0","global_custom_css":"","global_custom_position":0,"global_seclect_position":"relative","global_addon_position_left":{"unit":"px"},"global_addon_position_top":{"unit":"px"},"use_global_width":"0","hidden_md":"0","hidden_sm":"0","hidden_xs":"0","acl":"","while_scroll_view":[{"enable_while_scroll_view":0,"on_scroll_actions":[{"id":"b3fdc1c1e6bfde5942ea","index":0,"keyframe":0,"name":"move","property":{"x":"0","y":"-100","z":"0"},"range":{"max":500,"min":-500,"stop":1},"single":true,"title":"Move"},{"id":"936e0225e6dc8edfba7d","index":1,"keyframe":100,"name":"move","property":{"x":0,"y":0,"z":0},"range":{"max":500,"min":-500,"stop":1},"single":true,"title":"Move"}],"transition_origin_x":"center","transition_origin_y":"center","enable_tablet":0,"enable_mobile":0}],"mouse_movement":[{"enable_tilt_effect":0,"mouse_tilt_direction":"direct","mouse_tilt_speed":"1","mouse_tilt_max":"15","enable_tablet":0,"enable_mobile":0}],"instFormId":1573541403644,"carousel_item_number":{"md":"5","sm":"","xs":"","unit":""},"arrow_position_verti":{"md":"16","sm":"33","xs":"65"},"arrow_position_hori":{"md":"80","sm":"","xs":"40"},"bullet_position_verti":{"md":"-14","sm":"","xs":""}}}]}]},{"id":1591135554824,"visibility":true,"collapse":false,"settings":{"admin_label":"Image Carousel 3 [https://www.oceantheme.org]","title":"","heading_selector":"h3","title_fontsize":"","title_fontweight":"","title_position":"sppb-text-center","columns_align_center":0,"fullscreen":1,"no_gutter":0,"padding":{"md":"120px 0px 100px 0px","sm":"   ","xs":"   "},"margin":{"md":"0px 0px 0px 0px","sm":"   ","xs":"   "},"background_type":"none","background_gradient":{"color":"#00c6fb","color2":"#005bea","deg":"45","type":"linear"},"background_image":"","background_parallax":"0","background_repeat":"no-repeat","background_size":"cover","background_attachment":"fixed","background_position":"0 0","external_background_video":"0","video_loop":1,"overlay_type":"overlay_none","gradient_overlay":{"color":"rgba(127, 0, 255, 0.8)","color2":"rgba(225, 0, 255, 0.7)","deg":"45","type":"linear"},"pattern_overlay":"","overlay_pattern_color":"","blend_mode":"normal","show_top_shape":0,"shape_name":"clouds-flat","shape_color":"#e5e5e5","shape_width":{"md":100,"sm":100,"xs":100},"shape_height":"","shape_flip":false,"shape_invert":false,"shape_to_front":false,"show_bottom_shape":0,"bottom_shape_name":"clouds-opacity","bottom_shape_color":"#e5e5e5","bottom_shape_width":{"md":100,"sm":100,"xs":100},"bottom_shape_height":"","bottom_shape_flip":false,"bottom_shape_invert":false,"bottom_shape_to_front":false,"hidden_xs":"","hidden_sm":"","hidden_md":"","animationduration":"300","animationdelay":"0","instFormId":1573620890665,"id":"image-carousel-3"},"layout":"12","columns":[{"id":1591135554856,"class_name":"col-md-12","visibility":true,"settings":{"background_type":"none","background_gradient":{"color":"#00c6fb","color2":"#005bea","deg":"45","type":"linear"},"background_image":"","background_repeat":"no-repeat","background_size":"cover","background_attachment":"scroll","background_position":"0 0","overlay_type":"overlay_color","gradient_overlay":{"color":"rgba(127, 0, 255, 0.8)","color2":"rgba(225, 0, 255, 0.7)","deg":"45","type":"linear"},"pattern_overlay":"","overlay_pattern_color":"","blend_mode":"normal","items_align_center":0,"use_border":0,"border_width":"","border_radius":0,"boxshadow":"0 0 0 0 #fff","sm_col":"","xs_col":"","tablet_order":"","mobile_order":"","hidden_xs":"","hidden_sm":"","hidden_md":"","animationduration":"300","animationdelay":"0"},"addons":[{"id":1591135554857,"name":"image_carousel","visibility":true,"settings":{"admin_label":"","carousel_options":"elements","image_carousel_layout":"layout3","carousel_height":500,"carousel_margin":"0","carousel_center_padding":{"md":"450","sm":"150","xs":"70"},"carousel_autoplay":0,"carousel_speed":800,"carousel_interval":4500,"carousel_overlay":0,"overlay_gradient":{"color":"rgba(59, 25, 208, 0.5)","color2":"rgba(255, 79, 226, 0.5)","deg":"125","type":"linear"},"item_content_verti_align":"middle","item_content_hori_align":"center","content_style":"title_style","content_title_fontsize":"","content_title_lineheight":"","content_title_letterspace":"0px","content_subtitle_fontsize":"","content_subtitle_lineheight":"","content_subtitle_letterspace":"0px","description_fontsize":"","description_lineheight":"","description_letterspace":"0px","sp_image_carousel_item":[{"image_carousel_img":"https://sppagebuilder.com/addons/image_carousel/image-carousel-default.jpg"},{"image_carousel_img":"https://sppagebuilder.com/images/2019/image-carousel/image-carousel-v4-1.jpg"},{"image_carousel_img":"https://sppagebuilder.com/images/2019/image-carousel/image-carousel-v4-2.jpg"},{"image_carousel_img":"https://sppagebuilder.com/addons/image_carousel/image-carousel-default.jpg"},{"image_carousel_img":"https://sppagebuilder.com/images/2019/image-carousel/image-carousel-v4-1.jpg"},{"image_carousel_img":"https://sppagebuilder.com/images/2019/image-carousel/image-carousel-v4-2.jpg"}],"carousel_navigation":"bullet_controller","carousel_bullet":1,"bullet_style":"active_bullet","bullet_height":"12","bullet_width":"12","bullet_background":"#e8e8e8","bullet_border_width":0,"bullet_border_color":"","bullet_border_radius":"","bullet_active_background":"#999999","carousel_arrow":0,"arrow_icon":"angle","arrow_style":"normal_arrow","arrow_height":60,"arrow_width":60,"arrow_background":"","arrow_color":"","arrow_font_size":"","arrow_border_width":0,"arrow_border_color":"","arrow_border_radius":"","arrow_hover_background":"","arrow_hover_color":"","arrow_hover_border_color":"","class":"","global_background_type":"none","global_background_gradient":{"color":"#00c6fb","color2":"#005bea","deg":"45","type":"linear"},"global_background_repeat":"no-repeat","global_background_size":"cover","global_background_attachment":"inherit","global_background_position":"50% 50%","global_use_overlay":0,"global_overlay_type":"overlay_none","global_gradient_overlay":{"color":"rgba(127, 0, 255, 0.8)","color2":"rgba(225, 0, 255, 0.7)","deg":"45","type":"linear"},"global_pattern_overlay":"","global_overlay_pattern_color":"","blend_mode":"normal","global_user_border":0,"global_border_width":"","global_border_radius":0,"global_margin":{"md":"0px 0px 30px 0px","sm":"0px 0px 20px 0px","xs":"0px 0px 10px 0px"},"global_padding":{"md":"0px 0px 80px 0px","sm":"   ","xs":"   "},"global_boxshadow":"0 0 0 0 #ffffff","global_use_animation":0,"global_animationduration":"300","global_animationdelay":"0","global_custom_css":"","global_custom_position":0,"global_seclect_position":"relative","global_addon_position_left":{"unit":"px"},"global_addon_position_top":{"unit":"px"},"use_global_width":"0","hidden_md":"0","hidden_sm":"0","hidden_xs":"0","acl":"","while_scroll_view":[{"enable_while_scroll_view":0,"on_scroll_actions":[{"id":"b3fdc1c1e6bfde5942ea","index":0,"keyframe":0,"name":"move","property":{"x":"0","y":"-100","z":"0"},"range":{"max":500,"min":-500,"stop":1},"single":true,"title":"Move"},{"id":"936e0225e6dc8edfba7d","index":1,"keyframe":100,"name":"move","property":{"x":0,"y":0,"z":0},"range":{"max":500,"min":-500,"stop":1},"single":true,"title":"Move"}],"transition_origin_x":"center","transition_origin_y":"center","enable_tablet":0,"enable_mobile":0}],"mouse_movement":[{"enable_tilt_effect":0,"mouse_tilt_direction":"direct","mouse_tilt_speed":"1","mouse_tilt_max":"15","enable_tablet":0,"enable_mobile":0}],"instFormId":1573622849445,"bullet_position_verti":{"md":"-14","sm":"","xs":""}}}]}]},{"id":1591135554825,"visibility":true,"collapse":false,"settings":{"admin_label":"Image Carousel 4","title":"","heading_selector":"h3","title_fontsize":"","title_fontweight":"","title_position":"sppb-text-center","columns_align_center":0,"fullscreen":1,"no_gutter":0,"padding":{"md":"20px 0px 0px 0px","sm":"   ","xs":"   "},"margin":{"md":"0px 0px 0px 0px","sm":"   ","xs":"   "},"background_type":"color","background_gradient":{"color":"#00c6fb","color2":"#005bea","deg":"45","type":"linear"},"background_image":"","background_parallax":"0","background_repeat":"no-repeat","background_size":"cover","background_attachment":"fixed","background_position":"0 0","external_background_video":"0","video_loop":1,"overlay_type":"overlay_none","gradient_overlay":{"color":"rgba(127, 0, 255, 0.8)","color2":"rgba(225, 0, 255, 0.7)","deg":"45","type":"linear"},"pattern_overlay":"","overlay_pattern_color":"","blend_mode":"normal","show_top_shape":0,"shape_name":"clouds-flat","shape_color":"#e5e5e5","shape_width":{"md":100,"sm":100,"xs":100},"shape_height":"","shape_flip":false,"shape_invert":false,"shape_to_front":false,"show_bottom_shape":0,"bottom_shape_name":"clouds-opacity","bottom_shape_color":"#e5e5e5","bottom_shape_width":{"md":100,"sm":100,"xs":100},"bottom_shape_height":"","bottom_shape_flip":false,"bottom_shape_invert":false,"bottom_shape_to_front":false,"hidden_xs":"","hidden_sm":"","hidden_md":"","animationduration":"300","animationdelay":"0","instFormId":1573623783273,"background_color":"#212121","id":"image-carousel-4"},"layout":"12","columns":[{"id":1591135554859,"class_name":"col-md-12","visibility":true,"settings":{"background_type":"none","background_gradient":{"color":"#00c6fb","color2":"#005bea","deg":"45","type":"linear"},"background_image":"","background_repeat":"no-repeat","background_size":"cover","background_attachment":"scroll","background_position":"0 0","overlay_type":"overlay_color","gradient_overlay":{"color":"rgba(127, 0, 255, 0.8)","color2":"rgba(225, 0, 255, 0.7)","deg":"45","type":"linear"},"pattern_overlay":"","overlay_pattern_color":"","blend_mode":"normal","items_align_center":0,"use_border":0,"border_width":"","border_radius":0,"boxshadow":"0 0 0 0 #fff","sm_col":"","xs_col":"","tablet_order":"","mobile_order":"","hidden_xs":"","hidden_sm":"","hidden_md":"","animationduration":"300","animationdelay":"0"},"addons":[{"id":1591135554860,"name":"image_carousel","visibility":true,"settings":{"admin_label":"","carousel_options":"elements","image_carousel_layout":"layout4","carousel_height":500,"carousel_margin":"20","carousel_center_padding":"160","carousel_autoplay":0,"carousel_speed":800,"carousel_interval":4500,"carousel_overlay":0,"overlay_gradient":{"color":"rgba(59, 25, 208, 0.5)","color2":"rgba(255, 79, 226, 0.5)","deg":"125","type":"linear"},"item_content_verti_align":"middle","item_content_hori_align":"center","content_style":"title_style","content_title_fontsize":"","content_title_lineheight":"","content_title_letterspace":"0px","content_subtitle_fontsize":"","content_subtitle_lineheight":"","content_subtitle_letterspace":"0px","description_fontsize":"","description_lineheight":"","description_letterspace":"0px","sp_image_carousel_item":[{"image_carousel_img":"https://sppagebuilder.com/images/2019/image-carousel/image-carousel-v2-1.jpg"},{"image_carousel_img":"https://sppagebuilder.com/images/2019/image-carousel/image-carousel-v2-2.jpg"},{"image_carousel_img":"https://sppagebuilder.com/images/2019/image-carousel/image-carousel-v2-3.jpg"},{"image_carousel_img":"https://sppagebuilder.com/images/2019/image-carousel/image-carousel-v2-4.jpg"},{"image_carousel_img":"https://sppagebuilder.com/images/2019/image-carousel/image-carousel-v2-5.jpg"},{"image_carousel_img":"https://sppagebuilder.com/images/2019/image-carousel/image-carousel-v2-1.jpg"},{"image_carousel_img":"https://sppagebuilder.com/images/2019/image-carousel/image-carousel-v2-2.jpg"},{"image_carousel_img":"https://sppagebuilder.com/images/2019/image-carousel/image-carousel-v2-3.jpg"},{"image_carousel_img":"https://sppagebuilder.com/images/2019/image-carousel/image-carousel-v2-4.jpg"},{"image_carousel_img":"https://sppagebuilder.com/images/2019/image-carousel/image-carousel-v2-5.jpg"},{"image_carousel_img":"https://sppagebuilder.com/images/2019/image-carousel/image-carousel-v2-1.jpg"},{"image_carousel_img":"https://sppagebuilder.com/images/2019/image-carousel/image-carousel-v2-2.jpg"},{"image_carousel_img":"https://sppagebuilder.com/images/2019/image-carousel/image-carousel-v2-3.jpg"},{"image_carousel_img":"https://sppagebuilder.com/images/2019/image-carousel/image-carousel-v2-4.jpg"},{"image_carousel_img":"https://sppagebuilder.com/images/2019/image-carousel/image-carousel-v2-5.jpg"}],"carousel_navigation":"bullet_controller","carousel_bullet":1,"bullet_style":"active_bullet","bullet_height":"12","bullet_width":"12","bullet_background":"#363636","bullet_border_width":0,"bullet_border_color":"","bullet_border_radius":"0","bullet_active_background":"#ffffff","carousel_arrow":1,"arrow_icon":"long_arrow","arrow_style":"hover_arrow","arrow_height":"32","arrow_width":"70","arrow_background":"rgba(255, 255, 255, 0)","arrow_color":"#454545","arrow_font_size":"20","arrow_border_width":"2","arrow_border_color":"#454545","arrow_border_radius":"","arrow_hover_background":"","arrow_hover_color":"#ffffff","arrow_hover_border_color":"#ffffff","class":"","global_background_type":"none","global_background_gradient":{"color":"#00c6fb","color2":"#005bea","deg":"45","type":"linear"},"global_background_repeat":"no-repeat","global_background_size":"cover","global_background_attachment":"inherit","global_background_position":"50% 50%","global_use_overlay":0,"global_overlay_type":"overlay_none","global_gradient_overlay":{"color":"rgba(127, 0, 255, 0.8)","color2":"rgba(225, 0, 255, 0.7)","deg":"45","type":"linear"},"global_pattern_overlay":"","global_overlay_pattern_color":"","blend_mode":"normal","global_user_border":0,"global_border_width":"","global_border_radius":0,"global_margin":{"md":"0px 0px 0px 0px","sm":"0px 0px 20px 0px","xs":"0px 0px 10px 0px"},"global_padding":{"md":"0px 0px 75px 0px","sm":"   ","xs":"   "},"global_boxshadow":"0 0 0 0 #ffffff","global_use_animation":0,"global_animationduration":"300","global_animationdelay":"0","global_custom_css":"","global_custom_position":0,"global_seclect_position":"relative","global_addon_position_left":{"unit":"px"},"global_addon_position_top":{"unit":"px"},"use_global_width":"0","hidden_md":"0","hidden_sm":"0","hidden_xs":"0","acl":"","while_scroll_view":[{"enable_while_scroll_view":0,"on_scroll_actions":[{"id":"b3fdc1c1e6bfde5942ea","index":0,"keyframe":0,"name":"move","property":{"x":"0","y":"-100","z":"0"},"range":{"max":500,"min":-500,"stop":1},"single":true,"title":"Move"},{"id":"936e0225e6dc8edfba7d","index":1,"keyframe":100,"name":"move","property":{"x":0,"y":0,"z":0},"range":{"max":500,"min":-500,"stop":1},"single":true,"title":"Move"}],"transition_origin_x":"center","transition_origin_y":"center","enable_tablet":0,"enable_mobile":0}],"mouse_movement":[{"enable_tilt_effect":0,"mouse_tilt_direction":"direct","mouse_tilt_speed":"1","mouse_tilt_max":"15","enable_tablet":0,"enable_mobile":0}],"instFormId":1573623783243,"carousel_item_number":{"md":"4","sm":"2","xs":""},"arrow_position_verti":{"md":"15","sm":"31","xs":"56"},"arrow_position_hori":{"md":"80","sm":"","xs":"40"},"bullet_position_verti":{"md":"-7","sm":"-11","xs":"-12"}}}]}]}]