[{"id":1591104215393,"visibility":true,"collapse":false,"settings":{"padding":{"md":"50px 0px 50px 0px","sm":"   ","xs":"   "},"margin":{"md":"0px 0px 0px 0px","sm":"   ","xs":"   "},"columns_equal_height":1,"columns_align_center":1,"fullscreen":0,"no_gutter":0,"background_parallax":0,"background_video":0,"admin_label":"Pricing 1"},"layout":"4,4,4","columns":[{"id":1591104215419,"class_name":"col-md-4","visibility":true,"settings":{},"addons":[{"id":1591104215420,"name":"pricing","visibility":true,"settings":{"admin_label":"","title":"Professional","heading_selector":"h3","title_fontsize":{"md":"18","sm":"","xs":""},"title_lineheight":{"md":"24","sm":"","xs":""},"title_fontstyle":["bold"],"title_letterspace":"0","price":"$19.99","price_color":"#4060FF","price_font_size":{"md":"36","sm":"","xs":""},"price_symbol":"","price_symbol_alignment":"top","price_symbol_color":"","price_symbol_font_size":{"md":"24","sm":"","xs":""},"duration":"","duration_color":"","duration_font_size":{"md":"","sm":"","xs":""},"price_position":"after","price_margin_bottom":{"md":"30","sm":"","xs":""},"pricing_content":"10 GB Storage\n100 GB Bandwidth\nSpeed 500 Mbps\nDNS Automation\nSupport Time 24 hrs","pricing_content_font_size":{"md":"16","sm":"","xs":""},"pricing_content_gap":{"md":"20","sm":"","xs":""},"pricing_content_margin_bottom":{"md":"40","sm":"","xs":""},"button_text":"Proceed","button_fontstyle":["bolder"],"button_letterspace":"0","button_type":"custom","button_appearance":"outline","button_background_color":"#4060FF","button_color":"#4060FF","button_background_color_hover":"#4060FF","button_color_hover":"#fff","alignment":"sppb-text-center","class":"","title_margin_top":{"md":"0","sm":"","xs":""},"title_margin_bottom":{"md":"20","sm":"","xs":""},"global_use_background":1,"global_user_border":0,"global_margin":{"md":"   ","sm":"   ","xs":"0px 0px 30px 0px"},"global_padding":{"md":"   ","sm":"   ","xs":"   "},"global_use_animation":0,"global_text_color":"rgba(70, 72, 85, 0.8)","button_url":"#","title_text_color":"#464855","button_size":"","button_padding":{"md":"   ","sm":"   ","xs":"   "}}}]},{"id":1591104215421,"class_name":"col-md-4","visibility":true,"settings":{},"addons":[{"id":1591104215422,"name":"pricing","visibility":true,"settings":{"admin_label":"","title":"Professional","heading_selector":"h3","title_fontsize":{"md":18},"title_lineheight":{"md":24},"title_fontstyle":"","title_letterspace":"0","title_text_color":"#464855","title_margin_top":{"md":0},"title_margin_bottom":{"md":20},"price":"$19.99","price_color":"#4060FF","price_font_size":{"md":36},"price_symbol":"","price_symbol_alignment":"","price_symbol_color":"","price_symbol_font_size":"","duration":"","duration_color":"","duration_font_size":"","price_position":"after","price_margin_bottom":{"md":"40"},"pricing_content":"10 GB Storage\n100 GB Bandwidth\nSpeed 500 Mbps\nDNS Automation\nSupport Time 24 hrs","pricing_content_font_size":{"md":16},"pricing_content_gap":{"md":20},"pricing_content_margin_bottom":{"md":"50"},"button_text":"Proceed","button_fontstyle":"","button_letterspace":"0","button_type":"custom","button_appearance":"","button_background_color":"#4060FF","button_color":"#fff","button_background_color_hover":"#3b58e6","button_color_hover":"#fff","alignment":"sppb-text-center","class":"","button_padding":{"md":"   ","sm":"   ","xs":"   "},"global_use_background":0,"global_user_border":1,"global_margin":{"md":"   ","sm":"   ","xs":"0px 0px 30px 0px"},"global_padding":{"md":"80px 30px 80px 30px","sm":"   ","xs":"   "},"global_use_animation":0,"global_border_color":"#F2F2F2","global_border_width":{"md":"2","sm":"","xs":""},"global_boder_style":"solid","global_border_radius":{"md":"4","sm":"","xs":""},"button_url":"#"}}]},{"id":1591104215423,"class_name":"col-md-4","visibility":true,"settings":{},"addons":[{"id":1591104215424,"name":"pricing","visibility":true,"settings":{"admin_label":"","title":"Professional","heading_selector":"h3","title_fontsize":{"md":"18","sm":"","xs":""},"title_lineheight":{"md":"24","sm":"","xs":""},"title_fontstyle":["bold"],"title_letterspace":"0","price":"$19.99","price_color":"#4060FF","price_font_size":{"md":"36","sm":"","xs":""},"price_symbol":"","price_symbol_alignment":"top","price_symbol_color":"","price_symbol_font_size":{"md":"24","sm":"","xs":""},"duration":"","duration_color":"","duration_font_size":{"md":"","sm":"","xs":""},"price_position":"after","price_margin_bottom":{"md":"30","sm":"","xs":""},"pricing_content":"10 GB Storage\n100 GB Bandwidth\nSpeed 500 Mbps\nDNS Automation\nSupport Time 24 hrs","pricing_content_font_size":{"md":"16","sm":"","xs":""},"pricing_content_gap":{"md":"20","sm":"","xs":""},"pricing_content_margin_bottom":{"md":"40","sm":"","xs":""},"button_text":"Proceed","button_fontstyle":["bolder"],"button_letterspace":"0","button_type":"custom","button_appearance":"outline","button_background_color":"#4060FF","button_color":"#4060FF","button_background_color_hover":"#4060FF","button_color_hover":"#fff","alignment":"sppb-text-center","class":"","title_margin_top":{"md":"0","sm":"","xs":""},"title_margin_bottom":{"md":"20","sm":"","xs":""},"global_use_background":1,"global_user_border":0,"global_margin":{"md":"   ","sm":"   ","xs":"   "},"global_padding":{"md":"   ","sm":"   ","xs":"   "},"global_use_animation":0,"global_text_color":"rgba(70, 72, 85, 0.8)","button_url":"#","title_text_color":"#464855","button_size":"","button_padding":{"md":"   ","sm":"   ","xs":"   "}}}]}]},{"id":1591104215394,"visibility":true,"collapse":false,"settings":{"padding":{"md":"50px 0px 50px 0px","sm":"   ","xs":"   "},"margin":{"md":"0px 0px 0px 0px","sm":"   ","xs":"   "},"columns_equal_height":1,"columns_align_center":1,"fullscreen":0,"no_gutter":1,"background_parallax":0,"background_video":0,"background_color":"","admin_label":"Pricing 2"},"layout":"4,4,4","columns":[{"id":1591104215426,"class_name":"col-md-4","visibility":true,"settings":{},"addons":[{"id":1591104215427,"name":"pricing","visibility":true,"settings":{"admin_label":"","title":"Business","heading_selector":"h3","title_fontsize":{"md":"14","sm":"","xs":""},"title_lineheight":{"md":"24","sm":"","xs":""},"title_fontstyle":["bold","uppercase"],"title_letterspace":"0","price":"39","price_color":"#4060FF","price_font_size":{"md":"80","sm":"","xs":""},"price_symbol":"$","price_symbol_alignment":"top","price_symbol_color":"","price_symbol_font_size":{"md":"24","sm":"","xs":""},"duration":" / Month","duration_color":"#4060FF","duration_font_size":{"md":"","sm":"","xs":""},"price_position":"after","price_margin_bottom":{"md":"30","sm":"","xs":""},"pricing_content":"10 GB Storage\n100 GB Bandwidth\nSpeed 500 Mbps\nDNS Automation\nSupport Time 24 hrs","pricing_content_font_size":{"md":"16","sm":"","xs":""},"pricing_content_gap":{"md":"20","sm":"","xs":""},"pricing_content_margin_bottom":{"md":"40","sm":"","xs":""},"button_text":"Proceed","button_fontstyle":["bolder"],"button_letterspace":"0","button_type":"custom","button_appearance":"outline","button_background_color":"#4060FF","button_color":"#4060FF","button_background_color_hover":"#4060FF","button_color_hover":"#fff","alignment":"sppb-text-center","class":"","title_margin_top":{"md":"0","sm":"","xs":""},"title_margin_bottom":{"md":"20","sm":"","xs":""},"global_use_background":1,"global_user_border":1,"global_margin":{"md":"   ","sm":"   ","xs":"0px 0px 30px 0px"},"global_padding":{"md":"50px 30px 50px 30px","sm":"   ","xs":"   "},"global_use_animation":0,"global_text_color":"rgba(70, 72, 85, 0.8)","button_url":"#","title_text_color":"#464855","button_size":"","button_padding":{"md":"   ","sm":"   ","xs":"   "},"global_background_color":"#ffffff","global_border_width":{"md":"1","sm":"","xs":""},"global_border_color":"#F2F2F2","global_boder_style":"solid","use_global_width":0,"hidden_md":0,"hidden_sm":0,"hidden_xs":0,"global_border_radius":{"md":"0","sm":"","xs":""}}}]},{"id":1591104215428,"class_name":"col-md-4","visibility":true,"settings":{},"addons":[{"id":1591104215429,"name":"pricing","visibility":true,"settings":{"admin_label":"","title":"Professional","heading_selector":"h3","title_fontsize":{"md":"14"},"title_lineheight":{"md":24},"title_fontstyle":["bold","uppercase"],"title_letterspace":"0","title_text_color":"#ffffff","title_margin_top":{"md":0},"title_margin_bottom":{"md":20},"price":"99","price_color":"#ffffff","price_font_size":{"md":"80"},"price_symbol":"$","price_symbol_alignment":"top","price_symbol_color":"","price_symbol_font_size":{"md":"24","sm":"","xs":""},"duration":"/ Month","duration_color":"#ffffff","duration_font_size":"","price_position":"after","price_margin_bottom":{"md":"40"},"pricing_content":"10 GB Storage\n100 GB Bandwidth\nSpeed 500 Mbps\nDNS Automation\nSupport Time 24 hrs","pricing_content_font_size":{"md":16},"pricing_content_gap":{"md":20},"pricing_content_margin_bottom":{"md":"50"},"button_text":"Proceed","button_fontstyle":"","button_letterspace":"0","button_type":"custom","button_appearance":"outline","button_background_color":"#ffffff","button_color":"#ffffff","button_background_color_hover":"#fff","button_color_hover":"#4060FF","alignment":"sppb-text-center","class":"","button_padding":{"md":"   ","sm":"   ","xs":"   "},"global_use_background":1,"global_user_border":0,"global_margin":{"md":"   ","sm":"   ","xs":"0px 0px 30px 0px"},"global_padding":{"md":"80px 30px 80px 30px","sm":"   ","xs":"   "},"global_use_animation":0,"global_border_color":"","global_border_width":{"md":"","sm":"","xs":""},"global_boder_style":"none","global_border_radius":{"md":"5","sm":"","xs":""},"global_background_color":"#4060FF","global_text_color":"rgba(255, 255, 255, 0.75)","button_url":"#"}}]},{"id":1591104215430,"class_name":"col-md-4","visibility":true,"settings":{},"addons":[{"id":1591104215431,"name":"pricing","visibility":true,"settings":{"admin_label":"","title":"Developer","heading_selector":"h3","title_fontsize":{"md":"14","sm":"","xs":""},"title_lineheight":{"md":"24","sm":"","xs":""},"title_fontstyle":["bold","uppercase"],"title_letterspace":"0","price":"69","price_color":"#4060FF","price_font_size":{"md":"80","sm":"","xs":""},"price_symbol":"$","price_symbol_alignment":"top","price_symbol_color":"","price_symbol_font_size":{"md":"24","sm":"","xs":""},"duration":"/ Month","duration_color":"#4060FF","duration_font_size":{"md":"","sm":"","xs":""},"price_position":"after","price_margin_bottom":{"md":"30","sm":"","xs":""},"pricing_content":"10 GB Storage\n100 GB Bandwidth\nSpeed 500 Mbps\nDNS Automation\nSupport Time 24 hrs","pricing_content_font_size":{"md":"16","sm":"","xs":""},"pricing_content_gap":{"md":"20","sm":"","xs":""},"pricing_content_margin_bottom":{"md":"40","sm":"","xs":""},"button_text":"Proceed","button_fontstyle":["bolder"],"button_letterspace":"0","button_type":"custom","button_appearance":"outline","button_background_color":"#4060FF","button_color":"#4060FF","button_background_color_hover":"#4060FF","button_color_hover":"#fff","alignment":"sppb-text-center","class":"","title_margin_top":{"md":"0","sm":"","xs":""},"title_margin_bottom":{"md":"20","sm":"","xs":""},"global_use_background":1,"global_user_border":1,"global_margin":{"md":"   ","sm":"   ","xs":"   "},"global_padding":{"md":"50px 30px 50px 30px","sm":"   ","xs":"   "},"global_use_animation":0,"global_text_color":"rgba(70, 72, 85, 0.8)","button_url":"#","title_text_color":"#464855","button_size":"","button_padding":{"md":"   ","sm":"   ","xs":"   "},"global_background_color":"#ffffff","global_border_width":{"md":"1","sm":"","xs":""},"global_border_color":"#F2F2F2","global_boder_style":"solid","global_border_radius":{"md":"0","sm":"","xs":""}}}]}]},{"id":1591104215395,"visibility":true,"collapse":false,"settings":{"admin_label":"Pricing 3  [https://www.oceantheme.org]","title":"","heading_selector":"h3","title_fontsize":"","title_fontweight":"","subtitle_fontsize":"","title_position":"sppb-text-center","columns_align_center":0,"fullscreen":0,"no_gutter":0,"padding":{"md":"140px 0px 120px 0px","sm":"100px 0px 100px 0px","xs":"50px 0px 30px 0px"},"margin":{"md":"0px 0px 0px 0px","sm":"   ","xs":"   "},"background_image":"","background_parallax":0,"background_repeat":"no-repeat","background_size":"cover","background_attachment":"fixed","background_position":"0 0","background_video":0,"external_background_video":"0","show_top_shape":0,"shape_name":"clouds-flat","shape_color":"#e5e5e5","shape_width":{"md":100,"sm":100,"xs":100},"shape_height":"","shape_flip":false,"shape_invert":false,"shape_to_front":false,"show_bottom_shape":0,"bottom_shape_name":"clouds-opacity","bottom_shape_color":"#e5e5e5","bottom_shape_width":{"md":100,"sm":100,"xs":100},"bottom_shape_height":"","bottom_shape_flip":false,"bottom_shape_invert":false,"bottom_shape_to_front":false,"hidden_xs":"","hidden_sm":"","hidden_md":"","animationduration":"300","animationdelay":"0","background_color":"#ffffff","color":"#464855"},"layout":"12","columns":[{"id":1591104215433,"class_name":"col-md-12","visibility":true,"settings":{"background_image":"","background_repeat":"no-repeat","background_size":"cover","background_attachment":"scroll","background_position":"0 0","boxshadow":"0 0 0 0 #fff","sm_col":"","xs_col":"","hidden_xs":"","hidden_sm":"","hidden_md":"","animationduration":"300","animationdelay":"0"},"addons":[{"id":1591104215434,"name":"heading","visibility":true,"settings":{"admin_label":"","title":"Best Plans For You","heading_selector":"h2","use_link":0,"title_link":"","link_new_tab":"","title_fontsize":{"md":"50","sm":"40","xs":"30"},"title_lineheight":{"md":"60","sm":"50","xs":"40"},"title_letterspace":"0","title_margin":{"md":"0px 0px 17px 0px","sm":"   ","xs":"   "},"title_padding":{"md":"0px 0px 0px 0px","sm":"   ","xs":"   "},"alignment":"sppb-text-center","class":"","global_use_background":0,"global_user_border":0,"global_margin":{"md":"   ","sm":"   ","xs":"   "},"global_padding":{"md":"   ","sm":"   ","xs":"   "},"global_use_animation":0,"global_text_color":""}},{"id":1591104215435,"name":"text_block","visibility":true,"settings":{"admin_label":"","title":"","heading_selector":"h3","title_fontsize":"","title_lineheight":"","title_letterspace":"0","title_fontweight":"","text":"She was bouncing away, when a cry from the two women, who had turned<br class=\"sppb-hidden-xs\" /> towards the bed, caused her to look round.","alignment":"sppb-text-center","text_fontsize":{"md":"18","sm":"","xs":"14"},"text_lineheight":{"md":"29","sm":"","xs":"22"},"dropcap":0,"class":"","global_use_background":0,"global_user_border":0,"global_margin":{"md":"0px 0px 40px 0px","sm":"   ","xs":"   "},"global_padding":{"md":"   ","sm":"   ","xs":"   "},"global_use_animation":0,"global_text_color":"#7d7e88"}},{"id":1591104215436,"type":"inner_row","settings":{"padding":{"md":"0px 0px 0px 0px","sm":"   ","xs":"   "},"margin":{"md":"30px 0px 0px 0px","sm":"   ","xs":"   "},"columns_align_center":0,"fullscreen":0,"no_gutter":0,"background_parallax":0,"background_video":0,"show_top_shape":0,"show_bottom_shape":0},"layout":"4,4,4","visibility":true,"columns":[{"id":1591104215437,"class_name":"col-md-4","visibility":true,"settings":{"background_image":"","background_repeat":"no-repeat","background_size":"cover","background_attachment":"scroll","background_position":"0 0","boxshadow":"0 0 0 0 #fff","sm_col":"","xs_col":"","hidden_xs":0,"hidden_sm":0,"hidden_md":0,"animationduration":"300","animationdelay":"0","padding":{"md":"   ","sm":"   ","xs":"   "}},"addons":[{"id":1591104215438,"name":"pricing","visibility":true,"settings":{"admin_label":"","title":"Professional","heading_selector":"h3","title_fontsize":{"md":18,"sm":"","xs":""},"title_lineheight":{"md":24,"sm":"","xs":""},"title_letterspace":"0","title_text_color":"rgba(70, 72, 85, 0.7)","title_margin_top":{"md":0},"title_margin_bottom":{"md":20},"price":"$19.99","price_color":"","price_font_size":{"md":36},"price_symbol":"","price_symbol_alignment":"","price_symbol_color":"","price_symbol_font_size":"","duration":"","duration_color":"","duration_font_size":"","price_position":"after","price_margin_bottom":{"md":30},"pricing_content":"She was bouncing away, when a\ncry from the two women, who had\nturned towards the bed, caused\nher to look round.","pricing_content_font_size":{"md":16,"xs":"14"},"pricing_content_gap":{"md":"10","xs":""},"pricing_content_margin_bottom":{"md":"55","xs":"35"},"button_text":"Buy Now","button_letterspace":"0","button_type":"custom","button_appearance":"outline","button_background_color":"#4060FF","button_color":"#4060FF","button_background_color_hover":"#4060FF","button_color_hover":"#fff","alignment":"sppb-text-center","class":"","button_padding":{"md":"12px 35px 12px 35px","sm":"   ","xs":"   "},"global_use_background":1,"global_user_border":0,"global_margin":{"md":"0px 0px 30px 0px","sm":"   ","xs":"   "},"global_padding":{"md":"80px 45px 80px 45px","sm":"   ","xs":"30px 30px 30px 30px"},"global_use_animation":0,"global_border_color":"#F2F2F2","global_boder_style":"solid","global_border_width":{"md":"2","sm":"","xs":""},"global_border_radius":{"md":"7","sm":"","xs":""},"use_global_width":0,"hidden_md":0,"hidden_sm":0,"hidden_xs":0,"global_width":{"md":"62","sm":"","xs":""},"global_use_overlay":0,"title_font_style":{"weight":600}}}]},{"id":1591104215439,"class_name":"col-md-4","visibility":true,"settings":{"background_image":"","background_repeat":"no-repeat","background_size":"cover","background_attachment":"scroll","background_position":"0 0","boxshadow":"0 0 0 0 #fff","sm_col":"","xs_col":"","hidden_xs":"","hidden_sm":"","hidden_md":"","animationduration":"300","animationdelay":"0","padding":{"md":"   ","sm":"   ","xs":"   "}},"addons":[{"id":1591104215440,"name":"pricing","visibility":true,"settings":{"admin_label":"","title":"Professional","heading_selector":"h3","title_fontsize":{"md":18,"sm":"","xs":""},"title_lineheight":{"md":24,"sm":"","xs":""},"title_letterspace":"0","title_text_color":"rgba(70, 72, 85, 0.7)","title_margin_top":{"md":0},"title_margin_bottom":{"md":20},"price":"$19.99","price_color":"","price_font_size":{"md":36},"price_symbol":"","price_symbol_alignment":"","price_symbol_color":"","price_symbol_font_size":"","duration":"","duration_color":"","duration_font_size":"","price_position":"after","price_margin_bottom":{"md":30},"pricing_content":"She was bouncing away, when a\ncry from the two women, who had\nturned towards the bed, caused\nher to look round.","pricing_content_font_size":{"md":16,"xs":"14"},"pricing_content_gap":{"md":"10"},"pricing_content_margin_bottom":{"md":"55","xs":"35"},"button_text":"Buy Now","button_letterspace":"0","button_type":"custom","button_appearance":"","button_background_color":"#4060FF","button_color":"#fff","button_background_color_hover":"#3a56e2","button_color_hover":"#fff","alignment":"sppb-text-center","class":"","button_padding":{"md":"12px 35px 12px 35px","sm":"   ","xs":"   "},"global_use_background":1,"global_user_border":1,"global_margin":{"md":"0px 0px 30px 0px","sm":"   ","xs":"   "},"global_padding":{"md":"80px 45px 80px 45px","sm":"   ","xs":"30px 30px 30px 30px"},"global_use_animation":0,"global_border_color":"#F2F2F2","global_boder_style":"solid","global_border_width":{"md":"2","sm":"","xs":""},"global_border_radius":{"md":"7","sm":"","xs":""},"use_global_width":0,"hidden_md":0,"hidden_sm":0,"hidden_xs":0,"global_width":{"md":"62","sm":"","xs":""},"global_use_overlay":0,"title_font_style":{"weight":600}}}]},{"id":1591104215441,"class_name":"col-md-4","visibility":true,"settings":{},"addons":[{"id":1591104215442,"name":"pricing","visibility":true,"settings":{"admin_label":"","title":"Professional","heading_selector":"h3","title_fontsize":{"md":18,"sm":"","xs":""},"title_lineheight":{"md":24,"sm":"","xs":""},"title_letterspace":"0","title_text_color":"rgba(70, 72, 85, 0.7)","title_margin_top":{"md":0},"title_margin_bottom":{"md":20},"price":"$19.99","price_color":"","price_font_size":{"md":36},"price_symbol":"","price_symbol_alignment":"","price_symbol_color":"","price_symbol_font_size":"","duration":"","duration_color":"","duration_font_size":"","price_position":"after","price_margin_bottom":{"md":30},"pricing_content":"She was bouncing away, when a\ncry from the two women, who had\nturned towards the bed, caused\nher to look round.","pricing_content_font_size":{"md":16,"xs":"14"},"pricing_content_gap":{"md":"10"},"pricing_content_margin_bottom":{"md":"55","xs":"35"},"button_text":"Buy Now","button_letterspace":"0","button_type":"custom","button_appearance":"outline","button_background_color":"#4060FF","button_color":"#4060FF","button_background_color_hover":"#4060FF","button_color_hover":"#fff","alignment":"sppb-text-center","class":"","button_padding":{"md":"12px 35px 12px 35px","sm":"   ","xs":"   "},"global_use_background":1,"global_user_border":0,"global_margin":{"md":"0px 0px 30px 0px","sm":"   ","xs":"   "},"global_padding":{"md":"80px 45px 80px 45px","sm":"   ","xs":"30px 30px 30px 30px"},"global_use_animation":0,"global_border_color":"#F2F2F2","global_boder_style":"solid","global_border_width":{"md":"2","sm":"","xs":""},"global_border_radius":{"md":"7","sm":"","xs":""},"use_global_width":0,"hidden_md":0,"hidden_sm":0,"hidden_xs":0,"global_width":{"md":"62","sm":"","xs":""},"global_use_overlay":0,"title_font_style":{"weight":600}}}]}]}]}]},{"id":1591104215396,"visibility":true,"collapse":false,"settings":{"admin_label":"Pricing 4","title":"","heading_selector":"h3","title_fontsize":"","title_fontweight":"","subtitle_fontsize":"","title_position":"sppb-text-center","columns_align_center":0,"fullscreen":0,"no_gutter":0,"padding":{"md":"140px 0px 120px 0px","sm":"100px 0px 100px 0px","xs":"50px 0px 30px 0px"},"margin":{"md":"0px 0px 0px 0px","sm":"   ","xs":"   "},"background_image":"","background_parallax":0,"background_repeat":"no-repeat","background_size":"cover","background_attachment":"fixed","background_position":"0 0","background_video":0,"external_background_video":"0","show_top_shape":0,"shape_name":"clouds-flat","shape_color":"#e5e5e5","shape_width":{"md":100,"sm":100,"xs":100},"shape_height":"","shape_flip":false,"shape_invert":false,"shape_to_front":false,"show_bottom_shape":0,"bottom_shape_name":"clouds-opacity","bottom_shape_color":"#e5e5e5","bottom_shape_width":{"md":100,"sm":100,"xs":100},"bottom_shape_height":"","bottom_shape_flip":false,"bottom_shape_invert":false,"bottom_shape_to_front":false,"hidden_xs":"","hidden_sm":"","hidden_md":"","animationduration":"300","animationdelay":"0","background_color":"#F3F5FB","color":"#464855"},"layout":"12","columns":[{"id":1591104215444,"class_name":"col-md-12","visibility":true,"settings":{"background_image":"","background_repeat":"no-repeat","background_size":"cover","background_attachment":"scroll","background_position":"0 0","boxshadow":"0 0 0 0 #fff","sm_col":"","xs_col":"","hidden_xs":"","hidden_sm":"","hidden_md":"","animationduration":"300","animationdelay":"0"},"addons":[{"id":1591104215445,"name":"heading","visibility":true,"settings":{"admin_label":"","title":"Best Plans For You","heading_selector":"h2","use_link":0,"title_link":"","link_new_tab":"","title_fontsize":{"md":"50","sm":"40","xs":"30"},"title_lineheight":{"md":"60","sm":"50","xs":"40"},"title_letterspace":"0","title_margin":{"md":"0px 0px 17px 0px","sm":"   ","xs":"   "},"title_padding":{"md":"0px 0px 0px 0px","sm":"   ","xs":"   "},"alignment":"sppb-text-center","class":"","global_use_background":0,"global_user_border":0,"global_margin":{"md":"   ","sm":"   ","xs":"   "},"global_padding":{"md":"   ","sm":"   ","xs":"   "},"global_use_animation":0,"global_text_color":""}},{"id":1591104215446,"name":"text_block","visibility":true,"settings":{"admin_label":"","title":"","heading_selector":"h3","title_fontsize":"","title_lineheight":"","title_letterspace":"0","title_fontweight":"","text":"She was bouncing away, when a cry from the two women, who had turned<br class=\"sppb-hidden-xs\" /> towards the bed, caused her to look round.","alignment":"sppb-text-center","text_fontsize":{"md":"18","sm":"","xs":"14"},"text_lineheight":{"md":"29","sm":"","xs":"22"},"dropcap":0,"class":"","global_use_background":0,"global_user_border":0,"global_margin":{"md":"0px 0px 0px 0px","sm":"   ","xs":"   "},"global_padding":{"md":"   ","sm":"   ","xs":"   "},"global_use_animation":0,"global_text_color":"#7d7e88"}},{"id":1591104215447,"type":"inner_row","settings":{"padding":{"md":"0px 0px 0px 0px","sm":"   ","xs":"   "},"margin":{"md":"70px 0px 0px 0px","sm":"   ","xs":"   "},"columns_align_center":1,"fullscreen":0,"no_gutter":0,"background_parallax":0,"background_video":0,"show_top_shape":0,"show_bottom_shape":0},"layout":"4,4,4","visibility":true,"columns":[{"id":1591104215448,"class_name":"col-md-4","visibility":true,"settings":{"background_image":"","background_repeat":"no-repeat","background_size":"cover","background_attachment":"scroll","background_position":"0 0","boxshadow":"0 0 0 0 #fff","sm_col":"","xs_col":"","hidden_xs":0,"hidden_sm":0,"hidden_md":0,"animationduration":"300","animationdelay":"0","padding":{"md":"   ","sm":"   ","xs":"   "}},"addons":[{"id":1591104215449,"name":"pricing","visibility":true,"settings":{"admin_label":"","title":"Standard","heading_selector":"h3","title_fontsize":{"md":18,"sm":"","xs":""},"title_lineheight":{"md":24,"sm":"","xs":""},"title_letterspace":"0","title_text_color":"#4060FF","title_margin_top":{"md":0},"title_margin_bottom":{"md":20},"price":"$19.99","price_color":"","price_font_size":{"md":36},"price_symbol":"","price_symbol_alignment":"","price_symbol_color":"","price_symbol_font_size":"","duration":"","duration_color":"","duration_font_size":"","price_position":"after","price_margin_bottom":{"md":30},"pricing_content":"10 GB\n100 GB\n500\nYes\n2 Hours","pricing_content_font_size":{"md":"15","xs":"14"},"pricing_content_gap":{"md":"30","xs":"10"},"pricing_content_margin_bottom":{"md":"67","xs":"35"},"button_text":"Buy Now","button_letterspace":"0","button_type":"custom","button_appearance":"","button_background_color":"#4060FF","button_color":"#fff","button_background_color_hover":"#4060FF","button_color_hover":"#fff","alignment":"sppb-text-center","class":"","button_padding":{"md":"12px 35px 12px 35px","sm":"   ","xs":"   "},"global_use_background":1,"global_user_border":0,"global_margin":{"md":"0px 0px 30px 0px","sm":"   ","xs":"   "},"global_padding":{"md":"40px 45px 50px 45px","sm":"   ","xs":"   "},"global_use_animation":0,"global_border_color":"#F2F2F2","global_boder_style":"solid","global_border_width":{"md":"2","sm":"","xs":""},"global_border_radius":{"md":"7","sm":"","xs":""},"use_global_width":0,"hidden_md":0,"hidden_sm":0,"hidden_xs":0,"global_width":{"md":"62","sm":"","xs":""},"global_use_overlay":0,"title_font_style":{"weight":600},"global_background_color":"#ffffff"}}]},{"id":1591104215450,"class_name":"col-md-4","visibility":true,"settings":{"background_image":"","background_repeat":"no-repeat","background_size":"cover","background_attachment":"scroll","background_position":"0 0","boxshadow":"0 0 0 0 #fff","sm_col":"","xs_col":"","hidden_xs":"","hidden_sm":"","hidden_md":"","animationduration":"300","animationdelay":"0","padding":{"md":"   ","sm":"   ","xs":"   "}},"addons":[{"id":1591104215451,"name":"pricing","visibility":true,"settings":{"admin_label":"","title":"Advance","heading_selector":"h3","title_fontsize":{"md":18,"sm":"","xs":""},"title_lineheight":{"md":24,"sm":"","xs":""},"title_letterspace":"0","title_text_color":"#464855","title_margin_top":{"md":0},"title_margin_bottom":{"md":20},"price":"$69.99","price_color":"","price_font_size":{"md":36},"price_symbol":"","price_symbol_alignment":"","price_symbol_color":"","price_symbol_font_size":"","duration":"","duration_color":"","duration_font_size":"","price_position":"after","price_margin_bottom":{"md":30},"pricing_content":"10 GB\n100 GB\n500\nYes\n2 Hours","pricing_content_font_size":{"md":"15","xs":"14"},"pricing_content_gap":{"md":"30","xs":"10"},"pricing_content_margin_bottom":{"md":"67","xs":"35"},"button_text":"Buy Now","button_letterspace":"0","button_type":"custom","button_appearance":"outline","button_background_color":"#4060FF","button_color":"#4060FF","button_background_color_hover":"#4060FF","button_color_hover":"#fff","alignment":"sppb-text-center","class":"","button_padding":{"md":"12px 35px 12px 35px","sm":"   ","xs":"   "},"global_use_background":1,"global_user_border":0,"global_margin":{"md":"0px 0px 30px 0px","sm":"   ","xs":"   "},"global_padding":{"md":"40px 45px 50px 45px","sm":"   ","xs":"   "},"global_use_animation":0,"global_border_color":"#F2F2F2","global_boder_style":"solid","global_border_width":{"md":"2","sm":"","xs":""},"global_border_radius":{"md":"7","sm":"","xs":""},"use_global_width":0,"hidden_md":0,"hidden_sm":0,"hidden_xs":0,"global_width":{"md":"62","sm":"","xs":""},"global_use_overlay":0,"title_font_style":{"weight":600},"global_background_color":""}}]},{"id":1591104215452,"class_name":"col-md-4","visibility":true,"settings":{"background_image":"","background_repeat":"no-repeat","background_size":"cover","background_attachment":"scroll","background_position":"0 0","boxshadow":"0 0 0 0 #fff","sm_col":"","xs_col":"","hidden_xs":"","hidden_sm":"","hidden_md":"","animationduration":"300","animationdelay":"0","padding":{"md":"   ","sm":"   ","xs":"   "}},"addons":[{"id":1591104215453,"name":"pricing","visibility":true,"settings":{"admin_label":"","title":"Ultimate","heading_selector":"h3","title_fontsize":{"md":18,"sm":"","xs":""},"title_lineheight":{"md":24,"sm":"","xs":""},"title_letterspace":"0","title_text_color":"#464855","title_margin_top":{"md":0},"title_margin_bottom":{"md":20},"price":"$99.99","price_color":"","price_font_size":{"md":36},"price_symbol":"","price_symbol_alignment":"","price_symbol_color":"","price_symbol_font_size":"","duration":"","duration_color":"","duration_font_size":"","price_position":"after","price_margin_bottom":{"md":30},"pricing_content":"10 GB\n100 GB\n500\nYes\n2 Hours","pricing_content_font_size":{"md":"15","xs":"14"},"pricing_content_gap":{"md":"30","xs":"10"},"pricing_content_margin_bottom":{"md":"67","xs":"35"},"button_text":"Buy Now","button_letterspace":"0","button_type":"custom","button_appearance":"outline","button_background_color":"#4060FF","button_color":"#4060FF","button_background_color_hover":"#4060FF","button_color_hover":"#fff","alignment":"sppb-text-center","class":"","button_padding":{"md":"12px 35px 12px 35px","sm":"   ","xs":"   "},"global_use_background":1,"global_user_border":0,"global_margin":{"md":"0px 0px 30px 0px","sm":"   ","xs":"   "},"global_padding":{"md":"40px 45px 50px 45px","sm":"   ","xs":"   "},"global_use_animation":0,"global_border_color":"#F2F2F2","global_boder_style":"solid","global_border_width":{"md":"2","sm":"","xs":""},"global_border_radius":{"md":"7","sm":"","xs":""},"use_global_width":0,"hidden_md":0,"hidden_sm":0,"hidden_xs":0,"global_width":{"md":"62","sm":"","xs":""},"global_use_overlay":0,"title_font_style":{"weight":600},"global_background_color":""}}]}]}]}]},{"id":1591104215397,"visibility":true,"collapse":false,"settings":{"admin_label":"Pricing 5","title":"","heading_selector":"h3","title_fontsize":"","title_fontweight":"","subtitle_fontsize":"","title_position":"sppb-text-center","columns_align_center":0,"fullscreen":0,"no_gutter":0,"padding":{"md":"140px 0px 120px 0px","sm":"100px 0px 100px 0px","xs":"50px 0px 30px 0px"},"margin":{"md":"0px 0px 0px 0px","sm":"   ","xs":"   "},"background_image":"","background_parallax":0,"background_repeat":"no-repeat","background_size":"cover","background_attachment":"fixed","background_position":"0 0","background_video":0,"external_background_video":"0","show_top_shape":0,"shape_name":"clouds-flat","shape_color":"#e5e5e5","shape_width":{"md":100,"sm":100,"xs":100},"shape_height":"","shape_flip":false,"shape_invert":false,"shape_to_front":false,"show_bottom_shape":0,"bottom_shape_name":"clouds-opacity","bottom_shape_color":"#e5e5e5","bottom_shape_width":{"md":100,"sm":100,"xs":100},"bottom_shape_height":"","bottom_shape_flip":false,"bottom_shape_invert":false,"bottom_shape_to_front":false,"hidden_xs":"","hidden_sm":"","hidden_md":"","animationduration":"300","animationdelay":"0","background_color":"#202020","color":"#fff"},"layout":"12","columns":[{"id":1591104215455,"class_name":"col-md-12","visibility":true,"settings":{"background_image":"","background_repeat":"no-repeat","background_size":"cover","background_attachment":"scroll","background_position":"0 0","boxshadow":"0 0 0 0 #fff","sm_col":"","xs_col":"","hidden_xs":"","hidden_sm":"","hidden_md":"","animationduration":"300","animationdelay":"0"},"addons":[{"id":1591104215456,"name":"heading","visibility":true,"settings":{"admin_label":"","title":"Best Plans For You","heading_selector":"h2","use_link":0,"title_link":"","link_new_tab":"","title_fontsize":{"md":"50","sm":"40","xs":"30"},"title_lineheight":{"md":"60","sm":"50","xs":"40"},"title_letterspace":"0","title_margin":{"md":"0px 0px 17px 0px","sm":"   ","xs":"   "},"title_padding":{"md":"0px 0px 0px 0px","sm":"   ","xs":"   "},"alignment":"sppb-text-center","class":"","global_use_background":0,"global_user_border":0,"global_margin":{"md":"   ","sm":"   ","xs":"   "},"global_padding":{"md":"   ","sm":"   ","xs":"   "},"global_use_animation":0,"global_text_color":""}},{"id":1591104215457,"name":"text_block","visibility":true,"settings":{"admin_label":"","title":"","heading_selector":"h3","title_fontsize":"","title_lineheight":"","title_letterspace":"0","title_fontweight":"","text":"She was bouncing away, when a cry from the two women, who had turned<br class=\"sppb-hidden-xs\" /> towards the bed, caused her to look round.","alignment":"sppb-text-center","text_fontsize":{"md":"18","sm":"","xs":"14"},"text_lineheight":{"md":"29","sm":"","xs":"22"},"dropcap":0,"class":"","global_use_background":0,"global_user_border":0,"global_margin":{"md":"0px 0px 40px 0px","sm":"   ","xs":"   "},"global_padding":{"md":"   ","sm":"   ","xs":"   "},"global_use_animation":0,"global_text_color":"#bcbcbc"}},{"id":1591104215458,"type":"inner_row","settings":{"padding":{"md":"0px 0px 0px 0px","sm":"   ","xs":"   "},"margin":{"md":"30px 0px 0px 0px","sm":"   ","xs":"   "},"columns_align_center":0,"fullscreen":0,"no_gutter":0,"background_parallax":0,"background_video":0,"show_top_shape":0,"show_bottom_shape":0},"layout":"4,4,4","visibility":true,"columns":[{"id":1591104215459,"class_name":"col-md-4","visibility":true,"settings":{"background_image":"","background_repeat":"no-repeat","background_size":"cover","background_attachment":"scroll","background_position":"0 0","boxshadow":"0 0 0 0 #fff","sm_col":"","xs_col":"","hidden_xs":0,"hidden_sm":0,"hidden_md":0,"animationduration":"300","animationdelay":"0","padding":{"md":"0px 0px 0px 0px","sm":"0px 0px 0px 0px","xs":"0px 0px 0px 0px"}},"addons":[{"id":1591104215460,"name":"pricing","visibility":true,"settings":{"admin_label":"","title":"Professional","heading_selector":"h3","title_fontsize":{"md":18,"sm":"","xs":""},"title_lineheight":{"md":24,"sm":"","xs":""},"title_letterspace":"0","title_text_color":"","title_margin_top":{"md":0},"title_margin_bottom":{"md":20},"price":"$19","price_color":"","price_font_size":{"md":36},"price_symbol":"","price_symbol_alignment":"","price_symbol_color":"","price_symbol_font_size":"","duration":"","duration_color":"","duration_font_size":"","price_position":"after","price_margin_bottom":{"md":"40"},"pricing_content":"","pricing_content_font_size":{"md":16},"pricing_content_gap":{"md":"10"},"pricing_content_margin_bottom":{"md":"55"},"button_text":"Buy Now","button_letterspace":"0","button_type":"custom","button_appearance":"outline","button_background_color":"#ffffff","button_color":"#fff","button_background_color_hover":"#4060FF","button_color_hover":"#fff","alignment":"sppb-text-center","class":"","button_padding":{"md":"12px 35px 12px 35px","sm":"   ","xs":"   "},"global_use_background":1,"global_user_border":0,"global_margin":{"md":"0px 0px 30px 0px","sm":"   ","xs":"   "},"global_padding":{"md":"45px 45px 50px 45px","sm":"   ","xs":"   "},"global_use_animation":0,"global_border_color":"#F2F2F2","global_boder_style":"solid","global_border_width":{"md":"2","sm":"","xs":""},"global_border_radius":{"md":"10","sm":"","xs":""},"use_global_width":0,"hidden_md":0,"hidden_sm":0,"hidden_xs":0,"global_width":{"md":"62","sm":"","xs":""},"global_use_overlay":0,"title_font_style":{"weight":600},"global_background_image":"https://sppagebuilder.com/sections/images/2017/10/25/pricing-bg1.jpg","global_background_size":"cover","global_background_repeat":"no-repeat"}}]},{"id":1591104215461,"class_name":"col-md-4","visibility":true,"settings":{"background_image":"","background_repeat":"no-repeat","background_size":"cover","background_attachment":"scroll","background_position":"0 0","boxshadow":"0 0 0 0 #fff","sm_col":"","xs_col":"","hidden_xs":"","hidden_sm":"","hidden_md":"","animationduration":"300","animationdelay":"0","padding":{"md":"   ","sm":"   ","xs":"   "}},"addons":[{"id":1591104215462,"name":"pricing","visibility":true,"settings":{"admin_label":"","title":"Advanced","heading_selector":"h3","title_fontsize":{"md":18,"sm":"","xs":""},"title_lineheight":{"md":24,"sm":"","xs":""},"title_letterspace":"0","title_text_color":"","title_margin_top":{"md":0},"title_margin_bottom":{"md":20},"price":"$69","price_color":"","price_font_size":{"md":36},"price_symbol":"","price_symbol_alignment":"","price_symbol_color":"","price_symbol_font_size":"","duration":"","duration_color":"","duration_font_size":"","price_position":"after","price_margin_bottom":{"md":"40"},"pricing_content":"","pricing_content_font_size":{"md":16},"pricing_content_gap":{"md":"10"},"pricing_content_margin_bottom":{"md":"55"},"button_text":"Buy Now","button_letterspace":"0","button_type":"custom","button_appearance":"","button_background_color":"#4060FF","button_color":"#fff","button_background_color_hover":"#3a56e4","button_color_hover":"#fff","alignment":"sppb-text-center","class":"","button_padding":{"md":"12px 35px 12px 35px","sm":"   ","xs":"   "},"global_use_background":1,"global_user_border":0,"global_margin":{"md":"0px 0px 30px 0px","sm":"   ","xs":"   "},"global_padding":{"md":"45px 45px 50px 45px","sm":"   ","xs":"   "},"global_use_animation":0,"global_border_color":"#F2F2F2","global_boder_style":"solid","global_border_width":{"md":"2","sm":"","xs":""},"global_border_radius":{"md":"10","sm":"","xs":""},"use_global_width":0,"hidden_md":0,"hidden_sm":0,"hidden_xs":0,"global_width":{"md":"62","sm":"","xs":""},"global_use_overlay":0,"title_font_style":{"weight":600},"global_background_image":"https://sppagebuilder.com/sections/images/2017/10/25/pricing-bg2.jpg","global_background_repeat":"no-repeat","global_background_size":"cover"}}]},{"id":1591104215463,"class_name":"col-md-4","visibility":true,"settings":{},"addons":[{"id":1591104215464,"name":"pricing","visibility":true,"settings":{"admin_label":"","title":"Commerce","heading_selector":"h3","title_fontsize":{"md":18,"sm":"","xs":""},"title_lineheight":{"md":24,"sm":"","xs":""},"title_letterspace":"0","title_text_color":"","title_margin_top":{"md":0},"title_margin_bottom":{"md":20},"price":"$99","price_color":"","price_font_size":{"md":36},"price_symbol":"","price_symbol_alignment":"","price_symbol_color":"","price_symbol_font_size":"","duration":"","duration_color":"","duration_font_size":"","price_position":"after","price_margin_bottom":{"md":"40"},"pricing_content":"","pricing_content_font_size":{"md":16},"pricing_content_gap":{"md":"10"},"pricing_content_margin_bottom":{"md":"55"},"button_text":"Buy Now","button_letterspace":"0","button_type":"custom","button_appearance":"outline","button_background_color":"#ffffff","button_color":"#fff","button_background_color_hover":"#4060FF","button_color_hover":"#fff","alignment":"sppb-text-center","class":"","button_padding":{"md":"12px 35px 12px 35px","sm":"   ","xs":"   "},"global_use_background":1,"global_user_border":0,"global_margin":{"md":"0px 0px 30px 0px","sm":"   ","xs":"   "},"global_padding":{"md":"45px 45px 50px 45px","sm":"   ","xs":"   "},"global_use_animation":0,"global_border_color":"#F2F2F2","global_boder_style":"solid","global_border_width":{"md":"2","sm":"","xs":""},"global_border_radius":{"md":"10","sm":"","xs":""},"use_global_width":0,"hidden_md":0,"hidden_sm":0,"hidden_xs":0,"global_width":{"md":"62","sm":"","xs":""},"global_use_overlay":0,"title_font_style":{"weight":600},"global_background_image":"https://sppagebuilder.com/sections/images/2017/10/25/pricing-bg3.jpg","global_background_repeat":"no-repeat","global_background_size":"cover"}}]}]}]}]},{"id":1591104215398,"visibility":true,"collapse":false,"settings":{"admin_label":"Pricing 6","title":"","heading_selector":"h3","title_fontsize":"","title_fontweight":"","subtitle_fontsize":"","title_position":"sppb-text-center","columns_align_center":0,"fullscreen":0,"no_gutter":0,"padding":{"md":"140px 0px 120px 0px","sm":"100px 0px 100px 0px","xs":"50px 0px 30px 0px"},"margin":{"md":"0px 0px 0px 0px","sm":"   ","xs":"   "},"background_image":"","background_parallax":0,"background_repeat":"no-repeat","background_size":"cover","background_attachment":"fixed","background_position":"0 0","background_video":0,"external_background_video":"0","show_top_shape":0,"shape_name":"clouds-flat","shape_color":"#e5e5e5","shape_width":{"md":100,"sm":100,"xs":100},"shape_height":"","shape_flip":false,"shape_invert":false,"shape_to_front":false,"show_bottom_shape":0,"bottom_shape_name":"clouds-opacity","bottom_shape_color":"#e5e5e5","bottom_shape_width":{"md":100,"sm":100,"xs":100},"bottom_shape_height":"","bottom_shape_flip":false,"bottom_shape_invert":false,"bottom_shape_to_front":false,"hidden_xs":"","hidden_sm":"","hidden_md":"","animationduration":"300","animationdelay":"0","background_color":"#ffffff","color":"#464855"},"layout":"12","columns":[{"id":1591104215466,"class_name":"col-md-12","visibility":true,"settings":{"background_image":"","background_repeat":"no-repeat","background_size":"cover","background_attachment":"scroll","background_position":"0 0","boxshadow":"0 0 0 0 #fff","sm_col":"","xs_col":"","hidden_xs":"","hidden_sm":"","hidden_md":"","animationduration":"300","animationdelay":"0"},"addons":[{"id":1591104215467,"name":"heading","visibility":true,"settings":{"admin_label":"","title":"Best Plans For You","heading_selector":"h2","use_link":0,"title_link":"","link_new_tab":"","title_fontsize":{"md":"50","sm":"40","xs":"30"},"title_lineheight":{"md":"60","sm":"50","xs":"40"},"title_letterspace":"0","title_margin":{"md":"0px 0px 17px 0px","sm":"   ","xs":"   "},"title_padding":{"md":"0px 0px 0px 0px","sm":"   ","xs":"   "},"alignment":"sppb-text-center","class":"","global_use_background":0,"global_user_border":0,"global_margin":{"md":"   ","sm":"   ","xs":"   "},"global_padding":{"md":"   ","sm":"   ","xs":"   "},"global_use_animation":0,"global_text_color":""}},{"id":1591104215468,"name":"text_block","visibility":true,"settings":{"admin_label":"","title":"","heading_selector":"h3","title_fontsize":"","title_lineheight":"","title_letterspace":"0","title_fontweight":"","text":"She was bouncing away, when a cry from the two women, who had turned<br class=\"sppb-hidden-xs\" /> towards the bed, caused her to look round.","alignment":"sppb-text-center","text_fontsize":{"md":"18","sm":"","xs":"14"},"text_lineheight":{"md":"29","sm":"","xs":"22"},"dropcap":0,"class":"","global_use_background":0,"global_user_border":0,"global_margin":{"md":"0px 0px 40px 0px","sm":"   ","xs":"   "},"global_padding":{"md":"   ","sm":"   ","xs":"   "},"global_use_animation":0,"global_text_color":"#7d7e88"}},{"id":1591104215469,"type":"inner_row","settings":{"padding":{"md":"0px 0px 0px 0px","sm":"   ","xs":"   "},"margin":{"md":"30px 0px 0px 0px","sm":"   ","xs":"   "},"columns_align_center":0,"fullscreen":0,"no_gutter":0,"background_parallax":0,"background_video":0,"show_top_shape":0,"show_bottom_shape":0},"layout":"4,4,4","visibility":true,"columns":[{"id":1591104215470,"class_name":"col-md-4","visibility":true,"settings":{"background_image":"","background_repeat":"no-repeat","background_size":"cover","background_attachment":"scroll","background_position":"0 0","boxshadow":"0 0 0 0 #fff","sm_col":"","xs_col":"","hidden_xs":0,"hidden_sm":0,"hidden_md":0,"animationduration":"300","animationdelay":"0","padding":{"md":"   ","sm":"   ","xs":"   "}},"addons":[{"id":1591104215471,"name":"pricing","visibility":true,"settings":{"admin_label":"","title":"30 days Trial","heading_selector":"h3","title_fontsize":{"md":18,"sm":"","xs":""},"title_lineheight":{"md":24,"sm":"","xs":""},"title_letterspace":"0","title_text_color":"rgba(70, 72, 85, 0.7)","title_margin_top":{"md":0},"title_margin_bottom":{"md":20},"price":"$0.00","price_color":"","price_font_size":{"md":36},"price_symbol":"","price_symbol_alignment":"","price_symbol_color":"","price_symbol_font_size":"","duration":"","duration_color":"","duration_font_size":"","price_position":"after","price_margin_bottom":{"md":30},"pricing_content":"She was bouncing away, when a\ncry from the two women, who had\nturned towards the bed, caused\nher to look round.","pricing_content_font_size":{"md":16},"pricing_content_gap":{"md":"10"},"pricing_content_margin_bottom":{"md":"55"},"button_text":"Buy Now","button_letterspace":"0","button_type":"custom","button_appearance":"outline","button_background_color":"#4060FF","button_color":"#4060FF","button_background_color_hover":"#4060FF","button_color_hover":"#fff","alignment":"sppb-text-center","class":"","button_padding":{"md":"12px 35px 12px 35px","sm":"   ","xs":"   "},"global_use_background":1,"global_user_border":0,"global_margin":{"md":"0px 0px 30px 0px","sm":"   ","xs":"   "},"global_padding":{"md":"80px 45px 80px 45px","sm":"   ","xs":"   "},"global_use_animation":0,"global_border_color":"#F2F2F2","global_boder_style":"solid","global_border_width":{"md":"2","sm":"","xs":""},"global_border_radius":{"md":"7","sm":"","xs":""},"use_global_width":0,"hidden_md":0,"hidden_sm":0,"hidden_xs":0,"global_width":{"md":"62","sm":"","xs":""},"global_use_overlay":0,"title_font_style":{"weight":600},"global_background_color":"#F3F5FB"}}]},{"id":1591104215472,"class_name":"col-md-4","visibility":true,"settings":{"background_image":"","background_repeat":"no-repeat","background_size":"cover","background_attachment":"scroll","background_position":"0 0","boxshadow":"0 0 0 0 #fff","sm_col":"","xs_col":"","hidden_xs":"","hidden_sm":"","hidden_md":"","animationduration":"300","animationdelay":"0","padding":{"md":"   ","sm":"   ","xs":"   "}},"addons":[{"id":1591104215473,"name":"pricing","visibility":true,"settings":{"admin_label":"","title":"Solo","heading_selector":"h3","title_fontsize":{"md":18,"sm":"","xs":""},"title_lineheight":{"md":24,"sm":"","xs":""},"title_letterspace":"0","title_text_color":"","title_margin_top":{"md":0},"title_margin_bottom":{"md":20},"price":"$19.99","price_color":"","price_font_size":{"md":36},"price_symbol":"","price_symbol_alignment":"","price_symbol_color":"","price_symbol_font_size":"","duration":"","duration_color":"","duration_font_size":"","price_position":"after","price_margin_bottom":{"md":30},"pricing_content":"She was bouncing away, when a\ncry from the two women, who had\nturned towards the bed, caused\nher to look round.","pricing_content_font_size":{"md":16},"pricing_content_gap":{"md":"10"},"pricing_content_margin_bottom":{"md":"55"},"button_text":"Buy Now","button_letterspace":"0","button_type":"custom","button_appearance":"","button_background_color":"#fff","button_color":"#4060FF","button_background_color_hover":"#333","button_color_hover":"#fff","alignment":"sppb-text-center","class":"","button_padding":{"md":"12px 35px 12px 35px","sm":"   ","xs":"   "},"global_use_background":1,"global_user_border":1,"global_margin":{"md":"0px 0px 30px 0px","sm":"   ","xs":"   "},"global_padding":{"md":"80px 45px 80px 45px","sm":"   ","xs":"   "},"global_use_animation":0,"global_border_color":"#F2F2F2","global_boder_style":"solid","global_border_width":{"md":"2","sm":"","xs":""},"global_border_radius":{"md":"7","sm":"","xs":""},"use_global_width":0,"hidden_md":0,"hidden_sm":0,"hidden_xs":0,"global_width":{"md":"62","sm":"","xs":""},"global_use_overlay":0,"title_font_style":{"weight":600},"global_background_color":"#4060FF","global_text_color":"#fff"}}]},{"id":1591104215474,"class_name":"col-md-4","visibility":true,"settings":{},"addons":[{"id":1591104215475,"name":"pricing","visibility":true,"settings":{"admin_label":"","title":"Team","heading_selector":"h3","title_fontsize":{"md":18,"sm":"","xs":""},"title_lineheight":{"md":24,"sm":"","xs":""},"title_letterspace":"0","title_text_color":"","title_margin_top":{"md":0},"title_margin_bottom":{"md":20},"price":"$99.99","price_color":"","price_font_size":{"md":36},"price_symbol":"","price_symbol_alignment":"","price_symbol_color":"","price_symbol_font_size":"","duration":"","duration_color":"","duration_font_size":"","price_position":"after","price_margin_bottom":{"md":30},"pricing_content":"She was bouncing away, when a\ncry from the two women, who had\nturned towards the bed, caused\nher to look round.","pricing_content_font_size":{"md":16},"pricing_content_gap":{"md":"10"},"pricing_content_margin_bottom":{"md":"55"},"button_text":"Buy Now","button_letterspace":"0","button_type":"custom","button_appearance":"","button_background_color":"#4060FF","button_color":"#fff","button_background_color_hover":"#3752d4","button_color_hover":"#fff","alignment":"sppb-text-center","class":"","button_padding":{"md":"12px 35px 12px 35px","sm":"   ","xs":"   "},"global_use_background":1,"global_user_border":0,"global_margin":{"md":"0px 0px 30px 0px","sm":"   ","xs":"   "},"global_padding":{"md":"80px 45px 80px 45px","sm":"   ","xs":"   "},"global_use_animation":0,"global_border_color":"#F2F2F2","global_boder_style":"solid","global_border_width":{"md":"2","sm":"","xs":""},"global_border_radius":{"md":"7","sm":"","xs":""},"use_global_width":0,"hidden_md":0,"hidden_sm":0,"hidden_xs":0,"global_width":{"md":"62","sm":"","xs":""},"global_use_overlay":0,"title_font_style":{"weight":600},"global_background_color":"#4D585D","global_text_color":"#fff"}}]}]}]}]},{"id":1591104215399,"visibility":true,"collapse":false,"settings":{"admin_label":"Pricing 7","title":"","heading_selector":"h3","title_fontsize":"","title_fontweight":"","subtitle_fontsize":"","title_position":"sppb-text-center","columns_align_center":0,"fullscreen":0,"no_gutter":0,"padding":{"md":"150px 0px 120px 0px","sm":"100px 0px 100px 0px","xs":"50px 0px 30px 0px"},"margin":{"md":"0px 0px 0px 0px","sm":"   ","xs":"   "},"background_image":"","background_parallax":0,"background_repeat":"no-repeat","background_size":"cover","background_attachment":"fixed","background_position":"0 0","background_video":0,"external_background_video":"0","show_top_shape":0,"shape_name":"clouds-flat","shape_color":"#e5e5e5","shape_width":{"md":100,"sm":100,"xs":100},"shape_height":"","shape_flip":false,"shape_invert":false,"shape_to_front":false,"show_bottom_shape":0,"bottom_shape_name":"clouds-opacity","bottom_shape_color":"#e5e5e5","bottom_shape_width":{"md":100,"sm":100,"xs":100},"bottom_shape_height":"","bottom_shape_flip":false,"bottom_shape_invert":false,"bottom_shape_to_front":false,"hidden_xs":"","hidden_sm":"","hidden_md":"","animationduration":"300","animationdelay":"0","background_color":"#F3F5FB","color":"#323C47"},"layout":"12","columns":[{"id":1591104215477,"class_name":"col-md-12","visibility":true,"settings":{"background_image":"","background_repeat":"no-repeat","background_size":"cover","background_attachment":"scroll","background_position":"0 0","boxshadow":"0 0 0 0 #fff","sm_col":"","xs_col":"","hidden_xs":"","hidden_sm":"","hidden_md":"","animationduration":"300","animationdelay":"0"},"addons":[{"id":1591104215478,"type":"inner_row","settings":{"padding":{"md":"0px 100px 0px 100px","sm":"   ","xs":"0px 0px 0px 0px"},"margin":{"md":"0px 0px 0px 0px","sm":"   ","xs":"   "},"columns_align_center":0,"fullscreen":0,"no_gutter":0,"background_parallax":0,"background_video":0,"show_top_shape":0,"show_bottom_shape":0},"layout":"4,4,4","visibility":true,"columns":[{"id":1591104215479,"class_name":"col-md-4","visibility":true,"settings":{"background_image":"","background_repeat":"no-repeat","background_size":"cover","background_attachment":"scroll","background_position":"0 0","boxshadow":"0 0 0 0 #fff","sm_col":"","xs_col":"","hidden_xs":0,"hidden_sm":0,"hidden_md":0,"animationduration":"300","animationdelay":"0","padding":{"md":"   ","sm":"   ","xs":"   "}},"addons":[{"id":1591104215480,"name":"pricing","visibility":true,"settings":{"admin_label":"","title":"FIRST OPTION","heading_selector":"h3","title_fontsize":{"md":"14","sm":"","xs":""},"title_lineheight":{"md":"20","sm":"","xs":""},"title_letterspace":"0","title_text_color":"#323C47","title_margin_top":{"md":0},"title_margin_bottom":{"md":"15"},"price":"$14","price_color":"#323C47","price_font_size":{"md":"14"},"price_symbol":"","price_symbol_alignment":"","price_symbol_color":"","price_symbol_font_size":"","duration":"","duration_color":"","duration_font_size":"","price_position":"before","price_margin_bottom":{"md":"20"},"pricing_content":"Everyday Updates  \nUnlimited Items\n24/7 Support","pricing_content_font_size":{"md":16},"pricing_content_gap":{"md":"14"},"pricing_content_margin_bottom":{"md":"55"},"button_text":"BUY NOW","button_letterspace":"0","button_type":"custom","button_appearance":"outline","button_background_color":"#D0D7DD","button_color":"#323C47","button_background_color_hover":"#4060FF","button_color_hover":"#fff","alignment":"sppb-text-center","class":"","button_padding":{"md":"15px 45px 15px 45px","sm":"   ","xs":"   "},"global_use_background":1,"global_user_border":0,"global_margin":{"md":"0px 0px 30px 0px","sm":"   ","xs":"   "},"global_padding":{"md":"55px 45px 40px 45px","sm":"   ","xs":"   "},"global_use_animation":0,"global_border_color":"#F2F2F2","global_boder_style":"solid","global_border_width":{"md":"2","sm":"","xs":""},"global_border_radius":{"md":"7","sm":"","xs":""},"use_global_width":0,"hidden_md":0,"hidden_sm":0,"hidden_xs":0,"global_width":{"md":"62","sm":"","xs":""},"global_use_overlay":0,"title_font_style":{"weight":600},"global_background_color":"#fff","button_size":"sm","global_text_color":"#989898"}}]},{"id":1591104215481,"class_name":"col-md-4","visibility":true,"settings":{"background_image":"","background_repeat":"no-repeat","background_size":"cover","background_attachment":"scroll","background_position":"0 0","boxshadow":"0 0 0 0 #fff","sm_col":"","xs_col":"","hidden_xs":"","hidden_sm":"","hidden_md":"","animationduration":"300","animationdelay":"0","padding":{"md":"   ","sm":"   ","xs":"   "}},"addons":[{"id":1591104215482,"name":"pricing","visibility":true,"settings":{"admin_label":"","title":"SECOND OPTION","heading_selector":"h3","title_fontsize":{"md":"14","sm":"","xs":""},"title_lineheight":{"md":"20","sm":"","xs":""},"title_letterspace":"0","title_text_color":"#323C47","title_margin_top":{"md":0},"title_margin_bottom":{"md":"15"},"price":"$24","price_color":"#323C47","price_font_size":{"md":"14"},"price_symbol":"","price_symbol_alignment":"","price_symbol_color":"","price_symbol_font_size":"","duration":"","duration_color":"","duration_font_size":"","price_position":"before","price_margin_bottom":{"md":"20"},"pricing_content":"Everyday Updates  \nUnlimited Items\n24/7 Support","pricing_content_font_size":{"md":16},"pricing_content_gap":{"md":"14"},"pricing_content_margin_bottom":{"md":"55"},"button_text":"BUY NOW","button_letterspace":"0","button_type":"custom","button_appearance":"","button_background_color":"#4060FF","button_color":"#FFF","button_background_color_hover":"#3b58e8","button_color_hover":"#fff","alignment":"sppb-text-center","class":"","button_padding":{"md":"15px 45px 15px 45px","sm":"   ","xs":"   "},"global_use_background":1,"global_user_border":0,"global_margin":{"md":"0px 0px 30px 0px","sm":"   ","xs":"   "},"global_padding":{"md":"55px 45px 40px 45px","sm":"   ","xs":"   "},"global_use_animation":0,"global_border_color":"#F2F2F2","global_boder_style":"solid","global_border_width":{"md":"2","sm":"","xs":""},"global_border_radius":{"md":"7","sm":"","xs":""},"use_global_width":0,"hidden_md":0,"hidden_sm":0,"hidden_xs":0,"global_width":{"md":"62","sm":"","xs":""},"global_use_overlay":0,"title_font_style":{"weight":600},"global_background_color":"#fff","button_size":"sm","global_text_color":"#989898"}}]},{"id":1591104215483,"class_name":"col-md-4","visibility":true,"settings":{},"addons":[{"id":1591104215484,"name":"pricing","visibility":true,"settings":{"admin_label":"","title":"THIRD OPTION","heading_selector":"h3","title_fontsize":{"md":"14","sm":"","xs":""},"title_lineheight":{"md":"20","sm":"","xs":""},"title_letterspace":"0","title_text_color":"#323C47","title_margin_top":{"md":0},"title_margin_bottom":{"md":"15"},"price":"$54","price_color":"#323C47","price_font_size":{"md":"14"},"price_symbol":"","price_symbol_alignment":"","price_symbol_color":"","price_symbol_font_size":"","duration":"","duration_color":"","duration_font_size":"","price_position":"before","price_margin_bottom":{"md":"20"},"pricing_content":"Everyday Updates  \nUnlimited Items\n24/7 Support","pricing_content_font_size":{"md":16},"pricing_content_gap":{"md":"14"},"pricing_content_margin_bottom":{"md":"55"},"button_text":"BUY NOW","button_letterspace":"0","button_type":"custom","button_appearance":"outline","button_background_color":"#D0D7DD","button_color":"#323C47","button_background_color_hover":"#4060FF","button_color_hover":"#fff","alignment":"sppb-text-center","class":"","button_padding":{"md":"15px 45px 15px 45px","sm":"   ","xs":"   "},"global_use_background":1,"global_user_border":0,"global_margin":{"md":"0px 0px 30px 0px","sm":"   ","xs":"   "},"global_padding":{"md":"55px 45px 40px 45px","sm":"   ","xs":"   "},"global_use_animation":0,"global_border_color":"#F2F2F2","global_boder_style":"solid","global_border_width":{"md":"2","sm":"","xs":""},"global_border_radius":{"md":"7","sm":"","xs":""},"use_global_width":0,"hidden_md":0,"hidden_sm":0,"hidden_xs":0,"global_width":{"md":"62","sm":"","xs":""},"global_use_overlay":0,"title_font_style":{"weight":600},"global_background_color":"#fff","button_size":"sm","global_text_color":"#989898"}}]}]}]}]},{"id":1591104215400,"visibility":true,"collapse":false,"settings":{"admin_label":"Pricing 8","title":"","heading_selector":"h3","title_fontsize":"","title_fontweight":"","subtitle_fontsize":"","title_position":"sppb-text-center","columns_align_center":0,"fullscreen":0,"no_gutter":0,"padding":{"md":"150px 0px 120px 0px","sm":"100px 0px 100px 0px","xs":"50px 0px 30px 0px"},"margin":{"md":"0px 0px 0px 0px","sm":"   ","xs":"   "},"background_image":"","background_parallax":0,"background_repeat":"no-repeat","background_size":"cover","background_attachment":"fixed","background_position":"0 0","background_video":0,"external_background_video":"0","show_top_shape":0,"shape_name":"clouds-flat","shape_color":"#e5e5e5","shape_width":{"md":100,"sm":100,"xs":100},"shape_height":"","shape_flip":false,"shape_invert":false,"shape_to_front":false,"show_bottom_shape":0,"bottom_shape_name":"clouds-opacity","bottom_shape_color":"#e5e5e5","bottom_shape_width":{"md":100,"sm":100,"xs":100},"bottom_shape_height":"","bottom_shape_flip":false,"bottom_shape_invert":false,"bottom_shape_to_front":false,"hidden_xs":"","hidden_sm":"","hidden_md":"","animationduration":"300","animationdelay":"0","background_color":"#F3F5FB","color":"#323C47"},"layout":"12","columns":[{"id":1591104215486,"class_name":"col-md-12","visibility":true,"settings":{"background_image":"","background_repeat":"no-repeat","background_size":"cover","background_attachment":"scroll","background_position":"0 0","boxshadow":"0 0 0 0 #fff","sm_col":"","xs_col":"","hidden_xs":"","hidden_sm":"","hidden_md":"","animationduration":"300","animationdelay":"0"},"addons":[{"id":1591104215487,"type":"inner_row","settings":{"padding":{"md":"0px 100px 0px 100px","sm":"   ","xs":"0px 0px 0px 0px"},"margin":{"md":"0px 0px 0px 0px","sm":"   ","xs":"   "},"columns_align_center":0,"fullscreen":0,"no_gutter":0,"background_parallax":0,"background_video":0,"show_top_shape":0,"show_bottom_shape":0},"layout":"4,4,4","visibility":true,"columns":[{"id":1591104215488,"class_name":"col-md-4","visibility":true,"settings":{"background_image":"","background_repeat":"no-repeat","background_size":"cover","background_attachment":"scroll","background_position":"0 0","boxshadow":"0 0 0 0 #fff","sm_col":"","xs_col":"","hidden_xs":0,"hidden_sm":0,"hidden_md":0,"animationduration":"300","animationdelay":"0","padding":{"md":"   ","sm":"   ","xs":"   "}},"addons":[{"id":1591104215489,"name":"pricing","visibility":true,"settings":{"admin_label":"","title":"FIRST OPTION","heading_selector":"h3","title_fontsize":{"md":"14","sm":"","xs":""},"title_lineheight":{"md":"20","sm":"","xs":""},"title_letterspace":"0","title_text_color":"","title_margin_top":{"md":0},"title_margin_bottom":{"md":"15"},"price":"$14","price_color":"","price_font_size":{"md":"14"},"price_symbol":"","price_symbol_alignment":"","price_symbol_color":"","price_symbol_font_size":"","duration":"","duration_color":"","duration_font_size":"","price_position":"before","price_margin_bottom":{"md":"20"},"pricing_content":"Everyday Updates  \nUnlimited Items\n24/7 Support","pricing_content_font_size":{"md":16},"pricing_content_gap":{"md":"14"},"pricing_content_margin_bottom":{"md":"55"},"button_text":"BUY NOW","button_letterspace":"0","button_type":"custom","button_appearance":"outline","button_background_color":"#fff","button_color":"#fff","button_background_color_hover":"#4060FF","button_color_hover":"#fff","alignment":"sppb-text-center","class":"","button_padding":{"md":"15px 45px 15px 45px","sm":"   ","xs":"   "},"global_use_background":1,"global_user_border":0,"global_margin":{"md":"0px 0px 30px 0px","sm":"   ","xs":"   "},"global_padding":{"md":"55px 45px 40px 45px","sm":"   ","xs":"   "},"global_use_animation":0,"global_border_color":"#F2F2F2","global_boder_style":"solid","global_border_width":{"md":"2","sm":"","xs":""},"global_border_radius":{"md":"7","sm":"","xs":""},"use_global_width":0,"hidden_md":0,"hidden_sm":0,"hidden_xs":0,"global_width":{"md":"62","sm":"","xs":""},"global_use_overlay":0,"title_font_style":{"weight":600},"global_background_color":"#4D585D","button_size":"sm","global_text_color":"#fff"}}]},{"id":1591104215490,"class_name":"col-md-4","visibility":true,"settings":{"background_image":"","background_repeat":"no-repeat","background_size":"cover","background_attachment":"scroll","background_position":"0 0","boxshadow":"0 0 0 0 #fff","sm_col":"","xs_col":"","hidden_xs":"","hidden_sm":"","hidden_md":"","animationduration":"300","animationdelay":"0","padding":{"md":"   ","sm":"   ","xs":"   "}},"addons":[{"id":1591104215491,"name":"pricing","visibility":true,"settings":{"admin_label":"","title":"SECOND OPTION","heading_selector":"h3","title_fontsize":{"md":"14","sm":"","xs":""},"title_lineheight":{"md":"20","sm":"","xs":""},"title_letterspace":"0","title_text_color":"","title_margin_top":{"md":0},"title_margin_bottom":{"md":"15"},"price":"$24","price_color":"","price_font_size":{"md":"14"},"price_symbol":"","price_symbol_alignment":"","price_symbol_color":"","price_symbol_font_size":"","duration":"","duration_color":"","duration_font_size":"","price_position":"before","price_margin_bottom":{"md":"20"},"pricing_content":"Everyday Updates  \nUnlimited Items\n24/7 Support","pricing_content_font_size":{"md":16},"pricing_content_gap":{"md":"14"},"pricing_content_margin_bottom":{"md":"55"},"button_text":"BUY NOW","button_letterspace":"0","button_type":"custom","button_appearance":"","button_background_color":"#fff","button_color":"#4060FF","button_background_color_hover":"#333","button_color_hover":"#fff","alignment":"sppb-text-center","class":"","button_padding":{"md":"15px 45px 15px 45px","sm":"   ","xs":"   "},"global_use_background":1,"global_user_border":0,"global_margin":{"md":"0px 0px 30px 0px","sm":"   ","xs":"   "},"global_padding":{"md":"55px 45px 40px 45px","sm":"   ","xs":"   "},"global_use_animation":0,"global_border_color":"#F2F2F2","global_boder_style":"solid","global_border_width":{"md":"2","sm":"","xs":""},"global_border_radius":{"md":"7","sm":"","xs":""},"use_global_width":0,"hidden_md":0,"hidden_sm":0,"hidden_xs":0,"global_width":{"md":"62","sm":"","xs":""},"global_use_overlay":0,"title_font_style":{"weight":600},"global_background_color":"#4060FF","button_size":"sm","global_text_color":"#fff"}}]},{"id":1591104215492,"class_name":"col-md-4","visibility":true,"settings":{},"addons":[{"id":1591104215493,"name":"pricing","visibility":true,"settings":{"admin_label":"","title":"THIRD OPTION","heading_selector":"h3","title_fontsize":{"md":"14","sm":"","xs":""},"title_lineheight":{"md":"20","sm":"","xs":""},"title_letterspace":"0","title_text_color":"#323C47","title_margin_top":{"md":0},"title_margin_bottom":{"md":"15"},"price":"$54","price_color":"#323C47","price_font_size":{"md":"14"},"price_symbol":"","price_symbol_alignment":"","price_symbol_color":"","price_symbol_font_size":"","duration":"","duration_color":"","duration_font_size":"","price_position":"before","price_margin_bottom":{"md":"20"},"pricing_content":"Everyday Updates  \nUnlimited Items\n24/7 Support","pricing_content_font_size":{"md":16},"pricing_content_gap":{"md":"14"},"pricing_content_margin_bottom":{"md":"55"},"button_text":"BUY NOW","button_letterspace":"0","button_type":"custom","button_appearance":"outline","button_background_color":"#D0D7DD","button_color":"#4060FF","button_background_color_hover":"#4060FF","button_color_hover":"#fff","alignment":"sppb-text-center","class":"","button_padding":{"md":"15px 45px 15px 45px","sm":"   ","xs":"   "},"global_use_background":1,"global_user_border":0,"global_margin":{"md":"0px 0px 30px 0px","sm":"   ","xs":"   "},"global_padding":{"md":"55px 45px 40px 45px","sm":"   ","xs":"   "},"global_use_animation":0,"global_border_color":"#F2F2F2","global_boder_style":"solid","global_border_width":{"md":"2","sm":"","xs":""},"global_border_radius":{"md":"7","sm":"","xs":""},"use_global_width":0,"hidden_md":0,"hidden_sm":0,"hidden_xs":0,"global_width":{"md":"62","sm":"","xs":""},"global_use_overlay":0,"title_font_style":{"weight":600},"global_background_color":"#fff","button_size":"sm","global_text_color":"#989898"}}]}]}]}]}]