[{"id":1591106576317,"visibility":true,"collapse":false,"settings":{"padding":{"md":"100px 0px 70px 0px","sm":"   ","xs":"100px 0px 100px 0px"},"margin":{"md":"0px 0px 0px 0px","sm":"   ","xs":"   "},"columns_equal_height":0,"columns_align_center":0,"fullscreen":0,"no_gutter":0,"background_parallax":0,"background_video":0,"hidden_xs":0,"hidden_sm":0,"hidden_md":0,"background_color":"#ffffff","admin_label":"Team 1"},"layout":"12,3,3,3,3","columns":[{"id":1591106576341,"class_name":"col-md-12","visibility":true,"settings":{"background_image":"","background_repeat":"no-repeat","background_size":"cover","background_attachment":"scroll","background_position":"0 0","boxshadow":"0 0 0 0 #fff","sm_col":"","xs_col":"","hidden_xs":0,"hidden_sm":0,"hidden_md":0,"animationduration":"300","animationdelay":"0","padding":{"md":"   ","sm":"   ","xs":"   "}},"addons":[{"id":1591106576342,"name":"text_block","visibility":true,"settings":{"admin_label":"","title":"Meet Our Team","heading_selector":"h2","title_fontsize":{"md":"48","sm":"36","xs":"28"},"title_lineheight":{"md":"72","sm":"48","xs":"36"},"title_fontstyle":"","title_letterspace":"0","title_fontweight":"","text":"She was bouncing away, when a cry from the two women, who had turned<br class=\"sppb-hidden-xs\" />towards the bed, caused her to look round.","alignment":"sppb-text-center","text_fontsize":{"md":"18","sm":"","xs":""},"text_lineheight":{"md":"28","sm":"","xs":""},"dropcap":0,"class":"","title_text_color":"#464855","title_margin_top":{"md":"0","sm":"","xs":""},"title_margin_bottom":{"md":"20","sm":"","xs":""},"global_use_background":0,"global_user_border":0,"global_margin":{"md":"0px 0px 50px 0px","sm":"0px 0px 50px 0px","xs":"0px 0px 30px 0px"},"global_padding":{"md":"   ","sm":"   ","xs":"   "},"global_use_animation":0,"global_text_color":"#464855","use_global_width":0,"hidden_md":0,"hidden_sm":0,"hidden_xs":0}}]},{"id":1591106576343,"class_name":"col-md-3","visibility":true,"settings":{"background_image":"","background_repeat":"no-repeat","background_size":"cover","background_attachment":"scroll","background_position":"0 0","boxshadow":"0 0 0 0 #fff","sm_col":"col-sm-6","xs_col":"","hidden_xs":0,"hidden_sm":0,"hidden_md":0,"animationduration":"300","animationdelay":"0","padding":{"md":"   ","sm":"   ","xs":"   "}},"addons":[{"id":1591106576344,"name":"person","visibility":true,"settings":{"admin_label":"","image":"https://sppagebuilder.com/sections/team/lteam1.jpg","name":"Erica Romaguera","designation":"CEO & Founder","email":"","introtext":"","facebook":"","twitter":"","google_plus":"","social_position":"after","alignment":"sppb-text-left","class":"","global_use_background":0,"global_user_border":0,"global_margin":{"md":"0px 0px 30px 0px","sm":"   ","xs":"   "},"global_padding":{"md":"   ","sm":"   ","xs":"   "},"global_use_animation":0,"global_border_radius":{"md":"","sm":"","xs":""},"global_text_color":"","image_border_radius":"4","designation_color":"#4060FF"}}]},{"id":1591106576345,"class_name":"col-md-3","visibility":true,"settings":{"background_image":"","background_repeat":"no-repeat","background_size":"cover","background_attachment":"scroll","background_position":"0 0","boxshadow":"0 0 0 0 #fff","sm_col":"col-sm-6","xs_col":"","hidden_xs":0,"hidden_sm":0,"hidden_md":0,"animationduration":"300","animationdelay":"0","padding":{"md":"   ","sm":"   ","xs":"   "}},"addons":[{"id":1591106576346,"name":"person","visibility":true,"settings":{"admin_label":"","image":"https://sppagebuilder.com/sections/team/lteam2.jpg","name":"Carole Marvin","designation":"Chief Technology Officer","email":"","introtext":"","facebook":"","twitter":"","google_plus":"","social_position":"after","alignment":"sppb-text-left","class":"","global_use_background":0,"global_user_border":0,"global_margin":{"md":"0px 0px 30px 0px","sm":"   ","xs":"   "},"global_padding":{"md":"   ","sm":"   ","xs":"   "},"global_use_animation":0,"global_border_radius":{"md":"","sm":"","xs":""},"global_text_color":"","image_border_radius":"4","designation_color":"#4060FF"}}]},{"id":1591106576347,"class_name":"col-md-3","visibility":true,"settings":{"background_image":"","background_repeat":"no-repeat","background_size":"cover","background_attachment":"scroll","background_position":"0 0","boxshadow":"0 0 0 0 #fff","sm_col":"col-sm-6","xs_col":"","hidden_xs":0,"hidden_sm":0,"hidden_md":0,"animationduration":"300","animationdelay":"0","padding":{"md":"   ","sm":"   ","xs":"   "}},"addons":[{"id":1591106576348,"name":"person","visibility":true,"settings":{"admin_label":"","image":"https://sppagebuilder.com/sections/team/lteam3.jpg","name":"Woodrow Nikolaus","designation":"Creative Director","email":"","introtext":"","facebook":"","twitter":"","google_plus":"","social_position":"after","alignment":"sppb-text-left","class":"","global_use_background":0,"global_user_border":0,"global_margin":{"md":"0px 0px 30px 0px","sm":"   ","xs":"   "},"global_padding":{"md":"   ","sm":"   ","xs":"   "},"global_use_animation":0,"global_border_radius":{"md":"","sm":"","xs":""},"global_text_color":"","image_border_radius":"4","designation_color":"#4060FF"}}]},{"id":1591106576349,"class_name":"col-md-3","visibility":true,"settings":{"background_image":"","background_repeat":"no-repeat","background_size":"cover","background_attachment":"scroll","background_position":"0 0","boxshadow":"0 0 0 0 #fff","sm_col":"col-sm-6","xs_col":"","hidden_xs":0,"hidden_sm":0,"hidden_md":0,"animationduration":"300","animationdelay":"0","padding":{"md":"   ","sm":"   ","xs":"   "}},"addons":[{"id":1591106576350,"name":"person","visibility":true,"settings":{"admin_label":"","image":"https://sppagebuilder.com/sections/team/lteam4.jpg","name":"Alexanne Stanton","designation":"Support Engineer","email":"","introtext":"","facebook":"","twitter":"","google_plus":"","social_position":"after","alignment":"sppb-text-left","class":"","global_use_background":0,"global_user_border":0,"global_margin":{"md":"0px 0px 30px 0px","sm":"   ","xs":"   "},"global_padding":{"md":"   ","sm":"   ","xs":"   "},"global_use_animation":0,"global_border_radius":{"md":"","sm":"","xs":""},"global_text_color":"","image_border_radius":"4","designation_color":"#4060FF"}}]}]},{"id":1591106576318,"visibility":true,"collapse":false,"settings":{"padding":{"md":"100px 0px 70px 0px","sm":"   ","xs":"100px 0px 100px 0px"},"margin":{"md":"0px 0px 0px 0px","sm":"   ","xs":"   "},"columns_equal_height":0,"columns_align_center":0,"fullscreen":0,"no_gutter":0,"background_parallax":0,"background_video":0,"hidden_xs":0,"hidden_sm":0,"hidden_md":0,"background_color":"#202020","admin_label":"Team 2"},"layout":"12,4,4,4","columns":[{"id":1591106576352,"class_name":"col-md-12","visibility":true,"settings":{"background_image":"","background_repeat":"no-repeat","background_size":"cover","background_attachment":"scroll","background_position":"0 0","boxshadow":"0 0 0 0 #fff","sm_col":"","xs_col":"","hidden_xs":0,"hidden_sm":0,"hidden_md":0,"animationduration":"300","animationdelay":"0","padding":{"md":"   ","sm":"   ","xs":"   "}},"addons":[{"id":1591106576353,"name":"text_block","visibility":true,"settings":{"admin_label":"","title":"Meet Our Team","heading_selector":"h2","title_fontsize":{"md":"48","sm":"36","xs":"28"},"title_lineheight":{"md":"72","sm":"48","xs":"36"},"title_fontstyle":"","title_letterspace":"0","title_fontweight":"","text":"She was bouncing away, when a cry from the two women, who had turned<br class=\"sppb-hidden-xs\" />towards the bed, caused her to look round.","alignment":"sppb-text-center","text_fontsize":{"md":"18","sm":"","xs":""},"text_lineheight":{"md":"28","sm":"","xs":""},"dropcap":0,"class":"","title_text_color":"#ffffff","title_margin_top":{"md":"0","sm":"","xs":""},"title_margin_bottom":{"md":"20","sm":"","xs":""},"global_use_background":0,"global_user_border":0,"global_margin":{"md":"0px 0px 50px 0px","sm":"0px 0px 50px 0px","xs":"0px 0px 30px 0px"},"global_padding":{"md":"   ","sm":"   ","xs":"   "},"global_use_animation":0,"global_text_color":"rgba(255, 255, 255, 0.8)","use_global_width":0,"hidden_md":0,"hidden_sm":0,"hidden_xs":0}}]},{"id":1591106576354,"class_name":"col-md-4","visibility":true,"settings":{"background_image":"","background_repeat":"no-repeat","background_size":"cover","background_attachment":"scroll","background_position":"0 0","boxshadow":"0 0 0 0 #fff","sm_col":"col-sm-4","xs_col":"","hidden_xs":0,"hidden_sm":0,"hidden_md":0,"animationduration":"300","animationdelay":"0","padding":{"md":"   ","sm":"   ","xs":"   "}},"addons":[{"id":1591106576355,"name":"person","visibility":true,"settings":{"admin_label":"","image":"https://sppagebuilder.com/sections/team/steam2.jpg","name":"Erica Romaguera","designation":"CEO & Founder","email":"","introtext":"","facebook":"","twitter":"","google_plus":"","social_position":"after","alignment":"sppb-text-center","class":"","global_use_background":0,"global_user_border":0,"global_margin":{"md":"0px 0px 30px 0px","sm":"   ","xs":"   "},"global_padding":{"md":"   ","sm":"   ","xs":"   "},"global_use_animation":0,"global_border_radius":{"md":"","sm":"","xs":""},"global_text_color":"","image_border_radius":"4","name_color":"#ffffff","designation_color":"#4060FF"}}]},{"id":1591106576356,"class_name":"col-md-4","visibility":true,"settings":{"background_image":"","background_repeat":"no-repeat","background_size":"cover","background_attachment":"scroll","background_position":"0 0","boxshadow":"0 0 0 0 #fff","sm_col":"col-sm-4","xs_col":"","hidden_xs":0,"hidden_sm":0,"hidden_md":0,"animationduration":"300","animationdelay":"0","padding":{"md":"   ","sm":"   ","xs":"   "}},"addons":[{"id":1591106576357,"name":"person","visibility":true,"settings":{"admin_label":"","image":"https://sppagebuilder.com/sections/team/steam3.jpg","name":"Carole Marvin","designation":"Chief Technology Officer","email":"","introtext":"","facebook":"","twitter":"","google_plus":"","social_position":"after","alignment":"sppb-text-center","class":"","global_use_background":0,"global_user_border":0,"global_margin":{"md":"0px 0px 30px 0px","sm":"   ","xs":"   "},"global_padding":{"md":"   ","sm":"   ","xs":"   "},"global_use_animation":0,"global_border_radius":{"md":"","sm":"","xs":""},"global_text_color":"","image_border_radius":"4","name_color":"#ffffff","designation_color":"#4060FF"}}]},{"id":1591106576358,"class_name":"col-md-4","visibility":true,"settings":{"background_image":"","background_repeat":"no-repeat","background_size":"cover","background_attachment":"scroll","background_position":"0 0","boxshadow":"0 0 0 0 #fff","sm_col":"col-sm-4","xs_col":"","hidden_xs":0,"hidden_sm":0,"hidden_md":0,"animationduration":"300","animationdelay":"0","padding":{"md":"   ","sm":"   ","xs":"   "}},"addons":[{"id":1591106576359,"name":"person","visibility":true,"settings":{"admin_label":"","image":"https://sppagebuilder.com/sections/team/steam1.jpg","name":"Woodrow Nikolaus","designation":"Creative Director","email":"","introtext":"","facebook":"","twitter":"","google_plus":"","social_position":"after","alignment":"sppb-text-center","class":"","global_use_background":0,"global_user_border":0,"global_margin":{"md":"0px 0px 30px 0px","sm":"   ","xs":"   "},"global_padding":{"md":"   ","sm":"   ","xs":"   "},"global_use_animation":0,"global_border_radius":{"md":"","sm":"","xs":""},"global_text_color":"","image_border_radius":"4","name_color":"#ffffff","designation_color":"#4060FF"}}]}]},{"id":1591106576319,"visibility":true,"collapse":false,"settings":{"padding":{"md":"100px 0px 70px 0px","sm":"   ","xs":"100px 0px 100px 0px"},"margin":{"md":"0px 0px 0px 0px","sm":"   ","xs":"   "},"columns_equal_height":0,"columns_align_center":0,"fullscreen":0,"no_gutter":0,"background_parallax":0,"background_video":0,"hidden_xs":0,"hidden_sm":0,"hidden_md":0,"background_color":"","color":"rgba(70, 72, 85, 0.8)","admin_label":"Team 3 [https://www.oceantheme.org]"},"layout":"12,4,4,4","columns":[{"id":1591106576361,"class_name":"col-md-12","visibility":true,"settings":{"background_image":"","background_repeat":"no-repeat","background_size":"cover","background_attachment":"scroll","background_position":"0 0","boxshadow":"0 0 0 0 #fff","sm_col":"","xs_col":"","hidden_xs":0,"hidden_sm":0,"hidden_md":0,"animationduration":"300","animationdelay":"0","padding":{"md":"   ","sm":"   ","xs":"   "}},"addons":[{"id":1591106576362,"name":"text_block","visibility":true,"settings":{"admin_label":"","title":"Meet Our Team","heading_selector":"h2","title_fontsize":{"md":"48","sm":"36","xs":"28"},"title_lineheight":{"md":"72","sm":"48","xs":"36"},"title_fontstyle":"","title_letterspace":"0","title_fontweight":"","text":"She was bouncing away, when a cry from the two women, who had turned<br class=\"sppb-hidden-xs\" />towards the bed, caused her to look round.","alignment":"sppb-text-center","text_fontsize":{"md":"18","sm":"","xs":""},"text_lineheight":{"md":"28","sm":"","xs":""},"dropcap":0,"class":"","title_text_color":"#464855","title_margin_top":{"md":"0","sm":"","xs":""},"title_margin_bottom":{"md":"20","sm":"","xs":""},"global_use_background":0,"global_user_border":0,"global_margin":{"md":"0px 0px 50px 0px","sm":"0px 0px 50px 0px","xs":"0px 0px 30px 0px"},"global_padding":{"md":"   ","sm":"   ","xs":"   "},"global_use_animation":0,"global_text_color":"","use_global_width":0,"hidden_md":0,"hidden_sm":0,"hidden_xs":0}}]},{"id":1591106576363,"class_name":"col-md-4","visibility":true,"settings":{"background_image":"","background_repeat":"no-repeat","background_size":"cover","background_attachment":"scroll","background_position":"0 0","boxshadow":"0 0 0 0 #fff","sm_col":"col-sm-4","xs_col":"","hidden_xs":0,"hidden_sm":0,"hidden_md":0,"animationduration":"300","animationdelay":"0","padding":{"md":"   ","sm":"   ","xs":"   "}},"addons":[{"id":1591106576364,"name":"person","visibility":true,"settings":{"admin_label":"","image":"https://sppagebuilder.com/sections/team/steam2.jpg","name":"Erica Romaguera","designation":"CEO & Founder","email":"","introtext":"She was bouncing away, when a cry from the two women, who.","facebook":"https://www.facebook.com/joomshaper/","twitter":"https://twitter.com/joomshaper","google_plus":"http://plus.google.com/+Joomshapers","social_position":"after","alignment":"sppb-text-center","class":"","global_use_background":0,"global_user_border":0,"global_margin":{"md":"0px 0px 30px 0px","sm":"   ","xs":"   "},"global_padding":{"md":"   ","sm":"   ","xs":"   "},"global_use_animation":0,"global_border_radius":{"md":"","sm":"","xs":""},"global_text_color":"","image_border_radius":"400","name_color":"","designation_color":"#4060FF"}}]},{"id":1591106576365,"class_name":"col-md-4","visibility":true,"settings":{"background_image":"","background_repeat":"no-repeat","background_size":"cover","background_attachment":"scroll","background_position":"0 0","boxshadow":"0 0 0 0 #fff","sm_col":"col-sm-4","xs_col":"","hidden_xs":0,"hidden_sm":0,"hidden_md":0,"animationduration":"300","animationdelay":"0","padding":{"md":"   ","sm":"   ","xs":"   "}},"addons":[{"id":1591106576366,"name":"person","visibility":true,"settings":{"admin_label":"","image":"https://sppagebuilder.com/sections/team/steam3.jpg","name":"Carole Marvin","designation":"Chief Technology Officer","email":"","introtext":"She was bouncing away, when a cry from the two women, who.","facebook":"https://www.facebook.com/joomshaper/","twitter":"https://twitter.com/joomshaper","google_plus":"http://plus.google.com/+Joomshapers","social_position":"after","alignment":"sppb-text-center","class":"","global_use_background":0,"global_user_border":0,"global_margin":{"md":"0px 0px 30px 0px","sm":"   ","xs":"   "},"global_padding":{"md":"   ","sm":"   ","xs":"   "},"global_use_animation":0,"global_border_radius":{"md":"","sm":"","xs":""},"global_text_color":"","image_border_radius":"400","name_color":"","designation_color":"#4060FF"}}]},{"id":1591106576367,"class_name":"col-md-4","visibility":true,"settings":{"background_image":"","background_repeat":"no-repeat","background_size":"cover","background_attachment":"scroll","background_position":"0 0","boxshadow":"0 0 0 0 #fff","sm_col":"col-sm-4","xs_col":"","hidden_xs":0,"hidden_sm":0,"hidden_md":0,"animationduration":"300","animationdelay":"0","padding":{"md":"   ","sm":"   ","xs":"   "}},"addons":[{"id":1591106576368,"name":"person","visibility":true,"settings":{"admin_label":"","image":"https://sppagebuilder.com/sections/team/steam1.jpg","name":"Woodrow Nikolaus","designation":"Creative Director","email":"","introtext":"She was bouncing away, when a cry from the two women, who.","facebook":"https://www.facebook.com/joomshaper/","twitter":"https://twitter.com/joomshaper","google_plus":"http://plus.google.com/+Joomshapers","social_position":"after","alignment":"sppb-text-center","class":"","global_use_background":0,"global_user_border":0,"global_margin":{"md":"0px 0px 30px 0px","sm":"   ","xs":"   "},"global_padding":{"md":"   ","sm":"   ","xs":"   "},"global_use_animation":0,"global_border_radius":{"md":"","sm":"","xs":""},"global_text_color":"","image_border_radius":"400","name_color":"","designation_color":"#4060FF"}}]}]}]