[{"id":1591106670108,"visibility":true,"collapse":false,"settings":{"admin_label":"Testimonial 1","title":"","heading_selector":"h3","title_fontsize":"","title_fontweight":"","subtitle_fontsize":"","title_position":"sppb-text-center","columns_align_center":0,"fullscreen":0,"no_gutter":0,"padding":{"md":"150px 0px 150px 0px","sm":"100px 0px 100px 0px","xs":"50px 0px 50px 0px"},"margin":{"md":"0px 0px 0px 0px","sm":"   ","xs":"   "},"background_image":"","background_parallax":0,"background_repeat":"no-repeat","background_size":"cover","background_attachment":"fixed","background_position":"0 0","background_video":0,"external_background_video":"0","show_top_shape":0,"shape_name":"clouds-flat","shape_color":"#e5e5e5","shape_width":{"md":100,"sm":100,"xs":100},"shape_height":"","shape_flip":false,"shape_invert":false,"shape_to_front":false,"show_bottom_shape":0,"bottom_shape_name":"clouds-opacity","bottom_shape_color":"#e5e5e5","bottom_shape_width":{"md":100,"sm":100,"xs":100},"bottom_shape_height":"","bottom_shape_flip":false,"bottom_shape_invert":false,"bottom_shape_to_front":false,"hidden_xs":"","hidden_sm":"","hidden_md":"","animationduration":"300","animationdelay":"0","background_color":"#fff"},"layout":"12","columns":[{"id":1591106670136,"class_name":"col-md-12","visibility":true,"settings":{"background_image":"","background_repeat":"no-repeat","background_size":"cover","background_attachment":"scroll","background_position":"0 0","boxshadow":"0 0 0 0 #fff","sm_col":"","xs_col":"","hidden_xs":"","hidden_sm":"","hidden_md":"","animationduration":"300","animationdelay":"0"},"addons":[{"id":1591106670137,"name":"testimonial","visibility":true,"settings":{"admin_label":"","title":"","heading_selector":"h3","title_fontsize":"","title_lineheight":"","title_letterspace":"0","title_fontweight":"","show_quote":1,"icon_size":{"md":"50","sm":48,"xs":"35"},"icon_color":"#EDEEF2","review":"&ldquo;Great to stay on top of the process. Highly \u0003recommended!&rdquo;","name":"John Doe","company":"CEO, JoomShaper","avatar_width":"50","avatar_shape":"sppb-avatar-circle","link":"","alignment":"sppb-text-center","class":"","review_size":{"md":"50","sm":"40","xs":"25"},"review_line_height":{"md":"67","sm":"55","xs":"35"},"avatar":"https://sppagebuilder.com/sections/images/2017/10/25/team03.jpg","global_use_background":0,"global_user_border":0,"global_margin":{"md":"   ","sm":"   ","xs":"   "},"global_padding":{"md":"   ","sm":"   ","xs":"   "},"global_use_animation":0,"global_text_color":"#464855"}}]}]},{"id":1591106670109,"visibility":true,"collapse":false,"settings":{"admin_label":"Testimonial 2","title":"","heading_selector":"h3","title_fontsize":"","title_fontweight":"","subtitle_fontsize":"","title_position":"sppb-text-center","columns_align_center":0,"fullscreen":0,"no_gutter":0,"padding":{"md":"140px 0px 120px 0px","sm":"100px 0px 100px 0px","xs":"50px 0px 30px 0px"},"margin":{"md":"0px 0px 0px 0px","sm":"   ","xs":"   "},"background_image":"","background_parallax":0,"background_repeat":"no-repeat","background_size":"cover","background_attachment":"fixed","background_position":"0 0","background_video":0,"external_background_video":"0","show_top_shape":0,"shape_name":"clouds-flat","shape_color":"#e5e5e5","shape_width":{"md":100,"sm":100,"xs":100},"shape_height":"","shape_flip":false,"shape_invert":false,"shape_to_front":false,"show_bottom_shape":0,"bottom_shape_name":"clouds-opacity","bottom_shape_color":"#e5e5e5","bottom_shape_width":{"md":100,"sm":100,"xs":100},"bottom_shape_height":"","bottom_shape_flip":false,"bottom_shape_invert":false,"bottom_shape_to_front":false,"hidden_xs":"","hidden_sm":"","hidden_md":"","animationduration":"300","animationdelay":"0","background_color":"#ffffff","color":"#464855"},"layout":"12","columns":[{"id":1591106670139,"class_name":"col-md-12","visibility":true,"settings":{"background_image":"","background_repeat":"no-repeat","background_size":"cover","background_attachment":"scroll","background_position":"0 0","boxshadow":"0 0 0 0 #fff","sm_col":"","xs_col":"","hidden_xs":"","hidden_sm":"","hidden_md":"","animationduration":"300","animationdelay":"0"},"addons":[{"id":1591106670140,"name":"heading","visibility":true,"settings":{"admin_label":"","title":"Testimonial","heading_selector":"h2","use_link":0,"title_link":"","link_new_tab":"","title_fontsize":{"md":"50","sm":"40","xs":"30"},"title_lineheight":{"md":"60","sm":"50","xs":"40"},"title_letterspace":"0","title_margin":{"md":"0px 0px 17px 0px","sm":"   ","xs":"   "},"title_padding":{"md":"0px 0px 0px 0px","sm":"   ","xs":"   "},"alignment":"sppb-text-center","class":"","global_use_background":0,"global_user_border":0,"global_margin":{"md":"   ","sm":"   ","xs":"   "},"global_padding":{"md":"   ","sm":"   ","xs":"   "},"global_use_animation":0,"global_text_color":""}},{"id":1591106670141,"name":"text_block","visibility":true,"settings":{"admin_label":"","title":"","heading_selector":"h3","title_fontsize":"","title_lineheight":"","title_letterspace":"0","title_fontweight":"","text":"She was bouncing away, when a cry from the two women, who had turned<br class=\"sppb-hidden-xs\" /> towards the bed, caused her to look round.","alignment":"sppb-text-center","text_fontsize":{"md":"18","sm":"","xs":"14"},"text_lineheight":{"md":"29","sm":"","xs":"22"},"dropcap":0,"class":"","global_use_background":0,"global_user_border":0,"global_margin":{"md":"0px 0px 40px 0px","sm":"   ","xs":"   "},"global_padding":{"md":"   ","sm":"   ","xs":"   "},"global_use_animation":0,"global_text_color":"#7d7e88"}},{"id":1591106670142,"type":"inner_row","settings":{"padding":{"md":"0px 0px 0px 0px","sm":"   ","xs":"   "},"margin":{"md":"10px 0px 0px 0px","sm":"   ","xs":"   "},"columns_align_center":0,"fullscreen":0,"no_gutter":0,"background_parallax":0,"background_video":0,"show_top_shape":0,"show_bottom_shape":0},"layout":"4,4,4","visibility":true,"columns":[{"id":1591106670143,"class_name":"col-md-4","visibility":true,"settings":{"background_image":"","background_repeat":"no-repeat","background_size":"cover","background_attachment":"scroll","background_position":"0 0","boxshadow":"0 0 0 0 #fff","sm_col":"","xs_col":"","hidden_xs":0,"hidden_sm":0,"hidden_md":0,"animationduration":"300","animationdelay":"0","padding":{"md":"   ","sm":"   ","xs":"   "}},"addons":[{"id":1591106670144,"name":"testimonial","visibility":true,"settings":{"admin_label":"","title":"","heading_selector":"h3","title_fontsize":"","title_lineheight":"","title_letterspace":"0","title_fontweight":"","show_quote":0,"icon_size":{"md":48,"sm":48,"xs":48},"icon_color":"#EDEEF2","review":"Anim pariatur cliche reprehenderit, enim eiusmod high life accusamus terry richardson ad squid. 3 wolf moon officia aute, non cupidatat skateboard dolor brunch.","name":"John Doe","company":"CEO, JoomShaper","avatar_width":"50","avatar_shape":"sppb-avatar-circle","link":"","alignment":"sppb-text-left","class":"","avatar":"https://sppagebuilder.com/sections/images/2017/10/25/team03.jpg","global_use_background":0,"global_user_border":1,"global_margin":{"md":"0px 0px 30px 0px","sm":"   ","xs":"   "},"global_padding":{"md":"50px 40px 50px 40px","sm":"   ","xs":"30px 30px 30px 30px"},"global_use_animation":0,"global_border_width":{"md":"2","sm":"","xs":""},"global_boder_style":"solid","global_border_radius":{"md":"7","sm":"","xs":""},"global_border_color":"#F2F2F2","review_color":"#7d7e88","global_text_color":"#464855"}}]},{"id":1591106670145,"class_name":"col-md-4","visibility":true,"settings":{"background_image":"","background_repeat":"no-repeat","background_size":"cover","background_attachment":"scroll","background_position":"0 0","boxshadow":"0 0 0 0 #fff","sm_col":"","xs_col":"","hidden_xs":"","hidden_sm":"","hidden_md":"","animationduration":"300","animationdelay":"0","padding":{"md":"   ","sm":"   ","xs":"   "}},"addons":[{"id":1591106670146,"name":"testimonial","visibility":true,"settings":{"admin_label":"","title":"","heading_selector":"h3","title_fontsize":"","title_lineheight":"","title_letterspace":"0","title_fontweight":"","show_quote":0,"icon_size":{"md":48,"sm":48,"xs":48},"icon_color":"#EDEEF2","review":"Anim pariatur cliche reprehenderit, enim eiusmod high life accusamus terry richardson ad squid. 3 wolf moon officia aute, non cupidatat skateboard dolor brunch.","name":"John Doe","company":"CEO, JoomShaper","avatar_width":"50","avatar_shape":"sppb-avatar-circle","link":"","alignment":"sppb-text-left","class":"","avatar":"https://sppagebuilder.com/sections/images/2017/10/25/team03.jpg","global_use_background":0,"global_user_border":1,"global_margin":{"md":"0px 0px 30px 0px","sm":"   ","xs":"   "},"global_padding":{"md":"50px 40px 50px 40px","sm":"   ","xs":"30px 30px 30px 30px"},"global_use_animation":0,"global_border_width":{"md":"2","sm":"","xs":""},"global_boder_style":"solid","global_border_radius":{"md":"7","sm":"","xs":""},"global_border_color":"#F2F2F2","review_color":"#7d7e88","global_text_color":"#464855"}}]},{"id":1591106670147,"class_name":"col-md-4","visibility":true,"settings":{},"addons":[{"id":1591106670148,"name":"testimonial","visibility":true,"settings":{"admin_label":"","title":"","heading_selector":"h3","title_fontsize":"","title_lineheight":"","title_letterspace":"0","title_fontweight":"","show_quote":0,"icon_size":{"md":48,"sm":48,"xs":48},"icon_color":"#EDEEF2","review":"Anim pariatur cliche reprehenderit, enim eiusmod high life accusamus terry richardson ad squid. 3 wolf moon officia aute, non cupidatat skateboard dolor brunch.","name":"John Doe","company":"CEO, JoomShaper","avatar_width":"50","avatar_shape":"sppb-avatar-circle","link":"","alignment":"sppb-text-left","class":"","avatar":"https://sppagebuilder.com/sections/images/2017/10/25/team03.jpg","global_use_background":0,"global_user_border":1,"global_margin":{"md":"0px 0px 30px 0px","sm":"   ","xs":"   "},"global_padding":{"md":"50px 40px 50px 40px","sm":"   ","xs":"30px 30px 30px 30px"},"global_use_animation":0,"global_border_width":{"md":"2","sm":"","xs":""},"global_boder_style":"solid","global_border_radius":{"md":"7","sm":"","xs":""},"global_border_color":"#F2F2F2","review_color":"#7d7e88","global_text_color":"#464855"}}]}]}]}]},{"id":1591106670110,"visibility":true,"collapse":false,"settings":{"admin_label":"Testimonial 3 [https://www.oceantheme.org]","title":"","heading_selector":"h3","title_fontsize":"","title_fontweight":"","subtitle_fontsize":"","title_position":"sppb-text-center","columns_align_center":0,"fullscreen":0,"no_gutter":0,"padding":{"md":"140px 0px 120px 0px","sm":"100px 0px 100px 0px","xs":"50px 0px 30px 0px"},"margin":{"md":"0px 0px 0px 0px","sm":"   ","xs":"   "},"background_image":"","background_parallax":0,"background_repeat":"no-repeat","background_size":"cover","background_attachment":"fixed","background_position":"0 0","background_video":0,"external_background_video":"0","show_top_shape":0,"shape_name":"clouds-flat","shape_color":"#e5e5e5","shape_width":{"md":100,"sm":100,"xs":100},"shape_height":"","shape_flip":false,"shape_invert":false,"shape_to_front":false,"show_bottom_shape":0,"bottom_shape_name":"clouds-opacity","bottom_shape_color":"#e5e5e5","bottom_shape_width":{"md":100,"sm":100,"xs":100},"bottom_shape_height":"","bottom_shape_flip":false,"bottom_shape_invert":false,"bottom_shape_to_front":false,"hidden_xs":"","hidden_sm":"","hidden_md":"","animationduration":"300","animationdelay":"0","background_color":"#ffffff","color":"#464855"},"layout":"12","columns":[{"id":1591106670150,"class_name":"col-md-12","visibility":true,"settings":{"background_image":"","background_repeat":"no-repeat","background_size":"cover","background_attachment":"scroll","background_position":"0 0","boxshadow":"0 0 0 0 #fff","sm_col":"","xs_col":"","hidden_xs":"","hidden_sm":"","hidden_md":"","animationduration":"300","animationdelay":"0"},"addons":[{"id":1591106670151,"name":"heading","visibility":true,"settings":{"admin_label":"","title":"Testimonial","heading_selector":"h2","use_link":0,"title_link":"","link_new_tab":"","title_fontsize":{"md":"50","sm":"40","xs":"30"},"title_lineheight":{"md":"60","sm":"50","xs":"40"},"title_letterspace":"0","title_margin":{"md":"0px 0px 17px 0px","sm":"   ","xs":"   "},"title_padding":{"md":"0px 0px 0px 0px","sm":"   ","xs":"   "},"alignment":"sppb-text-center","class":"","global_use_background":0,"global_user_border":0,"global_margin":{"md":"   ","sm":"   ","xs":"   "},"global_padding":{"md":"   ","sm":"   ","xs":"   "},"global_use_animation":0,"global_text_color":""}},{"id":1591106670152,"name":"text_block","visibility":true,"settings":{"admin_label":"","title":"","heading_selector":"h3","title_fontsize":"","title_lineheight":"","title_letterspace":"0","title_fontweight":"","text":"She was bouncing away, when a cry from the two women, who had turned<br class=\"sppb-hidden-xs\" /> towards the bed, caused her to look round.","alignment":"sppb-text-center","text_fontsize":{"md":"18","sm":"","xs":"14"},"text_lineheight":{"md":"29","sm":"","xs":"22"},"dropcap":0,"class":"","global_use_background":0,"global_user_border":0,"global_margin":{"md":"0px 0px 40px 0px","sm":"   ","xs":"   "},"global_padding":{"md":"   ","sm":"   ","xs":"   "},"global_use_animation":0,"global_text_color":"#7d7e88"}},{"id":1591106670153,"type":"inner_row","settings":{"padding":{"md":"0px 0px 0px 0px","sm":"   ","xs":"   "},"margin":{"md":"10px 0px 0px 0px","sm":"   ","xs":"   "},"columns_align_center":0,"fullscreen":0,"no_gutter":0,"background_parallax":0,"background_video":0,"show_top_shape":0,"show_bottom_shape":0},"layout":"4,4,4","visibility":true,"columns":[{"id":1591106670154,"class_name":"col-md-4","visibility":true,"settings":{"background_image":"","background_repeat":"no-repeat","background_size":"cover","background_attachment":"scroll","background_position":"0 0","boxshadow":"0 0 0 0 #fff","sm_col":"","xs_col":"","hidden_xs":0,"hidden_sm":0,"hidden_md":0,"animationduration":"300","animationdelay":"0","padding":{"md":"   ","sm":"   ","xs":"   "}},"addons":[{"id":1591106670155,"name":"testimonial","visibility":true,"settings":{"admin_label":"","title":"","heading_selector":"h3","title_fontsize":"","title_lineheight":"","title_letterspace":"0","title_fontweight":"","show_quote":0,"icon_size":{"md":48,"sm":48,"xs":48},"icon_color":"#EDEEF2","review":"Anim pariatur cliche reprehenderit, enim eiusmod high life accusamus terry richardson ad squid. 3 wolf moon officia aute, non cupidatat skateboard dolor brunch.","name":"John Doe","company":"CEO, JoomShaper","avatar_width":"50","avatar_shape":"sppb-avatar-circle","link":"","alignment":"sppb-text-left","class":"","avatar":"https://sppagebuilder.com/sections/images/2017/10/25/team03.jpg","global_use_background":0,"global_user_border":1,"global_margin":{"md":"0px 0px 30px 0px","sm":"   ","xs":"   "},"global_padding":{"md":"30px 30px 30px 30px","sm":"   ","xs":"30px 30px 30px 30px"},"global_use_animation":0,"global_border_width":{"md":"2","sm":"","xs":""},"global_boder_style":"solid","global_border_radius":{"md":"7","sm":"","xs":""},"global_border_color":"#F2F2F2","review_color":"#7d7e88","global_text_color":"#464855"}},{"id":1591106670156,"name":"testimonial","visibility":true,"settings":{"admin_label":"","title":"","heading_selector":"h3","title_fontsize":"","title_lineheight":"","title_letterspace":"0","title_fontweight":"","show_quote":0,"icon_size":{"md":48,"sm":48,"xs":48},"icon_color":"#EDEEF2","review":"Anim pariatur cliche reprehenderit, enim eiusmod high life accusamus terry richardson ad squid. 3 wolf moon officia aute, non cupidatat skateboard dolor brunch.","name":"John Doe","company":"CEO, JoomShaper","avatar_width":"50","avatar_shape":"sppb-avatar-circle","link":"","alignment":"sppb-text-left","class":"","avatar":"https://sppagebuilder.com/sections/images/2017/10/25/team03.jpg","global_use_background":0,"global_user_border":1,"global_margin":{"md":"0px 0px 30px 0px","sm":"   ","xs":"   "},"global_padding":{"md":"30px 30px 30px 30px","sm":"   ","xs":"30px 30px 30px 30px"},"global_use_animation":0,"global_border_width":{"md":"2","sm":"","xs":""},"global_boder_style":"solid","global_border_radius":{"md":"7","sm":"","xs":""},"global_border_color":"#F2F2F2","review_color":"#7d7e88","global_text_color":"#464855"}}]},{"id":1591106670157,"class_name":"col-md-4","visibility":true,"settings":{"background_image":"","background_repeat":"no-repeat","background_size":"cover","background_attachment":"scroll","background_position":"0 0","boxshadow":"0 0 0 0 #fff","sm_col":"","xs_col":"","hidden_xs":"","hidden_sm":"","hidden_md":"","animationduration":"300","animationdelay":"0","padding":{"md":"   ","sm":"   ","xs":"   "}},"addons":[{"id":1591106670158,"name":"testimonial","visibility":true,"settings":{"admin_label":"","title":"","heading_selector":"h3","title_fontsize":"","title_lineheight":"","title_letterspace":"0","title_fontweight":"","show_quote":0,"icon_size":{"md":48,"sm":48,"xs":48},"icon_color":"#EDEEF2","review":"<p class=\"p1\"><span class=\"s1\">&ldquo;Marek is a highly motivated individual with a diverse skill set.&rdquo;</span></p>","name":"John Doe","company":"CEO, JoomShaper","avatar_width":"50","avatar_shape":"sppb-avatar-circle","link":"","alignment":"sppb-text-left","class":"","avatar":"https://sppagebuilder.com/sections/images/2017/10/25/team03.jpg","global_use_background":0,"global_user_border":1,"global_margin":{"md":"0px 0px 30px 0px","sm":"   ","xs":"   "},"global_padding":{"md":"30px 30px 30px 30px","sm":"   ","xs":"30px 30px 30px 30px"},"global_use_animation":0,"global_border_width":{"md":"2","sm":"","xs":""},"global_boder_style":"solid","global_border_radius":{"md":"7","sm":"","xs":""},"global_border_color":"#F2F2F2","review_color":"#7d7e88","global_text_color":"#464855"}},{"id":1591106670159,"name":"testimonial","visibility":true,"settings":{"admin_label":"","title":"","heading_selector":"h3","title_fontsize":"","title_lineheight":"","title_letterspace":"0","title_fontweight":"","show_quote":0,"icon_size":{"md":48,"sm":48,"xs":48},"icon_color":"#EDEEF2","review":"<p class=\"p1\"><span class=\"s1\">\"If you&rsquo;ve ever been one of those folks that worries that you don&rsquo;t know enough CSS to make a site look like you want it to, you can stop stressing right about now.</span></p>\n<p class=\"p1\"><span class=\"s1\">If you&rsquo;ve ever been one of those folks that worries that you don&rsquo;t know enough\"</span></p>","name":"John Doe","company":"CEO, JoomShaper","avatar_width":"50","avatar_shape":"sppb-avatar-circle","link":"","alignment":"sppb-text-left","class":"","avatar":"https://sppagebuilder.com/sections/images/2017/10/25/team03.jpg","global_use_background":0,"global_user_border":1,"global_margin":{"md":"0px 0px 30px 0px","sm":"   ","xs":"   "},"global_padding":{"md":"30px 30px 30px 30px","sm":"   ","xs":"30px 30px 30px 30px"},"global_use_animation":0,"global_border_width":{"md":"2","sm":"","xs":""},"global_boder_style":"solid","global_border_radius":{"md":"7","sm":"","xs":""},"global_border_color":"#F2F2F2","review_color":"#7d7e88","global_text_color":"#464855"}}]},{"id":1591106670160,"class_name":"col-md-4","visibility":true,"settings":{},"addons":[{"id":1591106670161,"name":"testimonial","visibility":true,"settings":{"admin_label":"","title":"","heading_selector":"h3","title_fontsize":"","title_lineheight":"","title_letterspace":"0","title_fontweight":"","show_quote":0,"icon_size":{"md":48,"sm":48,"xs":48},"icon_color":"#EDEEF2","review":"<p class=\"p1\"><span class=\"s1\">Upgraded to </span><span class=\"s2\">@culturedcode</span><span class=\"s1\">'s Friendly on all my devices &ndash; love the new design and features. Best to-do app out there&hellip; </span></p>","name":"John Doe","company":"CEO, JoomShaper","avatar_width":"50","avatar_shape":"sppb-avatar-circle","link":"","alignment":"sppb-text-left","class":"","avatar":"https://sppagebuilder.com/sections/images/2017/10/25/team03.jpg","global_use_background":0,"global_user_border":1,"global_margin":{"md":"0px 0px 30px 0px","sm":"   ","xs":"   "},"global_padding":{"md":"30px 30px 30px 30px","sm":"   ","xs":"30px 30px 30px 30px"},"global_use_animation":0,"global_border_width":{"md":"2","sm":"","xs":""},"global_boder_style":"solid","global_border_radius":{"md":"7","sm":"","xs":""},"global_border_color":"#F2F2F2","review_color":"#7d7e88","global_text_color":"#464855"}},{"id":1591106670162,"name":"testimonial","visibility":true,"settings":{"admin_label":"","title":"","heading_selector":"h3","title_fontsize":"","title_lineheight":"","title_letterspace":"0","title_fontweight":"","show_quote":0,"icon_size":{"md":48,"sm":48,"xs":48},"icon_color":"#EDEEF2","review":"<span class=\"s1\">Upgraded to&nbsp;</span><span class=\"s2\">@culturedcode</span><span class=\"s1\">'s Friendly on all my devices &ndash; love the new design and features. Best to-do app out there&hellip;</span>","name":"John Doe","company":"CEO, JoomShaper","avatar_width":"50","avatar_shape":"sppb-avatar-circle","link":"","alignment":"sppb-text-left","class":"","avatar":"https://sppagebuilder.com/sections/images/2017/10/25/team03.jpg","global_use_background":0,"global_user_border":1,"global_margin":{"md":"0px 0px 30px 0px","sm":"   ","xs":"   "},"global_padding":{"md":"30px 30px 30px 30px","sm":"   ","xs":"30px 30px 30px 30px"},"global_use_animation":0,"global_border_width":{"md":"2","sm":"","xs":""},"global_boder_style":"solid","global_border_radius":{"md":"7","sm":"","xs":""},"global_border_color":"#F2F2F2","review_color":"#7d7e88","global_text_color":"#464855"}}]}]}]}]}]