[{"id":1591135642706,"visibility":true,"collapse":false,"settings":{"admin_label":"Testimonial Carousel 1","title":"","heading_selector":"h3","title_fontsize":"","title_fontweight":"","title_position":"sppb-text-center","columns_align_center":0,"fullscreen":0,"no_gutter":0,"padding":{"md":"200px 0px 150px 0px","sm":"   ","xs":"   "},"margin":{"md":"0px 0px 0px 0px","sm":"   ","xs":"   "},"background_type":"none","background_gradient":{"color":"#00c6fb","color2":"#005bea","deg":"45","type":"linear"},"background_image":"","background_parallax":"0","background_repeat":"no-repeat","background_size":"cover","background_attachment":"fixed","background_position":"0 0","external_background_video":"0","video_loop":1,"overlay_type":"overlay_none","gradient_overlay":{"color":"rgba(127, 0, 255, 0.8)","color2":"rgba(225, 0, 255, 0.7)","deg":"45","type":"linear"},"pattern_overlay":"","overlay_pattern_color":"","blend_mode":"normal","show_top_shape":0,"shape_name":"clouds-flat","shape_color":"#e5e5e5","shape_width":{"md":100,"sm":100,"xs":100},"shape_height":"","shape_flip":false,"shape_invert":false,"shape_to_front":false,"show_bottom_shape":0,"bottom_shape_name":"clouds-opacity","bottom_shape_color":"#e5e5e5","bottom_shape_width":{"md":100,"sm":100,"xs":100},"bottom_shape_height":"","bottom_shape_flip":false,"bottom_shape_invert":false,"bottom_shape_to_front":false,"hidden_xs":"","hidden_sm":"","hidden_md":"","animationduration":"300","animationdelay":"0","instFormId":1574401573273},"layout":"12","columns":[{"id":1591135642715,"class_name":"col-md-12","visibility":true,"settings":{"background_type":"none","background_gradient":{"color":"#00c6fb","color2":"#005bea","deg":"45","type":"linear"},"background_image":"","background_repeat":"no-repeat","background_size":"cover","background_attachment":"scroll","background_position":"0 0","overlay_type":"overlay_color","gradient_overlay":{"color":"rgba(127, 0, 255, 0.8)","color2":"rgba(225, 0, 255, 0.7)","deg":"45","type":"linear"},"pattern_overlay":"","overlay_pattern_color":"","blend_mode":"normal","items_align_center":0,"use_border":0,"border_width":"","border_radius":0,"boxshadow":"0 0 0 0 #fff","sm_col":"","xs_col":"","tablet_order":"","mobile_order":"","hidden_xs":"","hidden_sm":"","hidden_md":"","animationduration":"300","animationdelay":"0"},"addons":[{"id":1591135642716,"name":"testimonial_carousel","visibility":true,"settings":{"admin_label":"","carousel_options":"elements","testimonial_carousel_layout":"testi_layout3","show_quote_icon":1,"carousel_margin":15,"carousel_autoplay":0,"carousel_speed":1500,"carousel_interval":4500,"sp_testimonial_carousel_item":[{"client_name":"Edward Morinho","client_desgination":"Full Stack Devloper","client_message":"Testimonial carousel is modern and stylish addon for SP Page Builder . Instantly raise your website appearance with this stylish new addon.","show_rating":1,"client_rating":4.5,"testimonial_carousel_img":"https://sppagebuilder.com/addons/testimonial_carousel/testimonial-person-1.png"},{"client_name":"Edward Morinho","client_desgination":"Full Stack Devloper","client_message":"Testimonial carousel is modern and stylish addon for SP Page Builder . Instantly raise your website appearance with this stylish new addon.","show_rating":1,"client_rating":4.5,"testimonial_carousel_img":"https://sppagebuilder.com/addons/testimonial_carousel/testimonial-person-2.png"},{"client_name":"Edward Morinho","client_desgination":"Full Stack Devloper","client_message":"Testimonial carousel is modern and stylish addon for SP Page Builder . Instantly raise your website appearance with this stylish new addon.","show_rating":1,"client_rating":4.5,"testimonial_carousel_img":"https://sppagebuilder.com/addons/testimonial_carousel/testimonial-person-3.png"},{"client_name":"Edward Morinho","client_desgination":"Full Stack Devloper","client_message":"Testimonial carousel is modern and stylish addon for SP Page Builder . Instantly raise your website appearance with this stylish new addon.","show_rating":1,"client_rating":4.5,"testimonial_carousel_img":"https://sppagebuilder.com/addons/testimonial_carousel/testimonial-person-1.png"},{"client_name":"Edward Morinho","client_desgination":"Full Stack Devloper","client_message":"Testimonial carousel is modern and stylish addon for SP Page Builder . Instantly raise your website appearance with this stylish new addon.","show_rating":1,"client_rating":4.5,"testimonial_carousel_img":"https://sppagebuilder.com/addons/testimonial_carousel/testimonial-person-2.png"},{"client_name":"Edward Morinho","client_desgination":"Full Stack Devloper","client_message":"Testimonial carousel is modern and stylish addon for SP Page Builder . Instantly raise your website appearance with this stylish new addon.","show_rating":1,"client_rating":4.5,"testimonial_carousel_img":"https://sppagebuilder.com/addons/testimonial_carousel/testimonial-person-3.png"}],"content_alignment":"sppb-text-center","avatar_layout":"avatar_layout3","avatar_height":60,"avatar_width":60,"avatar_border_radius":100,"avatar_gap":15,"quote_icon_size":50,"quote_icon_color":"#dbdbdb","quote_icon_gap":20,"rating_size":18,"rating_color":"#ffb527","rating_gap":20,"content_style":"message_style","name_fontsize":"","name_lineheight":"","name_letterspace":"0px","name_text_color":"#6d7175","name_margin":{"md":"10px 0px 0px 0px","sm":"0px 0px 0px 0px","xs":"0px 0px 0px 0px"},"designation_fontsize":"","designation_lineheight":"","designation_letterspace":"0px","designation_text_color":"#888d92","message_fontsize":18,"message_lineheight":32,"message_letterspace":"0px","message_background":"#f8f8f8","message_text_color":"#888d92","message_margin_bottom":40,"message_padding":{"md":"30px 30px 30px 30px","sm":"20px 20px 20px 20px","xs":"15px 15px 15px 15px"},"carousel_navigation":"bullet_controller","carousel_bullet":1,"bullet_style":"normal_bullet","bullet_height":12,"bullet_width":12,"bullet_background":"#dbdbdb","bullet_border_width":0,"bullet_border_color":"","bullet_border_radius":"","bullet_active_background":"#373bff","carousel_arrow":0,"arrow_icon":"long_arrow","arrow_style":"normal_arrow","arrow_height":50,"arrow_width":52,"arrow_background":"#373bff","arrow_color":"#fff","arrow_font_size":24,"arrow_border_width":0,"arrow_border_color":"#373bff","arrow_border_radius":"0","arrow_hover_background":"","arrow_hover_color":"","arrow_hover_border_color":"","class":"","global_background_type":"none","global_background_gradient":{"color":"#00c6fb","color2":"#005bea","deg":"45","type":"linear"},"global_background_repeat":"no-repeat","global_background_size":"cover","global_background_attachment":"inherit","global_background_position":"50% 50%","global_use_overlay":0,"global_overlay_type":"overlay_none","global_gradient_overlay":{"color":"rgba(127, 0, 255, 0.8)","color2":"rgba(225, 0, 255, 0.7)","deg":"45","type":"linear"},"global_pattern_overlay":"","global_overlay_pattern_color":"","blend_mode":"normal","global_user_border":0,"global_border_width":"","global_border_radius":0,"global_margin":{"md":"0px 0px 30px 0px","sm":"0px 0px 20px 0px","xs":"0px 0px 10px 0px"},"global_padding":"","global_boxshadow":"0 0 0 0 #ffffff","global_use_animation":0,"global_animationduration":"300","global_animationdelay":"0","global_custom_css":"","global_custom_position":0,"global_seclect_position":"relative","global_addon_position_left":{"unit":"px"},"global_addon_position_top":{"unit":"px"},"use_global_width":"0","hidden_md":"0","hidden_sm":"0","hidden_xs":"0","acl":"","while_scroll_view":[{"enable_while_scroll_view":0,"on_scroll_actions":[{"id":"b3fdc1c1e6bfde5942ea","index":0,"keyframe":0,"name":"move","property":{"x":"0","y":"-100","z":"0"},"range":{"max":500,"min":-500,"stop":1},"single":true,"title":"Move"},{"id":"936e0225e6dc8edfba7d","index":1,"keyframe":100,"name":"move","property":{"x":0,"y":0,"z":0},"range":{"max":500,"min":-500,"stop":1},"single":true,"title":"Move"}],"transition_origin_x":"center","transition_origin_y":"center","enable_tablet":0,"enable_mobile":0}],"mouse_movement":[{"enable_tilt_effect":0,"mouse_tilt_direction":"direct","mouse_tilt_speed":"1","mouse_tilt_max":"15","enable_tablet":0,"enable_mobile":0}],"instFormId":1574403191502,"bullet_position_verti":{"md":"-15","sm":"","xs":""},"content_padding":{"md":"   ","sm":"   ","xs":"   "},"carousel_item_number":{"md":"3","sm":"2","xs":"1"}}}]}]},{"id":1591135642707,"visibility":true,"collapse":false,"settings":{"admin_label":"Testimonial Carousel 2","title":"","heading_selector":"h3","title_fontsize":"","title_fontweight":"","title_position":"sppb-text-center","columns_align_center":0,"fullscreen":0,"no_gutter":0,"padding":{"md":"140px 0px 140px 0px","sm":"   ","xs":"   "},"margin":{"md":"0px 0px 0px 0px","sm":"   ","xs":"   "},"background_type":"color","background_gradient":{"color":"#00c6fb","color2":"#005bea","deg":"45","type":"linear"},"background_image":"","background_parallax":"0","background_repeat":"no-repeat","background_size":"cover","background_attachment":"fixed","background_position":"0 0","external_background_video":"0","video_loop":1,"overlay_type":"overlay_none","gradient_overlay":{"color":"rgba(127, 0, 255, 0.8)","color2":"rgba(225, 0, 255, 0.7)","deg":"45","type":"linear"},"pattern_overlay":"","overlay_pattern_color":"","blend_mode":"normal","show_top_shape":0,"shape_name":"clouds-flat","shape_color":"#e5e5e5","shape_width":{"md":100,"sm":100,"xs":100},"shape_height":"","shape_flip":false,"shape_invert":false,"shape_to_front":false,"show_bottom_shape":0,"bottom_shape_name":"clouds-opacity","bottom_shape_color":"#e5e5e5","bottom_shape_width":{"md":100,"sm":100,"xs":100},"bottom_shape_height":"","bottom_shape_flip":false,"bottom_shape_invert":false,"bottom_shape_to_front":false,"hidden_xs":"","hidden_sm":"","hidden_md":"","animationduration":"300","animationdelay":"0","instFormId":1574403183132,"background_color":"#ecebeb"},"layout":"12","columns":[{"id":1591135642718,"class_name":"col-md-12","visibility":true,"settings":{"background_type":"none","background_gradient":{"color":"#00c6fb","color2":"#005bea","deg":"45","type":"linear"},"background_image":"","background_repeat":"no-repeat","background_size":"cover","background_attachment":"scroll","background_position":"0 0","overlay_type":"overlay_color","gradient_overlay":{"color":"rgba(127, 0, 255, 0.8)","color2":"rgba(225, 0, 255, 0.7)","deg":"45","type":"linear"},"pattern_overlay":"","overlay_pattern_color":"","blend_mode":"normal","items_align_center":0,"use_border":0,"border_width":"","border_radius":0,"boxshadow":"0 0 0 0 #fff","sm_col":"","xs_col":"","tablet_order":"","mobile_order":"","hidden_xs":"","hidden_sm":"","hidden_md":"","animationduration":"300","animationdelay":"0"},"addons":[{"id":1591135642719,"name":"testimonial_carousel","visibility":true,"settings":{"admin_label":"","carousel_options":"elements","testimonial_carousel_layout":"testi_layout1","show_quote_icon":0,"carousel_margin":15,"carousel_autoplay":0,"carousel_speed":1500,"carousel_interval":4500,"sp_testimonial_carousel_item":[{"client_name":"Edward Morinho","client_desgination":"Full Stack Devloper","client_message":"“Lorem ipsum dolor sit amet, consectetuer adipiscing elit. Aenean commodo ligula eget dolor. Aenean massa.”","show_rating":0,"client_rating":4.5,"testimonial_carousel_img":""},{"client_name":"Edward Morinho","client_desgination":"Full Stack Devloper","client_message":"“Lorem ipsum dolor sit amet, consectetuer adipiscing elit. Aenean commodo ligula eget dolor. Aenean massa.”","show_rating":0,"client_rating":4.5,"testimonial_carousel_img":""},{"client_name":"Edward Morinho","client_desgination":"Full Stack Devloper","client_message":"“Lorem ipsum dolor sit amet, consectetuer adipiscing elit. Aenean commodo ligula eget dolor. Aenean massa.”","show_rating":0,"client_rating":4.5,"testimonial_carousel_img":""},{"client_name":"Edward Morinho","client_desgination":"Full Stack Devloper","client_message":"“Lorem ipsum dolor sit amet, consectetuer adipiscing elit. Aenean commodo ligula eget dolor. Aenean massa.”","show_rating":0,"client_rating":4.5,"testimonial_carousel_img":""},{"client_name":"Edward Morinho","client_desgination":"Full Stack Devloper","client_message":"“Lorem ipsum dolor sit amet, consectetuer adipiscing elit. Aenean commodo ligula eget dolor. Aenean massa.”","show_rating":0,"client_rating":4.5,"testimonial_carousel_img":""},{"client_name":"Edward Morinho","client_desgination":"Full Stack Devloper","client_message":"“Lorem ipsum dolor sit amet, consectetuer adipiscing elit. Aenean commodo ligula eget dolor. Aenean massa.”","show_rating":0,"client_rating":4.5,"testimonial_carousel_img":""},{"client_name":"Edward Morinho","client_desgination":"Full Stack Devloper","client_message":"“Lorem ipsum dolor sit amet, consectetuer adipiscing elit. Aenean commodo ligula eget dolor. Aenean massa.”","show_rating":0,"client_rating":4.5,"testimonial_carousel_img":""},{"client_name":"Edward Morinho","client_desgination":"Full Stack Devloper","client_message":"“Lorem ipsum dolor sit amet, consectetuer adipiscing elit. Aenean commodo ligula eget dolor. Aenean massa.”","show_rating":0,"client_rating":4.5,"testimonial_carousel_img":""},{"client_name":"Edward Morinho","client_desgination":"Full Stack Devloper","client_message":"“Lorem ipsum dolor sit amet, consectetuer adipiscing elit. Aenean commodo ligula eget dolor. Aenean massa.”","show_rating":0,"client_rating":4.5,"testimonial_carousel_img":""}],"content_alignment":"sppb-text-left","avatar_layout":"avatar_layout3","avatar_height":60,"avatar_width":60,"avatar_border_radius":100,"avatar_gap":15,"quote_icon_size":50,"quote_icon_color":"#dbdbdb","quote_icon_gap":20,"rating_size":{"md":"20","sm":"","xs":""},"rating_color":"#ffb527","rating_gap":20,"content_style":"designation_style","name_fontsize":{"md":"16","sm":"","xs":""},"name_lineheight":"","name_letterspace":"0px","name_text_color":"#3d3d3d","name_margin":{"md":"10px 0px 0px 0px","sm":"0px 0px 0px 0px","xs":"0px 0px 0px 0px"},"designation_fontsize":{"md":"14","sm":"","xs":""},"designation_lineheight":"","designation_letterspace":"0px","designation_text_color":"#3d3d3d","message_fontsize":{"md":"21","sm":"","xs":""},"message_lineheight":{"md":"35","sm":"","xs":""},"message_letterspace":"0px","message_background":"#f8f8f8","message_text_color":"#3d3d3d","message_margin_bottom":{"md":"10","sm":"","xs":""},"message_padding":{"md":"30px 30px 30px 30px","sm":"25px 25px 25px 25px","xs":"15px 15px 15px 15px"},"carousel_navigation":"arrow_controller","carousel_bullet":1,"bullet_style":"normal_bullet","bullet_height":12,"bullet_width":12,"bullet_background":"#dbdbdb","bullet_border_width":0,"bullet_border_color":"","bullet_border_radius":"","bullet_active_background":"#373bff","carousel_arrow":1,"arrow_icon":"long_arrow","arrow_style":"normal_arrow","arrow_height":50,"arrow_width":52,"arrow_background":"#373bff","arrow_color":"#fff","arrow_font_size":24,"arrow_border_width":0,"arrow_border_color":"#373bff","arrow_border_radius":"0","arrow_hover_background":"","arrow_hover_color":"","arrow_hover_border_color":"","class":"","global_background_type":"none","global_background_gradient":{"color":"#00c6fb","color2":"#005bea","deg":"45","type":"linear"},"global_background_repeat":"no-repeat","global_background_size":"cover","global_background_attachment":"inherit","global_background_position":"50% 50%","global_use_overlay":0,"global_overlay_type":"overlay_none","global_gradient_overlay":{"color":"rgba(127, 0, 255, 0.8)","color2":"rgba(225, 0, 255, 0.7)","deg":"45","type":"linear"},"global_pattern_overlay":"","global_overlay_pattern_color":"","blend_mode":"normal","global_user_border":0,"global_border_width":"","global_border_radius":0,"global_margin":{"md":"0px 0px 30px 0px","sm":"0px 0px 20px 0px","xs":"0px 0px 10px 0px"},"global_padding":"","global_boxshadow":"0 0 0 0 #ffffff","global_use_animation":0,"global_animationduration":"300","global_animationdelay":"0","global_custom_css":"","global_custom_position":0,"global_seclect_position":"relative","global_addon_position_left":{"unit":"px"},"global_addon_position_top":{"unit":"px"},"use_global_width":"0","hidden_md":"0","hidden_sm":"0","hidden_xs":"0","acl":"","while_scroll_view":[{"enable_while_scroll_view":0,"on_scroll_actions":[{"id":"b3fdc1c1e6bfde5942ea","index":0,"keyframe":0,"name":"move","property":{"x":"0","y":"-100","z":"0"},"range":{"max":500,"min":-500,"stop":1},"single":true,"title":"Move"},{"id":"936e0225e6dc8edfba7d","index":1,"keyframe":100,"name":"move","property":{"x":0,"y":0,"z":0},"range":{"max":500,"min":-500,"stop":1},"single":true,"title":"Move"}],"transition_origin_x":"center","transition_origin_y":"center","enable_tablet":0,"enable_mobile":0}],"mouse_movement":[{"enable_tilt_effect":0,"mouse_tilt_direction":"direct","mouse_tilt_speed":"1","mouse_tilt_max":"15","enable_tablet":0,"enable_mobile":0}],"instFormId":1574403556414,"content_padding":{"md":"35px 35px 35px 35px","sm":"   ","xs":"   "},"content_background":"#ffffff","message_font_family":"Roboto","name_font_family":"Roboto","name_font_style":{"weight":500},"designation_font_family":"Roboto","bullet_position_verti":{"md":"-25","sm":"","xs":""},"carousel_item_number":{"md":"","sm":"2","xs":"","unit":""},"arrow_position_hori":{"md":"","sm":"-30","xs":""}}}]}]},{"id":1591135642708,"visibility":true,"collapse":false,"settings":{"admin_label":"Testimonial Carousel 3 [https://www.oceantheme.org]","title":"","heading_selector":"h3","title_fontsize":"","title_fontweight":"","title_position":"sppb-text-center","columns_align_center":0,"fullscreen":0,"no_gutter":0,"padding":{"md":"100px 0px 100px 0px","sm":"   ","xs":"   "},"margin":{"md":"0px 0px 0px 0px","sm":"   ","xs":"   "},"background_type":"none","background_gradient":{"color":"#00c6fb","color2":"#005bea","deg":"45","type":"linear"},"background_image":"","background_parallax":"0","background_repeat":"no-repeat","background_size":"cover","background_attachment":"fixed","background_position":"0 0","external_background_video":"0","video_loop":1,"overlay_type":"overlay_none","gradient_overlay":{"color":"rgba(127, 0, 255, 0.8)","color2":"rgba(225, 0, 255, 0.7)","deg":"45","type":"linear"},"pattern_overlay":"","overlay_pattern_color":"","blend_mode":"normal","show_top_shape":0,"shape_name":"clouds-flat","shape_color":"#e5e5e5","shape_width":{"md":100,"sm":100,"xs":100},"shape_height":"","shape_flip":false,"shape_invert":false,"shape_to_front":false,"show_bottom_shape":0,"bottom_shape_name":"clouds-opacity","bottom_shape_color":"#e5e5e5","bottom_shape_width":{"md":100,"sm":100,"xs":100},"bottom_shape_height":"","bottom_shape_flip":false,"bottom_shape_invert":false,"bottom_shape_to_front":false,"hidden_xs":"","hidden_sm":"","hidden_md":"","animationduration":"300","animationdelay":"0","instFormId":1574405862708},"layout":"12","columns":[{"id":1591135642721,"class_name":"col-md-12","visibility":true,"settings":{"background_type":"none","background_gradient":{"color":"#00c6fb","color2":"#005bea","deg":"45","type":"linear"},"background_image":"","background_repeat":"no-repeat","background_size":"cover","background_attachment":"scroll","background_position":"0 0","overlay_type":"overlay_color","gradient_overlay":{"color":"rgba(127, 0, 255, 0.8)","color2":"rgba(225, 0, 255, 0.7)","deg":"45","type":"linear"},"pattern_overlay":"","overlay_pattern_color":"","blend_mode":"normal","items_align_center":0,"use_border":0,"border_width":"","border_radius":0,"boxshadow":"0 0 0 0 #fff","sm_col":"","xs_col":"","tablet_order":"","mobile_order":"","hidden_xs":"","hidden_sm":"","hidden_md":"","animationduration":"300","animationdelay":"0"},"addons":[{"id":1591135642722,"name":"testimonial_carousel","visibility":true,"settings":{"admin_label":"","carousel_options":"item_style","testimonial_carousel_layout":"testi_layout1","show_quote_icon":1,"carousel_margin":15,"carousel_autoplay":0,"carousel_speed":1500,"carousel_interval":4500,"sp_testimonial_carousel_item":[{"client_name":"Edward Morinho","client_desgination":"Full Stack Devloper","client_message":"“Lorem ipsum dolor sit amet, consectetuer adipiscing elit. Aenean commodo ligula eget dolor. Aenean massa. Cum sociis natoque penatibus et magnis dis parturient montes, nascetur ridiculus.”","show_rating":1,"client_rating":4.5,"testimonial_carousel_img":"https://sppagebuilder.com/addons/testimonial_carousel/testimonial-person-1.png"},{"client_name":"Edward Morinho","client_desgination":"Full Stack Devloper","client_message":"“Lorem ipsum dolor sit amet, consectetuer adipiscing elit. Aenean commodo ligula eget dolor. Aenean massa. Cum sociis natoque penatibus et magnis dis parturient montes, nascetur ridiculus.”","show_rating":1,"client_rating":4.5,"testimonial_carousel_img":"https://sppagebuilder.com/addons/testimonial_carousel/testimonial-person-1.png"},{"client_name":"Edward Morinho","client_desgination":"Full Stack Devloper","client_message":"“Lorem ipsum dolor sit amet, consectetuer adipiscing elit. Aenean commodo ligula eget dolor. Aenean massa. Cum sociis natoque penatibus et magnis dis parturient montes, nascetur ridiculus.”","show_rating":1,"client_rating":4.5,"testimonial_carousel_img":"https://sppagebuilder.com/addons/testimonial_carousel/testimonial-person-1.png"},{"client_name":"Edward Morinho","client_desgination":"Full Stack Devloper","client_message":"“Lorem ipsum dolor sit amet, consectetuer adipiscing elit. Aenean commodo ligula eget dolor. Aenean massa. Cum sociis natoque penatibus et magnis dis parturient montes, nascetur ridiculus.”","show_rating":1,"client_rating":4.5,"testimonial_carousel_img":"https://sppagebuilder.com/addons/testimonial_carousel/testimonial-person-1.png"},{"client_name":"Edward Morinho","client_desgination":"Full Stack Devloper","client_message":"“Lorem ipsum dolor sit amet, consectetuer adipiscing elit. Aenean commodo ligula eget dolor. Aenean massa. Cum sociis natoque penatibus et magnis dis parturient montes, nascetur ridiculus.”","show_rating":1,"client_rating":4.5,"testimonial_carousel_img":"https://sppagebuilder.com/addons/testimonial_carousel/testimonial-person-1.png"}],"content_alignment":"sppb-text-center","avatar_layout":"avatar_layout3","avatar_height":60,"avatar_width":60,"avatar_border_radius":100,"avatar_gap":15,"quote_icon_size":50,"quote_icon_color":"#dbdbdb","quote_icon_gap":{"md":"30","sm":"","xs":""},"rating_size":18,"rating_color":"#ffb527","rating_gap":20,"content_style":"name_style","name_fontsize":"","name_lineheight":"","name_letterspace":"0px","name_text_color":"#6d7175","name_margin":{"md":"0px 0px 0px 0px","sm":"0px 0px 0px 0px","xs":"0px 0px 0px 0px"},"designation_fontsize":"","designation_lineheight":"","designation_letterspace":"0px","designation_text_color":"#888d92","message_fontsize":{"md":"18","sm":"","xs":""},"message_lineheight":32,"message_letterspace":"0px","message_background":"#f8f8f8","message_text_color":"#888d92","message_margin_bottom":{"md":"30","sm":"","xs":""},"message_padding":{"md":"30px 30px 30px 30px","sm":"25px 25px 25px 25px","xs":"15px 15px 15px 15px"},"carousel_navigation":"arrow_controller","carousel_bullet":1,"bullet_style":"normal_bullet","bullet_height":12,"bullet_width":12,"bullet_background":"#dbdbdb","bullet_border_width":0,"bullet_border_color":"","bullet_border_radius":"","bullet_active_background":"#373bff","carousel_arrow":1,"arrow_icon":"long_arrow","arrow_style":"normal_arrow","arrow_height":50,"arrow_width":52,"arrow_background":"#373bff","arrow_color":"#fff","arrow_font_size":24,"arrow_border_width":0,"arrow_border_color":"#373bff","arrow_border_radius":"0","arrow_hover_background":"","arrow_hover_color":"","arrow_hover_border_color":"","class":"","global_background_type":"none","global_background_gradient":{"color":"#00c6fb","color2":"#005bea","deg":"45","type":"linear"},"global_background_repeat":"no-repeat","global_background_size":"cover","global_background_attachment":"inherit","global_background_position":"50% 50%","global_use_overlay":0,"global_overlay_type":"overlay_none","global_gradient_overlay":{"color":"rgba(127, 0, 255, 0.8)","color2":"rgba(225, 0, 255, 0.7)","deg":"45","type":"linear"},"global_pattern_overlay":"","global_overlay_pattern_color":"","blend_mode":"normal","global_user_border":0,"global_border_width":"","global_border_radius":0,"global_margin":{"md":"0px 0px 30px 0px","sm":"0px 0px 20px 0px","xs":"0px 0px 10px 0px"},"global_padding":{"md":"0px 40px 0px 40px","sm":"   ","xs":"0px 0px 0px 0px"},"global_boxshadow":"0 0 0 0 #ffffff","global_use_animation":0,"global_animationduration":"300","global_animationdelay":"0","global_custom_css":"","global_custom_position":0,"global_seclect_position":"relative","global_addon_position_left":{"unit":"px"},"global_addon_position_top":{"unit":"px"},"use_global_width":"0","hidden_md":"0","hidden_sm":"0","hidden_xs":"0","acl":"","while_scroll_view":[{"enable_while_scroll_view":0,"on_scroll_actions":[{"id":"b3fdc1c1e6bfde5942ea","index":0,"keyframe":0,"name":"move","property":{"x":"0","y":"-100","z":"0"},"range":{"max":500,"min":-500,"stop":1},"single":true,"title":"Move"},{"id":"936e0225e6dc8edfba7d","index":1,"keyframe":100,"name":"move","property":{"x":0,"y":0,"z":0},"range":{"max":500,"min":-500,"stop":1},"single":true,"title":"Move"}],"transition_origin_x":"center","transition_origin_y":"center","enable_tablet":0,"enable_mobile":0}],"mouse_movement":[{"enable_tilt_effect":0,"mouse_tilt_direction":"direct","mouse_tilt_speed":"1","mouse_tilt_max":"15","enable_tablet":0,"enable_mobile":0}],"instFormId":1574413282259,"carousel_item_number":{"md":"1","sm":"2","xs":"1"},"content_padding":{"md":"0px 200px 0px 200px","sm":"0px 0px 0px 0px","xs":"0px 40px 0px 40px"},"arrow_position_verti":{"md":"","sm":"","xs":""},"arrow_position_hori":{"md":"0","sm":"-70","xs":""},"message_font_family":"Raleway","message_margin_top":{"md":"","sm":"","xs":""},"name_font_family":"Raleway","name_font_style":{"weight":600},"bullet_position_verti":{"md":"-15","sm":"","xs":""}}}]}]},{"id":1591135642709,"visibility":true,"collapse":false,"settings":{"admin_label":"Testimonial Carousel 4","title":"","heading_selector":"h3","title_fontsize":"","title_fontweight":"","title_position":"sppb-text-center","columns_align_center":0,"fullscreen":0,"no_gutter":0,"padding":{"md":"140px 0px 140px 0px","sm":"   ","xs":"   "},"margin":{"md":"0px 0px 0px 0px","sm":"   ","xs":"   "},"background_type":"color","background_gradient":{"color":"#00c6fb","color2":"#005bea","deg":"45","type":"linear"},"background_image":"","background_parallax":"0","background_repeat":"no-repeat","background_size":"cover","background_attachment":"fixed","background_position":"0 0","external_background_video":"0","video_loop":1,"overlay_type":"overlay_none","gradient_overlay":{"color":"rgba(127, 0, 255, 0.8)","color2":"rgba(225, 0, 255, 0.7)","deg":"45","type":"linear"},"pattern_overlay":"","overlay_pattern_color":"","blend_mode":"normal","show_top_shape":0,"shape_name":"clouds-flat","shape_color":"#e5e5e5","shape_width":{"md":100,"sm":100,"xs":100},"shape_height":"","shape_flip":false,"shape_invert":false,"shape_to_front":false,"show_bottom_shape":0,"bottom_shape_name":"clouds-opacity","bottom_shape_color":"#e5e5e5","bottom_shape_width":{"md":100,"sm":100,"xs":100},"bottom_shape_height":"","bottom_shape_flip":false,"bottom_shape_invert":false,"bottom_shape_to_front":false,"hidden_xs":"","hidden_sm":"","hidden_md":"","animationduration":"300","animationdelay":"0","instFormId":1574405862932,"background_color":"#292929"},"layout":"12","columns":[{"id":1591135642724,"class_name":"col-md-12","visibility":true,"settings":{"background_type":"none","background_gradient":{"color":"#00c6fb","color2":"#005bea","deg":"45","type":"linear"},"background_image":"","background_repeat":"no-repeat","background_size":"cover","background_attachment":"scroll","background_position":"0 0","overlay_type":"overlay_color","gradient_overlay":{"color":"rgba(127, 0, 255, 0.8)","color2":"rgba(225, 0, 255, 0.7)","deg":"45","type":"linear"},"pattern_overlay":"","overlay_pattern_color":"","blend_mode":"normal","items_align_center":0,"use_border":0,"border_width":"","border_radius":0,"boxshadow":"0 0 0 0 #fff","sm_col":"","xs_col":"","tablet_order":"","mobile_order":"","hidden_xs":"","hidden_sm":"","hidden_md":"","animationduration":"300","animationdelay":"0"},"addons":[{"id":1591135642725,"name":"testimonial_carousel","visibility":true,"settings":{"admin_label":"","carousel_options":"elements","testimonial_carousel_layout":"testi_layout1","show_quote_icon":0,"carousel_margin":"30","carousel_autoplay":0,"carousel_speed":1500,"carousel_interval":4500,"sp_testimonial_carousel_item":[{"client_name":"Tobias Van Parsie","client_desgination":"Full Stack Devloper","client_message":"“Lorem ipsum dolor sit amet, consectetuer adipiscing elit. Aenean commodo ligula eget dolor. Aenean massa. Cum sociis natoque penatibus et magnis.”","show_rating":1,"client_rating":4.5,"testimonial_carousel_img":""},{"client_name":"Tobias Van Parsie","client_desgination":"Full Stack Devloper","client_message":"“Lorem ipsum dolor sit amet, consectetuer adipiscing elit. Aenean commodo ligula eget dolor. Aenean massa. Cum sociis natoque penatibus et magnis.”","show_rating":1,"client_rating":4.5,"testimonial_carousel_img":""},{"client_name":"Tobias Van Parsie","client_desgination":"Full Stack Devloper","client_message":"“Lorem ipsum dolor sit amet, consectetuer adipiscing elit. Aenean commodo ligula eget dolor. Aenean massa. Cum sociis natoque penatibus et magnis.”","show_rating":1,"client_rating":4.5,"testimonial_carousel_img":""},{"client_name":"Tobias Van Parsie","client_desgination":"Full Stack Devloper","client_message":"“Lorem ipsum dolor sit amet, consectetuer adipiscing elit. Aenean commodo ligula eget dolor. Aenean massa. Cum sociis natoque penatibus et magnis.”","show_rating":1,"client_rating":4.5,"testimonial_carousel_img":""},{"client_name":"Tobias Van Parsie","client_desgination":"Full Stack Devloper","client_message":"“Lorem ipsum dolor sit amet, consectetuer adipiscing elit. Aenean commodo ligula eget dolor. Aenean massa. Cum sociis natoque penatibus et magnis.”","show_rating":1,"client_rating":4.5,"testimonial_carousel_img":""},{"client_name":"Tobias Van Parsie","client_desgination":"Full Stack Devloper","client_message":"“Lorem ipsum dolor sit amet, consectetuer adipiscing elit. Aenean commodo ligula eget dolor. Aenean massa. Cum sociis natoque penatibus et magnis.”","show_rating":1,"client_rating":4.5,"testimonial_carousel_img":""}],"content_alignment":"sppb-text-left","avatar_layout":"avatar_layout3","avatar_height":60,"avatar_width":60,"avatar_border_radius":100,"avatar_gap":15,"quote_icon_color":"#dbdbdb","quote_icon_size":50,"quote_icon_gap":20,"rating_color":"#ffb527","rating_size":18,"rating_gap":{"md":"10","sm":"","xs":""},"content_style":"message_style","name_text_color":"#ffffff","name_fontsize":"","name_lineheight":"","name_letterspace":"0px","name_margin":{"md":"0px 0px 0px 0px","sm":"0px 0px 0px 0px","xs":"0px 0px 0px 0px"},"designation_text_color":"rgba(255, 255, 255, 0.8)","designation_fontsize":{"md":"12","sm":"","xs":""},"designation_lineheight":"","designation_letterspace":"0px","message_background":"#f8f8f8","message_text_color":"rgba(255, 255, 255, 0.8)","message_fontsize":18,"message_lineheight":{"md":"30","sm":"","xs":""},"message_letterspace":"0px","message_margin_bottom":{"md":"10","sm":"","xs":""},"message_padding":{"md":"30px 30px 30px 30px","sm":"25px 25px 25px 25px","xs":"15px 15px 15px 15px"},"carousel_navigation":"arrow_controller","carousel_bullet":1,"bullet_style":"normal_bullet","bullet_height":12,"bullet_width":12,"bullet_background":"#363636","bullet_border_width":0,"bullet_border_color":"","bullet_active_background":"#373bff","carousel_arrow":1,"arrow_icon":"long_arrow","arrow_style":"normal_arrow","arrow_height":"35","arrow_width":"50","arrow_background":"rgba(55, 59, 255, 0)","arrow_color":"#363636","arrow_font_size":"22","arrow_border_width":0,"arrow_border_color":"#363636","arrow_border_radius":"5","arrow_hover_background":"#363636","arrow_hover_color":"#ffffff","arrow_hover_border_color":"#363636","class":"","global_background_type":"none","global_background_gradient":{"color":"#00c6fb","color2":"#005bea","deg":"45","type":"linear"},"global_background_repeat":"no-repeat","global_background_size":"cover","global_background_attachment":"inherit","global_background_position":"50% 50%","global_use_overlay":0,"global_overlay_type":"overlay_none","global_gradient_overlay":{"color":"rgba(127, 0, 255, 0.8)","color2":"rgba(225, 0, 255, 0.7)","deg":"45","type":"linear"},"global_pattern_overlay":"","global_overlay_pattern_color":"","blend_mode":"normal","global_user_border":0,"global_border_width":"","global_border_radius":0,"global_margin":{"md":"0px 0px 30px 0px","sm":"0px 0px 20px 0px","xs":"0px 0px 10px 0px"},"global_padding":"","global_boxshadow":"0 0 0 0 #ffffff","global_use_animation":0,"global_animationduration":"300","global_animationdelay":"0","global_custom_css":"","global_custom_position":0,"global_seclect_position":"relative","global_addon_position_left":{"unit":"px"},"global_addon_position_top":{"unit":"px"},"use_global_width":"0","hidden_md":"0","hidden_sm":"0","hidden_xs":"0","acl":"","while_scroll_view":[{"enable_while_scroll_view":0,"on_scroll_actions":[{"id":"b3fdc1c1e6bfde5942ea","index":0,"keyframe":0,"name":"move","property":{"x":"0","y":"-100","z":"0"},"range":{"max":500,"min":-500,"stop":1},"single":true,"title":"Move"},{"id":"936e0225e6dc8edfba7d","index":1,"keyframe":100,"name":"move","property":{"x":0,"y":0,"z":0},"range":{"max":500,"min":-500,"stop":1},"single":true,"title":"Move"}],"transition_origin_x":"center","transition_origin_y":"center","enable_tablet":0,"enable_mobile":0}],"mouse_movement":[{"enable_tilt_effect":0,"mouse_tilt_direction":"direct","mouse_tilt_speed":"1","mouse_tilt_max":"15","enable_tablet":0,"enable_mobile":0}],"instFormId":1574415565689,"content_padding":{"md":"30px 30px 30px 30px","sm":"   ","xs":"   "},"carousel_item_number":{"md":"2","sm":"2","xs":"1"},"content_background":"#363636","content_border_radius":"10","name_font_family":"Raleway","designation_font_family":"Raleway","message_font_family":"Raleway","name_font_style":{"weight":600},"arrow_position_verti":{"md":"0","sm":"","xs":""},"arrow_position_hori":{"md":"-100","sm":"-50","xs":""},"bullet_position_verti":{"md":"-25","sm":"","xs":""}}}]}]},{"id":1591135642710,"visibility":true,"collapse":false,"settings":{"admin_label":"Testimonial Carousel 5","title":"","heading_selector":"h3","title_fontsize":"","title_fontweight":"","title_position":"sppb-text-center","columns_align_center":0,"fullscreen":0,"no_gutter":0,"padding":{"md":"200px 0px 200px 0px","sm":"   ","xs":"   "},"margin":{"md":"0px 0px 0px 0px","sm":"   ","xs":"   "},"background_type":"none","background_gradient":{"color":"#00c6fb","color2":"#005bea","deg":"45","type":"linear"},"background_image":"","background_parallax":"0","background_repeat":"no-repeat","background_size":"cover","background_attachment":"fixed","background_position":"0 0","external_background_video":"0","video_loop":1,"overlay_type":"overlay_none","gradient_overlay":{"color":"rgba(127, 0, 255, 0.8)","color2":"rgba(225, 0, 255, 0.7)","deg":"45","type":"linear"},"pattern_overlay":"","overlay_pattern_color":"","blend_mode":"normal","show_top_shape":0,"shape_name":"clouds-flat","shape_color":"#e5e5e5","shape_width":{"md":100,"sm":100,"xs":100},"shape_height":"","shape_flip":false,"shape_invert":false,"shape_to_front":false,"show_bottom_shape":0,"bottom_shape_name":"clouds-opacity","bottom_shape_color":"#e5e5e5","bottom_shape_width":{"md":100,"sm":100,"xs":100},"bottom_shape_height":"","bottom_shape_flip":false,"bottom_shape_invert":false,"bottom_shape_to_front":false,"hidden_xs":"","hidden_sm":"","hidden_md":"","animationduration":"300","animationdelay":"0","instFormId":1574415922338},"layout":"12","columns":[{"id":1591135642727,"class_name":"col-md-12","visibility":true,"settings":{"background_type":"none","background_gradient":{"color":"#00c6fb","color2":"#005bea","deg":"45","type":"linear"},"background_image":"","background_repeat":"no-repeat","background_size":"cover","background_attachment":"scroll","background_position":"0 0","overlay_type":"overlay_color","gradient_overlay":{"color":"rgba(127, 0, 255, 0.8)","color2":"rgba(225, 0, 255, 0.7)","deg":"45","type":"linear"},"pattern_overlay":"","overlay_pattern_color":"","blend_mode":"normal","items_align_center":0,"use_border":0,"border_width":"","border_radius":0,"boxshadow":"0 0 0 0 #fff","sm_col":"","xs_col":"","tablet_order":"","mobile_order":"","hidden_xs":"","hidden_sm":"","hidden_md":"","animationduration":"300","animationdelay":"0"},"addons":[{"id":1591135642728,"name":"testimonial_carousel","visibility":true,"settings":{"admin_label":"","carousel_options":"elements","testimonial_carousel_layout":"testi_layout1","show_quote_icon":0,"carousel_margin":15,"carousel_autoplay":0,"carousel_speed":1500,"carousel_interval":4500,"sp_testimonial_carousel_item":[{"client_name":"Time","client_desgination":"","client_message":"“Best testimonial carousel you’ll ever need”","show_rating":0,"client_rating":4.5,"testimonial_carousel_img":""},{"client_name":"Time","client_desgination":"","client_message":"“Best testimonial carousel you’ll ever need”","show_rating":0,"client_rating":4.5,"testimonial_carousel_img":""},{"client_name":"Time","client_desgination":"","client_message":"“Best testimonial carousel you’ll ever need”","show_rating":0,"client_rating":4.5,"testimonial_carousel_img":""},{"client_name":"Time","client_desgination":"","client_message":"“Best testimonial carousel you’ll ever need”","show_rating":0,"client_rating":4.5,"testimonial_carousel_img":""}],"content_alignment":"sppb-text-center","avatar_layout":"avatar_layout3","avatar_height":60,"avatar_width":60,"avatar_border_radius":100,"avatar_gap":15,"quote_icon_color":"#dbdbdb","quote_icon_size":50,"quote_icon_gap":20,"rating_color":"#ffb527","rating_size":18,"rating_gap":20,"content_style":"message_style","name_text_color":"#e00017","name_fontsize":{"md":"50","sm":"","xs":""},"name_lineheight":"","name_letterspace":"0px","name_margin":{"md":"10px 0px 0px 0px","sm":"0px 0px 0px 0px","xs":"0px 0px 0px 0px"},"designation_text_color":"#888d92","designation_fontsize":"","designation_lineheight":"","designation_letterspace":"0px","message_background":"#f8f8f8","message_text_color":"#2c2c2c","message_fontsize":{"md":"50","sm":"30","xs":"30"},"message_lineheight":{"md":"70","sm":"50","xs":"40"},"message_letterspace":"0px","message_margin_bottom":{"md":"60","sm":"","xs":""},"message_padding":{"md":"30px 30px 30px 30px","sm":"25px 25px 25px 25px","xs":"15px 15px 15px 15px"},"carousel_navigation":"bullet_controller","carousel_bullet":1,"bullet_style":"normal_bullet","bullet_height":"4","bullet_width":"40","bullet_background":"#d8d8d8","bullet_border_width":0,"bullet_border_color":"","bullet_active_background":"#373bff","carousel_arrow":0,"arrow_icon":"long_arrow","arrow_style":"normal_arrow","arrow_height":50,"arrow_width":52,"arrow_background":"#373bff","arrow_color":"#fff","arrow_font_size":24,"arrow_border_width":0,"arrow_border_color":"#373bff","arrow_border_radius":"0","arrow_hover_background":"","arrow_hover_color":"","arrow_hover_border_color":"","class":"","global_background_type":"none","global_background_gradient":{"color":"#00c6fb","color2":"#005bea","deg":"45","type":"linear"},"global_background_repeat":"no-repeat","global_background_size":"cover","global_background_attachment":"inherit","global_background_position":"50% 50%","global_use_overlay":0,"global_overlay_type":"overlay_none","global_gradient_overlay":{"color":"rgba(127, 0, 255, 0.8)","color2":"rgba(225, 0, 255, 0.7)","deg":"45","type":"linear"},"global_pattern_overlay":"","global_overlay_pattern_color":"","blend_mode":"normal","global_user_border":0,"global_border_width":"","global_border_radius":0,"global_margin":{"md":"0px 0px 30px 0px","sm":"0px 0px 20px 0px","xs":"0px 0px 10px 0px"},"global_padding":{"md":"   ","sm":"   ","xs":"   "},"global_boxshadow":"0 0 0 0 #ffffff","global_use_animation":0,"global_animationduration":"300","global_animationdelay":"0","global_custom_css":"","global_custom_position":0,"global_seclect_position":"relative","global_addon_position_left":{"unit":"px"},"global_addon_position_top":{"unit":"px"},"use_global_width":"0","hidden_md":"0","hidden_sm":"0","hidden_xs":"0","acl":"","while_scroll_view":[{"enable_while_scroll_view":0,"on_scroll_actions":[{"id":"b3fdc1c1e6bfde5942ea","index":0,"keyframe":0,"name":"move","property":{"x":"0","y":"-100","z":"0"},"range":{"max":500,"min":-500,"stop":1},"single":true,"title":"Move"},{"id":"936e0225e6dc8edfba7d","index":1,"keyframe":100,"name":"move","property":{"x":0,"y":0,"z":0},"range":{"max":500,"min":-500,"stop":1},"single":true,"title":"Move"}],"transition_origin_x":"center","transition_origin_y":"center","enable_tablet":0,"enable_mobile":0}],"mouse_movement":[{"enable_tilt_effect":0,"mouse_tilt_direction":"direct","mouse_tilt_speed":"1","mouse_tilt_max":"15","enable_tablet":0,"enable_mobile":0}],"instFormId":1574418584999,"content_padding":{"md":"0px 150px 0px 150px","sm":"0px 80px 0px 80px","xs":"0px 0px 0px 0px"},"carousel_item_number":{"md":"1","sm":"1","xs":"1"},"message_font_family":"Poppins","message_font_style":{"weight":700},"name_font_style":{"uppercase":true},"name_font_family":"Poppins","bullet_position_verti":{"md":"-15","sm":"","xs":""}}}]}]}]